{
"__comment": "Designed by tomaxed with Cubik",
"textures": {
    "particle": "blocks/door_iron_lower",
    "texture": "blocks/hardened_clay_stained_red"
},
"elements": [ 
{
    "from": [ 0, 0, 0 ],
    "to": [ 3, 2, 16 ],
    "faces": {
        "down":  { "uv": [ 16, 16, 13, 0 ], "texture": "#texture" },
        "up":    { "uv": [ 0, 0, 3, 16 ], "texture": "#texture" },
        "north": { "uv": [ 13, 14, 16, 16 ], "texture": "#texture" },
        "south": { "uv": [ 0, 14, 3, 16 ], "texture": "#texture" },
        "west":  { "uv": [ 0, 14, 16, 16 ], "texture": "#texture" },
        "east":  { "uv": [ 0, 14, 16, 16 ], "texture": "#texture" }
    }
},
{
    "from": [ -0.5, 3.5, 0 ],
    "to": [ 0, 4.5, 15 ],
    "faces": {
        "down":  { "uv": [ 16, 15, 16, 0 ], "texture": "#texture" },
        "up":    { "uv": [ 0, 0, 0, 15 ], "texture": "#texture" },
        "north": { "uv": [ 16, 11.5, 16, 12.5 ], "texture": "#texture" },
        "south": { "uv": [ 0, 11.5, 0, 12.5 ], "texture": "#texture" },
        "west":  { "uv": [ 0, 11.5, 15, 12.5 ], "texture": "#texture" },
        "east":  { "uv": [ 1, 11.5, 16, 12.5 ], "texture": "#texture" }
    }
},
{
    "from": [ -2, 0, -5 ],
    "to": [ 5, 16, -3 ],
    "faces": {
        "down":  { "uv": [ 0, 0, 5, 2 ], "texture": "#texture" },
        "up":    { "uv": [ 0, 0, 5, 2 ], "texture": "#texture" },
        "north": { "uv": [ 0, 0, 5, 16 ], "texture": "#texture" },
        "south": { "uv": [ 0, 0, 5, 16 ], "texture": "#texture" },
        "west":  { "uv": [ 0, 0, 2, 16 ], "texture": "#texture" },
        "east":  { "uv": [ 0, 0, 2, 16 ], "texture": "#texture" }
    }
},
{
    "from": [ -1, 0, -3 ],
    "to": [ 4, 16, 0 ],
    "faces": {
        "down":  { "uv": [ 0, 0, 5, 3 ], "texture": "#texture" },
        "up":    { "uv": [ 0, 0, 5, 3 ], "texture": "#texture" },
        "north": { "uv": [ 0, 0, 5, 16 ], "texture": "#texture" },
        "south": { "uv": [ 0, 0, 5, 16 ], "texture": "#texture" },
        "west":  { "uv": [ 0, 0, 3, 16 ], "texture": "#texture" },
        "east":  { "uv": [ 0, 0, 3, 16 ], "texture": "#texture" }
    }
},
{
    "from": [ 0, 2, 14 ],
    "to": [ 3, 16, 16 ],
    "faces": {
        "down":  { "uv": [ 16, 16, 13, 14 ], "texture": "#texture" },
        "up":    { "uv": [ 0, 14, 3, 16 ], "texture": "#texture" },
        "north": { "uv": [ 13, 0, 16, 14 ], "texture": "#texture" },
        "south": { "uv": [ 0, 0, 3, 14 ], "texture": "#texture" },
        "west":  { "uv": [ 14, 0, 16, 14 ], "texture": "#texture" },
        "east":  { "uv": [ 0, 0, 2, 14 ], "texture": "#texture" }
    }
},
{
    "from": [ 0, 2, 0 ],
    "to": [ 3, 16, 2 ],
    "faces": {
        "down":  { "uv": [ 16, 2, 13, 0 ], "texture": "#texture" },
        "up":    { "uv": [ 0, 0, 3, 2 ], "texture": "#texture" },
        "north": { "uv": [ 13, 0, 16, 14 ], "texture": "#texture" },
        "south": { "uv": [ 0, 0, 3, 14 ], "texture": "#texture" },
        "west":  { "uv": [ 0, 0, 2, 14 ], "texture": "#texture" },
        "east":  { "uv": [ 14, 0, 16, 14 ], "texture": "#texture" }
    }
},
{
    "from": [ 0, 15, 2 ],
    "to": [ 3, 16, 14 ],
    "faces": {
        "down":  { "uv": [ 16, 14, 13, 2 ], "texture": "#texture" },
        "up":    { "uv": [ 0, 2, 3, 14 ], "texture": "#texture" },
        "north": { "uv": [ 13, 0, 16, 1 ], "texture": "#texture" },
        "south": { "uv": [ 0, 0, 3, 1 ], "texture": "#texture" },
        "west":  { "uv": [ 2, 0, 14, 1 ], "texture": "#texture" },
        "east":  { "uv": [ 2, 0, 14, 1 ], "texture": "#texture" }
    }
},
{
    "from": [ -1.5, 3, -0.5 ],
    "to": [ 0, 5, 1 ],
    "faces": {
        "down":  { "uv": [ 16, 1, 16, 0 ], "texture": "#texture" },
        "up":    { "uv": [ 0, 0, 0, 1 ], "texture": "#texture" },
        "north": { "uv": [ 16, 11, 16, 13 ], "texture": "#texture" },
        "south": { "uv": [ 0, 11, 0, 13 ], "texture": "#texture" },
        "west":  { "uv": [ 0, 11, 1, 13 ], "texture": "#texture" },
        "east":  { "uv": [ 15, 11, 16, 13 ], "texture": "#texture" }
    }
},
{
    "from": [ -0.5, 5, 14.5 ],
    "to": [ 0, 16, 15.5 ],
    "faces": {
        "down":  { "uv": [ 16, 15.5, 16, 14.5 ], "texture": "#texture" },
        "up":    { "uv": [ 0, 14.5, 0, 15.5 ], "texture": "#texture" },
        "north": { "uv": [ 16, 0, 16, 11 ], "texture": "#texture" },
        "south": { "uv": [ 0, 0, 0, 11 ], "texture": "#texture" },
        "west":  { "uv": [ 14.5, 0, 15.5, 11 ], "texture": "#texture" },
        "east":  { "uv": [ 0.5, 0, 1.5, 11 ], "texture": "#texture" }
    }
},
{
    "from": [ -1, 7, 14 ],
    "to": [ 0, 8, 16 ],
    "faces": {
        "down":  { "uv": [ 16, 16, 16, 14 ], "texture": "#texture" },
        "up":    { "uv": [ 0, 14, 0, 16 ], "texture": "#texture" },
        "north": { "uv": [ 16, 8, 16, 9 ], "texture": "#texture" },
        "south": { "uv": [ 0, 8, 0, 9 ], "texture": "#texture" },
        "west":  { "uv": [ 14, 8, 16, 9 ], "texture": "#texture" },
        "east":  { "uv": [ 0, 8, 2, 9 ], "texture": "#texture" }
    }
},
{
    "from": [ -1, 11.5, 14 ],
    "to": [ 0, 12.5, 16 ],
    "faces": {
        "down":  { "uv": [ 16, 16, 16, 14 ], "texture": "#texture" },
        "up":    { "uv": [ 0, 14, 0, 16 ], "texture": "#texture" },
        "north": { "uv": [ 16, 3.5, 16, 4.5 ], "texture": "#texture" },
        "south": { "uv": [ 0, 3.5, 0, 4.5 ], "texture": "#texture" },
        "west":  { "uv": [ 14, 3.5, 16, 4.5 ], "texture": "#texture" },
        "east":  { "uv": [ 0, 3.5, 2, 4.5 ], "texture": "#texture" }
    }
},
{
    "from": [ 1, 2, 2 ],
    "to": [ 2, 15, 14 ],
    "faces": {
        "down":  { "uv": [ 15, 14, 14, 2 ], "texture": "#texture" },
        "up":    { "uv": [ 1, 2, 2, 14 ], "texture": "#texture" },
        "north": { "uv": [ 14, 1, 15, 14 ], "texture": "#texture" },
        "south": { "uv": [ 1, 1, 2, 14 ], "texture": "#texture" },
        "west":  { "uv": [ 2, 1, 14, 14 ], "texture": "#texture" },
        "east":  { "uv": [ 2, 1, 14, 14 ], "texture": "#texture" }
    }
}
]
}