{
"__comment": "Designed by Tomaxed44 with BDcraft Cubik PRO 0.95 Beta - http://bdcraft.net",
"textures": {
    "particle": "blocks/table",
    "texture": "blocks/table",
    "table_smooth": "blocks/table_smooth"
},
"elements": [ 
{
    "from": [ 0, 0, 0 ],
    "to": [ 16, 16, 16 ],
    "faces": {
        "down":  { "uv": [ 16, 16, 0, 0 ], "texture": "#table_smooth" },
        "up":    { "uv": [ 0, 0, 16, 16 ], "texture": "#table_smooth" },
        "north": { "uv": [ 0, 0, 16, 16 ], "texture": "#table_smooth" },
        "south": { "uv": [ 0, 0, 16, 16 ], "texture": "#table_smooth" },
        "west":  { "uv": [ 0, 0, 16, 16 ], "texture": "#table_smooth" },
        "east":  { "uv": [ 0, 0, 16, 16 ], "texture": "#table_smooth" }
    }
},
{
    "from": [ -0.5, 12, 0.5 ],
    "to": [ 0, 15, 7.5 ],
    "faces": {
        "down":  { "uv": [ 4, 6, 4.5, 13 ], "texture": "#texture" },
        "up":    { "uv": [ 4, 6, 4.5, 13 ], "texture": "#texture" },
        "north": { "uv": [ 3, 1, 3.5, 4 ], "texture": "#texture" },
        "south": { "uv": [ 1.5, 1, 2, 4 ], "texture": "#texture" },
        "west":  { "uv": [ 0.5, 1, 7.5, 4 ], "texture": "#texture" }
    }
},
{
    "from": [ -0.5, 12, 8.5 ],
    "to": [ 0, 15, 15.5 ],
    "faces": {
        "down":  { "uv": [ 3, 6.5, 3.5, 13.5 ], "texture": "#texture" },
        "up":    { "uv": [ 3, 6.5, 3.5, 13.5 ], "texture": "#texture" },
        "north": { "uv": [ 0, 1, 0.5, 4 ], "texture": "#texture" },
        "south": { "uv": [ 0, 1, 0.5, 4 ], "texture": "#texture" },
        "west":  { "uv": [ 8.5, 1, 15.5, 4 ], "texture": "#texture" }
    }
},
{
    "from": [ -0.5, 2, 0.5 ],
    "to": [ 0, 11.5, 7.5 ],
    "faces": {
        "down":  { "uv": [ 3.5, 4.5, 4, 11.5 ], "texture": "#texture" },
        "up":    { "uv": [ 3.5, 4.5, 4, 11.5 ], "texture": "#texture" },
        "north": { "uv": [ 5, 4.5, 5.5, 14 ], "texture": "#texture" },
        "south": { "uv": [ 5, 4.5, 5.5, 14 ], "texture": "#texture" },
        "west":  { "uv": [ 0.5, 4.5, 7.5, 14 ], "texture": "#texture" }
    }
},
{
    "from": [ -0.5, 2, 8.5 ],
    "to": [ 0, 11.5, 15.5 ],
    "faces": {
        "down":  { "uv": [ 3.5, 6.5, 4, 13.5 ], "texture": "#texture" },
        "up":    { "uv": [ 3.5, 6.5, 4, 13.5 ], "texture": "#texture" },
        "north": { "uv": [ 2, 4.5, 2.5, 14 ], "texture": "#texture" },
        "south": { "uv": [ 2, 4.5, 2.5, 14 ], "texture": "#texture" },
        "west":  { "uv": [ 8.5, 4.5, 15.5, 14 ], "texture": "#texture" }
    }
},
{
    "from": [ 16, 12, 0.5 ],
    "to": [ 16.5, 15, 7.5 ],
    "faces": {
        "down":  { "uv": [ 3, 6, 3.5, 12 ], "texture": "#texture" },
        "up":    { "uv": [ 3, 6, 3.5, 12 ], "texture": "#texture" },
        "north": { "uv": [ 0.5, 1, 1, 4 ], "texture": "#texture" },
        "south": { "uv": [ 7.5, 1, 7, 4 ], "texture": "#texture" },
        "east":  { "uv": [ 7.5, 1, 0.5, 4 ], "texture": "#texture" }
    }
},
{
    "from": [ 16, 12, 8.5 ],
    "to": [ 16.5, 15, 15.5 ],
    "faces": {
        "down":  { "uv": [ 4.5, 6.5, 5, 12 ], "texture": "#texture" },
        "up":    { "uv": [ 4.5, 6.5, 5, 12 ], "texture": "#texture" },
        "north": { "uv": [ 8.5, 1, 9, 4 ], "texture": "#texture" },
        "south": { "uv": [ 15.5, 1, 15, 4 ], "texture": "#texture" },
        "east":  { "uv": [ 15.5, 1, 8.5, 4 ], "texture": "#texture" }
    }
},
{
    "from": [ 16, 2, 8.5 ],
    "to": [ 16.5, 11.5, 15.5 ],
    "faces": {
        "down":  { "uv": [ 3.5, 6.5, 4, 10.5 ], "texture": "#texture" },
        "up":    { "uv": [ 3.5, 6.5, 4, 10.5 ], "texture": "#texture" },
        "north": { "uv": [ 2, 4.5, 2.5, 14 ], "texture": "#texture" },
        "south": { "uv": [ 2, 4.5, 2.5, 14 ], "texture": "#texture" },
        "east":  { "uv": [ 0.5, 4.5, 7.5, 14 ], "texture": "#texture" }
    }
},
{
    "from": [ 16, 2, 0.5 ],
    "to": [ 16.5, 11.5, 7.5 ],
    "faces": {
        "down":  { "uv": [ 3.5, 6.5, 4, 11.5 ], "texture": "#texture" },
        "up":    { "uv": [ 3.5, 6.5, 4, 11.5 ], "texture": "#texture" },
        "north": { "uv": [ 3.5, 4, 4, 13.5 ], "texture": "#texture" },
        "south": { "uv": [ 3.5, 4, 4, 13.5 ], "texture": "#texture" },
        "east":  { "uv": [ 8.5, 4.5, 16, 14 ], "texture": "#texture" }
    }
}
],
"display": {
    "gui": {
        "rotation": [ 30, 225, 0 ],
        "translation": [ 0, 0, 0 ],
        "scale": [ 0.625, 0.625, 0.625 ]
    }
}
}