{
	"__comment": "Designed by Tomaxed44 with Cancer Studio - https://cubik.studio",
	"textures": {
		"particle": "blocks/wool_colored_purple",
		"texture": "blocks/wool_colored_purple"
	},
	"elements": [
		{
			"__comment": "Cube2",
			"from": [ 7.5, 0, 7.5 ],
			"to": [ 8.5, 14, 8.5 ],
			"faces": {
				"down": { "uv": [ 7.5, 7.5, 8.5, 8.5 ], "texture": "#texture" },
				"up": { "uv": [ 7.5, 7.5, 8.5, 8.5 ], "texture": "#texture" },
				"north": { "uv": [ 7.5, 2, 8.5, 16 ], "texture": "#texture" },
				"south": { "uv": [ 7.5, 2, 8.5, 16 ], "texture": "#texture" },
				"west": { "uv": [ 7.5, 2, 8.5, 16 ], "texture": "#texture" },
				"east": { "uv": [ 7.5, 2, 8.5, 16 ], "texture": "#texture" }
			}
		},
		{
			"__comment": "Cube4",
			"from": [ 7.5, 3, 0 ],
			"to": [ 8.5, 4, 7.5 ],
			"faces": {
				"down": { "uv": [ 7.5, 8.5, 8.5, 16 ], "texture": "#texture" },
				"up": { "uv": [ 7.5, 0, 8.5, 7.5 ], "texture": "#texture" },
				"north": { "uv": [ 7.5, 12, 8.5, 13 ], "texture": "#texture" },
				"south": { "uv": [ 7.5, 12, 8.5, 13 ], "texture": "#texture" },
				"west": { "uv": [ 0, 12, 7.5, 13 ], "texture": "#texture" },
				"east": { "uv": [ 8.5, 12, 16, 13 ], "texture": "#texture" }
			}
		},
		{
			"__comment": "Cube4",
			"from": [ 7.5, 13, 0 ],
			"to": [ 8.5, 14, 7.5 ],
			"faces": {
				"down": { "uv": [ 7.5, 8.5, 8.5, 16 ], "texture": "#texture" },
				"up": { "uv": [ 7.5, 0, 8.5, 7.5 ], "texture": "#texture" },
				"north": { "uv": [ 7.5, 2, 8.5, 3 ], "texture": "#texture" },
				"south": { "uv": [ 7.5, 2, 8.5, 3 ], "texture": "#texture" },
				"west": { "uv": [ 0, 2, 7.5, 3 ], "texture": "#texture" },
				"east": { "uv": [ 8.5, 2, 16, 3 ], "texture": "#texture" }
			}
		}
	]
}