{
"__comment": "Designed by Tomaxed44 with BDcraft Cubik PRO 0.95 Beta - http://bdcraft.net",
"textures": {
    "particle": "blocks/desk",
    "texture": "blocks/desk",
    "desk_detail": "blocks/desk_detail"
},
"elements": [ 
{
    "from": [ 1, 0, 4 ],
    "to": [ 15, 16, 5.5 ],
    "faces": {
        "down":  { "uv": [ 15, 5.5, 1, 4 ], "texture": "#texture" },
        "north": { "uv": [ 1, 0, 15, 16 ], "texture": "#texture" },
        "south": { "uv": [ 1, 0, 15, 16 ], "texture": "#texture" },
        "west":  { "uv": [ 4, 0, 5.5, 16 ], "texture": "#texture" },
        "east":  { "uv": [ 10.5, 0, 12, 16 ], "texture": "#texture" }
    }
},
{
    "from": [ 1, 0, -15 ],
    "to": [ 15, 16, -12 ],
    "faces": {
        "down":  { "uv": [ 1, -15, 15, -12 ], "texture": "#texture" },
        "north": { "uv": [ 1, 0, 15, 16 ], "texture": "#texture" },
        "south": { "uv": [ 1, 0, 15, 16 ], "texture": "#texture" },
        "west":  { "uv": [ 0, 0, 3, 16 ], "texture": "#texture" },
        "east":  { "uv": [ 0, 0, 3, 16 ], "texture": "#texture" }
    }
},
{
    "from": [ 0, 16, -16 ],
    "to": [ 16, 17, 16 ],
    "faces": {
        "down":  { "uv": [ 0, 0, 16, 16 ], "texture": "#texture" },
        "up":    { "uv": [ 0, 0, 16, 16 ], "texture": "#texture" },
        "north": { "uv": [ 0, 0, 16, 1 ], "texture": "#texture" },
        "south": { "uv": [ 0, 0, 16, 1 ], "texture": "#texture" },
        "west":  { "uv": [ 0, 0, 16, 1 ], "texture": "#texture" },
        "east":  { "uv": [ 0, 0, 16, 1 ], "texture": "#texture" }
    }
},
{
    "from": [ 1, 0, 13.5 ],
    "to": [ 15, 16, 15 ],
    "faces": {
        "down":  { "uv": [ 15, 15, 1, 13.5 ], "texture": "#texture" },
        "north": { "uv": [ 1, 0, 15, 16 ], "texture": "#texture" },
        "south": { "uv": [ 1, 0, 15, 16 ], "texture": "#texture" },
        "west":  { "uv": [ 13.5, 0, 15, 16 ], "texture": "#texture" },
        "east":  { "uv": [ 1, 0, 2.5, 16 ], "texture": "#texture" }
    }
},
{
    "from": [ 1, 14.5, 5.5 ],
    "to": [ 15, 16, 13.5 ],
    "faces": {
        "down":  { "uv": [ 15, 13.5, 1, 5.5 ], "texture": "#texture" },
        "west":  { "uv": [ 5.5, 0, 13.5, 1.5 ], "texture": "#texture" },
        "east":  { "uv": [ 2.5, 0, 10.5, 1.5 ], "texture": "#texture" }
    }
},
{
    "from": [ 1, 0, 5.5 ],
    "to": [ 15, 1.5, 13.5 ],
    "faces": {
        "down":  { "uv": [ 15, 13.5, 1, 5.5 ], "texture": "#texture" },
        "up":    { "uv": [ 1, 5.5, 15, 13.5 ], "texture": "#texture" },
        "west":  { "uv": [ 5.5, 14.5, 13.5, 16 ], "texture": "#texture" },
        "east":  { "uv": [ 2.5, 14.5, 10.5, 16 ], "texture": "#texture" }
    }
},
{
    "from": [ 2, 11.5, 5.5 ],
    "to": [ 15, 13, 13.5 ],
    "faces": {
        "down":  { "uv": [ 14, 13.5, 1, 5.5 ], "texture": "#texture" },
        "up":    { "uv": [ 2, 5.5, 15, 13.5 ], "texture": "#texture" },
        "west":  { "uv": [ 5.5, 3, 13.5, 4.5 ], "texture": "#texture" },
        "east":  { "uv": [ 2.5, 3, 10.5, 4.5 ], "texture": "#texture" }
    }
},
{
    "from": [ 3, 1.5, 6 ],
    "to": [ 10.5, 10.5, 12 ],
    "faces": {
        "up":    { "uv": [ 5.5, 9, 12.5, 13.5 ], "texture": "#desk_detail" },
        "north": { "uv": [ 5.5, 9, 12.5, 16 ], "texture": "#desk_detail" },
        "south": { "uv": [ 12.5, 16, 5.5, 9 ], "texture": "#desk_detail" },
        "west":  { "uv": [ 12.5, 9, 16, 16 ], "texture": "#desk_detail" },
        "east":  { "uv": [ 5.5, 9, 9, 16 ], "texture": "#desk_detail" }
    }
},
{
    "from": [ 4, 1.4375, 13.1875 ],
    "to": [ 7.5, 4.4375, 13.6875 ],
    "rotation": { "origin": [ 4, 4.4375, 13.1875 ], "axis": "x", "angle": 22.5 },
    "faces": {
        "down":  { "uv": [ 14, 0.5, 16, 1 ], "texture": "#desk_detail" },
        "up":    { "uv": [ 14, 0.5, 16, 1 ], "texture": "#desk_detail" },
        "north": { "uv": [ 14, 4, 16, 7 ], "texture": "#desk_detail" },
        "south": { "uv": [ 14, 4, 16, 7 ], "texture": "#desk_detail" },
        "west":  { "uv": [ 13.5, 4, 14, 7 ], "texture": "#desk_detail" },
        "east":  { "uv": [ 14, 4, 14.5, 7 ], "texture": "#desk_detail" }
    }
},
{
    "from": [ 10.5, 6, 8 ],
    "to": [ 12, 6.5, 9 ],
    "faces": {
        "down":  { "uv": [ 5.5, 9, 4, 8 ], "texture": "#texture" },
        "up":    { "uv": [ 10.5, 8, 12, 9 ], "texture": "#texture" },
        "north": { "uv": [ 4, 9.5, 5.5, 10 ], "texture": "#texture" },
        "south": { "uv": [ 10.5, 9.5, 12, 10 ], "texture": "#texture" },
        "east":  { "uv": [ 7, 9.5, 8, 10 ], "texture": "#texture" }
    }
},
{
    "from": [ 11.9375, 5.6875, 8.5 ],
    "to": [ 12.9375, 6.1875, 9 ],
    "rotation": { "origin": [ 11.9375, 6.1875, 8.5 ], "axis": "z", "angle": -22.5 },
    "faces": {
        "down":  { "uv": [ 4, 9, 3, 8.5 ], "texture": "#texture" },
        "up":    { "uv": [ 12, 8.5, 13, 9 ], "texture": "#texture" },
        "north": { "uv": [ 3, 10, 4, 10.5 ], "texture": "#texture" },
        "south": { "uv": [ 12, 10, 13, 10.5 ], "texture": "#texture" },
        "west":  { "uv": [ 8.5, 10, 9, 10.5 ], "texture": "#texture" },
        "east":  { "uv": [ 7, 10, 7.5, 10.5 ], "texture": "#texture" }
    }
},
{
    "from": [ 12.75, 5.3125, 8.5 ],
    "to": [ 13.75, 5.8125, 9 ],
    "rotation": { "origin": [ 12.75, 5.8125, 8.5 ], "axis": "z", "angle": -45 },
    "faces": {
        "down":  { "uv": [ 3, 9, 2, 8.5 ], "texture": "#texture" },
        "up":    { "uv": [ 13, 8.5, 14, 9 ], "texture": "#texture" },
        "north": { "uv": [ 2, 10.5, 3, 11 ], "texture": "#texture" },
        "south": { "uv": [ 13, 10.5, 14, 11 ], "texture": "#texture" },
        "west":  { "uv": [ 8.5, 10.5, 9, 11 ], "texture": "#texture" },
        "east":  { "uv": [ 7, 10.5, 7.5, 11 ], "texture": "#texture" }
    }
},
{
    "from": [ 13.1875, 4.6875, 8.5 ],
    "to": [ 14.1875, 5.1875, 9 ],
    "rotation": { "origin": [ 13.1875, 5.1875, 8.5 ], "axis": "z", "angle": -22.5 },
    "faces": {
        "down":  { "uv": [ 2, 9, 1, 8.5 ], "texture": "#texture" },
        "up":    { "uv": [ 14, 8.5, 15, 9 ], "texture": "#texture" },
        "north": { "uv": [ 1, 11, 2, 11.5 ], "texture": "#texture" },
        "south": { "uv": [ 14, 11, 15, 11.5 ], "texture": "#texture" },
        "west":  { "uv": [ 8.5, 11, 9, 11.5 ], "texture": "#texture" },
        "east":  { "uv": [ 7, 11, 7.5, 11.5 ], "texture": "#texture" }
    }
},
{
    "from": [ 13.75, 3.5, 8.5 ],
    "to": [ 14.25, 4.5, 9 ],
    "rotation": { "origin": [ 13.75, 4.5, 8.5 ], "axis": "x", "angle": 22.5 },
    "faces": {
        "down":  { "uv": [ 2, 9, 1, 8.5 ], "texture": "#texture" },
        "up":    { "uv": [ 14, 8.5, 15, 9 ], "texture": "#texture" },
        "north": { "uv": [ 1, 11, 2, 11.5 ], "texture": "#texture" },
        "south": { "uv": [ 14, 11, 15, 11.5 ], "texture": "#texture" },
        "west":  { "uv": [ 8.5, 11, 9, 11.5 ], "texture": "#texture" },
        "east":  { "uv": [ 7, 11, 7.5, 11.5 ], "texture": "#texture" }
    }
},
{
    "from": [ 13.75, 2.625, 8 ],
    "to": [ 14.25, 3.625, 8.5 ],
    "rotation": { "origin": [ 13.75, 3.625, 8 ], "axis": "z", "angle": 22.5 },
    "faces": {
        "down":  { "uv": [ 2, 9, 1, 8.5 ], "texture": "#texture" },
        "up":    { "uv": [ 14, 8.5, 15, 9 ], "texture": "#texture" },
        "north": { "uv": [ 1, 11, 2, 11.5 ], "texture": "#texture" },
        "south": { "uv": [ 14, 11, 15, 11.5 ], "texture": "#texture" },
        "west":  { "uv": [ 8.5, 11, 9, 11.5 ], "texture": "#texture" },
        "east":  { "uv": [ 7, 11, 7.5, 11.5 ], "texture": "#texture" }
    }
},
{
    "from": [ 14.25, 1.8125, 8 ],
    "to": [ 14.75, 2.8125, 8.5 ],
    "rotation": { "origin": [ 14.25, 2.8125, 8 ], "axis": "z", "angle": 45 },
    "faces": {
        "down":  { "uv": [ 2, 9, 1, 8.5 ], "texture": "#texture" },
        "up":    { "uv": [ 14, 8.5, 15, 9 ], "texture": "#texture" },
        "north": { "uv": [ 1, 11, 2, 11.5 ], "texture": "#texture" },
        "south": { "uv": [ 14, 11, 15, 11.5 ], "texture": "#texture" },
        "west":  { "uv": [ 8.5, 11, 9, 11.5 ], "texture": "#texture" },
        "east":  { "uv": [ 7, 11, 7.5, 11.5 ], "texture": "#texture" }
    }
},
{
    "from": [ 14.625, 1.5, 8 ],
    "to": [ 15.125, 2.5, 8.5 ],
    "rotation": { "origin": [ 14.625, 2.5, 8 ], "axis": "z", "angle": 22.5 },
    "faces": {
        "down":  { "uv": [ 2, 9, 1, 8.5 ], "texture": "#texture" },
        "up":    { "uv": [ 14, 8.5, 15, 9 ], "texture": "#texture" },
        "north": { "uv": [ 1, 11, 2, 11.5 ], "texture": "#texture" },
        "south": { "uv": [ 14, 11, 15, 11.5 ], "texture": "#texture" },
        "west":  { "uv": [ 8.5, 11, 9, 11.5 ], "texture": "#texture" },
        "east":  { "uv": [ 7, 11, 7.5, 11.5 ], "texture": "#texture" }
    }
},
{
    "from": [ 10.5, 4.5, 7 ],
    "to": [ 11, 5, 7.5 ],
    "faces": {
        "down":  { "uv": [ 5.5, 7.5, 5, 7 ], "texture": "#texture" },
        "up":    { "uv": [ 10.5, 7, 11, 7.5 ], "texture": "#texture" },
        "north": { "uv": [ 5, 11, 5.5, 11.5 ], "texture": "#texture" },
        "south": { "uv": [ 10.5, 11, 11, 11.5 ], "texture": "#texture" }
    }
},
{
    "from": [ 11, 4.5, 7 ],
    "to": [ 12, 5, 7.5 ],
    "rotation": { "origin": [ 11, 5, 7 ], "axis": "z", "angle": -22.5 },
    "faces": {
        "down":  { "uv": [ 5, 7.5, 4, 7 ], "texture": "#texture" },
        "up":    { "uv": [ 11, 7, 12, 7.5 ], "texture": "#texture" },
        "north": { "uv": [ 4, 11, 5, 11.5 ], "texture": "#texture" },
        "south": { "uv": [ 11, 11, 12, 11.5 ], "texture": "#texture" },
        "east":  { "uv": [ 8.5, 11, 9, 11.5 ], "texture": "#texture" }
    }
},
{
    "from": [ 12, 4, 7 ],
    "to": [ 13, 4.5, 7.5 ],
    "rotation": { "origin": [ 12, 4.5, 7 ], "axis": "z", "angle": -45 },
    "faces": {
        "down":  { "uv": [ 5, 7.5, 4, 7 ], "texture": "#texture" },
        "up":    { "uv": [ 11, 7, 12, 7.5 ], "texture": "#texture" },
        "north": { "uv": [ 4, 11, 5, 11.5 ], "texture": "#texture" },
        "south": { "uv": [ 11, 11, 12, 11.5 ], "texture": "#texture" },
        "west":  { "uv": [ 7, 11, 7.5, 11.5 ], "texture": "#texture" },
        "east":  { "uv": [ 8.5, 11, 9, 11.5 ], "texture": "#texture" }
    }
},
{
    "from": [ 12.5, 3.5, 7 ],
    "to": [ 13.5, 4, 7.5 ],
    "rotation": { "origin": [ 12.5, 4, 7 ], "axis": "z", "angle": -22.5 },
    "faces": {
        "down":  { "uv": [ 5, 7.5, 4, 7 ], "texture": "#texture" },
        "up":    { "uv": [ 11, 7, 12, 7.5 ], "texture": "#texture" },
        "north": { "uv": [ 4, 11, 5, 11.5 ], "texture": "#texture" },
        "south": { "uv": [ 11, 11, 12, 11.5 ], "texture": "#texture" },
        "west":  { "uv": [ 7, 11, 7.5, 11.5 ], "texture": "#texture" },
        "east":  { "uv": [ 8.5, 11, 9, 11.5 ], "texture": "#texture" }
    }
},
{
    "from": [ 13.0625, 2.5, 7 ],
    "to": [ 13.5625, 3.5, 7.5 ],
    "rotation": { "origin": [ 13.0625, 3.5, 7 ], "axis": "x", "angle": -22.5 },
    "faces": {
        "down":  { "uv": [ 5, 7.5, 4, 7 ], "texture": "#texture" },
        "up":    { "uv": [ 11, 7, 12, 7.5 ], "texture": "#texture" },
        "north": { "uv": [ 4, 11, 5, 11.5 ], "texture": "#texture" },
        "south": { "uv": [ 11, 11, 12, 11.5 ], "texture": "#texture" },
        "west":  { "uv": [ 7, 11, 7.5, 11.5 ], "texture": "#texture" },
        "east":  { "uv": [ 8.5, 11, 9, 11.5 ], "texture": "#texture" }
    }
},
{
    "from": [ 13.3125, 2.5, 7.5 ],
    "to": [ 13.8125, 3, 8 ],
    "rotation": { "origin": [ 13.3125, 3, 7.5 ], "axis": "x", "angle": -22.5 },
    "faces": {
        "down":  { "uv": [ 5, 7.5, 4, 7 ], "texture": "#texture" },
        "up":    { "uv": [ 11, 7, 12, 7.5 ], "texture": "#texture" },
        "north": { "uv": [ 4, 11, 5, 11.5 ], "texture": "#texture" },
        "south": { "uv": [ 11, 11, 12, 11.5 ], "texture": "#texture" },
        "west":  { "uv": [ 7, 11, 7.5, 11.5 ], "texture": "#texture" },
        "east":  { "uv": [ 8.5, 11, 9, 11.5 ], "texture": "#texture" }
    }
},
{
    "from": [ 13.75, 2.4375, 7.5 ],
    "to": [ 14.75, 2.9375, 8 ],
    "rotation": { "origin": [ 13.75, 2.9375, 7.5 ], "axis": "z", "angle": -22.5 },
    "faces": {
        "down":  { "uv": [ 5, 7.5, 4, 7 ], "texture": "#texture" },
        "up":    { "uv": [ 11, 7, 12, 7.5 ], "texture": "#texture" },
        "north": { "uv": [ 4, 11, 5, 11.5 ], "texture": "#texture" },
        "south": { "uv": [ 11, 11, 12, 11.5 ], "texture": "#texture" },
        "west":  { "uv": [ 7, 11, 7.5, 11.5 ], "texture": "#texture" },
        "east":  { "uv": [ 8.5, 11, 9, 11.5 ], "texture": "#texture" }
    }
},
{
    "from": [ 10.5, 3.5, 10.5 ],
    "to": [ 11.5, 4, 11 ],
    "faces": {
        "down":  { "uv": [ 10.5, 10.5, 11.5, 11 ], "texture": "#desk_detail" },
        "up":    { "uv": [ 10.5, 10.5, 11.5, 11 ], "texture": "#desk_detail" },
        "north": { "uv": [ 9.5, 11.5, 10.5, 12 ], "texture": "#desk_detail" },
        "south": { "uv": [ 9.5, 11.5, 10.5, 12 ], "texture": "#desk_detail" },
        "east":  { "uv": [ 9, 12, 9.5, 12.5 ], "texture": "#desk_detail" }
    }
},
{
    "from": [ 12, 3.5, 10.5 ],
    "to": [ 12.5, 4.5, 11 ],
    "rotation": { "origin": [ 12, 4.5, 10.5 ], "axis": "z", "angle": -45 },
    "faces": {
        "down":  { "uv": [ 10.5, 10.5, 11, 11 ], "texture": "#desk_detail" },
        "up":    { "uv": [ 10.5, 10.5, 11, 11 ], "texture": "#desk_detail" },
        "north": { "uv": [ 10.5, 11, 11, 12 ], "texture": "#desk_detail" },
        "south": { "uv": [ 10.5, 11, 11, 12 ], "texture": "#desk_detail" },
        "west":  { "uv": [ 10.5, 11.5, 11, 12.5 ], "texture": "#desk_detail" },
        "east":  { "uv": [ 10.5, 11.5, 11, 12.5 ], "texture": "#desk_detail" }
    }
},
{
    "from": [ 12.25, 4.1875, 10.5 ],
    "to": [ 12.75, 5.1875, 11 ],
    "rotation": { "origin": [ 12.25, 5.1875, 10.5 ], "axis": "z", "angle": -22.5 },
    "faces": {
        "down":  { "uv": [ 10.5, 10.5, 11, 11 ], "texture": "#desk_detail" },
        "up":    { "uv": [ 10.5, 10.5, 11, 11 ], "texture": "#desk_detail" },
        "north": { "uv": [ 10.5, 10.5, 11, 11.5 ], "texture": "#desk_detail" },
        "south": { "uv": [ 10.5, 10.5, 11, 11.5 ], "texture": "#desk_detail" },
        "west":  { "uv": [ 10.5, 10.8125, 11, 11.8125 ], "texture": "#desk_detail" },
        "east":  { "uv": [ 10.5, 10.8125, 11, 11.8125 ], "texture": "#desk_detail" }
    }
},
{
    "from": [ 12.1875, 5, 10.5 ],
    "to": [ 12.6875, 7.5, 11 ],
    "faces": {
        "down":  { "uv": [ 11, 10.5, 11.5, 11 ], "texture": "#desk_detail" },
        "up":    { "uv": [ 11, 10.5, 11.5, 11 ], "texture": "#desk_detail" },
        "north": { "uv": [ 11, 10, 11.5, 12.5 ], "texture": "#desk_detail" },
        "south": { "uv": [ 11, 10, 11.5, 12.5 ], "texture": "#desk_detail" },
        "west":  { "uv": [ 10.5, 9.5, 11, 12 ], "texture": "#desk_detail" },
        "east":  { "uv": [ 10.5, 9.5, 11, 12 ], "texture": "#desk_detail" }
    }
},
{
    "from": [ 12.75, 7.3125, 10.5 ],
    "to": [ 13.25, 8.8125, 11 ],
    "rotation": { "origin": [ 12.75, 8.8125, 10.5 ], "axis": "z", "angle": -22.5 },
    "faces": {
        "down":  { "uv": [ 10.5, 10.5, 11, 11 ], "texture": "#desk_detail" },
        "up":    { "uv": [ 10.5, 10.5, 11, 11 ], "texture": "#desk_detail" },
        "north": { "uv": [ 10, 10, 10.5, 11.5 ], "texture": "#desk_detail" },
        "south": { "uv": [ 10, 10, 10.5, 11.5 ], "texture": "#desk_detail" },
        "west":  { "uv": [ 10, 10, 10.5, 11.5 ], "texture": "#desk_detail" },
        "east":  { "uv": [ 10, 10, 10.5, 11.5 ], "texture": "#desk_detail" }
    }
},
{
    "from": [ 13.8125, 8.25, 10.5 ],
    "to": [ 14.3125, 9.75, 11 ],
    "rotation": { "origin": [ 13.8125, 9.75, 10.5 ], "axis": "z", "angle": -45 },
    "faces": {
        "down":  { "uv": [ 10.5, 11, 11, 11.5 ], "texture": "#desk_detail" },
        "up":    { "uv": [ 10.5, 11, 11, 11.5 ], "texture": "#desk_detail" },
        "north": { "uv": [ 9, 10.5, 9.5, 12 ], "texture": "#desk_detail" },
        "south": { "uv": [ 9, 10.5, 9.5, 12 ], "texture": "#desk_detail" },
        "west":  { "uv": [ 9.5, 10.5, 10, 12 ], "texture": "#desk_detail" },
        "east":  { "uv": [ 9.5, 10.5, 10, 12 ], "texture": "#desk_detail" }
    }
},
{
    "from": [ 13.75, 9.1875, 10.5 ],
    "to": [ 15.25, 9.6875, 11 ],
    "rotation": { "origin": [ 13.75, 9.6875, 10.5 ], "axis": "z", "angle": 22.5 },
    "faces": {
        "down":  { "uv": [ 9.5, 10, 11, 10.5 ], "texture": "#desk_detail" },
        "up":    { "uv": [ 9.5, 10, 11, 10.5 ], "texture": "#desk_detail" },
        "north": { "uv": [ 9, 10, 10.5, 10.5 ], "texture": "#desk_detail" },
        "south": { "uv": [ 9, 10, 10.5, 10.5 ], "texture": "#desk_detail" },
        "west":  { "uv": [ 9.5, 10, 10, 10.5 ], "texture": "#desk_detail" },
        "east":  { "uv": [ 9.5, 10, 10, 10.5 ], "texture": "#desk_detail" }
    }
},
{
    "from": [ 15.0625, 9.6875, 10.5 ],
    "to": [ 16.0625, 10.1875, 11 ],
    "rotation": { "origin": [ 15.0625, 10.1875, 10.5 ], "axis": "z", "angle": 45 },
    "faces": {
        "down":  { "uv": [ 11, 11, 12, 11.5 ], "texture": "#desk_detail" },
        "up":    { "uv": [ 11, 11, 12, 11.5 ], "texture": "#desk_detail" },
        "north": { "uv": [ 9.5, 10.5, 10.5, 11 ], "texture": "#desk_detail" },
        "south": { "uv": [ 9.5, 10.5, 10.5, 11 ], "texture": "#desk_detail" },
        "west":  { "uv": [ 9.5, 11.5, 10, 12 ], "texture": "#desk_detail" },
        "east":  { "uv": [ 9.5, 11.5, 10, 12 ], "texture": "#desk_detail" }
    }
},
{
    "from": [ 16.5, 10.5, 10.5 ],
    "to": [ 17, 12.5, 11 ],
    "rotation": { "origin": [ 16.5, 12.5, 10.5 ], "axis": "z", "angle": -22.5 },
    "faces": {
        "down":  { "uv": [ 11, 12.5, 11.5, 13 ], "texture": "#desk_detail" },
        "up":    { "uv": [ 11, 12.5, 11.5, 13 ], "texture": "#desk_detail" },
        "north": { "uv": [ 9, 10.5, 9.5, 11 ], "texture": "#desk_detail" },
        "south": { "uv": [ 9, 10.5, 9.5, 11 ], "texture": "#desk_detail" },
        "west":  { "uv": [ 9, 10.5, 9.5, 11.5 ], "texture": "#desk_detail" },
        "east":  { "uv": [ 9, 10.5, 9.5, 11.5 ], "texture": "#desk_detail" }
    }
},
{
    "from": [ 16.5, 12.1875, 10.5 ],
    "to": [ 17, 15.6875, 11 ],
    "faces": {
        "down":  { "uv": [ 9.5, 10.5, 10, 11 ], "texture": "#desk_detail" },
        "up":    { "uv": [ 9.5, 10.5, 10, 11 ], "texture": "#desk_detail" },
        "north": { "uv": [ 10.5, 9.5, 11, 13 ], "texture": "#desk_detail" },
        "south": { "uv": [ 10.5, 9.5, 11, 13 ], "texture": "#desk_detail" },
        "west":  { "uv": [ 10, 10, 10.5, 13.5 ], "texture": "#desk_detail" },
        "east":  { "uv": [ 10, 10, 10.5, 13.5 ], "texture": "#desk_detail" }
    }
},
{
    "from": [ 16, 15.375, 10.5 ],
    "to": [ 16.5, 16.875, 11 ],
    "rotation": { "origin": [ 16, 16.875, 10.5 ], "axis": "z", "angle": 22.5 },
    "faces": {
        "down":  { "uv": [ 10.5, 10, 11, 10.5 ], "texture": "#desk_detail" },
        "up":    { "uv": [ 10.5, 10, 11, 10.5 ], "texture": "#desk_detail" },
        "north": { "uv": [ 10, 10, 10.5, 11.5 ], "texture": "#desk_detail" },
        "south": { "uv": [ 10, 10, 10.5, 11.5 ], "texture": "#desk_detail" },
        "west":  { "uv": [ 10.5, 9.5, 11, 11 ], "texture": "#desk_detail" },
        "east":  { "uv": [ 10.5, 9.5, 11, 11 ], "texture": "#desk_detail" }
    }
},
{
    "from": [ 15.6875, 16.9375, 10.5 ],
    "to": [ 16.6875, 17.4375, 11 ],
    "rotation": { "origin": [ 15.6875, 17.4375, 10.5 ], "axis": "z", "angle": -22.5 },
    "faces": {
        "down":  { "uv": [ 9.5, 10.5, 10.5, 11 ], "texture": "#desk_detail" },
        "up":    { "uv": [ 9.5, 10.5, 10.5, 11 ], "texture": "#desk_detail" },
        "north": { "uv": [ 9.5, 11, 10.5, 11.5 ], "texture": "#desk_detail" },
        "south": { "uv": [ 9.5, 11, 10.5, 11.5 ], "texture": "#desk_detail" },
        "west":  { "uv": [ 10.5, 11, 11, 11.5 ], "texture": "#desk_detail" },
        "east":  { "uv": [ 10.5, 11, 11, 11.5 ], "texture": "#desk_detail" }
    }
},
{
    "from": [ 13.125, 17.0625, 10.5 ],
    "to": [ 15.625, 17.5625, 11 ],
    "faces": {
        "down":  { "uv": [ 9, 10, 11.5, 10.5 ], "texture": "#desk_detail" },
        "up":    { "uv": [ 9, 10, 11.5, 10.5 ], "texture": "#desk_detail" },
        "north": { "uv": [ 9, 10.5, 11.5, 11 ], "texture": "#desk_detail" },
        "south": { "uv": [ 9, 10.5, 11.5, 11 ], "texture": "#desk_detail" },
        "west":  { "uv": [ 10, 10, 10.5, 10.5 ], "texture": "#desk_detail" },
        "east":  { "uv": [ 10, 10, 10.5, 10.5 ], "texture": "#desk_detail" }
    }
},
{
    "from": [ 3, -0.5, -12 ],
    "to": [ 6, 3.5, -11.5 ],
    "rotation": { "origin": [ 3, 3.5, -12 ], "axis": "x", "angle": -22.5 },
    "faces": {
        "down":  { "uv": [ 14, 0.5, 16, 1 ], "texture": "#desk_detail" },
        "up":    { "uv": [ 14, 0.5, 16, 1 ], "texture": "#desk_detail" },
        "north": { "uv": [ 14, 4, 16, 7 ], "texture": "#desk_detail" },
        "south": { "uv": [ 14, 4, 16, 7 ], "texture": "#desk_detail" },
        "west":  { "uv": [ 14.5, 4, 15, 7 ], "texture": "#desk_detail" },
        "east":  { "uv": [ 14.5, 4, 15, 7 ], "texture": "#desk_detail" }
    }
},
{
    "from": [ 5.5, -0.4375, -11.75 ],
    "to": [ 9, 5.0625, -11.25 ],
    "rotation": { "origin": [ 5.5, 5.0625, -11.75 ], "axis": "x", "angle": -22.5 },
    "faces": {
        "down":  { "uv": [ 14, 0.5, 16, 1 ], "texture": "#desk_detail" },
        "up":    { "uv": [ 14, 0.5, 16, 1 ], "texture": "#desk_detail" },
        "north": { "uv": [ 14, 1, 16, 4 ], "texture": "#desk_detail" },
        "south": { "uv": [ 14, 1, 16, 4 ], "texture": "#desk_detail" },
        "west":  { "uv": [ 15, 1, 15.5, 4 ], "texture": "#desk_detail" },
        "east":  { "uv": [ 13.5, 1, 14, 4 ], "texture": "#desk_detail" }
    }
},
{
    "from": [ 14, 13, 5.5 ],
    "to": [ 15, 14.5, 13.5 ],
    "faces": {
        "west":  { "uv": [ 5.5, 1.5, 13.5, 3 ], "texture": "#texture" },
        "east":  { "uv": [ 2.5, 1.5, 10.5, 3 ], "texture": "#texture" }
    }
},
{
    "from": [ 6, 13, 6 ],
    "to": [ 8.5, 13.5, 9 ],
    "faces": {
        "up":    { "uv": [ 11, 0.5, 13, 2.5 ], "texture": "#desk_detail" },
        "north": { "uv": [ 11, 1.5, 13.5, 2 ], "texture": "#desk_detail" },
        "south": { "uv": [ 11, 1.5, 13.5, 2 ], "texture": "#desk_detail" },
        "west":  { "uv": [ 11, 1, 14, 1.5 ], "texture": "#desk_detail" },
        "east":  { "uv": [ 11, 1, 14, 1.5 ], "texture": "#desk_detail" }
    }
},
{
    "from": [ 7.25, 13.625, 8.5625 ],
    "to": [ 9.75, 14.125, 10.5625 ],
    "rotation": { "origin": [ 7.25, 14.125, 8.5625 ], "axis": "x", "angle": 22.5 },
    "faces": {
        "down":  { "uv": [ 13.5, 7, 16, 9 ], "texture": "#desk_detail" },
        "up":    { "uv": [ 13.5, 7, 16, 9 ], "texture": "#desk_detail" },
        "north": { "uv": [ 14, 0.5, 16, 1 ], "texture": "#desk_detail" },
        "south": { "uv": [ 14, 0.5, 16, 1 ], "texture": "#desk_detail" },
        "west":  { "uv": [ 14, 0.5, 16, 1 ], "texture": "#desk_detail" },
        "east":  { "uv": [ 14, 7.5, 16, 8 ], "texture": "#desk_detail" }
    }
},
{
    "from": [ 4, 13, 11 ],
    "to": [ 6, 13.5, 12.5 ],
    "faces": {
        "up":    { "uv": [ 9.5, 11, 11.5, 12.5 ], "texture": "#desk_detail" },
        "north": { "uv": [ 9, 10, 11, 10.5 ], "texture": "#desk_detail" },
        "south": { "uv": [ 9, 11, 11, 11.5 ], "texture": "#desk_detail" },
        "west":  { "uv": [ 9, 11, 10.5, 11.5 ], "texture": "#desk_detail" },
        "east":  { "uv": [ 8.5, 11.5, 10, 12 ], "texture": "#desk_detail" }
    }
},
{
    "from": [ 15, 1, 8.1875 ],
    "to": [ 15.5, 2, 8.6875 ],
    "rotation": { "origin": [ 15, 2, 8.1875 ], "axis": "x", "angle": 45 },
    "faces": {
        "down":  { "uv": [ 2, 9, 1, 8.5 ], "texture": "#texture" },
        "up":    { "uv": [ 14, 8.5, 15, 9 ], "texture": "#texture" },
        "north": { "uv": [ 1, 11, 2, 11.5 ], "texture": "#texture" },
        "south": { "uv": [ 14, 11, 15, 11.5 ], "texture": "#texture" },
        "west":  { "uv": [ 8.5, 11, 9, 11.5 ], "texture": "#texture" },
        "east":  { "uv": [ 7, 11, 7.5, 11.5 ], "texture": "#texture" }
    }
},
{
    "from": [ 15, 0, 5.8125 ],
    "to": [ 15.5, 0.5, 7.8125 ],
    "rotation": { "origin": [ 15, 0.5, 5.8125 ], "axis": "x", "angle": -22.5 },
    "faces": {
        "down":  { "uv": [ 2, 9, 1, 8.5 ], "texture": "#texture" },
        "up":    { "uv": [ 14, 8.5, 15, 9 ], "texture": "#texture" },
        "north": { "uv": [ 1, 11, 2, 11.5 ], "texture": "#texture" },
        "south": { "uv": [ 14, 11, 15, 11.5 ], "texture": "#texture" },
        "east":  { "uv": [ 7, 11, 7.5, 11.5 ], "texture": "#texture" }
    }
},
{
    "from": [ 15, 0, 4 ],
    "to": [ 15.5, 0.5, 6 ],
    "faces": {
        "down":  { "uv": [ 2, 9, 1, 8.5 ], "texture": "#texture" },
        "up":    { "uv": [ 14, 8.5, 15, 9 ], "texture": "#texture" },
        "north": { "uv": [ 1, 11, 2, 11.5 ], "texture": "#texture" },
        "south": { "uv": [ 14, 11, 15, 11.5 ], "texture": "#texture" },
        "west":  { "uv": [ 8.5, 11, 9, 11.5 ], "texture": "#texture" },
        "east":  { "uv": [ 7, 11, 7.5, 11.5 ], "texture": "#texture" }
    }
},
{
    "from": [ 10.5, 7.5, 7 ],
    "to": [ 11, 9, 9.5 ],
    "faces": {
        "down":  { "uv": [ 5.5, 9.5, 5, 7 ], "texture": "#texture" },
        "up":    { "uv": [ 10.5, 7, 11, 9.5 ], "texture": "#texture" },
        "north": { "uv": [ 5, 7, 5.5, 8.5 ], "texture": "#texture" },
        "south": { "uv": [ 10.5, 7, 11, 8.5 ], "texture": "#texture" },
        "east":  { "uv": [ 6.5, 7, 9, 8.5 ], "texture": "#texture" }
    }
}
],
"display": {
    "gui": {
        "rotation": [ 30, 225, 0 ],
        "translation": [ 0, 0, 0 ],
        "scale": [ 0.625, 0.625, 0.625 ]
    }
}
}