{
	"__comment": "Designed by Tomaxed44 with Cubik Studio - https://cubik.studio",
	"textures": {
		"particle": "blocks/wool_colored_purple",
		"texture": "blocks/wool_colored_purple"
	},
	"elements": [
		{
			"__comment": "Cube2",
			"from": [ 7.5, -2, 7.5 ],
			"to": [ 8.5, 14, 8.5 ],
			"faces": {
				"down": { "uv": [ 7.5, 7.5, 8.5, 8.5 ], "texture": "#texture" },
				"up": { "uv": [ 7.5, 7.5, 8.5, 8.5 ], "texture": "#texture" },
				"north": { "uv": [ 7.5, 2, 8.5, 16 ], "texture": "#texture" },
				"south": { "uv": [ 7.5, 2, 8.5, 16 ], "texture": "#texture" },
				"west": { "uv": [ 7.5, 2, 8.5, 16 ], "texture": "#texture" },
				"east": { "uv": [ 7.5, 2, 8.5, 16 ], "texture": "#texture" }
			}
		}
	]
}