{
"__comment": "Designed by tomaxed with Cubik",
"textures": {
	"particle": "blocks/root",
    "texture": "blocks/root",
    "root": "blocks/root_small",
    "root_bottom": "blocks/root_bottom",
    "root_top": "blocks/root_top"
},
"elements": [ 
{
    "from": [ 2.5, 7.5, 3.5 ],
    "to": [ 3.5, 16, 4.5 ],
    "faces": {
        "down":  { "uv": [ 13.5, 4.5, 12.5, 3.5 ], "texture": "#texture" },
        "up":    { "uv": [ 2.5, 3.5, 3.5, 4.5 ], "texture": "#texture" },
        "north": { "uv": [ 12.5, 0, 13.5, 8.5 ], "texture": "#texture" },
        "south": { "uv": [ 2.5, 0, 3.5, 8.5 ], "texture": "#texture" },
        "west":  { "uv": [ 3.5, 0, 4.5, 8.5 ], "texture": "#texture" },
        "east":  { "uv": [ 11.5, 0, 12.5, 8.5 ], "texture": "#texture" }
    }
},
{
    "from": [ 9, 12.5, 0 ],
    "to": [ 10, 16, 1 ],
    "faces": {
        "down":  { "uv": [ 7, 1, 6, 0 ], "texture": "#texture" },
        "up":    { "uv": [ 9, 0, 10, 1 ], "texture": "#texture" },
        "north": { "uv": [ 6, 0, 7, 3.5 ], "texture": "#texture" },
        "south": { "uv": [ 9, 0, 10, 3.5 ], "texture": "#texture" },
        "west":  { "uv": [ 0, 0, 1, 3.5 ], "texture": "#texture" },
        "east":  { "uv": [ 15, 0, 16, 3.5 ], "texture": "#texture" }
    }
},
{
    "from": [ 8, 13, 6 ],
    "to": [ 9, 16, 7 ],
    "faces": {
        "down":  { "uv": [ 8, 7, 7, 6 ], "texture": "#texture" },
        "up":    { "uv": [ 8, 6, 9, 7 ], "texture": "#texture" },
        "north": { "uv": [ 7, 0, 8, 3 ], "texture": "#texture" },
        "south": { "uv": [ 8, 0, 9, 3 ], "texture": "#texture" },
        "west":  { "uv": [ 6, 0, 7, 3 ], "texture": "#texture" },
        "east":  { "uv": [ 9, 0, 10, 3 ], "texture": "#texture" }
    }
},
{
    "from": [ 1, 10.5, 9.5 ],
    "to": [ 2, 16, 10.5 ],
    "faces": {
        "down":  { "uv": [ 15, 10.5, 14, 9.5 ], "texture": "#texture" },
        "up":    { "uv": [ 1, 9.5, 2, 10.5 ], "texture": "#texture" },
        "north": { "uv": [ 14, 0, 15, 5.5 ], "texture": "#texture" },
        "south": { "uv": [ 1, 0, 2, 5.5 ], "texture": "#texture" },
        "west":  { "uv": [ 9.5, 0, 10.5, 5.5 ], "texture": "#texture" },
        "east":  { "uv": [ 5.5, 0, 6.5, 5.5 ], "texture": "#texture" }
    }
},
{
    "from": [ 13, 10.5, 12.5 ],
    "to": [ 14, 16, 13.5 ],
    "faces": {
        "down":  { "uv": [ 3, 13.5, 2, 12.5 ], "texture": "#texture" },
        "up":    { "uv": [ 13, 12.5, 14, 13.5 ], "texture": "#texture" },
        "north": { "uv": [ 2, 0, 3, 5.5 ], "texture": "#texture" },
        "south": { "uv": [ 13, 0, 14, 5.5 ], "texture": "#texture" },
        "west":  { "uv": [ 12.5, 0, 13.5, 5.5 ], "texture": "#texture" },
        "east":  { "uv": [ 2.5, 0, 3.5, 5.5 ], "texture": "#texture" }
    }
},
{
    "from": [ 13.5, 10.5, 4 ],
    "to": [ 14.5, 16, 5 ],
    "faces": {
        "down":  { "uv": [ 2.5, 5, 1.5, 4 ], "texture": "#texture" },
        "up":    { "uv": [ 13.5, 4, 14.5, 5 ], "texture": "#texture" },
        "north": { "uv": [ 1.5, 0, 2.5, 5.5 ], "texture": "#texture" },
        "south": { "uv": [ 13.5, 0, 14.5, 5.5 ], "texture": "#texture" },
        "west":  { "uv": [ 4, 0, 5, 5.5 ], "texture": "#texture" },
        "east":  { "uv": [ 11, 0, 12, 5.5 ], "texture": "#texture" }
    }
},
{
    "from": [ 3.5, 8.5, 13.5 ],
    "to": [ 4.5, 16, 14.5 ],
    "faces": {
        "down":  { "uv": [ 12.5, 14.5, 11.5, 13.5 ], "texture": "#texture" },
        "up":    { "uv": [ 3.5, 13.5, 4.5, 14.5 ], "texture": "#texture" },
        "north": { "uv": [ 11.5, 0, 12.5, 7.5 ], "texture": "#texture" },
        "south": { "uv": [ 3.5, 0, 4.5, 7.5 ], "texture": "#texture" },
        "west":  { "uv": [ 13.5, 0, 14.5, 7.5 ], "texture": "#texture" },
        "east":  { "uv": [ 1.5, 0, 2.5, 7.5 ], "texture": "#texture" }
    }
},
{
    "from": [ 3.5, 10.5, 1.5 ],
    "to": [ 3.5625, 16, 17.5 ],
    "rotation": { "origin": [ 3.5, 10.5, 1.5 ], "axis": "y", "angle": 45 },
    "faces": {
        "west":  { "uv": [ 0, 0, 16, 5.5 ], "texture": "#root" },
        "east":  { "uv": [ 0, 0, 16, 5.5 ], "texture": "#root" }
    }
},
{
    "from": [ 9.5, 8, 0.5 ],
    "to": [ 9.5625, 16, 16.5 ],
    "rotation": { "origin": [ 9.5, 8, 0.5 ], "axis": "y", "angle": -22.5 },
    "faces": {
        "west":  { "uv": [ 0, 0, 16, 8 ], "texture": "#root" },
        "east":  { "uv": [ 0, 0, 16, 8 ], "texture": "#root" }
    }
},
{
    "from": [ 15.5, 13, 4.5 ],
    "to": [ 15.5625, 16, 20.5 ],
    "rotation": { "origin": [ 15.5, 13, 4.5 ], "axis": "y", "angle": -45 },
    "faces": {
        "west":  { "uv": [ 0, 0, 16, 5.5 ], "texture": "#root" },
        "east":  { "uv": [ 0, 0, 16, 5.5 ], "texture": "#root" }
    }
},
{
    "from": [ 0.5, 12, 10 ],
    "to": [ 16.5, 16, 10.0625 ],
    "rotation": { "origin": [ 0.5, 12, 10 ], "axis": "y", "angle": 22.5 },
    "faces": {
        "north": { "uv": [ 0, 0, 16, 4 ], "texture": "#root" },
        "south": { "uv": [ 0, 0, 16, 4 ], "texture": "#root" }
    }
},
{
    "from": [ 2.5, 0, 2.5 ],
    "to": [ 2.5625, 16, 18.5 ],
    "rotation": { "origin": [ 2.5, 0, 2.5 ], "axis": "y", "angle": 45 },
    "faces": {
        "west":  { "uv": [ 0, 0, 16, 16 ], "texture": "#root_top" },
        "east":  { "uv": [ 0, 0, 16, 16 ], "texture": "#root_top" }
    }
},
{
    "from": [ 2.5, -16, 2.5 ],
    "to": [ 2.5625, 0, 18.5 ],
    "rotation": { "origin": [ 2.5, -16, 2.5 ], "axis": "y", "angle": 45 },
    "faces": {
        "west":  { "uv": [ 0, 0, 16, 16 ], "texture": "#root_bottom" },
        "east":  { "uv": [ 0, 0, 16, 16 ], "texture": "#root_bottom" }
    }
},
{
    "from": [ 2.5, 0, 14 ],
    "to": [ 18.5, 16, 14.0625 ],
    "rotation": { "origin": [ 2.5, 0, 14 ], "axis": "y", "angle": 45 },
    "faces": {
        "north": { "uv": [ 0, 0, 16, 16 ], "texture": "#root_top" },
        "south": { "uv": [ 0, 0, 16, 16 ], "texture": "#root_top" }
    }
},
{
    "from": [ 2.5, -16, 14 ],
    "to": [ 18.5, 0, 14.0625 ],
    "rotation": { "origin": [ 2.5, -16, 14 ], "axis": "y", "angle": 45 },
    "faces": {
        "north": { "uv": [ 0, 0, 16, 16 ], "texture": "#root_bottom" },
        "south": { "uv": [ 0, 0, 16, 16 ], "texture": "#root_bottom" }
    }
}
]
}