{
"__comment": "Designed by Tomaxed44 with BDcraft Cubik PRO 0.95 Beta - http://bdcraft.net",
"textures": {
    "particle": "blocks/oak_planks",
    "texture": "blocks/oak_planks"
},
"elements": [ 
{
    "from": [ 0, 16, 0 ],
    "to": [ 16, 19, 16 ],
    "faces": {
        "down":  { "uv": [ 0, 0, 16, 16 ], "texture": "#texture" },
        "up":    { "uv": [ 0, 0, 16, 16 ], "texture": "#texture" }
    }
},
{
    "from": [ 0, 16, 16 ],
    "to": [ 16, 24, 32 ],
    "faces": {
        "down":  { "uv": [ 0, 0, 16, 16 ], "texture": "#texture" },
        "up":    { "uv": [ 0, 0, 16, 16 ], "texture": "#texture" },
        "north": { "uv": [ 0, 1, 16, 9 ], "texture": "#texture" },
        "south": { "uv": [ 0, 1, 16, 9 ], "texture": "#texture" },
        "west":  { "uv": [ 0, 1, 16, 9 ], "texture": "#texture" }
    }
},
{
    "from": [ 0, 16, -16 ],
    "to": [ 16, 21.5, 0 ],
    "faces": {
        "down":  { "uv": [ 0, 0, 16, 16 ], "texture": "#texture" },
        "up":    { "uv": [ 0, 0, 16, 16 ], "texture": "#texture" },
        "north": { "uv": [ 0, 3, 16, 8.5 ], "texture": "#texture" },
        "south": { "uv": [ 0, 3, 16, 8.5 ], "texture": "#texture" },
        "east":  { "uv": [ 0, 3, 16, 8.5 ], "texture": "#texture" }
    }
},
{
    "from": [ 16, 16, 0 ],
    "to": [ 32, 22.5, 16 ],
    "faces": {
        "down":  { "uv": [ 0, 0, 16, 16 ], "texture": "#texture" },
        "up":    { "uv": [ 0, 0, 16, 16 ], "texture": "#texture" },
        "north": { "uv": [ 0, 3, 16, 8.5 ], "texture": "#texture" },
        "west":  { "uv": [ 0, 3, 16, 8.5 ], "texture": "#texture" },
        "east":  { "uv": [ 0, 3, 16, 8.5 ], "texture": "#texture" }
    }
},
{
    "from": [ -16, 16, 0 ],
    "to": [ 0, 23.5, 16 ],
    "faces": {
        "down":  { "uv": [ 0, 0, 16, 16 ], "texture": "#texture" },
        "up":    { "uv": [ 0, 0, 16, 16 ], "texture": "#texture" },
        "south": { "uv": [ 0, 3, 16, 8.5 ], "texture": "#texture" },
        "west":  { "uv": [ 0, 3, 16, 8.5 ], "texture": "#texture" },
        "east":  { "uv": [ 0, 3, 16, 8.5 ], "texture": "#texture" }
    }
},
{
    "from": [ -16, 16, -16 ],
    "to": [ 0, 29, 0 ],
    "faces": {
        "down":  { "uv": [ 0, 0, 16, 16 ], "texture": "#texture" },
        "up":    { "uv": [ 0, 0, 16, 16 ], "texture": "#texture" },
        "north": { "uv": [ 0, 3, 16, 8.5 ], "texture": "#texture" },
        "south": { "uv": [ 0, 3, 16, 8.5 ], "texture": "#texture" },
        "west":  { "uv": [ 0, 3, 16, 8.5 ], "texture": "#texture" },
        "east":  { "uv": [ 0, 3, 16, 8.5 ], "texture": "#texture" }
    }
},
{
    "from": [ 16, 16, 16 ],
    "to": [ 32, 29, 32 ],
    "faces": {
        "down":  { "uv": [ 0, 0, 16, 16 ], "texture": "#texture" },
        "up":    { "uv": [ 0, 0, 16, 16 ], "texture": "#texture" },
        "north": { "uv": [ 0, 3, 16, 8.5 ], "texture": "#texture" },
        "south": { "uv": [ 0, 3, 16, 8.5 ], "texture": "#texture" },
        "west":  { "uv": [ 0, 3, 16, 8.5 ], "texture": "#texture" },
        "east":  { "uv": [ 0, 3, 16, 8.5 ], "texture": "#texture" }
    }
},
{
    "from": [ 23, 16, 9 ],
    "to": [ 32, 29, 16 ],
    "faces": {
        "down":  { "uv": [ 0, 0, 16, 16 ], "texture": "#texture" },
        "up":    { "uv": [ 0, 0, 16, 16 ], "texture": "#texture" },
        "north": { "uv": [ 0, 3, 16, 8.5 ], "texture": "#texture" },
        "west":  { "uv": [ 0, 3, 16, 8.5 ], "texture": "#texture" },
        "east":  { "uv": [ 0, 3, 16, 8.5 ], "texture": "#texture" }
    }
},
{
    "from": [ 0, 16, -16 ],
    "to": [ 7, 29, -10 ],
    "faces": {
        "down":  { "uv": [ 0, 0, 16, 16 ], "texture": "#texture" },
        "up":    { "uv": [ 0, 0, 16, 16 ], "texture": "#texture" },
        "north": { "uv": [ 0, 3, 16, 8.5 ], "texture": "#texture" },
        "south": { "uv": [ 0, 3, 16, 8.5 ], "texture": "#texture" },
        "east":  { "uv": [ 0, 3, 16, 8.5 ], "texture": "#texture" }
    }
},
{
    "from": [ 0, 16, -10 ],
    "to": [ 7, 25.5, -3.5 ],
    "faces": {
        "down":  { "uv": [ 0, 0, 16, 16 ], "texture": "#texture" },
        "up":    { "uv": [ 0, 0, 16, 16 ], "texture": "#texture" },
        "south": { "uv": [ 0, 3, 16, 8.5 ], "texture": "#texture" },
        "east":  { "uv": [ 0, 3, 16, 8.5 ], "texture": "#texture" }
    }
},
{
    "from": [ 9, 16, 25.5 ],
    "to": [ 16, 26.5, 32 ],
    "faces": {
        "down":  { "uv": [ 0, 0, 16, 16 ], "texture": "#texture" },
        "up":    { "uv": [ 0, 0, 16, 16 ], "texture": "#texture" },
        "north": { "uv": [ 0, 3, 16, 8.5 ], "texture": "#texture" },
        "south": { "uv": [ 0, 3, 16, 8.5 ], "texture": "#texture" },
        "west":  { "uv": [ 0, 3, 16, 8.5 ], "texture": "#texture" }
    }
},
{
    "from": [ 9, 16, 19 ],
    "to": [ 16, 25, 25.5 ],
    "faces": {
        "down":  { "uv": [ 0, 0, 16, 16 ], "texture": "#texture" },
        "up":    { "uv": [ 0, 0, 16, 16 ], "texture": "#texture" },
        "north": { "uv": [ 0, 3, 16, 8.5 ], "texture": "#texture" },
        "west":  { "uv": [ 0, 3, 16, 8.5 ], "texture": "#texture" }
    }
},
{
    "from": [ -16, 16, 0 ],
    "to": [ -9, 27, 6.5 ],
    "faces": {
        "down":  { "uv": [ 0, 0, 16, 16 ], "texture": "#texture" },
        "up":    { "uv": [ 0, 0, 16, 16 ], "texture": "#texture" },
        "south": { "uv": [ 0, 3, 10.5, 12.5 ], "texture": "#texture" },
        "west":  { "uv": [ 0, 3, 11, 14 ], "texture": "#texture" },
        "east":  { "uv": [ 0, 3, 11, 14 ], "texture": "#texture" }
    }
}
],
"display": {
    "firstperson_righthand": {
        "rotation": [ 0, 0, 0 ],
        "translation": [ 17.39, -9.07, -0.19 ],
        "scale": [ 0.6, 0.6, 0.6 ]
    },
    "gui": {
        "rotation": [ 45, 45, 0 ],
        "translation": [ 0, -2.83, 0 ],
        "scale": [ 0.22, 0.3, 0.22 ]
    }
}
}