{
"__comment": "Designed by Tomaxed44 with BDcraft Cubik PRO 0.95 Beta - http://bdcraft.net",
"textures": {
    "particle": "blocks/hardened_clay_stained_cyan",
    "texture": "blocks/hardened_clay_stained_cyan",
    "texture2": "blocks/hardened_clay_stained_silver"
},
"elements": [ 
{
    "from": [ 0, 3, 0 ],
    "to": [ 16, 16, 16 ],
    "faces": {
        "down":  { "uv": [ 16, 16, 0, 0 ], "texture": "#texture" },
        "up":    { "uv": [ 0, 0, 16, 16 ], "texture": "#texture" },
        "north": { "uv": [ 0, 0, 16, 13 ], "texture": "#texture" },
        "south": { "uv": [ 0, 0, 16, 13 ], "texture": "#texture" },
        "west":  { "uv": [ 0, 0, 16, 13 ], "texture": "#texture" },
        "east":  { "uv": [ 0, 0, 16, 13 ], "texture": "#texture" }
    }
},
{
    "from": [ -1, 0, -1 ],
    "to": [ 17, 2, 17 ],
    "faces": {
        "down":  { "uv": [ 16, 16, 0, 0 ], "texture": "#texture2" },
        "up":    { "uv": [ 0, 0, 16, 16 ], "texture": "#texture2" },
        "north": { "uv": [ 0, 14, 16, 16 ], "texture": "#texture2" },
        "south": { "uv": [ 0, 14, 16, 16 ], "texture": "#texture2" },
        "west":  { "uv": [ 0, 14, 16, 16 ], "texture": "#texture2" },
        "east":  { "uv": [ 0, 14, 16, 16 ], "texture": "#texture2" }
    }
},
{
    "from": [ -0.5, 2, -0.5 ],
    "to": [ 16.5, 3, 16.5 ],
    "faces": {
        "down":  { "uv": [ 16, 16, 0, 0 ], "texture": "#texture2" },
        "up":    { "uv": [ 0, 0, 16, 16 ], "texture": "#texture2" },
        "north": { "uv": [ 0, 13, 16, 14 ], "texture": "#texture2" },
        "south": { "uv": [ 0, 13, 16, 14 ], "texture": "#texture2" },
        "west":  { "uv": [ 0, 13, 16, 14 ], "texture": "#texture2" },
        "east":  { "uv": [ 0, 13, 16, 14 ], "texture": "#texture2" }
    }
}
],
"display": {
    "firstperson_righthand": {
        "rotation": [ 0, -135, 25 ],
        "translation": [ 0, 4, 2 ],
        "scale": [ 0.3, 0.3, 0.3 ]
    },
    "gui": {
        "rotation": [ 30, 135, 0 ],
        "translation": [ 0, 0, 0 ],
        "scale": [ 0.6, 0.6, 0.6 ]
    }
}
}