{
	"__comment": "Designed by Tomaxed44 with Cancer Studio - https://cubik.studio",
	"textures": {
		"particle": "blocks/wool_colored_purple",
		"texture": "blocks/wool_colored_purple"
	},
	"elements": [
		{
			"__comment": "Cube8",
			"from": [ 7.5, 13.5, 8 ],
			"to": [ 8.5, 13.501, 8.001 ],
			"faces": {
				"down": { "uv": [ 7.5, 7.999, 8.5, 8 ], "texture": "#texture" },
				"up": { "uv": [ 7.5, 8, 8.5, 8.000999 ], "texture": "#texture" },
				"north": { "uv": [ 7.5, 2.499, 8.5, 2.5 ], "texture": "#texture" },
				"south": { "uv": [ 7.5, 2.499, 8.5, 2.5 ], "texture": "#texture" },
				"west": { "uv": [ 8, 2.499, 8.001, 2.5 ], "texture": "#texture" },
				"east": { "uv": [ 7.999, 2.499, 8, 2.5 ], "texture": "#texture" }
			}
		}
	]
}