{
"__comment": "Designed by Tomaxed44 with BDcraft Cubik PRO 0.95 Beta - http://bdcraft.net",
"textures": {
    "particle": "blocks/stone_diorite_smooth",
    "texture": "blocks/wool_colored_purple"
},
"elements": [ 
{
    "from": [ -16, 15, 0 ],
    "to": [ 0, 16, 1 ],
    "faces": {
        "down":  { "uv": [ 0, 2.5, 16, 3.5 ], "texture": "#texture" },
        "up":    { "uv": [ 0, 2.5, 16, 3.5 ], "texture": "#texture" },
        "north": { "uv": [ 0, 6, 16, 7 ], "texture": "#texture" },
        "south": { "uv": [ 0, 6, 16, 7 ], "texture": "#texture" },
        "west":  { "uv": [ 2.5, 6, 3.5, 7 ], "texture": "#texture" },
        "east":  { "uv": [ 2.5, 6, 3.5, 7 ], "texture": "#texture" }
    }
},
{
    "from": [ 0, 15, 0 ],
    "to": [ 16, 16, 1 ],
    "faces": {
        "down":  { "uv": [ 0, 6, 16, 7 ], "texture": "#texture" },
        "up":    { "uv": [ 0, 6, 16, 7 ], "texture": "#texture" },
        "north": { "uv": [ 0, 6, 16, 7 ], "texture": "#texture" },
        "south": { "uv": [ 0, 6, 16, 7 ], "texture": "#texture" },
        "west":  { "uv": [ 6, 6, 7, 7 ], "texture": "#texture" },
        "east":  { "uv": [ 6, 6, 7, 7 ], "texture": "#texture" }
    }
},
{
    "from": [ 16, 15, 0 ],
    "to": [ 32, 16, 1 ],
    "faces": {
        "down":  { "uv": [ 0, 5, 16, 6 ], "texture": "#texture" },
        "up":    { "uv": [ 0, 5, 16, 6 ], "texture": "#texture" },
        "north": { "uv": [ 0, 6, 16, 7 ], "texture": "#texture" },
        "south": { "uv": [ 0, 6, 16, 7 ], "texture": "#texture" },
        "west":  { "uv": [ 5, 6, 6, 7 ], "texture": "#texture" },
        "east":  { "uv": [ 5, 6, 6, 7 ], "texture": "#texture" }
    }
},
{
    "from": [ -16, 15, -16 ],
    "to": [ 0, 16, -15 ],
    "faces": {
        "down":  { "uv": [ 0, 2.5, 16, 3.5 ], "texture": "#texture" },
        "up":    { "uv": [ 0, 2.5, 16, 3.5 ], "texture": "#texture" },
        "north": { "uv": [ 0, 6, 16, 7 ], "texture": "#texture" },
        "south": { "uv": [ 0, 6, 16, 7 ], "texture": "#texture" },
        "west":  { "uv": [ 2.5, 6, 3.5, 7 ], "texture": "#texture" },
        "east":  { "uv": [ 2.5, 6, 3.5, 7 ], "texture": "#texture" }
    }
},
{
    "from": [ -16, 15, 16 ],
    "to": [ 0, 16, 17 ],
    "faces": {
        "down":  { "uv": [ 0, 2.5, 16, 3.5 ], "texture": "#texture" },
        "up":    { "uv": [ 0, 2.5, 16, 3.5 ], "texture": "#texture" },
        "north": { "uv": [ 0, 6, 16, 7 ], "texture": "#texture" },
        "south": { "uv": [ 0, 6, 16, 7 ], "texture": "#texture" },
        "west":  { "uv": [ 2.5, 6, 3.5, 7 ], "texture": "#texture" },
        "east":  { "uv": [ 2.5, 6, 3.5, 7 ], "texture": "#texture" }
    }
},
{
    "from": [ 0, 15, 16 ],
    "to": [ 16, 16, 17 ],
    "faces": {
        "down":  { "uv": [ 0, 6, 16, 7 ], "texture": "#texture" },
        "up":    { "uv": [ 0, 6, 16, 7 ], "texture": "#texture" },
        "north": { "uv": [ 0, 6, 16, 7 ], "texture": "#texture" },
        "south": { "uv": [ 0, 6, 16, 7 ], "texture": "#texture" },
        "west":  { "uv": [ 6, 6, 7, 7 ], "texture": "#texture" },
        "east":  { "uv": [ 6, 6, 7, 7 ], "texture": "#texture" }
    }
},
{
    "from": [ 16, 15, 16 ],
    "to": [ 32, 16, 17 ],
    "faces": {
        "down":  { "uv": [ 0, 5, 16, 6 ], "texture": "#texture" },
        "up":    { "uv": [ 0, 5, 16, 6 ], "texture": "#texture" },
        "north": { "uv": [ 0, 6, 16, 7 ], "texture": "#texture" },
        "south": { "uv": [ 0, 6, 16, 7 ], "texture": "#texture" },
        "west":  { "uv": [ 5, 6, 6, 7 ], "texture": "#texture" },
        "east":  { "uv": [ 5, 6, 6, 7 ], "texture": "#texture" }
    }
},
{
    "from": [ 0, 15, -16 ],
    "to": [ 16, 16, -15 ],
    "faces": {
        "down":  { "uv": [ 0, 6, 16, 7 ], "texture": "#texture" },
        "up":    { "uv": [ 0, 6, 16, 7 ], "texture": "#texture" },
        "north": { "uv": [ 0, 6, 16, 7 ], "texture": "#texture" },
        "south": { "uv": [ 0, 6, 16, 7 ], "texture": "#texture" },
        "west":  { "uv": [ 6, 6, 7, 7 ], "texture": "#texture" },
        "east":  { "uv": [ 6, 6, 7, 7 ], "texture": "#texture" }
    }
},
{
    "from": [ 16, 15, -16 ],
    "to": [ 32, 16, -15 ],
    "faces": {
        "down":  { "uv": [ 0, 5, 16, 6 ], "texture": "#texture" },
        "up":    { "uv": [ 0, 5, 16, 6 ], "texture": "#texture" },
        "north": { "uv": [ 0, 6, 16, 7 ], "texture": "#texture" },
        "south": { "uv": [ 0, 6, 16, 7 ], "texture": "#texture" },
        "west":  { "uv": [ 5, 6, 6, 7 ], "texture": "#texture" },
        "east":  { "uv": [ 5, 6, 6, 7 ], "texture": "#texture" }
    }
}
]
}