{
"__comment": "Designed by tomaxed with Cubik",
"textures": {
    "particle": "entity/metro1",
    "texture": "entity/metro1"
},
"elements": [ 
{
    "from": [ 0, 13.5, 0 ],
    "to": [ 16, 16, 6 ],
    "faces": {
        "down":  { "uv": [ 0, 0, 11, 4 ], "texture": "#texture" },
        "up":    { "uv": [ 0, 0, 11, 4 ], "texture": "#texture" },
        "north": { "uv": [ 0, 0, 10, 2 ], "texture": "#texture" },
        "south": { "uv": [ 0, 0, 10, 2 ], "texture": "#texture" },
        "west":  { "uv": [ 0, 0, 5, 2 ], "texture": "#texture" },
        "east":  { "uv": [ 0, 0, 5, 2 ], "texture": "#texture" }
    }
},
{
    "from": [ 0, 0, 13.5 ],
    "to": [ 16, 6, 16 ],
    "faces": {
        "down":  { "uv": [ 0, 13.4375, 11, 15.9375 ], "texture": "#texture" },
        "up":    { "uv": [ 0, 13.4375, 11, 15.9375 ], "texture": "#texture" },
        "north": { "uv": [ 0, 10, 11.5, 15 ], "texture": "#texture" },
        "south": { "uv": [ 0, 10, 11.5, 15 ], "texture": "#texture" },
        "west":  { "uv": [ 13.4375, 10, 14.9375, 14 ], "texture": "#texture" },
        "east":  { "uv": [ 13.4375, 10, 14.9375, 14 ], "texture": "#texture" }
    }
},
{
    "from": [ 0, 13.5, 6.0625 ],
    "to": [ 16, 16, 20.0625 ],
    "rotation": { "origin": [ 0, 16, 6.0625 ], "axis": "x", "angle": 45 },
    "faces": {
        "down":  { "uv": [ 0, 6, 13, 13 ], "texture": "#texture" },
        "up":    { "uv": [ 0, 6, 13, 13 ], "texture": "#texture" },
        "north": { "uv": [ 0, 0, 16, 2.5 ], "texture": "#texture" },
        "south": { "uv": [ 0, 0, 16, 2.5 ], "texture": "#texture" },
        "west":  { "uv": [ 3.5, 0, 13.5, 2.5 ], "texture": "#texture" },
        "east":  { "uv": [ 3.5, 0, 13.5, 2.5 ], "texture": "#texture" }
    }
}
]
}