{
"__comment": "Designed by Tomaxed44 with BDcraft Cubik PRO 0.95 Beta - http://bdcraft.net",
"textures": {
    "particle": "blocks/bookshelf",
    "texture": "blocks/desk",
    "bookshelf": "blocks/bookshelf"
},
"elements": [ 
{
    "from": [ 0, 15, 0 ],
    "to": [ 16, 16, 16 ],
    "faces": {
        "down":  { "uv": [ 16, 16, 0, 0 ], "texture": "#texture" },
        "up":    { "uv": [ 0, 0, 16, 16 ], "texture": "#texture" },
        "north": { "uv": [ 0, 0, 16, 1 ], "texture": "#texture" },
        "south": { "uv": [ 0, 0, 16, 1 ], "texture": "#texture" },
        "west":  { "uv": [ 0, 0, 16, 1 ], "texture": "#texture" },
        "east":  { "uv": [ 0, 0, 16, 1 ], "texture": "#texture" }
    }
},
{
    "from": [ 0, 0, 0 ],
    "to": [ 16, 1, 16 ],
    "faces": {
        "down":  { "uv": [ 16, 16, 0, 0 ], "texture": "#texture" },
        "up":    { "uv": [ 0, 0, 16, 16 ], "texture": "#texture" },
        "north": { "uv": [ 0, 15, 16, 16 ], "texture": "#texture" },
        "south": { "uv": [ 0, 15, 16, 16 ], "texture": "#texture" },
        "west":  { "uv": [ 0, 15, 16, 16 ], "texture": "#texture" },
        "east":  { "uv": [ 0, 15, 16, 16 ], "texture": "#texture" }
    }
},
{
    "from": [ 0, 1, 15 ],
    "to": [ 1, 15, 16 ],
    "faces": {
        "down":  { "uv": [ 16, 16, 15, 15 ], "texture": "#texture" },
        "up":    { "uv": [ 0, 15, 1, 16 ], "texture": "#texture" },
        "north": { "uv": [ 15, 1, 16, 15 ], "texture": "#texture" },
        "south": { "uv": [ 0, 1, 1, 15 ], "texture": "#texture" },
        "west":  { "uv": [ 15, 1, 16, 15 ], "texture": "#texture" },
        "east":  { "uv": [ 0, 1, 1, 15 ], "texture": "#texture" }
    }
},
{
    "from": [ 0, 1, 0 ],
    "to": [ 1, 15, 1 ],
    "faces": {
        "down":  { "uv": [ 16, 1, 15, 0 ], "texture": "#texture" },
        "up":    { "uv": [ 0, 0, 1, 1 ], "texture": "#texture" },
        "north": { "uv": [ 15, 1, 16, 15 ], "texture": "#texture" },
        "south": { "uv": [ 0, 1, 1, 15 ], "texture": "#texture" },
        "west":  { "uv": [ 0, 1, 1, 15 ], "texture": "#texture" },
        "east":  { "uv": [ 15, 1, 16, 15 ], "texture": "#texture" }
    }
},
{
    "from": [ 15, 1, 0 ],
    "to": [ 16, 15, 1 ],
    "faces": {
        "down":  { "uv": [ 1, 1, 0, 0 ], "texture": "#texture" },
        "up":    { "uv": [ 15, 0, 16, 1 ], "texture": "#texture" },
        "north": { "uv": [ 0, 1, 1, 15 ], "texture": "#texture" },
        "south": { "uv": [ 15, 1, 16, 15 ], "texture": "#texture" },
        "west":  { "uv": [ 0, 1, 1, 15 ], "texture": "#texture" },
        "east":  { "uv": [ 15, 1, 16, 15 ], "texture": "#texture" }
    }
},
{
    "from": [ 15, 1, 15 ],
    "to": [ 16, 15, 16 ],
    "faces": {
        "down":  { "uv": [ 1, 16, 0, 15 ], "texture": "#texture" },
        "up":    { "uv": [ 15, 15, 16, 16 ], "texture": "#texture" },
        "north": { "uv": [ 0, 1, 1, 15 ], "texture": "#texture" },
        "south": { "uv": [ 15, 1, 16, 15 ], "texture": "#texture" },
        "west":  { "uv": [ 15, 1, 16, 15 ], "texture": "#texture" },
        "east":  { "uv": [ 0, 1, 1, 15 ], "texture": "#texture" }
    }
},
{
    "from": [ 1, 1, 1 ],
    "to": [ 15, 15, 15 ],
    "faces": {
        "down":  { "uv": [ 15, 15, 1, 1 ], "texture": "#bookshelf" },
        "up":    { "uv": [ 1, 1, 15, 15 ], "texture": "#bookshelf" },
        "north": { "uv": [ 1, 1, 15, 15 ], "texture": "#bookshelf" },
        "south": { "uv": [ 1, 1, 15, 15 ], "texture": "#bookshelf" },
        "west":  { "uv": [ 1, 1, 15, 15 ], "texture": "#bookshelf" },
        "east":  { "uv": [ 1, 1, 15, 15 ], "texture": "#bookshelf" }
    }
},
{
    "from": [ 2, 8.375, 15 ],
    "to": [ 3, 11.875, 15.5 ],
    "faces": {
        "down":  { "uv": [ 14, 15.5, 13, 15 ], "texture": "#bookshelf" },
        "up":    { "uv": [ 2, 15, 3, 15.5 ], "texture": "#bookshelf" },
        "north": { "uv": [ 13, 4.125, 14, 7.625 ], "texture": "#bookshelf" },
        "south": { "uv": [ 2, 4.125, 3, 7.625 ], "texture": "#bookshelf" },
        "west":  { "uv": [ 15, 4.125, 15.5, 7.625 ], "texture": "#bookshelf" },
        "east":  { "uv": [ 0.5, 4.125, 1, 7.625 ], "texture": "#bookshelf" }
    }
},
{
    "from": [ 11, 4.3125, 15 ],
    "to": [ 12, 7.8125, 15.5 ],
    "faces": {
        "down":  { "uv": [ 5, 15.5, 4, 15 ], "texture": "#bookshelf" },
        "up":    { "uv": [ 11, 15, 12, 15.5 ], "texture": "#bookshelf" },
        "north": { "uv": [ 4, 8.1875, 5, 11.6875 ], "texture": "#bookshelf" },
        "south": { "uv": [ 11, 8.1875, 12, 11.6875 ], "texture": "#bookshelf" },
        "west":  { "uv": [ 15, 8.1875, 15.5, 11.6875 ], "texture": "#bookshelf" },
        "east":  { "uv": [ 0.5, 8.1875, 1, 11.6875 ], "texture": "#bookshelf" }
    }
},
{
    "from": [ 2.5, 0, 15 ],
    "to": [ 3.5, 3.5, 15.5 ],
    "faces": {
        "down":  { "uv": [ 13.5, 15.5, 12.5, 15 ], "texture": "#bookshelf" },
        "up":    { "uv": [ 2.5, 15, 3.5, 15.5 ], "texture": "#bookshelf" },
        "north": { "uv": [ 12.5, 12.5, 13.5, 16 ], "texture": "#bookshelf" },
        "south": { "uv": [ 2.5, 12.5, 3.5, 16 ], "texture": "#bookshelf" },
        "west":  { "uv": [ 15, 12.5, 15.5, 16 ], "texture": "#bookshelf" },
        "east":  { "uv": [ 0.5, 12.5, 1, 16 ], "texture": "#bookshelf" }
    }
},
{
    "from": [ 9.0625, 4.125, 0.5 ],
    "to": [ 10.0625, 7.625, 1 ],
    "faces": {
        "down":  { "uv": [ 6.9375, 1, 5.9375, 0.5 ], "texture": "#bookshelf" },
        "up":    { "uv": [ 9.0625, 0.5, 10.0625, 1 ], "texture": "#bookshelf" },
        "north": { "uv": [ 5.9375, 8.375, 6.9375, 11.875 ], "texture": "#bookshelf" },
        "south": { "uv": [ 9.0625, 8.375, 10.0625, 11.875 ], "texture": "#bookshelf" },
        "west":  { "uv": [ 0.5, 8.375, 1, 11.875 ], "texture": "#bookshelf" },
        "east":  { "uv": [ 15, 8.375, 15.5, 11.875 ], "texture": "#bookshelf" }
    }
},
{
    "from": [ 12.625, 8.3125, 0.5 ],
    "to": [ 13.625, 11.8125, 1 ],
    "faces": {
        "down":  { "uv": [ 3.375, 1, 2.375, 0.5 ], "texture": "#bookshelf" },
        "up":    { "uv": [ 12.625, 0.5, 13.625, 1 ], "texture": "#bookshelf" },
        "north": { "uv": [ 2.375, 4.1875, 3.375, 7.6875 ], "texture": "#bookshelf" },
        "south": { "uv": [ 12.625, 4.1875, 13.625, 7.6875 ], "texture": "#bookshelf" },
        "west":  { "uv": [ 0.5, 4.1875, 1, 7.6875 ], "texture": "#bookshelf" },
        "east":  { "uv": [ 15, 4.1875, 15.5, 7.6875 ], "texture": "#bookshelf" }
    }
},
{
    "from": [ 12.625, 12.4375, 0.5 ],
    "to": [ 13.625, 15.4375, 1 ],
    "faces": {
        "down":  { "uv": [ 3.375, 1, 2.375, 0.5 ], "texture": "#bookshelf" },
        "up":    { "uv": [ 12.625, 0.5, 13.625, 1 ], "texture": "#bookshelf" },
        "north": { "uv": [ 2.375, 0.5625, 3.375, 3.5625 ], "texture": "#bookshelf" },
        "south": { "uv": [ 12.625, 0.5625, 13.625, 3.5625 ], "texture": "#bookshelf" },
        "west":  { "uv": [ 0.5, 0.5625, 1, 3.5625 ], "texture": "#bookshelf" },
        "east":  { "uv": [ 15, 0.5625, 15.5, 3.5625 ], "texture": "#bookshelf" }
    }
},
{
    "from": [ 6.125, 12.375, 0.5 ],
    "to": [ 7.125, 15.375, 1 ],
    "faces": {
        "down":  { "uv": [ 9.875, 1, 8.875, 0.5 ], "texture": "#bookshelf" },
        "up":    { "uv": [ 6.125, 0.5, 7.125, 1 ], "texture": "#bookshelf" },
        "north": { "uv": [ 8.875, 0.625, 9.875, 3.625 ], "texture": "#bookshelf" },
        "south": { "uv": [ 6.125, 0.625, 7.125, 3.625 ], "texture": "#bookshelf" },
        "west":  { "uv": [ 0.5, 0.625, 1, 3.625 ], "texture": "#bookshelf" },
        "east":  { "uv": [ 15, 0.625, 15.5, 3.625 ], "texture": "#bookshelf" }
    }
}
],
"display": {
    "gui": {
        "rotation": [ 30, 225, 0 ],
        "translation": [ 0, 0, 0 ],
        "scale": [ 0.625, 0.625, 0.625 ]
    }
}
}