{
"__comment": "Designed by Tomaxed44 with cubik ",
"ambientocclusion": false,
"textures": {
	"particle": "blocks/stone_diorite_smooth",
    "texture": "blocks/stone_diorite_smooth"
},
"elements": [ 
{
    "from": [ -0.5, 0, 3.5 ],
    "to": [ 14, 1, 17 ],
    "faces": {
        "down":  { "uv": [ 16, 16, 2, 3.5 ], "texture": "#texture" },
        "up":    { "uv": [ 0, 3.5, 14, 16 ], "texture": "#texture" },
        "north": { "uv": [ 2, 15, 16, 16 ], "texture": "#texture" },
        "south": { "uv": [ 0, 15, 14, 16 ], "texture": "#texture" },
        "west":  { "uv": [ 3.5, 15, 16, 16 ], "texture": "#texture" },
        "east":  { "uv": [ 0, 15, 12.5, 16 ], "texture": "#texture" }
    }
},
{
    "from": [ 14, 0, 11.5 ],
    "to": [ 16.5, 1, 19.5 ],
    "faces": {
        "down":  { "uv": [ 0, 4.5, 2.5, 12.5 ], "texture": "#texture" },
        "up":    { "uv": [ 0, 4.5, 2.5, 12.5 ], "texture": "#texture" },
        "north": { "uv": [ 0, 15.5, 2.5, 16 ], "texture": "#texture" },
        "south": { "uv": [ 0, 15.5, 2.5, 16 ], "texture": "#texture" },
        "west":  { "uv": [ 4.5, 15.5, 12.5, 16 ], "texture": "#texture" },
        "east":  { "uv": [ 4.5, 15.5, 12.5, 16 ], "texture": "#texture" }
    }
},
{
    "from": [ -3.5, 0, 4.5 ],
    "to": [ -0.5, 1, 10.5 ],
    "faces": {
        "down":  { "uv": [ 13, 3, 16, 9.5 ], "texture": "#texture" },
        "up":    { "uv": [ 13, 3, 16, 9.5 ], "texture": "#texture" },
        "north": { "uv": [ 13, 15.5, 16, 16 ], "texture": "#texture" },
        "south": { "uv": [ 13, 15.5, 16, 16 ], "texture": "#texture" },
        "west":  { "uv": [ 3, 15.5, 9.5, 16 ], "texture": "#texture" },
        "east":  { "uv": [ 3, 15.5, 9.5, 16 ], "texture": "#texture" }
    }
},
{
    "from": [ -0.5, 0, -3.5 ],
    "to": [ 5, 1, -0.5 ],
    "faces": {
        "down":  { "uv": [ 5, 3.5, 10.5, 7.5 ], "texture": "#texture" },
        "up":    { "uv": [ 5, 3.5, 10.5, 7.5 ], "texture": "#texture" },
        "north": { "uv": [ 4, 15.5, 9.5, 16 ], "texture": "#texture" },
        "south": { "uv": [ 4, 15.5, 9.5, 16 ], "texture": "#texture" },
        "west":  { "uv": [ 0, 15.5, 4, 16 ], "texture": "#texture" },
        "east":  { "uv": [ 0, 15.5, 4, 16 ], "texture": "#texture" }
    }
},
{
    "from": [ 23, 0, 16 ],
    "to": [ 28.5, 1, 20 ],
    "faces": {
        "down":  { "uv": [ 5, 3.5, 10.5, 7.5 ], "texture": "#texture" },
        "up":    { "uv": [ 5, 3.5, 10.5, 7.5 ], "texture": "#texture" },
        "north": { "uv": [ 4, 15.5, 9.5, 16 ], "texture": "#texture" },
        "south": { "uv": [ 4, 15.5, 9.5, 16 ], "texture": "#texture" },
        "west":  { "uv": [ 0, 15.5, 4, 16 ], "texture": "#texture" },
        "east":  { "uv": [ 0, 15.5, 4, 16 ], "texture": "#texture" }
    }
},
{
    "from": [ 2, 0, 17 ],
    "to": [ 11, 1, 20 ],
    "faces": {
        "down":  { "uv": [ 3.5, 13, 12.5, 16 ], "texture": "#texture" },
        "up":    { "uv": [ 3.5, 13, 12.5, 16 ], "texture": "#texture" },
        "north": { "uv": [ 3.5, 15.5, 12.5, 16 ], "texture": "#texture" },
        "south": { "uv": [ 3.5, 15.5, 12.5, 16 ], "texture": "#texture" },
        "west":  { "uv": [ 14.5, 15.5, 17.5, 16 ], "texture": "#texture" },
        "east":  { "uv": [ 14.5, 15.5, 17.5, 16 ], "texture": "#texture" }
    }
},
{
    "from": [ 17.5, 0, -2 ],
    "to": [ 24, 1, 3 ],
    "faces": {
        "down":  { "uv": [ 0, 0, 6.5, 5 ], "texture": "#texture" },
        "up":    { "uv": [ 0, 0, 6.5, 5 ], "texture": "#texture" },
        "north": { "uv": [ 0, 15.5, 6.5, 16 ], "texture": "#texture" },
        "south": { "uv": [ 0, 15.5, 6.5, 16 ], "texture": "#texture" },
        "west":  { "uv": [ 0, 15.5, 5, 16 ], "texture": "#texture" },
        "east":  { "uv": [ 0, 15.5, 5, 16 ], "texture": "#texture" }
    }
},
{
    "from": [ 19.5, 0, 7.5 ],
    "to": [ 22, 1, 10.5 ],
    "faces": {
        "down":  { "uv": [ 8, 0, 10.5, 3 ], "texture": "#texture" },
        "up":    { "uv": [ 8, 0, 10.5, 3 ], "texture": "#texture" },
        "north": { "uv": [ 8, 15.5, 10.5, 16 ], "texture": "#texture" },
        "south": { "uv": [ 8, 15.5, 10.5, 16 ], "texture": "#texture" },
        "west":  { "uv": [ 0, 15.5, 3, 16 ], "texture": "#texture" },
        "east":  { "uv": [ 0, 15.5, 3, 16 ], "texture": "#texture" }
    }
},
{
    "from": [ -10, 0, 16 ],
    "to": [ -7.5, 1, 18 ],
    "faces": {
        "down":  { "uv": [ 8, 0, 10.5, 3 ], "texture": "#texture" },
        "up":    { "uv": [ 8, 0, 10.5, 3 ], "texture": "#texture" },
        "north": { "uv": [ 8, 15.5, 10.5, 16 ], "texture": "#texture" },
        "south": { "uv": [ 8, 15.5, 10.5, 16 ], "texture": "#texture" },
        "west":  { "uv": [ 0, 15.5, 3, 16 ], "texture": "#texture" },
        "east":  { "uv": [ 0, 15.5, 3, 16 ], "texture": "#texture" }
    }
},
{
    "from": [ 3.5, 0, 0.5 ],
    "to": [ 12.5, 1, 3.5 ],
    "faces": {
        "down":  { "uv": [ 3.5, 13, 12.5, 16 ], "texture": "#texture" },
        "up":    { "uv": [ 3.5, 13, 12.5, 16 ], "texture": "#texture" },
        "north": { "uv": [ 3.5, 15.5, 12.5, 16 ], "texture": "#texture" },
        "south": { "uv": [ 3.5, 15.5, 12.5, 16 ], "texture": "#texture" },
        "west":  { "uv": [ 14.5, 15.5, 17.5, 16 ], "texture": "#texture" },
        "east":  { "uv": [ 14.5, 15.5, 17.5, 16 ], "texture": "#texture" }
    }
},
{
    "from": [ -12, 0, 1.5 ],
    "to": [ -6.5, 1, 5.5 ],
    "faces": {
        "down":  { "uv": [ 5, 3.5, 10.5, 7.5 ], "texture": "#texture" },
        "up":    { "uv": [ 5, 3.5, 10.5, 7.5 ], "texture": "#texture" },
        "north": { "uv": [ 4, 15.5, 9.5, 16 ], "texture": "#texture" },
        "south": { "uv": [ 4, 15.5, 9.5, 16 ], "texture": "#texture" },
        "west":  { "uv": [ 0, 15.5, 4, 16 ], "texture": "#texture" },
        "east":  { "uv": [ 0, 15.5, 4, 16 ], "texture": "#texture" }
    }
}
],
"display": {
    "gui": {
        "rotation": [ 30, 225, 0 ],
        "translation": [ 0, 0, 0 ],
        "scale": [ 0.625, 0.625, 0.625 ]
    }
}
}