{
"__comment": "Designed by Tomaxed44 with BDcraft Cubik PRO 0.95 Beta - http://bdcraft.net",
"textures": {
    "particle": "blocks/oak_planks",
    "texture": "blocks/oak_planks"
},
"elements": [ 
{
    "from": [ 0, 0, 0 ],
    "to": [ 16, 1, 16 ],
    "faces": {
        "down":  { "uv": [ 16, 16, 0, 0 ], "texture": "#texture" },
        "up":    { "uv": [ 0, 0, 16, 16 ], "texture": "#texture" },
        "north": { "uv": [ 0, 15, 16, 16 ], "texture": "#texture" },
        "south": { "uv": [ 0, 15, 16, 16 ], "texture": "#texture" },
        "west":  { "uv": [ 0, 15, 16, 16 ], "texture": "#texture" },
        "east":  { "uv": [ 0, 15, 16, 16 ], "texture": "#texture" }
    }
},
{
    "from": [ 16, 0, 0 ],
    "to": [ 22, 1, 14 ],
    "faces": {
        "down":  { "uv": [ 0, 0, 6, 14 ], "texture": "#texture" },
        "up":    { "uv": [ 0, 0, 6, 14 ], "texture": "#texture" },
        "north": { "uv": [ 1, 13.5, 12, 14.5 ], "texture": "#texture" },
        "south": { "uv": [ 2, 11.5, 13, 12.5 ], "texture": "#texture" },
        "west":  { "uv": [ 0.5, 9.5, 16, 10.5 ], "texture": "#texture" },
        "east":  { "uv": [ 0.5, 9.5, 16, 10.5 ], "texture": "#texture" }
    }
},
{
    "from": [ 0, 0, -10 ],
    "to": [ 17.5, 1, 0 ],
    "faces": {
        "down":  { "uv": [ 0, 0, 16, 10 ], "texture": "#texture" },
        "up":    { "uv": [ 0, 0, 16, 10 ], "texture": "#texture" },
        "north": { "uv": [ 0, 15, 16, 16 ], "texture": "#texture" },
        "south": { "uv": [ 0, 15, 16, 16 ], "texture": "#texture" },
        "west":  { "uv": [ 0, 15, 10, 16 ], "texture": "#texture" },
        "east":  { "uv": [ 0, 15, 10, 16 ], "texture": "#texture" }
    }
},
{
    "from": [ 20, 0, -15 ],
    "to": [ 26, 1, -2 ],
    "faces": {
        "down":  { "uv": [ 0, 0, 6.5, 11.5 ], "texture": "#texture" },
        "up":    { "uv": [ 3, 3.5, 9.5, 15 ], "texture": "#texture" },
        "north": { "uv": [ 0, 0, 1.5, 10.5 ], "texture": "#texture" },
        "south": { "uv": [ 0, 0, 1.5, 10.5 ], "texture": "#texture" },
        "west":  { "uv": [ 0, 0, 10.5, 2 ], "texture": "#texture" },
        "east":  { "uv": [ 0, 0, 10.5, 2 ], "texture": "#texture" }
    }
},
{
    "from": [ -13.5, 0, -16 ],
    "to": [ -5, 1, -5 ],
    "faces": {
        "down":  { "uv": [ -13.5, -16, -5, -5 ], "texture": "#texture" },
        "up":    { "uv": [ 0, 0, 8.5, 11 ], "texture": "#texture" },
        "north": { "uv": [ 0, 15, 8.5, 16 ], "texture": "#texture" },
        "south": { "uv": [ 0, 15, 8.5, 16 ], "texture": "#texture" },
        "west":  { "uv": [ 0, 15, 11, 16 ], "texture": "#texture" },
        "east":  { "uv": [ 0, 15, 11, 16 ], "texture": "#texture" }
    }
},
{
    "from": [ 20, 0, 19 ],
    "to": [ 32, 1, 26 ],
    "faces": {
        "down":  { "uv": [ 0, 0, 10.5, 7.5 ], "texture": "#texture" },
        "up":    { "uv": [ 0, 0, 10.5, 7.5 ], "texture": "#texture" },
        "north": { "uv": [ 0, 0, 16, 5 ], "texture": "#texture" },
        "south": { "uv": [ 0, 0, 16, 5 ], "texture": "#texture" },
        "west":  { "uv": [ 0, 0, 7, 9 ], "texture": "#texture" },
        "east":  { "uv": [ 0, 0, 7, 9 ], "texture": "#texture" }
    }
}
],
"display": {
    "gui": {
        "rotation": [ 30, 225, 0 ],
        "translation": [ 0, 0, 0 ],
        "scale": [ 0.625, 0.625, 0.625 ]
    }
}
}