{
"__comment": "Designed by Tomaxed44 with BDcraft Cubik PRO 0.95 Beta - http://bdcraft.net",
"ambientocclusion": false,
"textures": {
    "particle": "blocks/stone",
    "texture": "blocks/stone"
},
"elements": [ 
{
    "from": [ 0, 0, 0 ],
    "to": [ 16, 1, 16 ],
    "faces": {
        "down":  { "uv": [ 16, 16, 0, 0 ], "texture": "#texture" },
        "up":    { "uv": [ 0, 0, 16, 16 ], "texture": "#texture" },
        "north": { "uv": [ 0, 15, 16, 16 ], "texture": "#texture" },
        "south": { "uv": [ 0, 15, 16, 16 ], "texture": "#texture" },
        "west":  { "uv": [ 0, 15, 16, 16 ], "texture": "#texture" },
        "east":  { "uv": [ 0, 15, 16, 16 ], "texture": "#texture" }
    }
},
{
    "from": [ -7, 0, 8 ],
    "to": [ 0, 1, 19 ],
    "faces": {
        "down":  { "uv": [ 5, 2.5, 12, 13.5 ], "texture": "#texture" },
        "up":    { "uv": [ 5, 2.5, 12, 13.5 ], "texture": "#texture" },
        "north": { "uv": [ 5, 15, 12, 16 ], "texture": "#texture" },
        "south": { "uv": [ 5, 15, 12, 16 ], "texture": "#texture" },
        "west":  { "uv": [ 2.5, 15, 13.5, 16 ], "texture": "#texture" },
        "east":  { "uv": [ 2.5, 15, 13.5, 16 ], "texture": "#texture" }
    }
},
{
    "from": [ 3, 0, -5 ],
    "to": [ 14.5, 1, 0 ],
    "faces": {
        "down":  { "uv": [ 3, 1.5, 14.5, 8 ], "texture": "#texture" },
        "up":    { "uv": [ 3, 1.5, 14.5, 8 ], "texture": "#texture" },
        "north": { "uv": [ 3, 15, 14.5, 16 ], "texture": "#texture" },
        "south": { "uv": [ 3, 15, 14.5, 16 ], "texture": "#texture" },
        "west":  { "uv": [ 1.5, 15, 8, 16 ], "texture": "#texture" },
        "east":  { "uv": [ 1.5, 15, 8, 16 ], "texture": "#texture" }
    }
},
{
    "from": [ -12, 0, -1 ],
    "to": [ -3.5, 1, 5 ],
    "faces": {
        "down":  { "uv": [ 2, 9, 10.5, 15 ], "texture": "#texture" },
        "up":    { "uv": [ 2, 9, 10.5, 15 ], "texture": "#texture" },
        "north": { "uv": [ 2, 15, 10.5, 16 ], "texture": "#texture" },
        "south": { "uv": [ 2, 15, 10.5, 16 ], "texture": "#texture" },
        "west":  { "uv": [ 9, 15, 15, 16 ], "texture": "#texture" },
        "east":  { "uv": [ 9, 15, 15, 16 ], "texture": "#texture" }
    }
},
{
    "from": [ 0, 0, 16 ],
    "to": [ 9.5, 1, 20.5 ],
    "faces": {
        "down":  { "uv": [ 2, 9, 10.5, 14 ], "texture": "#texture" },
        "up":    { "uv": [ 2, 9, 10.5, 14 ], "texture": "#texture" },
        "north": { "uv": [ 2, 15, 10.5, 16 ], "texture": "#texture" },
        "south": { "uv": [ 2, 15, 10.5, 16 ], "texture": "#texture" },
        "west":  { "uv": [ 9, 15, 15, 16 ], "texture": "#texture" },
        "east":  { "uv": [ 9, 15, 15, 16 ], "texture": "#texture" }
    }
},
{
    "from": [ -11.5, 0, 9 ],
    "to": [ -9.5, 1, 11 ],
    "faces": {
        "down":  { "uv": [ 0.5, 7.5, 2.5, 9.5 ], "texture": "#texture" },
        "up":    { "uv": [ 0.5, 7.5, 2.5, 9.5 ], "texture": "#texture" },
        "north": { "uv": [ 0.5, 15, 2.5, 16 ], "texture": "#texture" },
        "south": { "uv": [ 0.5, 15, 2.5, 16 ], "texture": "#texture" },
        "west":  { "uv": [ 7.5, 15, 9.5, 16 ], "texture": "#texture" },
        "east":  { "uv": [ 7.5, 15, 9.5, 16 ], "texture": "#texture" }
    }
},
{
    "from": [ -3.5, 0, -5.5 ],
    "to": [ -1.5, 1, -3.5 ],
    "faces": {
        "down":  { "uv": [ 0.5, 7.5, 2.5, 9.5 ], "texture": "#texture" },
        "up":    { "uv": [ 0.5, 7.5, 2.5, 9.5 ], "texture": "#texture" },
        "north": { "uv": [ 0.5, 15, 2.5, 16 ], "texture": "#texture" },
        "south": { "uv": [ 0.5, 15, 2.5, 16 ], "texture": "#texture" },
        "west":  { "uv": [ 7.5, 15, 9.5, 16 ], "texture": "#texture" },
        "east":  { "uv": [ 7.5, 15, 9.5, 16 ], "texture": "#texture" }
    }
},
{
    "from": [ 15, 0, 18 ],
    "to": [ 19, 1, 20.5 ],
    "faces": {
        "down":  { "uv": [ 1.5, 12.5, 5.5, 15 ], "texture": "#texture" },
        "up":    { "uv": [ 1.5, 12.5, 5.5, 15 ], "texture": "#texture" },
        "north": { "uv": [ 1.5, 15, 5.5, 16 ], "texture": "#texture" },
        "south": { "uv": [ 1.5, 15, 5.5, 16 ], "texture": "#texture" },
        "west":  { "uv": [ 12.5, 15, 15, 16 ], "texture": "#texture" },
        "east":  { "uv": [ 12.5, 15, 15, 16 ], "texture": "#texture" }
    }
},
{
    "from": [ 18, 0, 6.5 ],
    "to": [ 22, 1, 9 ],
    "faces": {
        "down":  { "uv": [ 1.5, 12.5, 5.5, 15 ], "texture": "#texture" },
        "up":    { "uv": [ 1.5, 12.5, 5.5, 15 ], "texture": "#texture" },
        "north": { "uv": [ 1.5, 15, 5.5, 16 ], "texture": "#texture" },
        "south": { "uv": [ 1.5, 15, 5.5, 16 ], "texture": "#texture" },
        "west":  { "uv": [ 12.5, 15, 15, 16 ], "texture": "#texture" },
        "east":  { "uv": [ 12.5, 15, 15, 16 ], "texture": "#texture" }
    }
},
{
    "from": [ 18.5, 0, -5.5 ],
    "to": [ 22, 1, -2.5 ],
    "faces": {
        "down":  { "uv": [ 1.5, 12.5, 5.5, 15 ], "texture": "#texture" },
        "up":    { "uv": [ 1.5, 12.5, 5.5, 15 ], "texture": "#texture" },
        "north": { "uv": [ 1.5, 15, 5.5, 16 ], "texture": "#texture" },
        "south": { "uv": [ 1.5, 15, 5.5, 16 ], "texture": "#texture" },
        "west":  { "uv": [ 12.5, 15, 15, 16 ], "texture": "#texture" },
        "east":  { "uv": [ 12.5, 15, 15, 16 ], "texture": "#texture" }
    }
},
{
    "from": [ 3, 0, -10.5 ],
    "to": [ 7, 1, -7.5 ],
    "faces": {
        "down":  { "uv": [ 1.5, 12.5, 5.5, 15 ], "texture": "#texture" },
        "up":    { "uv": [ 1.5, 12.5, 5.5, 15 ], "texture": "#texture" },
        "north": { "uv": [ 1.5, 15, 5.5, 16 ], "texture": "#texture" },
        "south": { "uv": [ 1.5, 15, 5.5, 16 ], "texture": "#texture" },
        "west":  { "uv": [ 12.5, 15, 15, 16 ], "texture": "#texture" },
        "east":  { "uv": [ 12.5, 15, 15, 16 ], "texture": "#texture" }
    }
}
],
"display": {
    "gui": {
        "rotation": [ 30, 225, 0 ],
        "translation": [ 0, 0, 0 ],
        "scale": [ 0.625, 0.625, 0.625 ]
    }
}
}