{
"__comment": "Designed by Tomaxed44 with BDcraft Cubik PRO 0.95 Beta - http://bdcraft.net",
"ambientocclusion": false,
"textures": {
    "particle": "blocks/oak_planks",
    "texture": "blocks/oak_planks"
},
"elements": [ 
{
    "from": [ 0, 0, 0 ],
    "to": [ 16, 1, 16 ],
    "faces": {
        "down":  { "uv": [ 16, 16, 0, 0 ], "texture": "#texture" },
        "up":    { "uv": [ 0, 0, 16, 16 ], "texture": "#texture" },
        "north": { "uv": [ 0, 15, 16, 16 ], "texture": "#texture" },
        "south": { "uv": [ 0, 15, 16, 16 ], "texture": "#texture" },
        "west":  { "uv": [ 0, 15, 16, 16 ], "texture": "#texture" },
        "east":  { "uv": [ 0, 15, 16, 16 ], "texture": "#texture" }
    }
},
{
    "from": [ -13, 0, -14 ],
    "to": [ -7, 1, 0 ],
    "faces": {
        "down":  { "uv": [ -13, -14, -7, 0 ], "texture": "#texture" },
        "up":    { "uv": [ 0, 0, 6, 14 ], "texture": "#texture" },
        "north": { "uv": [ 0, 15, 6, 16 ], "texture": "#texture" },
        "south": { "uv": [ 0, 15, 6, 16 ], "texture": "#texture" },
        "west":  { "uv": [ 0, 15, 14, 16 ], "texture": "#texture" },
        "east":  { "uv": [ 0, 15, 14, 16 ], "texture": "#texture" }
    }
},
{
    "from": [ -4, 0, -9.5 ],
    "to": [ 12.5, 1, 0 ],
    "faces": {
        "down":  { "uv": [ 0, 0, 16, 9.5 ], "texture": "#texture" },
        "up":    { "uv": [ 0, 0, 16, 9.5 ], "texture": "#texture" },
        "north": { "uv": [ 0, 15, 16, 16 ], "texture": "#texture" },
        "south": { "uv": [ 0, 15, 16, 16 ], "texture": "#texture" },
        "west":  { "uv": [ 0, 15, 9.5, 16 ], "texture": "#texture" },
        "east":  { "uv": [ 0, 15, 9.5, 16 ], "texture": "#texture" }
    }
},
{
    "from": [ -1, 0, 18.5 ],
    "to": [ 5, 1, 31.5 ],
    "faces": {
        "down":  { "uv": [ 0, 0, 6.5, 11.5 ], "texture": "#texture" },
        "up":    { "uv": [ 3, 3.5, 9.5, 15 ], "texture": "#texture" },
        "north": { "uv": [ 0, 0, 1.5, 10.5 ], "texture": "#texture" },
        "south": { "uv": [ 0, 0, 1.5, 10.5 ], "texture": "#texture" },
        "west":  { "uv": [ 0, 0, 10.5, 2 ], "texture": "#texture" },
        "east":  { "uv": [ 0, 0, 10.5, 2 ], "texture": "#texture" }
    }
},
{
    "from": [ 17, 0, 3 ],
    "to": [ 25.5, 1, 14 ],
    "faces": {
        "down":  { "uv": [ -13.5, -16, -5, -5 ], "texture": "#texture" },
        "up":    { "uv": [ 0, 0, 8.5, 11 ], "texture": "#texture" },
        "north": { "uv": [ 0, 15, 8.5, 16 ], "texture": "#texture" },
        "south": { "uv": [ 0, 15, 8.5, 16 ], "texture": "#texture" },
        "west":  { "uv": [ 0, 15, 11, 16 ], "texture": "#texture" },
        "east":  { "uv": [ 0, 15, 11, 16 ], "texture": "#texture" }
    }
},
{
    "from": [ -8.5, 0, 3 ],
    "to": [ 0, 1, 11.5 ],
    "faces": {
        "down":  { "uv": [ -15.5, -9, -3.5, -2 ], "texture": "#texture" },
        "up":    { "uv": [ 0, 0, 12, 7 ], "texture": "#texture" },
        "north": { "uv": [ 0, 15, 12, 16 ], "texture": "#texture" },
        "south": { "uv": [ 0, 15, 12, 16 ], "texture": "#texture" },
        "west":  { "uv": [ 0, 15, 7, 16 ], "texture": "#texture" },
        "east":  { "uv": [ 0, 15, 7, 16 ], "texture": "#texture" }
    }
},
{
    "from": [ 8.5, 0, 17.5 ],
    "to": [ 15, 1, 26.5 ],
    "faces": {
        "down":  { "uv": [ -13.5, -16, -5, -5 ], "texture": "#texture" },
        "up":    { "uv": [ 0, 0, 8.5, 11 ], "texture": "#texture" },
        "north": { "uv": [ 0, 15, 8.5, 16 ], "texture": "#texture" },
        "south": { "uv": [ 0, 15, 8.5, 16 ], "texture": "#texture" },
        "west":  { "uv": [ 0, 15, 11, 16 ], "texture": "#texture" },
        "east":  { "uv": [ 0, 15, 11, 16 ], "texture": "#texture" }
    }
}
],
"display": {
    "gui": {
        "rotation": [ 30, 225, 0 ],
        "translation": [ 0, 0, 0 ],
        "scale": [ 0.625, 0.625, 0.625 ]
    }
}
}