{
"__comment": "Designed by Tomaxed44 with BDcraft Cubik PRO 0.95 Beta - http://bdcraft.net",
"ambientocclusion": false,
"textures": {
    "particle": "blocks/stone_diorite",
    "texture": "blocks/stone_diorite",
    "wool_colored_silver2": "blocks/wool_colored_silver2",
    "hardened_clay_stained_silver": "blocks/hardened_clay_stained_cyan"
},
"elements": [ 
{
    "from": [ 0, 0, 0 ],
    "to": [ 11, 7, 7.5 ],
    "faces": {
        "down":  { "uv": [ 16, 7.5, 5, 0 ], "texture": "#texture" },
        "up":    { "uv": [ 0, 0, 11, 7.5 ], "texture": "#texture" },
        "north": { "uv": [ 5, 9, 16, 16 ], "texture": "#texture" },
        "south": { "uv": [ 0, 9, 11, 16 ], "texture": "#texture" },
        "west":  { "uv": [ 0, 9, 7.5, 16 ], "texture": "#texture" },
        "east":  { "uv": [ 8.5, 9, 16, 16 ], "texture": "#texture" }
    }
},
{
    "from": [ 2, 2.75, 8.5 ],
    "to": [ 13, 5.25, 16.5 ],
    "rotation": { "origin": [ 2, 5.25, 8.5 ], "axis": "x", "angle": 22.5 },
    "faces": {
        "down":  { "uv": [ 16, 14.5, 5, 6.5 ], "texture": "#hardened_clay_stained_silver" },
        "up":    { "uv": [ 0, 6.5, 11, 14.5 ], "texture": "#hardened_clay_stained_silver" },
        "north": { "uv": [ 5, 5, 16, 7.5 ], "texture": "#hardened_clay_stained_silver" },
        "south": { "uv": [ 0, 5, 11, 7.5 ], "texture": "#hardened_clay_stained_silver" },
        "west":  { "uv": [ 6.5, 5, 14.5, 7.5 ], "texture": "#hardened_clay_stained_silver" },
        "east":  { "uv": [ 1.5, 5, 9.5, 7.5 ], "texture": "#hardened_clay_stained_silver" }
    }
},
{
    "from": [ 2.5, 7, 1 ],
    "to": [ 8, 9, 4.5 ],
    "rotation": { "origin": [ 2.5, 7, 1 ], "axis": "y", "angle": -22.5 },
    "faces": {
        "down":  { "uv": [ 13.5, 5, 8, 1.5 ], "texture": "#wool_colored_silver2" },
        "up":    { "uv": [ 2.5, 1.5, 8, 5 ], "texture": "#wool_colored_silver2" },
        "north": { "uv": [ 8, 7, 13.5, 9 ], "texture": "#wool_colored_silver2" },
        "south": { "uv": [ 2.5, 7, 8, 9 ], "texture": "#wool_colored_silver2" },
        "west":  { "uv": [ 1.5, 7, 5, 9 ], "texture": "#wool_colored_silver2" },
        "east":  { "uv": [ 11, 7, 14.5, 9 ], "texture": "#wool_colored_silver2" }
    }
}
],
"display": {
    "gui": {
        "rotation": [ 30, 225, 0 ],
        "translation": [ 0, 0, 0 ],
        "scale": [ 0.625, 0.625, 0.625 ]
    }
}
}