{
"__comment": "Designed by Tomaxed44 with BDcraft Cubik PRO 0.95 Beta - http://bdcraft.net",
"ambientocclusion": false,
"textures": {
    "particle": "blocks/detail",
    "texture": "blocks/detail"
},
"elements": [ 
{
    "from": [ 8.5, 0, 9.5 ],
    "to": [ 10.5, 2, 13 ],
    "faces": {
        "down":  { "uv": [ 1.5, 8, 3.5, 11 ], "texture": "#texture" },
        "up":    { "uv": [ 1.5, 8, 3.5, 11 ], "texture": "#texture" },
        "north": { "uv": [ 1.5, 9, 3.5, 11 ], "texture": "#texture" },
        "south": { "uv": [ 1.5, 9, 3.5, 11 ], "texture": "#texture" },
        "west":  { "uv": [ 0, 8.5, 3.5, 10.5 ], "texture": "#texture" },
        "east":  { "uv": [ 0, 8.5, 3.5, 10.5 ], "texture": "#texture" }
    }
},
{
    "from": [ 5.5, -0.5, 10.3125 ],
    "to": [ 9.5, 1, 12.8125 ],
    "rotation": { "origin": [ 5.5, 1, 10.3125 ], "axis": "z", "angle": 45 },
    "faces": {
        "down":  { "uv": [ 8, 10, 4.5, 8 ], "texture": "#texture" },
        "up":    { "uv": [ 4.5, 8, 8, 10.5 ], "texture": "#texture" },
        "north": { "uv": [ 4.5, 8.5, 8, 10 ], "texture": "#texture" },
        "south": { "uv": [ 4.5, 9, 8, 10.5 ], "texture": "#texture" },
        "west":  { "uv": [ 5.5, 8.5, 8, 10 ], "texture": "#texture" },
        "east":  { "uv": [ 5.5, 8.5, 8, 10 ], "texture": "#texture" }
    }
},
{
    "from": [ 8.5, 0, 3 ],
    "to": [ 12, 0.5, 5.5 ],
    "rotation": { "origin": [ 8.5, 0, 3 ], "axis": "y", "angle": 22.5 },
    "faces": {
        "down":  { "uv": [ 2.5, 4, 6, 6.5 ], "texture": "#texture" },
        "up":    { "uv": [ 2.5, 4, 6, 6.5 ], "texture": "#texture" },
        "north": { "uv": [ 1.5, 6, 5, 6.5 ], "texture": "#texture" },
        "south": { "uv": [ 1.5, 6, 5, 6.5 ], "texture": "#texture" },
        "west":  { "uv": [ 1.5, 5.5, 4, 6 ], "texture": "#texture" },
        "east":  { "uv": [ 1.5, 5.5, 4, 6 ], "texture": "#texture" }
    }
},
{
    "from": [ 7.6875, 0, 3.5 ],
    "to": [ 8.6875, 0.5, 4 ],
    "rotation": { "origin": [ 7.6875, 0, 3.5 ], "axis": "y", "angle": -22.5 },
    "faces": {
        "down":  { "uv": [ 3.5, 4.5, 4.5, 5 ], "texture": "#texture" },
        "up":    { "uv": [ 3.5, 4.5, 4.5, 5 ], "texture": "#texture" },
        "north": { "uv": [ 4, 6.5, 5, 7 ], "texture": "#texture" },
        "south": { "uv": [ 4, 6.5, 5, 7 ], "texture": "#texture" },
        "west":  { "uv": [ 2.5, 6.5, 3, 7 ], "texture": "#texture" },
        "east":  { "uv": [ 2.5, 6.5, 3, 7 ], "texture": "#texture" }
    }
}
],
"display": {
    "gui": {
        "rotation": [ 30, 225, 0 ],
        "translation": [ 0, 0, 0 ],
        "scale": [ 0.625, 0.625, 0.625 ]
    }
}
}