{
"__comment": "Designed by Tomaxed44 with BDcraft Cubik PRO 0.95 Beta - http://bdcraft.net",
"ambientocclusion": false,
"textures": {
    "particle": "blocks/detail",
    "texture": "blocks/detail"
},
"elements": [ 
{
    "from": [ 1, 0, 13 ],
    "to": [ 4.5, 1, 15.5 ],
    "faces": {
        "down":  { "uv": [ 0, 4, 3.5, 6.5 ], "texture": "#texture" },
        "up":    { "uv": [ 0, 4, 3.5, 6.5 ], "texture": "#texture" },
        "north": { "uv": [ 1.5, 5, 5, 6 ], "texture": "#texture" },
        "south": { "uv": [ 1.5, 5, 5, 6 ], "texture": "#texture" },
        "west":  { "uv": [ 1.5, 6, 4, 7 ], "texture": "#texture" },
        "east":  { "uv": [ 1.5, 6, 4, 7 ], "texture": "#texture" }
    }
},
{
    "from": [ 6, 0, 6 ],
    "to": [ 8.5, 1.5, 7.5 ],
    "rotation": { "origin": [ 6, 0, 6 ], "axis": "y", "angle": -22.5 },
    "faces": {
        "down":  { "uv": [ 0, 0.5, 2.5, 2 ], "texture": "#texture" },
        "up":    { "uv": [ 0, 0.5, 2.5, 2 ], "texture": "#texture" },
        "north": { "uv": [ 0.5, 0.5, 3, 2 ], "texture": "#texture" },
        "south": { "uv": [ 0.5, 0.5, 3, 2 ], "texture": "#texture" },
        "west":  { "uv": [ 1, 0, 2.5, 1.5 ], "texture": "#texture" },
        "east":  { "uv": [ 1, 0, 2.5, 1.5 ], "texture": "#texture" }
    }
},
{
    "from": [ 8.125, 0.25, 7.1875 ],
    "to": [ 9.125, 1.25, 8.1875 ],
    "rotation": { "origin": [ 8.125, 0.25, 7.1875 ], "axis": "y", "angle": -22.5 },
    "faces": {
        "down":  { "uv": [ 1, 0.5, 2, 1.5 ], "texture": "#texture" },
        "up":    { "uv": [ 1, 0.5, 2, 1.5 ], "texture": "#texture" },
        "north": { "uv": [ 1, 0.5, 2, 1.5 ], "texture": "#texture" },
        "south": { "uv": [ 1, 0.5, 2, 1.5 ], "texture": "#texture" },
        "west":  { "uv": [ 1, 0.5, 2, 1.5 ], "texture": "#texture" },
        "east":  { "uv": [ 1, 0.5, 2, 1.5 ], "texture": "#texture" }
    }
},
{
    "from": [ 13, 0, 10 ],
    "to": [ 15, 0.5, 11.5 ],
    "rotation": { "origin": [ 13, 0, 10 ], "axis": "y", "angle": 22.5 },
    "faces": {
        "down":  { "uv": [ 3.5, 5.5, 5.5, 7 ], "texture": "#texture" },
        "up":    { "uv": [ 3.5, 5.5, 5.5, 7 ], "texture": "#texture" },
        "north": { "uv": [ 3, 5.5, 5, 6 ], "texture": "#texture" },
        "south": { "uv": [ 3, 5.5, 5, 6 ], "texture": "#texture" },
        "west":  { "uv": [ 3, 5, 4.5, 5.5 ], "texture": "#texture" },
        "east":  { "uv": [ 3, 5, 4.5, 5.5 ], "texture": "#texture" }
    }
},
{
    "from": [ 13.9375, 0, 11.875 ],
    "to": [ 14.9375, 0.5, 12.375 ],
    "rotation": { "origin": [ 13.9375, 0, 11.875 ], "axis": "y", "angle": 45 },
    "faces": {
        "down":  { "uv": [ 4, 6, 5, 6.5 ], "texture": "#texture" },
        "up":    { "uv": [ 4, 6, 5, 6.5 ], "texture": "#texture" },
        "north": { "uv": [ 1.5, 6, 2.5, 6.5 ], "texture": "#texture" },
        "south": { "uv": [ 1.5, 6, 2.5, 6.5 ], "texture": "#texture" },
        "west":  { "uv": [ 4, 4.5, 4.5, 5 ], "texture": "#texture" },
        "east":  { "uv": [ 4, 4.5, 4.5, 5 ], "texture": "#texture" }
    }
},
{
    "from": [ 13, 0, 11 ],
    "to": [ 13.5, 0.5, 11.4375 ],
    "rotation": { "origin": [ 13, 0, 11 ], "axis": "y", "angle": -22.5 },
    "faces": {
        "down":  { "uv": [ 4, 5.5, 4.5, 5.9375 ], "texture": "#texture" },
        "up":    { "uv": [ 4, 5.5, 4.5, 5.9375 ], "texture": "#texture" },
        "north": { "uv": [ 3, 6.5, 3.5, 7 ], "texture": "#texture" },
        "south": { "uv": [ 3, 6.5, 3.5, 7 ], "texture": "#texture" },
        "west":  { "uv": [ 5, 6, 5.4375, 6.5 ], "texture": "#texture" },
        "east":  { "uv": [ 5, 6, 5.4375, 6.5 ], "texture": "#texture" }
    }
}
],
"display": {
    "gui": {
        "rotation": [ 30, 225, 0 ],
        "translation": [ 0, 0, 0 ],
        "scale": [ 0.625, 0.625, 0.625 ]
    }
}
}