{
"__comment": "Designed by Tomaxed44 with BDcraft Cubik PRO 0.95 Beta - http://bdcraft.net",
"ambientocclusion": false,
"textures": {
    "particle": "entity/skeleton",
    "texture": "entity/skeleton"
},
"elements": [ 
{
    "from": [ 7.5, 0, 12.4375 ],
    "to": [ 8.5, 1, 19.625 ],
    "faces": {
        "down":  { "uv": [ 8.5, 16, 7.5, 12.4375 ], "texture": "#texture" },
        "up":    { "uv": [ 7.5, 12.4375, 8.5, 16 ], "texture": "#texture" },
        "north": { "uv": [ 7.5, 15, 8.5, 16 ], "texture": "#texture" },
        "south": { "uv": [ 7.5, 15, 8.5, 16 ], "texture": "#texture" },
        "west":  { "uv": [ 12.4375, 15, 16, 16 ], "texture": "#texture" },
        "east":  { "uv": [ 0, 15, 3.5625, 16 ], "texture": "#texture" }
    }
},
{
    "from": [ 7.5, 1.9375, 7.9375 ],
    "to": [ 8.5, 2.9375, 13.4375 ],
    "rotation": { "origin": [ 7.5, 2.9375, 7.9375 ], "axis": "x", "angle": 22.5 },
    "faces": {
        "down":  { "uv": [ 11.5, 12, 10.5, 8.5 ], "texture": "#texture" },
        "up":    { "uv": [ 4.5, 8.5, 5.5, 12 ], "texture": "#texture" },
        "north": { "uv": [ 10.5, 14, 11.5, 15 ], "texture": "#texture" },
        "south": { "uv": [ 4.5, 14, 5.5, 15 ], "texture": "#texture" },
        "west":  { "uv": [ 8.5, 14, 12, 15 ], "texture": "#texture" },
        "east":  { "uv": [ 4, 14, 7.5, 15 ], "texture": "#texture" }
    }
},
{
    "from": [ 2.5, 1.5, 8.94518 ],
    "to": [ 13.5, 2.5, 9.94518 ],
    "rotation": { "origin": [ 2.5, 2.5, 8.94518 ], "axis": "x", "angle": 22.5 },
    "faces": {
        "down":  { "uv": [ 13.5, 10, 2.5, 9 ], "texture": "#texture" },
        "up":    { "uv": [ 2.5, 9, 13.5, 10 ], "texture": "#texture" },
        "north": { "uv": [ 2.5, 13.5, 13.5, 14.5 ], "texture": "#texture" },
        "south": { "uv": [ 2.5, 13.5, 13.5, 14.5 ], "texture": "#texture" },
        "west":  { "uv": [ 9, 13.5, 10, 14.5 ], "texture": "#texture" },
        "east":  { "uv": [ 6, 13.5, 7, 14.5 ], "texture": "#texture" }
    }
},
{
    "from": [ 3.5, 0.625, 10.5 ],
    "to": [ 13, 1.625, 11 ],
    "faces": {
        "down":  { "uv": [ 12.5, 11, 3, 10.5 ], "texture": "#texture" },
        "up":    { "uv": [ 3.5, 10.5, 13, 11 ], "texture": "#texture" },
        "north": { "uv": [ 3, 14.375, 12.5, 15.375 ], "texture": "#texture" },
        "south": { "uv": [ 3.5, 14.375, 13, 15.375 ], "texture": "#texture" },
        "west":  { "uv": [ 10.5, 14.375, 11, 15.375 ], "texture": "#texture" },
        "east":  { "uv": [ 5, 14.375, 5.5, 15.375 ], "texture": "#texture" }
    }
},
{
    "from": [ 3.5, 0.375, 11.5 ],
    "to": [ 13, 1.25, 12 ],
    "faces": {
        "down":  { "uv": [ 12.5, 12, 3, 11.5 ], "texture": "#texture" },
        "up":    { "uv": [ 3.5, 11.5, 13, 12 ], "texture": "#texture" },
        "north": { "uv": [ 3, 14.75, 12.5, 15.625 ], "texture": "#texture" },
        "south": { "uv": [ 3.5, 14.75, 13, 15.625 ], "texture": "#texture" },
        "west":  { "uv": [ 11.5, 14.75, 12, 15.625 ], "texture": "#texture" },
        "east":  { "uv": [ 4, 14.75, 4.5, 15.625 ], "texture": "#texture" }
    }
},
{
    "from": [ 4, 0.0625, 12.5 ],
    "to": [ 12.5, 0.9375, 13 ],
    "faces": {
        "down":  { "uv": [ 12, 13, 3.5, 12.5 ], "texture": "#texture" },
        "up":    { "uv": [ 4, 12.5, 12.5, 13 ], "texture": "#texture" },
        "north": { "uv": [ 3.5, 15.0625, 12, 15.9375 ], "texture": "#texture" },
        "south": { "uv": [ 4, 15.0625, 12.5, 15.9375 ], "texture": "#texture" },
        "west":  { "uv": [ 12.5, 15.0625, 13, 15.9375 ], "texture": "#texture" },
        "east":  { "uv": [ 3, 15.0625, 3.5, 15.9375 ], "texture": "#texture" }
    }
},
{
    "from": [ 4.5, 0, 13.5 ],
    "to": [ 12, 0.875, 14 ],
    "faces": {
        "down":  { "uv": [ 11.5, 14, 4, 13.5 ], "texture": "#texture" },
        "up":    { "uv": [ 4.5, 13.5, 12, 14 ], "texture": "#texture" },
        "north": { "uv": [ 4, 15.125, 11.5, 16 ], "texture": "#texture" },
        "south": { "uv": [ 4.5, 15.125, 12, 16 ], "texture": "#texture" },
        "west":  { "uv": [ 13.5, 15.125, 14, 16 ], "texture": "#texture" },
        "east":  { "uv": [ 2, 15.125, 2.5, 16 ], "texture": "#texture" }
    }
},
{
    "from": [ 5, 0, 14.5 ],
    "to": [ 11.5, 0.875, 15 ],
    "faces": {
        "down":  { "uv": [ 11, 15, 4.5, 14.5 ], "texture": "#texture" },
        "up":    { "uv": [ 5, 14.5, 11.5, 15 ], "texture": "#texture" },
        "north": { "uv": [ 4.5, 15.125, 11, 16 ], "texture": "#texture" },
        "south": { "uv": [ 5, 15.125, 11.5, 16 ], "texture": "#texture" },
        "west":  { "uv": [ 14.5, 15.125, 15, 16 ], "texture": "#texture" },
        "east":  { "uv": [ 1, 15.125, 1.5, 16 ], "texture": "#texture" }
    }
},
{
    "from": [ 3, 1.5, 10.5 ],
    "to": [ 4, 2, 11 ],
    "faces": {
        "down":  { "uv": [ 13, 11, 12, 10.5 ], "texture": "#texture" },
        "up":    { "uv": [ 3, 10.5, 4, 11 ], "texture": "#texture" },
        "north": { "uv": [ 12, 14, 13, 14.5 ], "texture": "#texture" },
        "south": { "uv": [ 3, 14, 4, 14.5 ], "texture": "#texture" },
        "west":  { "uv": [ 10.5, 14, 11, 14.5 ], "texture": "#texture" },
        "east":  { "uv": [ 5, 14, 5.5, 14.5 ], "texture": "#texture" }
    }
},
{
    "from": [ 12.5, 1.5, 10.5 ],
    "to": [ 13.5, 2, 11 ],
    "faces": {
        "down":  { "uv": [ 3.5, 11, 2.5, 10.5 ], "texture": "#texture" },
        "up":    { "uv": [ 12.5, 10.5, 13.5, 11 ], "texture": "#texture" },
        "north": { "uv": [ 2.5, 14, 3.5, 14.5 ], "texture": "#texture" },
        "south": { "uv": [ 12.5, 14, 13.5, 14.5 ], "texture": "#texture" },
        "west":  { "uv": [ 10.5, 14, 11, 14.5 ], "texture": "#texture" },
        "east":  { "uv": [ 5, 14, 5.5, 14.5 ], "texture": "#texture" }
    }
},
{
    "from": [ 12.5, 1.25, 11.5 ],
    "to": [ 13.5, 1.75, 12 ],
    "faces": {
        "down":  { "uv": [ 3.5, 12, 2.5, 11.5 ], "texture": "#texture" },
        "up":    { "uv": [ 12.5, 11.5, 13.5, 12 ], "texture": "#texture" },
        "north": { "uv": [ 2.5, 14.25, 3.5, 14.75 ], "texture": "#texture" },
        "south": { "uv": [ 12.5, 14.25, 13.5, 14.75 ], "texture": "#texture" },
        "west":  { "uv": [ 11.5, 14.25, 12, 14.75 ], "texture": "#texture" },
        "east":  { "uv": [ 4, 14.25, 4.5, 14.75 ], "texture": "#texture" }
    }
},
{
    "from": [ 3, 1.25, 11.5 ],
    "to": [ 4, 1.75, 12 ],
    "faces": {
        "down":  { "uv": [ 13, 12, 12, 11.5 ], "texture": "#texture" },
        "up":    { "uv": [ 3, 11.5, 4, 12 ], "texture": "#texture" },
        "north": { "uv": [ 12, 14.25, 13, 14.75 ], "texture": "#texture" },
        "south": { "uv": [ 3, 14.25, 4, 14.75 ], "texture": "#texture" },
        "west":  { "uv": [ 11.5, 14.25, 12, 14.75 ], "texture": "#texture" },
        "east":  { "uv": [ 4, 14.25, 4.5, 14.75 ], "texture": "#texture" }
    }
},
{
    "from": [ 3.5, 0.75, 12.5 ],
    "to": [ 4.5, 1.25, 13 ],
    "faces": {
        "down":  { "uv": [ 12.5, 13, 11.5, 12.5 ], "texture": "#texture" },
        "up":    { "uv": [ 3.5, 12.5, 4.5, 13 ], "texture": "#texture" },
        "north": { "uv": [ 11.5, 14.75, 12.5, 15.25 ], "texture": "#texture" },
        "south": { "uv": [ 3.5, 14.75, 4.5, 15.25 ], "texture": "#texture" },
        "west":  { "uv": [ 12.5, 14.75, 13, 15.25 ], "texture": "#texture" },
        "east":  { "uv": [ 3, 14.75, 3.5, 15.25 ], "texture": "#texture" }
    }
},
{
    "from": [ 12, 0.75, 12.5 ],
    "to": [ 13, 1.25, 13 ],
    "faces": {
        "down":  { "uv": [ 4, 13, 3, 12.5 ], "texture": "#texture" },
        "up":    { "uv": [ 12, 12.5, 13, 13 ], "texture": "#texture" },
        "north": { "uv": [ 3, 14.75, 4, 15.25 ], "texture": "#texture" },
        "south": { "uv": [ 12, 14.75, 13, 15.25 ], "texture": "#texture" },
        "west":  { "uv": [ 12.5, 14.75, 13, 15.25 ], "texture": "#texture" },
        "east":  { "uv": [ 3, 14.75, 3.5, 15.25 ], "texture": "#texture" }
    }
},
{
    "from": [ 11.5, 0.75, 13.5 ],
    "to": [ 12.5, 1.25, 14 ],
    "faces": {
        "down":  { "uv": [ 4.5, 14, 3.5, 13.5 ], "texture": "#texture" },
        "up":    { "uv": [ 11.5, 13.5, 12.5, 14 ], "texture": "#texture" },
        "north": { "uv": [ 3.5, 14.75, 4.5, 15.25 ], "texture": "#texture" },
        "south": { "uv": [ 11.5, 14.75, 12.5, 15.25 ], "texture": "#texture" },
        "west":  { "uv": [ 13.5, 14.75, 14, 15.25 ], "texture": "#texture" },
        "east":  { "uv": [ 2, 14.75, 2.5, 15.25 ], "texture": "#texture" }
    }
},
{
    "from": [ 11, 0.75, 14.5 ],
    "to": [ 12, 1.25, 15 ],
    "faces": {
        "down":  { "uv": [ 5, 15, 4, 14.5 ], "texture": "#texture" },
        "up":    { "uv": [ 11, 14.5, 12, 15 ], "texture": "#texture" },
        "north": { "uv": [ 4, 14.75, 5, 15.25 ], "texture": "#texture" },
        "south": { "uv": [ 11, 14.75, 12, 15.25 ], "texture": "#texture" },
        "west":  { "uv": [ 14.5, 14.75, 15, 15.25 ], "texture": "#texture" },
        "east":  { "uv": [ 1, 14.75, 1.5, 15.25 ], "texture": "#texture" }
    }
},
{
    "from": [ 4.5, 0.75, 14.5 ],
    "to": [ 5.5, 1.25, 15 ],
    "faces": {
        "down":  { "uv": [ 11.5, 15, 10.5, 14.5 ], "texture": "#texture" },
        "up":    { "uv": [ 4.5, 14.5, 5.5, 15 ], "texture": "#texture" },
        "north": { "uv": [ 10.5, 14.75, 11.5, 15.25 ], "texture": "#texture" },
        "south": { "uv": [ 4.5, 14.75, 5.5, 15.25 ], "texture": "#texture" },
        "west":  { "uv": [ 14.5, 14.75, 15, 15.25 ], "texture": "#texture" },
        "east":  { "uv": [ 1, 14.75, 1.5, 15.25 ], "texture": "#texture" }
    }
},
{
    "from": [ 4, 0.75, 13.5 ],
    "to": [ 5, 1.25, 14 ],
    "faces": {
        "down":  { "uv": [ 12, 14, 11, 13.5 ], "texture": "#texture" },
        "up":    { "uv": [ 4, 13.5, 5, 14 ], "texture": "#texture" },
        "north": { "uv": [ 11, 14.75, 12, 15.25 ], "texture": "#texture" },
        "south": { "uv": [ 4, 14.75, 5, 15.25 ], "texture": "#texture" },
        "west":  { "uv": [ 13.5, 14.75, 14, 15.25 ], "texture": "#texture" },
        "east":  { "uv": [ 2, 14.75, 2.5, 15.25 ], "texture": "#texture" }
    }
},
{
    "from": [ 3, 2, 10.5 ],
    "to": [ 3.5, 3, 11 ],
    "faces": {
        "down":  { "uv": [ 13, 11, 12.5, 10.5 ], "texture": "#texture" },
        "up":    { "uv": [ 3, 10.5, 3.5, 11 ], "texture": "#texture" },
        "north": { "uv": [ 12.5, 13, 13, 14 ], "texture": "#texture" },
        "south": { "uv": [ 3, 13, 3.5, 14 ], "texture": "#texture" },
        "west":  { "uv": [ 10.5, 13, 11, 14 ], "texture": "#texture" },
        "east":  { "uv": [ 5, 13, 5.5, 14 ], "texture": "#texture" }
    }
},
{
    "from": [ 13, 1.5, 10.5 ],
    "to": [ 13.5, 3, 11 ],
    "faces": {
        "down":  { "uv": [ 3, 11, 2.5, 10.5 ], "texture": "#texture" },
        "up":    { "uv": [ 13, 10.5, 13.5, 11 ], "texture": "#texture" },
        "north": { "uv": [ 2.5, 13, 3, 14.5 ], "texture": "#texture" },
        "south": { "uv": [ 13, 13, 13.5, 14.5 ], "texture": "#texture" },
        "west":  { "uv": [ 10.5, 13, 11, 14.5 ], "texture": "#texture" },
        "east":  { "uv": [ 5, 13, 5.5, 14.5 ], "texture": "#texture" }
    }
},
{
    "from": [ 3, 1.75, 11.5 ],
    "to": [ 3.5, 2.75, 12 ],
    "faces": {
        "down":  { "uv": [ 13, 12, 12.5, 11.5 ], "texture": "#texture" },
        "up":    { "uv": [ 3, 11.5, 3.5, 12 ], "texture": "#texture" },
        "north": { "uv": [ 12.5, 13.25, 13, 14.25 ], "texture": "#texture" },
        "south": { "uv": [ 3, 13.25, 3.5, 14.25 ], "texture": "#texture" },
        "west":  { "uv": [ 11.5, 13.25, 12, 14.25 ], "texture": "#texture" },
        "east":  { "uv": [ 4, 13.25, 4.5, 14.25 ], "texture": "#texture" }
    }
},
{
    "from": [ 13, 1.75, 11.5 ],
    "to": [ 13.5, 2.75, 12 ],
    "faces": {
        "down":  { "uv": [ 3, 12, 2.5, 11.5 ], "texture": "#texture" },
        "up":    { "uv": [ 13, 11.5, 13.5, 12 ], "texture": "#texture" },
        "north": { "uv": [ 2.5, 13.25, 3, 14.25 ], "texture": "#texture" },
        "south": { "uv": [ 13, 13.25, 13.5, 14.25 ], "texture": "#texture" },
        "west":  { "uv": [ 11.5, 13.25, 12, 14.25 ], "texture": "#texture" },
        "east":  { "uv": [ 4, 13.25, 4.5, 14.25 ], "texture": "#texture" }
    }
},
{
    "from": [ 12.5, 1.1875, 12.5 ],
    "to": [ 13, 2.6875, 13 ],
    "faces": {
        "down":  { "uv": [ 3.5, 13, 3, 12.5 ], "texture": "#texture" },
        "up":    { "uv": [ 12.5, 12.5, 13, 13 ], "texture": "#texture" },
        "north": { "uv": [ 3, 13.3125, 3.5, 14.8125 ], "texture": "#texture" },
        "south": { "uv": [ 12.5, 13.3125, 13, 14.8125 ], "texture": "#texture" },
        "west":  { "uv": [ 12.5, 13.3125, 13, 14.8125 ], "texture": "#texture" },
        "east":  { "uv": [ 3, 13.3125, 3.5, 14.8125 ], "texture": "#texture" }
    }
},
{
    "from": [ 3.5, 1.1875, 12.5 ],
    "to": [ 4, 2.6875, 13 ],
    "faces": {
        "down":  { "uv": [ 12.5, 13, 12, 12.5 ], "texture": "#texture" },
        "up":    { "uv": [ 3.5, 12.5, 4, 13 ], "texture": "#texture" },
        "north": { "uv": [ 12, 13.3125, 12.5, 14.8125 ], "texture": "#texture" },
        "south": { "uv": [ 3.5, 13.3125, 4, 14.8125 ], "texture": "#texture" },
        "west":  { "uv": [ 12.5, 13.3125, 13, 14.8125 ], "texture": "#texture" },
        "east":  { "uv": [ 3, 13.3125, 3.5, 14.8125 ], "texture": "#texture" }
    }
},
{
    "from": [ 4, 1.1875, 13.5 ],
    "to": [ 4.5, 2.6875, 14 ],
    "faces": {
        "down":  { "uv": [ 12, 14, 11.5, 13.5 ], "texture": "#texture" },
        "up":    { "uv": [ 4, 13.5, 4.5, 14 ], "texture": "#texture" },
        "north": { "uv": [ 11.5, 13.3125, 12, 14.8125 ], "texture": "#texture" },
        "south": { "uv": [ 4, 13.3125, 4.5, 14.8125 ], "texture": "#texture" },
        "west":  { "uv": [ 13.5, 13.3125, 14, 14.8125 ], "texture": "#texture" },
        "east":  { "uv": [ 2, 13.3125, 2.5, 14.8125 ], "texture": "#texture" }
    }
},
{
    "from": [ 4.5, 1.1875, 14.5 ],
    "to": [ 5, 2.6875, 15 ],
    "faces": {
        "down":  { "uv": [ 11.5, 15, 11, 14.5 ], "texture": "#texture" },
        "up":    { "uv": [ 4.5, 14.5, 5, 15 ], "texture": "#texture" },
        "north": { "uv": [ 11, 13.3125, 11.5, 14.8125 ], "texture": "#texture" },
        "south": { "uv": [ 4.5, 13.3125, 5, 14.8125 ], "texture": "#texture" },
        "west":  { "uv": [ 14.5, 13.3125, 15, 14.8125 ], "texture": "#texture" },
        "east":  { "uv": [ 1, 13.3125, 1.5, 14.8125 ], "texture": "#texture" }
    }
},
{
    "from": [ 11.5, 1.1875, 14.5 ],
    "to": [ 12, 2.6875, 15 ],
    "faces": {
        "down":  { "uv": [ 4.5, 15, 4, 14.5 ], "texture": "#texture" },
        "up":    { "uv": [ 11.5, 14.5, 12, 15 ], "texture": "#texture" },
        "north": { "uv": [ 4, 13.3125, 4.5, 14.8125 ], "texture": "#texture" },
        "south": { "uv": [ 11.5, 13.3125, 12, 14.8125 ], "texture": "#texture" },
        "west":  { "uv": [ 14.5, 13.3125, 15, 14.8125 ], "texture": "#texture" },
        "east":  { "uv": [ 1, 13.3125, 1.5, 14.8125 ], "texture": "#texture" }
    }
},
{
    "from": [ 12, 1.1875, 13.5 ],
    "to": [ 12.5, 2.6875, 14 ],
    "faces": {
        "down":  { "uv": [ 4, 14, 3.5, 13.5 ], "texture": "#texture" },
        "up":    { "uv": [ 12, 13.5, 12.5, 14 ], "texture": "#texture" },
        "north": { "uv": [ 3.5, 13.3125, 4, 14.8125 ], "texture": "#texture" },
        "south": { "uv": [ 12, 13.3125, 12.5, 14.8125 ], "texture": "#texture" },
        "west":  { "uv": [ 13.5, 13.3125, 14, 14.8125 ], "texture": "#texture" },
        "east":  { "uv": [ 2, 13.3125, 2.5, 14.8125 ], "texture": "#texture" }
    }
},
{
    "from": [ 3.5, 2.5, 10.5 ],
    "to": [ 4, 4, 11 ],
    "faces": {
        "down":  { "uv": [ 12.5, 11, 12, 10.5 ], "texture": "#texture" },
        "up":    { "uv": [ 3.5, 10.5, 4, 11 ], "texture": "#texture" },
        "north": { "uv": [ 12, 12, 12.5, 13.5 ], "texture": "#texture" },
        "south": { "uv": [ 3.5, 12, 4, 13.5 ], "texture": "#texture" },
        "west":  { "uv": [ 10.5, 12, 11, 13.5 ], "texture": "#texture" },
        "east":  { "uv": [ 5, 12, 5.5, 13.5 ], "texture": "#texture" }
    }
},
{
    "from": [ 3.5, 2.5, 11.5 ],
    "to": [ 4, 4, 12 ],
    "faces": {
        "down":  { "uv": [ 12.5, 12, 12, 11.5 ], "texture": "#texture" },
        "up":    { "uv": [ 3.5, 11.5, 4, 12 ], "texture": "#texture" },
        "north": { "uv": [ 12, 12, 12.5, 13.5 ], "texture": "#texture" },
        "south": { "uv": [ 3.5, 12, 4, 13.5 ], "texture": "#texture" },
        "west":  { "uv": [ 11.5, 12, 12, 13.5 ], "texture": "#texture" },
        "east":  { "uv": [ 4, 12, 4.5, 13.5 ], "texture": "#texture" }
    }
},
{
    "from": [ 12.5, 2.5, 10.5 ],
    "to": [ 13, 4, 11 ],
    "faces": {
        "down":  { "uv": [ 3.5, 11, 3, 10.5 ], "texture": "#texture" },
        "up":    { "uv": [ 12.5, 10.5, 13, 11 ], "texture": "#texture" },
        "north": { "uv": [ 3, 12, 3.5, 13.5 ], "texture": "#texture" },
        "south": { "uv": [ 12.5, 12, 13, 13.5 ], "texture": "#texture" },
        "west":  { "uv": [ 10.5, 12, 11, 13.5 ], "texture": "#texture" },
        "east":  { "uv": [ 5, 12, 5.5, 13.5 ], "texture": "#texture" }
    }
},
{
    "from": [ 12.5, 2.5, 11.5 ],
    "to": [ 13, 4, 12 ],
    "faces": {
        "down":  { "uv": [ 3.5, 12, 3, 11.5 ], "texture": "#texture" },
        "up":    { "uv": [ 12.5, 11.5, 13, 12 ], "texture": "#texture" },
        "north": { "uv": [ 3, 12, 3.5, 13.5 ], "texture": "#texture" },
        "south": { "uv": [ 12.5, 12, 13, 13.5 ], "texture": "#texture" },
        "west":  { "uv": [ 11.5, 12, 12, 13.5 ], "texture": "#texture" },
        "east":  { "uv": [ 4, 12, 4.5, 13.5 ], "texture": "#texture" }
    }
},
{
    "from": [ 12, 2.5, 12.5 ],
    "to": [ 12.5, 4, 13 ],
    "faces": {
        "down":  { "uv": [ 4, 13, 3.5, 12.5 ], "texture": "#texture" },
        "up":    { "uv": [ 12, 12.5, 12.5, 13 ], "texture": "#texture" },
        "north": { "uv": [ 3.5, 12, 4, 13.5 ], "texture": "#texture" },
        "south": { "uv": [ 12, 12, 12.5, 13.5 ], "texture": "#texture" },
        "west":  { "uv": [ 12.5, 12, 13, 13.5 ], "texture": "#texture" },
        "east":  { "uv": [ 3, 12, 3.5, 13.5 ], "texture": "#texture" }
    }
},
{
    "from": [ 11.5, 2.5, 13.5 ],
    "to": [ 12, 4, 14 ],
    "faces": {
        "down":  { "uv": [ 4.5, 14, 4, 13.5 ], "texture": "#texture" },
        "up":    { "uv": [ 11.5, 13.5, 12, 14 ], "texture": "#texture" },
        "north": { "uv": [ 4, 12, 4.5, 13.5 ], "texture": "#texture" },
        "south": { "uv": [ 11.5, 12, 12, 13.5 ], "texture": "#texture" },
        "west":  { "uv": [ 13.5, 12, 14, 13.5 ], "texture": "#texture" },
        "east":  { "uv": [ 2, 12, 2.5, 13.5 ], "texture": "#texture" }
    }
},
{
    "from": [ 11, 2.5, 14.5 ],
    "to": [ 11.5, 4, 15 ],
    "faces": {
        "down":  { "uv": [ 5, 15, 4.5, 14.5 ], "texture": "#texture" },
        "up":    { "uv": [ 11, 14.5, 11.5, 15 ], "texture": "#texture" },
        "north": { "uv": [ 4.5, 12, 5, 13.5 ], "texture": "#texture" },
        "south": { "uv": [ 11, 12, 11.5, 13.5 ], "texture": "#texture" },
        "west":  { "uv": [ 14.5, 12, 15, 13.5 ], "texture": "#texture" },
        "east":  { "uv": [ 1, 12, 1.5, 13.5 ], "texture": "#texture" }
    }
},
{
    "from": [ 5, 2.5, 14.5 ],
    "to": [ 5.5, 4, 15 ],
    "faces": {
        "down":  { "uv": [ 11, 15, 10.5, 14.5 ], "texture": "#texture" },
        "up":    { "uv": [ 5, 14.5, 5.5, 15 ], "texture": "#texture" },
        "north": { "uv": [ 10.5, 12, 11, 13.5 ], "texture": "#texture" },
        "south": { "uv": [ 5, 12, 5.5, 13.5 ], "texture": "#texture" },
        "west":  { "uv": [ 14.5, 12, 15, 13.5 ], "texture": "#texture" },
        "east":  { "uv": [ 1, 12, 1.5, 13.5 ], "texture": "#texture" }
    }
},
{
    "from": [ 4.5, 2.5, 13.5 ],
    "to": [ 5, 4, 14 ],
    "faces": {
        "down":  { "uv": [ 11.5, 14, 11, 13.5 ], "texture": "#texture" },
        "up":    { "uv": [ 4.5, 13.5, 5, 14 ], "texture": "#texture" },
        "north": { "uv": [ 11, 12, 11.5, 13.5 ], "texture": "#texture" },
        "south": { "uv": [ 4.5, 12, 5, 13.5 ], "texture": "#texture" },
        "west":  { "uv": [ 13.5, 12, 14, 13.5 ], "texture": "#texture" },
        "east":  { "uv": [ 2, 12, 2.5, 13.5 ], "texture": "#texture" }
    }
},
{
    "from": [ 4, 2.5, 12.5 ],
    "to": [ 4.5, 4, 13 ],
    "faces": {
        "down":  { "uv": [ 12, 13, 11.5, 12.5 ], "texture": "#texture" },
        "up":    { "uv": [ 4, 12.5, 4.5, 13 ], "texture": "#texture" },
        "north": { "uv": [ 11.5, 12, 12, 13.5 ], "texture": "#texture" },
        "south": { "uv": [ 4, 12, 4.5, 13.5 ], "texture": "#texture" },
        "west":  { "uv": [ 12.5, 12, 13, 13.5 ], "texture": "#texture" },
        "east":  { "uv": [ 3, 12, 3.5, 13.5 ], "texture": "#texture" }
    }
},
{
    "from": [ 4, 4, 10.5 ],
    "to": [ 5.5, 4.5, 11 ],
    "faces": {
        "down":  { "uv": [ 12, 11, 10.5, 10.5 ], "texture": "#texture" },
        "up":    { "uv": [ 4, 10.5, 5.5, 11 ], "texture": "#texture" },
        "north": { "uv": [ 10.5, 11.5, 12, 12 ], "texture": "#texture" },
        "south": { "uv": [ 4, 11.5, 5.5, 12 ], "texture": "#texture" },
        "west":  { "uv": [ 10.5, 11.5, 11, 12 ], "texture": "#texture" },
        "east":  { "uv": [ 5, 11.5, 5.5, 12 ], "texture": "#texture" }
    }
},
{
    "from": [ 4, 4, 11.5 ],
    "to": [ 5.5, 4.5, 12 ],
    "faces": {
        "down":  { "uv": [ 12, 12, 10.5, 11.5 ], "texture": "#texture" },
        "up":    { "uv": [ 4, 11.5, 5.5, 12 ], "texture": "#texture" },
        "north": { "uv": [ 10.5, 11.5, 12, 12 ], "texture": "#texture" },
        "south": { "uv": [ 4, 11.5, 5.5, 12 ], "texture": "#texture" },
        "west":  { "uv": [ 11.5, 11.5, 12, 12 ], "texture": "#texture" },
        "east":  { "uv": [ 4, 11.5, 4.5, 12 ], "texture": "#texture" }
    }
},
{
    "from": [ 4.5, 4, 12.5 ],
    "to": [ 6, 4.5, 13 ],
    "faces": {
        "down":  { "uv": [ 11.5, 13, 10, 12.5 ], "texture": "#texture" },
        "up":    { "uv": [ 4.5, 12.5, 6, 13 ], "texture": "#texture" },
        "north": { "uv": [ 10, 11.5, 11.5, 12 ], "texture": "#texture" },
        "south": { "uv": [ 4.5, 11.5, 6, 12 ], "texture": "#texture" },
        "west":  { "uv": [ 12.5, 11.5, 13, 12 ], "texture": "#texture" },
        "east":  { "uv": [ 3, 11.5, 3.5, 12 ], "texture": "#texture" }
    }
},
{
    "from": [ 5, 4, 13.5 ],
    "to": [ 6.5, 4.5, 14 ],
    "faces": {
        "down":  { "uv": [ 11, 14, 9.5, 13.5 ], "texture": "#texture" },
        "up":    { "uv": [ 5, 13.5, 6.5, 14 ], "texture": "#texture" },
        "north": { "uv": [ 9.5, 11.5, 11, 12 ], "texture": "#texture" },
        "south": { "uv": [ 5, 11.5, 6.5, 12 ], "texture": "#texture" },
        "west":  { "uv": [ 13.5, 11.5, 14, 12 ], "texture": "#texture" },
        "east":  { "uv": [ 2, 11.5, 2.5, 12 ], "texture": "#texture" }
    }
},
{
    "from": [ 5.5, 4, 14.5 ],
    "to": [ 7, 4.5, 15 ],
    "faces": {
        "down":  { "uv": [ 10.5, 15, 9, 14.5 ], "texture": "#texture" },
        "up":    { "uv": [ 5.5, 14.5, 7, 15 ], "texture": "#texture" },
        "north": { "uv": [ 9, 11.5, 10.5, 12 ], "texture": "#texture" },
        "south": { "uv": [ 5.5, 11.5, 7, 12 ], "texture": "#texture" },
        "west":  { "uv": [ 14.5, 11.5, 15, 12 ], "texture": "#texture" },
        "east":  { "uv": [ 1, 11.5, 1.5, 12 ], "texture": "#texture" }
    }
},
{
    "from": [ 9.5, 4, 14.5 ],
    "to": [ 11, 4.5, 15 ],
    "faces": {
        "down":  { "uv": [ 6.5, 15, 5, 14.5 ], "texture": "#texture" },
        "up":    { "uv": [ 9.5, 14.5, 11, 15 ], "texture": "#texture" },
        "north": { "uv": [ 5, 11.5, 6.5, 12 ], "texture": "#texture" },
        "south": { "uv": [ 9.5, 11.5, 11, 12 ], "texture": "#texture" },
        "west":  { "uv": [ 14.5, 11.5, 15, 12 ], "texture": "#texture" },
        "east":  { "uv": [ 1, 11.5, 1.5, 12 ], "texture": "#texture" }
    }
},
{
    "from": [ 10, 4, 13.5 ],
    "to": [ 11.5, 4.5, 14 ],
    "faces": {
        "down":  { "uv": [ 6, 14, 4.5, 13.5 ], "texture": "#texture" },
        "up":    { "uv": [ 10, 13.5, 11.5, 14 ], "texture": "#texture" },
        "north": { "uv": [ 4.5, 11.5, 6, 12 ], "texture": "#texture" },
        "south": { "uv": [ 10, 11.5, 11.5, 12 ], "texture": "#texture" },
        "west":  { "uv": [ 13.5, 11.5, 14, 12 ], "texture": "#texture" },
        "east":  { "uv": [ 2, 11.5, 2.5, 12 ], "texture": "#texture" }
    }
},
{
    "from": [ 10.5, 4, 12.5 ],
    "to": [ 12, 4.5, 13 ],
    "faces": {
        "down":  { "uv": [ 5.5, 13, 4, 12.5 ], "texture": "#texture" },
        "up":    { "uv": [ 10.5, 12.5, 12, 13 ], "texture": "#texture" },
        "north": { "uv": [ 4, 11.5, 5.5, 12 ], "texture": "#texture" },
        "south": { "uv": [ 10.5, 11.5, 12, 12 ], "texture": "#texture" },
        "west":  { "uv": [ 12.5, 11.5, 13, 12 ], "texture": "#texture" },
        "east":  { "uv": [ 3, 11.5, 3.5, 12 ], "texture": "#texture" }
    }
},
{
    "from": [ 11, 4, 11.5 ],
    "to": [ 12.5, 4.5, 12 ],
    "faces": {
        "down":  { "uv": [ 5, 12, 3.5, 11.5 ], "texture": "#texture" },
        "up":    { "uv": [ 11, 11.5, 12.5, 12 ], "texture": "#texture" },
        "north": { "uv": [ 3.5, 11.5, 5, 12 ], "texture": "#texture" },
        "south": { "uv": [ 11, 11.5, 12.5, 12 ], "texture": "#texture" },
        "west":  { "uv": [ 11.5, 11.5, 12, 12 ], "texture": "#texture" },
        "east":  { "uv": [ 4, 11.5, 4.5, 12 ], "texture": "#texture" }
    }
},
{
    "from": [ 11, 4, 10.5 ],
    "to": [ 12.5, 4.5, 11 ],
    "faces": {
        "down":  { "uv": [ 5, 11, 3.5, 10.5 ], "texture": "#texture" },
        "up":    { "uv": [ 11, 10.5, 12.5, 11 ], "texture": "#texture" },
        "north": { "uv": [ 3.5, 11.5, 5, 12 ], "texture": "#texture" },
        "south": { "uv": [ 11, 11.5, 12.5, 12 ], "texture": "#texture" },
        "west":  { "uv": [ 10.5, 11.5, 11, 12 ], "texture": "#texture" },
        "east":  { "uv": [ 5, 11.5, 5.5, 12 ], "texture": "#texture" }
    }
},
{
    "from": [ 5, 4.5, 10.5 ],
    "to": [ 11.5, 5, 11 ],
    "faces": {
        "down":  { "uv": [ 11, 11, 4.5, 10.5 ], "texture": "#texture" },
        "up":    { "uv": [ 5, 10.5, 11.5, 11 ], "texture": "#texture" },
        "north": { "uv": [ 4.5, 11, 11, 11.5 ], "texture": "#texture" },
        "south": { "uv": [ 5, 11, 11.5, 11.5 ], "texture": "#texture" },
        "west":  { "uv": [ 10.5, 11, 11, 11.5 ], "texture": "#texture" },
        "east":  { "uv": [ 5, 11, 5.5, 11.5 ], "texture": "#texture" }
    }
},
{
    "from": [ 5, 4.5, 11.5 ],
    "to": [ 11.5, 5, 12 ],
    "faces": {
        "down":  { "uv": [ 11, 12, 4.5, 11.5 ], "texture": "#texture" },
        "up":    { "uv": [ 5, 11.5, 11.5, 12 ], "texture": "#texture" },
        "north": { "uv": [ 4.5, 11, 11, 11.5 ], "texture": "#texture" },
        "south": { "uv": [ 5, 11, 11.5, 11.5 ], "texture": "#texture" },
        "west":  { "uv": [ 11.5, 11, 12, 11.5 ], "texture": "#texture" },
        "east":  { "uv": [ 4, 11, 4.5, 11.5 ], "texture": "#texture" }
    }
},
{
    "from": [ 5.5, 4.5, 12.5 ],
    "to": [ 8, 5, 13 ],
    "rotation": { "origin": [ 5.5, 4.5, 12.5 ], "axis": "y", "angle": 22.5 },
    "faces": {
        "down":  { "uv": [ 10.5, 13, 8, 12.5 ], "texture": "#texture" },
        "up":    { "uv": [ 5.5, 12.5, 8, 13 ], "texture": "#texture" },
        "north": { "uv": [ 8, 11, 10.5, 11.5 ], "texture": "#texture" },
        "south": { "uv": [ 5.5, 11, 8, 11.5 ], "texture": "#texture" },
        "west":  { "uv": [ 12.5, 11, 13, 11.5 ], "texture": "#texture" },
        "east":  { "uv": [ 3, 11, 3.5, 11.5 ], "texture": "#texture" }
    }
},
{
    "from": [ 6, 4.5, 13.5 ],
    "to": [ 8, 5, 14 ],
    "rotation": { "origin": [ 6, 4.5, 13.5 ], "axis": "y", "angle": 22.5 },
    "faces": {
        "down":  { "uv": [ 10.5, 13, 8, 12.5 ], "texture": "#texture" },
        "up":    { "uv": [ 5.5, 12.5, 8, 13 ], "texture": "#texture" },
        "north": { "uv": [ 8, 11, 10.5, 11.5 ], "texture": "#texture" },
        "south": { "uv": [ 5.5, 11, 8, 11.5 ], "texture": "#texture" },
        "west":  { "uv": [ 12.5, 11, 13, 11.5 ], "texture": "#texture" },
        "east":  { "uv": [ 3, 11, 3.5, 11.5 ], "texture": "#texture" }
    }
},
{
    "from": [ 6.5, 4.5, 14.5 ],
    "to": [ 8, 5, 15 ],
    "rotation": { "origin": [ 6.5, 4.5, 14.5 ], "axis": "y", "angle": 22.5 },
    "faces": {
        "down":  { "uv": [ 10.5, 13, 8, 12.5 ], "texture": "#texture" },
        "up":    { "uv": [ 5.5, 12.5, 8, 13 ], "texture": "#texture" },
        "north": { "uv": [ 8, 11, 10.5, 11.5 ], "texture": "#texture" },
        "south": { "uv": [ 5.5, 11, 8, 11.5 ], "texture": "#texture" },
        "west":  { "uv": [ 12.5, 11, 13, 11.5 ], "texture": "#texture" },
        "east":  { "uv": [ 3, 11, 3.5, 11.5 ], "texture": "#texture" }
    }
},
{
    "from": [ 8.3125, 4.5, 11.625 ],
    "to": [ 10.8125, 5, 12.125 ],
    "rotation": { "origin": [ 8.3125, 4.5, 11.625 ], "axis": "y", "angle": -22.5 },
    "faces": {
        "down":  { "uv": [ 10.5, 13, 8, 12.5 ], "texture": "#texture" },
        "up":    { "uv": [ 5.5, 12.5, 8, 13 ], "texture": "#texture" },
        "north": { "uv": [ 8, 11, 10.5, 11.5 ], "texture": "#texture" },
        "south": { "uv": [ 5.5, 11, 8, 11.5 ], "texture": "#texture" },
        "west":  { "uv": [ 12.5, 11, 13, 11.5 ], "texture": "#texture" },
        "east":  { "uv": [ 3, 11, 3.5, 11.5 ], "texture": "#texture" }
    }
},
{
    "from": [ 8.25, 4.5, 12.8125 ],
    "to": [ 10.25, 5, 13.3125 ],
    "rotation": { "origin": [ 8.25, 4.5, 12.8125 ], "axis": "y", "angle": -22.5 },
    "faces": {
        "down":  { "uv": [ 10.5, 13, 8, 12.5 ], "texture": "#texture" },
        "up":    { "uv": [ 5.5, 12.5, 8, 13 ], "texture": "#texture" },
        "north": { "uv": [ 8, 11, 10.5, 11.5 ], "texture": "#texture" },
        "south": { "uv": [ 5.5, 11, 8, 11.5 ], "texture": "#texture" },
        "west":  { "uv": [ 12.5, 11, 13, 11.5 ], "texture": "#texture" },
        "east":  { "uv": [ 3, 11, 3.5, 11.5 ], "texture": "#texture" }
    }
},
{
    "from": [ 8.1875, 4.5, 14 ],
    "to": [ 9.6875, 5, 14.5 ],
    "rotation": { "origin": [ 8.1875, 4.5, 14 ], "axis": "y", "angle": -22.5 },
    "faces": {
        "down":  { "uv": [ 10.5, 13, 8, 12.5 ], "texture": "#texture" },
        "up":    { "uv": [ 5.5, 12.5, 8, 13 ], "texture": "#texture" },
        "north": { "uv": [ 8, 11, 10.5, 11.5 ], "texture": "#texture" },
        "south": { "uv": [ 5.5, 11, 8, 11.5 ], "texture": "#texture" },
        "west":  { "uv": [ 12.5, 11, 13, 11.5 ], "texture": "#texture" },
        "east":  { "uv": [ 3, 11, 3.5, 11.5 ], "texture": "#texture" }
    }
},
{
    "from": [ 7.5, 4.9375, 9 ],
    "to": [ 8.5, 5.25, 14.5 ],
    "faces": {
        "down":  { "uv": [ 8.5, 14.5, 7.5, 9 ], "texture": "#texture" },
        "up":    { "uv": [ 7.5, 9, 8.5, 14.5 ], "texture": "#texture" },
        "north": { "uv": [ 7.5, 10.75, 8.5, 11.0625 ], "texture": "#texture" },
        "south": { "uv": [ 7.5, 10.75, 8.5, 11.0625 ], "texture": "#texture" },
        "west":  { "uv": [ 9, 10.75, 14.5, 11.0625 ], "texture": "#texture" },
        "east":  { "uv": [ 1.5, 10.75, 7, 11.0625 ], "texture": "#texture" }
    }
},
{
    "from": [ 2.5, 2, 9 ],
    "to": [ 3, 4, 10 ],
    "faces": {
        "down":  { "uv": [ 13.5, 10, 13, 9 ], "texture": "#texture" },
        "up":    { "uv": [ 2.5, 9, 3, 10 ], "texture": "#texture" },
        "north": { "uv": [ 13, 12, 13.5, 14 ], "texture": "#texture" },
        "south": { "uv": [ 2.5, 12, 3, 14 ], "texture": "#texture" },
        "west":  { "uv": [ 9, 12, 10, 14 ], "texture": "#texture" },
        "east":  { "uv": [ 6, 12, 7, 14 ], "texture": "#texture" }
    }
},
{
    "from": [ 13.1875, 2, 9 ],
    "to": [ 13.6875, 4, 10 ],
    "faces": {
        "down":  { "uv": [ 2.8125, 10, 2.3125, 9 ], "texture": "#texture" },
        "up":    { "uv": [ 13.1875, 9, 13.6875, 10 ], "texture": "#texture" },
        "north": { "uv": [ 2.3125, 12, 2.8125, 14 ], "texture": "#texture" },
        "south": { "uv": [ 13.1875, 12, 13.6875, 14 ], "texture": "#texture" },
        "west":  { "uv": [ 9, 12, 10, 14 ], "texture": "#texture" },
        "east":  { "uv": [ 6, 12, 7, 14 ], "texture": "#texture" }
    }
},
{
    "from": [ 2.75, 3.5, 9 ],
    "to": [ 4.75, 4, 10 ],
    "rotation": { "origin": [ 2.75, 4, 9 ], "axis": "z", "angle": 22.5 },
    "faces": {
        "down":  { "uv": [ 13, 10, 11, 9 ], "texture": "#texture" },
        "up":    { "uv": [ 3, 9, 5, 10 ], "texture": "#texture" },
        "north": { "uv": [ 11, 10.5, 13, 11 ], "texture": "#texture" },
        "south": { "uv": [ 3, 10.5, 5, 11 ], "texture": "#texture" },
        "west":  { "uv": [ 9, 10.5, 10, 11 ], "texture": "#texture" },
        "east":  { "uv": [ 6, 10.5, 7, 11 ], "texture": "#texture" }
    }
},
{
    "from": [ 11.625, 4.25, 9 ],
    "to": [ 13.625, 4.75, 10 ],
    "rotation": { "origin": [ 11.625, 4.75, 9 ], "axis": "z", "angle": -22.5 },
    "faces": {
        "down":  { "uv": [ 13, 10, 11, 9 ], "texture": "#texture" },
        "up":    { "uv": [ 3, 9, 5, 10 ], "texture": "#texture" },
        "north": { "uv": [ 11, 10.5, 13, 11 ], "texture": "#texture" },
        "south": { "uv": [ 3, 10.5, 5, 11 ], "texture": "#texture" },
        "west":  { "uv": [ 9, 10.5, 10, 11 ], "texture": "#texture" },
        "east":  { "uv": [ 6, 10.5, 7, 11 ], "texture": "#texture" }
    }
},
{
    "from": [ 4.5, 4.5, 9 ],
    "to": [ 11.5, 5, 10 ],
    "faces": {
        "down":  { "uv": [ 11.5, 10, 4.5, 9 ], "texture": "#texture" },
        "up":    { "uv": [ 4.5, 9, 11.5, 10 ], "texture": "#texture" },
        "north": { "uv": [ 4.5, 11, 11.5, 11.5 ], "texture": "#texture" },
        "south": { "uv": [ 4.5, 11, 11.5, 11.5 ], "texture": "#texture" },
        "west":  { "uv": [ 9, 11, 10, 11.5 ], "texture": "#texture" },
        "east":  { "uv": [ 6, 11, 7, 11.5 ], "texture": "#texture" }
    }
},
{
    "from": [ 3.5, 1.5, 9.5 ],
    "to": [ 5.5, 2, 11.5 ],
    "rotation": { "origin": [ 3.5, 2, 9.5 ], "axis": "x", "angle": 22.5 },
    "faces": {
        "down":  { "uv": [ 14.5, 12, 13, 9.5 ], "texture": "#texture" },
        "up":    { "uv": [ 1.5, 9.5, 3, 12 ], "texture": "#texture" },
        "north": { "uv": [ 13, 11.5, 14.5, 12.5 ], "texture": "#texture" },
        "south": { "uv": [ 1.5, 11.5, 3, 12.5 ], "texture": "#texture" },
        "west":  { "uv": [ 9.5, 11.5, 12, 12.5 ], "texture": "#texture" },
        "east":  { "uv": [ 4, 11.5, 6.5, 12.5 ], "texture": "#texture" }
    }
},
{
    "from": [ 11, 1.5, 9.5 ],
    "to": [ 13, 2, 11.5 ],
    "rotation": { "origin": [ 11, 2, 9.5 ], "axis": "x", "angle": 22.5 },
    "faces": {
        "down":  { "uv": [ 14.5, 12, 13, 9.5 ], "texture": "#texture" },
        "up":    { "uv": [ 1.5, 9.5, 3, 12 ], "texture": "#texture" },
        "north": { "uv": [ 13, 11.5, 14.5, 12.5 ], "texture": "#texture" },
        "south": { "uv": [ 1.5, 11.5, 3, 12.5 ], "texture": "#texture" },
        "west":  { "uv": [ 9.5, 11.5, 12, 12.5 ], "texture": "#texture" },
        "east":  { "uv": [ 4, 11.5, 6.5, 12.5 ], "texture": "#texture" }
    }
},
{
    "from": [ 2.5, 0.5, 9 ],
    "to": [ 4, 1.5, 10.5 ],
    "rotation": { "origin": [ 2.5, 0.5, 9 ], "axis": "y", "angle": -45 },
    "faces": {
        "down":  { "uv": [ 15, 15.5, 14, 12.5 ], "texture": "#texture" },
        "up":    { "uv": [ 1, 12.5, 2, 15.5 ], "texture": "#texture" },
        "north": { "uv": [ 14, 9, 15, 10 ], "texture": "#texture" },
        "south": { "uv": [ 1, 9, 2, 10 ], "texture": "#texture" },
        "west":  { "uv": [ 12.5, 9, 15.5, 10 ], "texture": "#texture" },
        "east":  { "uv": [ 0.5, 9, 3.5, 10 ], "texture": "#texture" }
    }
},
{
    "from": [ 13.5, 0.5, 9 ],
    "to": [ 15, 1.5, 10.5 ],
    "rotation": { "origin": [ 13.5, 0.5, 9 ], "axis": "y", "angle": -45 },
    "faces": {
        "down":  { "uv": [ 15, 15.5, 14, 12.5 ], "texture": "#texture" },
        "up":    { "uv": [ 1, 12.5, 2, 15.5 ], "texture": "#texture" },
        "north": { "uv": [ 14, 9, 15, 10 ], "texture": "#texture" },
        "south": { "uv": [ 1, 9, 2, 10 ], "texture": "#texture" },
        "west":  { "uv": [ 12.5, 9, 15.5, 10 ], "texture": "#texture" },
        "east":  { "uv": [ 0.5, 9, 3.5, 10 ], "texture": "#texture" }
    }
},
{
    "from": [ 1.8125, 0.5, 10 ],
    "to": [ 2.8125, 1.5, 17 ],
    "rotation": { "origin": [ 1.8125, 0.5, 10 ], "axis": "y", "angle": -22.5 },
    "faces": {
        "down":  { "uv": [ 14.5, 16, 13, 12.5 ], "texture": "#texture" },
        "up":    { "uv": [ 1.5, 12.5, 3, 16 ], "texture": "#texture" },
        "north": { "uv": [ 13, 9, 14.5, 10 ], "texture": "#texture" },
        "south": { "uv": [ 1.5, 9, 3, 10 ], "texture": "#texture" },
        "west":  { "uv": [ 12.5, 9, 16, 10 ], "texture": "#texture" },
        "east":  { "uv": [ 0, 9, 3.5, 10 ], "texture": "#texture" }
    }
},
{
    "from": [ 13.25, 0.5, 10.375 ],
    "to": [ 14.25, 1.5, 17.375 ],
    "rotation": { "origin": [ 13.25, 0.5, 10.375 ], "axis": "y", "angle": 22.5 },
    "faces": {
        "down":  { "uv": [ 14.5, 16, 13, 12.5 ], "texture": "#texture" },
        "up":    { "uv": [ 1.5, 12.5, 3, 16 ], "texture": "#texture" },
        "north": { "uv": [ 13, 9, 14.5, 10 ], "texture": "#texture" },
        "south": { "uv": [ 1.5, 9, 3, 10 ], "texture": "#texture" },
        "west":  { "uv": [ 12.5, 9, 16, 10 ], "texture": "#texture" },
        "east":  { "uv": [ 0, 9, 3.5, 10 ], "texture": "#texture" }
    }
},
{
    "from": [ -1, 0.5, 16.5 ],
    "to": [ 0, 1.5, 20 ],
    "faces": {
        "down":  { "uv": [ 16, 16, 16, 16 ], "texture": "#texture" },
        "up":    { "uv": [ 0, 16, 0, 16 ], "texture": "#texture" },
        "north": { "uv": [ 16, 14.5, 16, 15.5 ], "texture": "#texture" },
        "south": { "uv": [ 0, 14.5, 0, 15.5 ], "texture": "#texture" },
        "west":  { "uv": [ 16, 14.5, 16, 15.5 ], "texture": "#texture" },
        "east":  { "uv": [ 0, 14.5, 0, 15.5 ], "texture": "#texture" }
    }
},
{
    "from": [ 6, 0, 19.5 ],
    "to": [ 10, 1, 20.5 ],
    "faces": {
        "down":  { "uv": [ 10, 16, 6, 16 ], "texture": "#texture" },
        "up":    { "uv": [ 6, 16, 10, 16 ], "texture": "#texture" },
        "north": { "uv": [ 6, 15, 10, 16 ], "texture": "#texture" },
        "south": { "uv": [ 6, 15, 10, 16 ], "texture": "#texture" },
        "west":  { "uv": [ 16, 15, 16, 16 ], "texture": "#texture" },
        "east":  { "uv": [ 0, 15, 0, 16 ], "texture": "#texture" }
    }
},
{
    "from": [ 4.5, 0.5, 19.5 ],
    "to": [ 6, 1, 21 ],
    "faces": {
        "down":  { "uv": [ 11.5, 16, 10, 16 ], "texture": "#texture" },
        "up":    { "uv": [ 4.5, 16, 6, 16 ], "texture": "#texture" },
        "north": { "uv": [ 10, 15, 11.5, 15.5 ], "texture": "#texture" },
        "south": { "uv": [ 4.5, 15, 6, 15.5 ], "texture": "#texture" },
        "west":  { "uv": [ 16, 15, 16, 15.5 ], "texture": "#texture" },
        "east":  { "uv": [ 0, 15, 0, 15.5 ], "texture": "#texture" }
    }
},
{
    "from": [ 10, 0.5, 19.5 ],
    "to": [ 11.5, 1, 21 ],
    "faces": {
        "down":  { "uv": [ 6, 16, 4.5, 16 ], "texture": "#texture" },
        "up":    { "uv": [ 10, 16, 11.5, 16 ], "texture": "#texture" },
        "north": { "uv": [ 4.5, 15, 6, 15.5 ], "texture": "#texture" },
        "south": { "uv": [ 10, 15, 11.5, 15.5 ], "texture": "#texture" },
        "west":  { "uv": [ 16, 15, 16, 15.5 ], "texture": "#texture" },
        "east":  { "uv": [ 0, 15, 0, 15.5 ], "texture": "#texture" }
    }
},
{
    "from": [ 4, 1, 19.5 ],
    "to": [ 5, 1.5, 21 ],
    "faces": {
        "down":  { "uv": [ 12, 16, 11, 16 ], "texture": "#texture" },
        "up":    { "uv": [ 4, 16, 5, 16 ], "texture": "#texture" },
        "north": { "uv": [ 11, 14.5, 12, 15 ], "texture": "#texture" },
        "south": { "uv": [ 4, 14.5, 5, 15 ], "texture": "#texture" },
        "west":  { "uv": [ 16, 14.5, 16, 15 ], "texture": "#texture" },
        "east":  { "uv": [ 0, 14.5, 0, 15 ], "texture": "#texture" }
    }
},
{
    "from": [ 11, 1, 19.5 ],
    "to": [ 12, 1.5, 21 ],
    "faces": {
        "down":  { "uv": [ 5, 16, 4, 16 ], "texture": "#texture" },
        "up":    { "uv": [ 11, 16, 12, 16 ], "texture": "#texture" },
        "north": { "uv": [ 4, 14.5, 5, 15 ], "texture": "#texture" },
        "south": { "uv": [ 11, 14.5, 12, 15 ], "texture": "#texture" },
        "west":  { "uv": [ 16, 14.5, 16, 15 ], "texture": "#texture" },
        "east":  { "uv": [ 0, 14.5, 0, 15 ], "texture": "#texture" }
    }
},
{
    "from": [ 11.5, 1.5, 19.5 ],
    "to": [ 12, 3, 21 ],
    "faces": {
        "down":  { "uv": [ 4.5, 16, 4, 16 ], "texture": "#texture" },
        "up":    { "uv": [ 11.5, 16, 12, 16 ], "texture": "#texture" },
        "north": { "uv": [ 4, 13, 4.5, 14.5 ], "texture": "#texture" },
        "south": { "uv": [ 11.5, 13, 12, 14.5 ], "texture": "#texture" },
        "west":  { "uv": [ 16, 13, 16, 14.5 ], "texture": "#texture" },
        "east":  { "uv": [ 0, 13, 0, 14.5 ], "texture": "#texture" }
    }
},
{
    "from": [ 4, 1.5, 19.5 ],
    "to": [ 4.5, 3, 21 ],
    "faces": {
        "down":  { "uv": [ 12, 16, 11.5, 16 ], "texture": "#texture" },
        "up":    { "uv": [ 4, 16, 4.5, 16 ], "texture": "#texture" },
        "north": { "uv": [ 11.5, 13, 12, 14.5 ], "texture": "#texture" },
        "south": { "uv": [ 4, 13, 4.5, 14.5 ], "texture": "#texture" },
        "west":  { "uv": [ 16, 13, 16, 14.5 ], "texture": "#texture" },
        "east":  { "uv": [ 0, 13, 0, 14.5 ], "texture": "#texture" }
    }
},
{
    "from": [ 4.5, 2.5, 20 ],
    "to": [ 5, 4.5, 21.5 ],
    "faces": {
        "down":  { "uv": [ 11.5, 16, 11, 16 ], "texture": "#texture" },
        "up":    { "uv": [ 4.5, 16, 5, 16 ], "texture": "#texture" },
        "north": { "uv": [ 11, 11.5, 11.5, 13.5 ], "texture": "#texture" },
        "south": { "uv": [ 4.5, 11.5, 5, 13.5 ], "texture": "#texture" },
        "west":  { "uv": [ 16, 11.5, 16, 13.5 ], "texture": "#texture" },
        "east":  { "uv": [ 0, 11.5, 0, 13.5 ], "texture": "#texture" }
    }
},
{
    "from": [ 11, 2.5, 20 ],
    "to": [ 11.5, 4.5, 21.5 ],
    "faces": {
        "down":  { "uv": [ 5, 16, 4.5, 16 ], "texture": "#texture" },
        "up":    { "uv": [ 11, 16, 11.5, 16 ], "texture": "#texture" },
        "north": { "uv": [ 4.5, 11.5, 5, 13.5 ], "texture": "#texture" },
        "south": { "uv": [ 11, 11.5, 11.5, 13.5 ], "texture": "#texture" },
        "west":  { "uv": [ 16, 11.5, 16, 13.5 ], "texture": "#texture" },
        "east":  { "uv": [ 0, 11.5, 0, 13.5 ], "texture": "#texture" }
    }
},
{
    "from": [ 5, 4, 20 ],
    "to": [ 5.5, 5, 21.5 ],
    "faces": {
        "down":  { "uv": [ 11, 16, 10.5, 16 ], "texture": "#texture" },
        "up":    { "uv": [ 5, 16, 5.5, 16 ], "texture": "#texture" },
        "north": { "uv": [ 10.5, 11, 11, 12 ], "texture": "#texture" },
        "south": { "uv": [ 5, 11, 5.5, 12 ], "texture": "#texture" },
        "west":  { "uv": [ 16, 11, 16, 12 ], "texture": "#texture" },
        "east":  { "uv": [ 0, 11, 0, 12 ], "texture": "#texture" }
    }
},
{
    "from": [ 10.5, 4, 20 ],
    "to": [ 11, 5, 21.5 ],
    "faces": {
        "down":  { "uv": [ 5.5, 16, 5, 16 ], "texture": "#texture" },
        "up":    { "uv": [ 10.5, 16, 11, 16 ], "texture": "#texture" },
        "north": { "uv": [ 5, 11, 5.5, 12 ], "texture": "#texture" },
        "south": { "uv": [ 10.5, 11, 11, 12 ], "texture": "#texture" },
        "west":  { "uv": [ 16, 11, 16, 12 ], "texture": "#texture" },
        "east":  { "uv": [ 0, 11, 0, 12 ], "texture": "#texture" }
    }
},
{
    "from": [ 5.5, 4.5, 20.5 ],
    "to": [ 10.5, 5, 22 ],
    "faces": {
        "down":  { "uv": [ 10.5, 16, 5.5, 16 ], "texture": "#texture" },
        "up":    { "uv": [ 5.5, 16, 10.5, 16 ], "texture": "#texture" },
        "north": { "uv": [ 5.5, 11, 10.5, 11.5 ], "texture": "#texture" },
        "south": { "uv": [ 5.5, 11, 10.5, 11.5 ], "texture": "#texture" },
        "west":  { "uv": [ 16, 11, 16, 11.5 ], "texture": "#texture" },
        "east":  { "uv": [ 0, 11, 0, 11.5 ], "texture": "#texture" }
    }
},
{
    "from": [ 7.25, -0.5, 20.5 ],
    "to": [ 8.75, 0.5, 21 ],
    "faces": {
        "down":  { "uv": [ 8.75, 16, 7.25, 16 ], "texture": "#texture" },
        "up":    { "uv": [ 7.25, 16, 8.75, 16 ], "texture": "#texture" },
        "north": { "uv": [ 7.25, 15.5, 8.75, 16 ], "texture": "#texture" },
        "south": { "uv": [ 7.25, 15.5, 8.75, 16 ], "texture": "#texture" },
        "west":  { "uv": [ 16, 15.5, 16, 16 ], "texture": "#texture" },
        "east":  { "uv": [ 0, 15.5, 0, 16 ], "texture": "#texture" }
    }
},
{
    "from": [ 7.5, -0.5, 21 ],
    "to": [ 8.5, 0.5, 21.5 ],
    "faces": {
        "down":  { "uv": [ 8.5, 16, 7.5, 16 ], "texture": "#texture" },
        "up":    { "uv": [ 7.5, 16, 8.5, 16 ], "texture": "#texture" },
        "north": { "uv": [ 7.5, 15.5, 8.5, 16 ], "texture": "#texture" },
        "south": { "uv": [ 7.5, 15.5, 8.5, 16 ], "texture": "#texture" },
        "west":  { "uv": [ 16, 15.5, 16, 16 ], "texture": "#texture" },
        "east":  { "uv": [ 0, 15.5, 0, 16 ], "texture": "#texture" }
    }
},
{
    "from": [ 3.5, 2, 20.5 ],
    "to": [ 5, 3, 22 ],
    "rotation": { "origin": [ 3.5, 3, 20.5 ], "axis": "z", "angle": 45 },
    "faces": {
        "down":  { "uv": [ 12.5, 16, 11, 16 ], "texture": "#texture" },
        "up":    { "uv": [ 3.5, 16, 5, 16 ], "texture": "#texture" },
        "north": { "uv": [ 11, 13.5, 12.5, 14.5 ], "texture": "#texture" },
        "south": { "uv": [ 3.5, 13.5, 5, 14.5 ], "texture": "#texture" },
        "west":  { "uv": [ 16, 13.5, 16, 14.5 ], "texture": "#texture" },
        "east":  { "uv": [ 0, 13.5, 0, 14.5 ], "texture": "#texture" }
    }
},
{
    "from": [ 11.3321, 3, 20.5 ],
    "to": [ 12.8321, 4, 22 ],
    "rotation": { "origin": [ 11.3321, 4, 20.5 ], "axis": "z", "angle": -45 },
    "faces": {
        "down":  { "uv": [ 12.5, 16, 11, 16 ], "texture": "#texture" },
        "up":    { "uv": [ 3.5, 16, 5, 16 ], "texture": "#texture" },
        "north": { "uv": [ 11, 13.5, 12.5, 14.5 ], "texture": "#texture" },
        "south": { "uv": [ 3.5, 13.5, 5, 14.5 ], "texture": "#texture" },
        "west":  { "uv": [ 16, 13.5, 16, 14.5 ], "texture": "#texture" },
        "east":  { "uv": [ 0, 13.5, 0, 14.5 ], "texture": "#texture" }
    }
},
{
    "from": [ 4, 3, 21.5 ],
    "to": [ 5, 4, 31 ],
    "rotation": { "origin": [ 4, 4, 21.5 ], "axis": "x", "angle": 22.5 },
    "faces": {
        "down":  { "uv": [ 16, 16, 16, 16 ], "texture": "#texture" },
        "up":    { "uv": [ 0, 16, 0, 16 ], "texture": "#texture" },
        "north": { "uv": [ 16, 12, 16, 13 ], "texture": "#texture" },
        "south": { "uv": [ 0, 12, 0, 13 ], "texture": "#texture" },
        "west":  { "uv": [ 16, 12, 16, 13 ], "texture": "#texture" },
        "east":  { "uv": [ 0, 12, 0, 13 ], "texture": "#texture" }
    }
},
{
    "from": [ 11, 3, 21.5 ],
    "to": [ 12, 4, 31 ],
    "rotation": { "origin": [ 11, 4, 21.5 ], "axis": "x", "angle": 22.5 },
    "faces": {
        "down":  { "uv": [ 16, 16, 16, 16 ], "texture": "#texture" },
        "up":    { "uv": [ 0, 16, 0, 16 ], "texture": "#texture" },
        "north": { "uv": [ 16, 12, 16, 13 ], "texture": "#texture" },
        "south": { "uv": [ 0, 12, 0, 13 ], "texture": "#texture" },
        "west":  { "uv": [ 16, 12, 16, 13 ], "texture": "#texture" },
        "east":  { "uv": [ 0, 12, 0, 13 ], "texture": "#texture" }
    }
},
{
    "from": [ 4, -0.5, 30.5 ],
    "to": [ 5, 1.5, 31 ],
    "rotation": { "origin": [ 4, 1.5, 30.5 ], "axis": "x", "angle": 22.5 },
    "faces": {
        "down":  { "uv": [ 16, 16, 16, 16 ], "texture": "#texture" },
        "up":    { "uv": [ 0, 16, 0, 16 ], "texture": "#texture" },
        "north": { "uv": [ 16, 14.5, 16, 16 ], "texture": "#texture" },
        "south": { "uv": [ 0, 14.5, 0, 16 ], "texture": "#texture" },
        "west":  { "uv": [ 16, 14.5, 16, 16 ], "texture": "#texture" },
        "east":  { "uv": [ 0, 14.5, 0, 16 ], "texture": "#texture" }
    }
},
{
    "from": [ 11, -0.5, 30.5 ],
    "to": [ 12, 1.5, 31 ],
    "rotation": { "origin": [ 11, 1.5, 30.5 ], "axis": "x", "angle": 22.5 },
    "faces": {
        "down":  { "uv": [ 16, 16, 16, 16 ], "texture": "#texture" },
        "up":    { "uv": [ 0, 16, 0, 16 ], "texture": "#texture" },
        "north": { "uv": [ 16, 14.5, 16, 16 ], "texture": "#texture" },
        "south": { "uv": [ 0, 14.5, 0, 16 ], "texture": "#texture" },
        "west":  { "uv": [ 16, 14.5, 16, 16 ], "texture": "#texture" },
        "east":  { "uv": [ 0, 14.5, 0, 16 ], "texture": "#texture" }
    }
},
{
    "from": [ 6, 1.5, 7 ],
    "to": [ 10, 4, 8 ],
    "faces": {
        "down":  { "uv": [ 10, 8, 6, 7 ], "texture": "#texture" },
        "up":    { "uv": [ 6, 7, 10, 8 ], "texture": "#texture" },
        "north": { "uv": [ 6, 12, 10, 14.5 ], "texture": "#texture" },
        "south": { "uv": [ 6, 12, 10, 14.5 ], "texture": "#texture" },
        "west":  { "uv": [ 7, 12, 8, 14.5 ], "texture": "#texture" },
        "east":  { "uv": [ 8, 12, 9, 14.5 ], "texture": "#texture" }
    }
},
{
    "from": [ 5.5, 2, 5 ],
    "to": [ 6.5, 3.5, 7 ],
    "faces": {
        "down":  { "uv": [ 10.5, 7, 9.5, 5 ], "texture": "#texture" },
        "up":    { "uv": [ 5.5, 5, 6.5, 7 ], "texture": "#texture" },
        "north": { "uv": [ 9.5, 12.5, 10.5, 14 ], "texture": "#texture" },
        "south": { "uv": [ 5.5, 12.5, 6.5, 14 ], "texture": "#texture" },
        "west":  { "uv": [ 5, 12.5, 7, 14 ], "texture": "#texture" },
        "east":  { "uv": [ 9, 12.5, 11, 14 ], "texture": "#texture" }
    }
},
{
    "from": [ 9.5, 2, 5 ],
    "to": [ 10.5, 3.5, 7 ],
    "faces": {
        "down":  { "uv": [ 6.5, 7, 5.5, 5 ], "texture": "#texture" },
        "up":    { "uv": [ 9.5, 5, 10.5, 7 ], "texture": "#texture" },
        "north": { "uv": [ 5.5, 12.5, 6.5, 14 ], "texture": "#texture" },
        "south": { "uv": [ 9.5, 12.5, 10.5, 14 ], "texture": "#texture" },
        "west":  { "uv": [ 5, 12.5, 7, 14 ], "texture": "#texture" },
        "east":  { "uv": [ 9, 12.5, 11, 14 ], "texture": "#texture" }
    }
},
{
    "from": [ 4.5, 2, 2 ],
    "to": [ 5, 3.5, 4 ],
    "faces": {
        "down":  { "uv": [ 11.5, 4, 11, 2 ], "texture": "#texture" },
        "up":    { "uv": [ 4.5, 2, 5, 4 ], "texture": "#texture" },
        "north": { "uv": [ 11, 12.5, 11.5, 14 ], "texture": "#texture" },
        "south": { "uv": [ 4.5, 12.5, 5, 14 ], "texture": "#texture" },
        "west":  { "uv": [ 2, 12.5, 4, 14 ], "texture": "#texture" },
        "east":  { "uv": [ 12, 12.5, 14, 14 ], "texture": "#texture" }
    }
},
{
    "from": [ 10.5, 2, 3.5 ],
    "to": [ 11, 3.5, 5.5 ],
    "faces": {
        "down":  { "uv": [ 5.5, 5.5, 5, 3.5 ], "texture": "#texture" },
        "up":    { "uv": [ 10.5, 3.5, 11, 5.5 ], "texture": "#texture" },
        "north": { "uv": [ 5, 12.5, 5.5, 14 ], "texture": "#texture" },
        "south": { "uv": [ 10.5, 12.5, 11, 14 ], "texture": "#texture" },
        "west":  { "uv": [ 3.5, 12.5, 5.5, 14 ], "texture": "#texture" },
        "east":  { "uv": [ 10.5, 12.5, 12.5, 14 ], "texture": "#texture" }
    }
},
{
    "from": [ 11, 2, 2 ],
    "to": [ 11.5, 3.5, 4 ],
    "faces": {
        "down":  { "uv": [ 5, 4, 4.5, 2 ], "texture": "#texture" },
        "up":    { "uv": [ 11, 2, 11.5, 4 ], "texture": "#texture" },
        "north": { "uv": [ 4.5, 12.5, 5, 14 ], "texture": "#texture" },
        "south": { "uv": [ 11, 12.5, 11.5, 14 ], "texture": "#texture" },
        "west":  { "uv": [ 2, 12.5, 4, 14 ], "texture": "#texture" },
        "east":  { "uv": [ 12, 12.5, 14, 14 ], "texture": "#texture" }
    }
},
{
    "from": [ 5, 2, 3.5 ],
    "to": [ 5.5, 3.5, 5.5 ],
    "faces": {
        "down":  { "uv": [ 11, 5.5, 10.5, 3.5 ], "texture": "#texture" },
        "up":    { "uv": [ 5, 3.5, 5.5, 5.5 ], "texture": "#texture" },
        "north": { "uv": [ 10.5, 12.5, 11, 14 ], "texture": "#texture" },
        "south": { "uv": [ 5, 12.5, 5.5, 14 ], "texture": "#texture" },
        "west":  { "uv": [ 3.5, 12.5, 5.5, 14 ], "texture": "#texture" },
        "east":  { "uv": [ 10.5, 12.5, 12.5, 14 ], "texture": "#texture" }
    }
},
{
    "from": [ 10.5, 2, 1 ],
    "to": [ 11, 3.5, 2 ],
    "faces": {
        "down":  { "uv": [ 5.5, 2, 5, 1 ], "texture": "#texture" },
        "up":    { "uv": [ 10.5, 1, 11, 2 ], "texture": "#texture" },
        "north": { "uv": [ 5, 12.5, 5.5, 14 ], "texture": "#texture" },
        "south": { "uv": [ 10.5, 12.5, 11, 14 ], "texture": "#texture" },
        "west":  { "uv": [ 1, 12.5, 2, 14 ], "texture": "#texture" },
        "east":  { "uv": [ 14, 12.5, 15, 14 ], "texture": "#texture" }
    }
},
{
    "from": [ 5, 2, 1 ],
    "to": [ 5.5, 3.5, 2 ],
    "faces": {
        "down":  { "uv": [ 11, 2, 10.5, 1 ], "texture": "#texture" },
        "up":    { "uv": [ 5, 1, 5.5, 2 ], "texture": "#texture" },
        "north": { "uv": [ 10.5, 12.5, 11, 14 ], "texture": "#texture" },
        "south": { "uv": [ 5, 12.5, 5.5, 14 ], "texture": "#texture" },
        "west":  { "uv": [ 1, 12.5, 2, 14 ], "texture": "#texture" },
        "east":  { "uv": [ 14, 12.5, 15, 14 ], "texture": "#texture" }
    }
},
{
    "from": [ 5.5, 2, 0.5 ],
    "to": [ 6, 3.5, 1 ],
    "faces": {
        "down":  { "uv": [ 10.5, 1, 10, 0.5 ], "texture": "#texture" },
        "up":    { "uv": [ 5.5, 0.5, 6, 1 ], "texture": "#texture" },
        "north": { "uv": [ 10, 12.5, 10.5, 14 ], "texture": "#texture" },
        "south": { "uv": [ 5.5, 12.5, 6, 14 ], "texture": "#texture" },
        "west":  { "uv": [ 0.5, 12.5, 1, 14 ], "texture": "#texture" },
        "east":  { "uv": [ 15, 12.5, 15.5, 14 ], "texture": "#texture" }
    }
},
{
    "from": [ 10, 2, 0.5 ],
    "to": [ 10.5, 3.5, 1 ],
    "faces": {
        "down":  { "uv": [ 6, 1, 5.5, 0.5 ], "texture": "#texture" },
        "up":    { "uv": [ 10, 0.5, 10.5, 1 ], "texture": "#texture" },
        "north": { "uv": [ 5.5, 12.5, 6, 14 ], "texture": "#texture" },
        "south": { "uv": [ 10, 12.5, 10.5, 14 ], "texture": "#texture" },
        "west":  { "uv": [ 0.5, 12.5, 1, 14 ], "texture": "#texture" },
        "east":  { "uv": [ 15, 12.5, 15.5, 14 ], "texture": "#texture" }
    }
},
{
    "from": [ 6, 2, 0 ],
    "to": [ 10, 3.5, 0.5 ],
    "faces": {
        "down":  { "uv": [ 10, 0.5, 6, 0 ], "texture": "#texture" },
        "up":    { "uv": [ 6, 0, 10, 0.5 ], "texture": "#texture" },
        "north": { "uv": [ 6, 12.5, 10, 14 ], "texture": "#texture" },
        "south": { "uv": [ 6, 12.5, 10, 14 ], "texture": "#texture" },
        "west":  { "uv": [ 0, 12.5, 0.5, 14 ], "texture": "#texture" },
        "east":  { "uv": [ 15.5, 12.5, 16, 14 ], "texture": "#texture" }
    }
},
{
    "from": [ 5, 1.5, 1.5 ],
    "to": [ 5.5, 2, 5 ],
    "faces": {
        "down":  { "uv": [ 11, 5, 10.5, 1.5 ], "texture": "#texture" },
        "up":    { "uv": [ 5, 1.5, 5.5, 5 ], "texture": "#texture" },
        "north": { "uv": [ 10.5, 14, 11, 14.5 ], "texture": "#texture" },
        "south": { "uv": [ 5, 14, 5.5, 14.5 ], "texture": "#texture" },
        "west":  { "uv": [ 1.5, 14, 5, 14.5 ], "texture": "#texture" },
        "east":  { "uv": [ 11, 14, 14.5, 14.5 ], "texture": "#texture" }
    }
},
{
    "from": [ 5, 1, 2 ],
    "to": [ 5.5, 1.5, 4.5 ],
    "faces": {
        "down":  { "uv": [ 11, 4.5, 10.5, 2 ], "texture": "#texture" },
        "up":    { "uv": [ 5, 2, 5.5, 4.5 ], "texture": "#texture" },
        "north": { "uv": [ 10.5, 14.5, 11, 15 ], "texture": "#texture" },
        "south": { "uv": [ 5, 14.5, 5.5, 15 ], "texture": "#texture" },
        "west":  { "uv": [ 2, 14.5, 4.5, 15 ], "texture": "#texture" },
        "east":  { "uv": [ 11.5, 14.5, 14, 15 ], "texture": "#texture" }
    }
},
{
    "from": [ 6, 0, 1.5 ],
    "to": [ 10, 1, 4.5 ],
    "faces": {
        "down":  { "uv": [ 10, 4.5, 6, 1.5 ], "texture": "#texture" },
        "up":    { "uv": [ 6, 1.5, 10, 4.5 ], "texture": "#texture" },
        "north": { "uv": [ 6, 15, 10, 16 ], "texture": "#texture" },
        "south": { "uv": [ 6, 15, 10, 16 ], "texture": "#texture" },
        "west":  { "uv": [ 1.5, 15, 4.5, 16 ], "texture": "#texture" },
        "east":  { "uv": [ 11.5, 15, 14.5, 16 ], "texture": "#texture" }
    }
},
{
    "from": [ 5.5, 0.5, 1.5 ],
    "to": [ 6, 1.5, 5 ],
    "faces": {
        "down":  { "uv": [ 10.5, 5, 10, 1.5 ], "texture": "#texture" },
        "up":    { "uv": [ 5.5, 1.5, 6, 5 ], "texture": "#texture" },
        "north": { "uv": [ 10, 14.5, 10.5, 15.5 ], "texture": "#texture" },
        "south": { "uv": [ 5.5, 14.5, 6, 15.5 ], "texture": "#texture" },
        "west":  { "uv": [ 1.5, 14.5, 5, 15.5 ], "texture": "#texture" },
        "east":  { "uv": [ 11, 14.5, 14.5, 15.5 ], "texture": "#texture" }
    }
},
{
    "from": [ 10, 0.5, 1.5 ],
    "to": [ 10.5, 1.5, 5 ],
    "faces": {
        "down":  { "uv": [ 6, 5, 5.5, 1.5 ], "texture": "#texture" },
        "up":    { "uv": [ 10, 1.5, 10.5, 5 ], "texture": "#texture" },
        "north": { "uv": [ 5.5, 14.5, 6, 15.5 ], "texture": "#texture" },
        "south": { "uv": [ 10, 14.5, 10.5, 15.5 ], "texture": "#texture" },
        "west":  { "uv": [ 1.5, 14.5, 5, 15.5 ], "texture": "#texture" },
        "east":  { "uv": [ 11, 14.5, 14.5, 15.5 ], "texture": "#texture" }
    }
},
{
    "from": [ 10.5, 1.5, 1.5 ],
    "to": [ 11, 2, 5 ],
    "faces": {
        "down":  { "uv": [ 5.5, 5, 5, 1.5 ], "texture": "#texture" },
        "up":    { "uv": [ 10.5, 1.5, 11, 5 ], "texture": "#texture" },
        "north": { "uv": [ 5, 14, 5.5, 14.5 ], "texture": "#texture" },
        "south": { "uv": [ 10.5, 14, 11, 14.5 ], "texture": "#texture" },
        "west":  { "uv": [ 1.5, 14, 5, 14.5 ], "texture": "#texture" },
        "east":  { "uv": [ 11, 14, 14.5, 14.5 ], "texture": "#texture" }
    }
},
{
    "from": [ 6.5, 0, 4.5 ],
    "to": [ 9.5, 1, 6 ],
    "faces": {
        "down":  { "uv": [ 9.5, 6, 6.5, 4.5 ], "texture": "#texture" },
        "up":    { "uv": [ 6.5, 4.5, 9.5, 6 ], "texture": "#texture" },
        "north": { "uv": [ 6.5, 15, 9.5, 16 ], "texture": "#texture" },
        "south": { "uv": [ 6.5, 15, 9.5, 16 ], "texture": "#texture" },
        "west":  { "uv": [ 4.5, 15, 6, 16 ], "texture": "#texture" },
        "east":  { "uv": [ 10, 15, 11.5, 16 ], "texture": "#texture" }
    }
},
{
    "from": [ 6, 0.5, 5 ],
    "to": [ 6.5, 1.5, 6.5 ],
    "faces": {
        "down":  { "uv": [ 10, 6.5, 9.5, 5 ], "texture": "#texture" },
        "up":    { "uv": [ 6, 5, 6.5, 6.5 ], "texture": "#texture" },
        "north": { "uv": [ 9.5, 14.5, 10, 15.5 ], "texture": "#texture" },
        "south": { "uv": [ 6, 14.5, 6.5, 15.5 ], "texture": "#texture" },
        "west":  { "uv": [ 5, 14.5, 6.5, 15.5 ], "texture": "#texture" },
        "east":  { "uv": [ 9.5, 14.5, 11, 15.5 ], "texture": "#texture" }
    }
},
{
    "from": [ 9.5, 0.5, 5 ],
    "to": [ 10, 1.5, 6.5 ],
    "faces": {
        "down":  { "uv": [ 6.5, 6.5, 6, 5 ], "texture": "#texture" },
        "up":    { "uv": [ 9.5, 5, 10, 6.5 ], "texture": "#texture" },
        "north": { "uv": [ 6, 14.5, 6.5, 15.5 ], "texture": "#texture" },
        "south": { "uv": [ 9.5, 14.5, 10, 15.5 ], "texture": "#texture" },
        "west":  { "uv": [ 5, 14.5, 6.5, 15.5 ], "texture": "#texture" },
        "east":  { "uv": [ 9.5, 14.5, 11, 15.5 ], "texture": "#texture" }
    }
},
{
    "from": [ 5.5, 1, 5 ],
    "to": [ 6, 2, 6 ],
    "faces": {
        "down":  { "uv": [ 10.5, 6, 10, 5 ], "texture": "#texture" },
        "up":    { "uv": [ 5.5, 5, 6, 6 ], "texture": "#texture" },
        "north": { "uv": [ 10, 14, 10.5, 15 ], "texture": "#texture" },
        "south": { "uv": [ 5.5, 14, 6, 15 ], "texture": "#texture" },
        "west":  { "uv": [ 5, 14, 6, 15 ], "texture": "#texture" },
        "east":  { "uv": [ 10, 14, 11, 15 ], "texture": "#texture" }
    }
},
{
    "from": [ 5.5, 1.5, 6 ],
    "to": [ 6, 2, 6.5 ],
    "faces": {
        "down":  { "uv": [ 10.5, 6.5, 10, 6 ], "texture": "#texture" },
        "up":    { "uv": [ 5.5, 6, 6, 6.5 ], "texture": "#texture" },
        "north": { "uv": [ 10, 14, 10.5, 14.5 ], "texture": "#texture" },
        "south": { "uv": [ 5.5, 14, 6, 14.5 ], "texture": "#texture" },
        "west":  { "uv": [ 6, 14, 6.5, 14.5 ], "texture": "#texture" },
        "east":  { "uv": [ 9.5, 14, 10, 14.5 ], "texture": "#texture" }
    }
},
{
    "from": [ 10, 1.5, 6 ],
    "to": [ 10.5, 2, 6.5 ],
    "faces": {
        "down":  { "uv": [ 6, 6.5, 5.5, 6 ], "texture": "#texture" },
        "up":    { "uv": [ 10, 6, 10.5, 6.5 ], "texture": "#texture" },
        "north": { "uv": [ 5.5, 14, 6, 14.5 ], "texture": "#texture" },
        "south": { "uv": [ 10, 14, 10.5, 14.5 ], "texture": "#texture" },
        "west":  { "uv": [ 6, 14, 6.5, 14.5 ], "texture": "#texture" },
        "east":  { "uv": [ 9.5, 14, 10, 14.5 ], "texture": "#texture" }
    }
},
{
    "from": [ 10, 1, 5 ],
    "to": [ 10.5, 2, 6 ],
    "faces": {
        "down":  { "uv": [ 6, 6, 5.5, 5 ], "texture": "#texture" },
        "up":    { "uv": [ 10, 5, 10.5, 6 ], "texture": "#texture" },
        "north": { "uv": [ 5.5, 14, 6, 15 ], "texture": "#texture" },
        "south": { "uv": [ 10, 14, 10.5, 15 ], "texture": "#texture" },
        "west":  { "uv": [ 5, 14, 6, 15 ], "texture": "#texture" },
        "east":  { "uv": [ 10, 14, 11, 15 ], "texture": "#texture" }
    }
},
{
    "from": [ 5.5, 1.5, 0.5 ],
    "to": [ 10.5, 2, 1 ],
    "faces": {
        "down":  { "uv": [ 10.5, 1, 5.5, 0.5 ], "texture": "#texture" },
        "up":    { "uv": [ 5.5, 0.5, 10.5, 1 ], "texture": "#texture" },
        "north": { "uv": [ 5.5, 14, 10.5, 14.5 ], "texture": "#texture" },
        "south": { "uv": [ 5.5, 14, 10.5, 14.5 ], "texture": "#texture" },
        "west":  { "uv": [ 0.5, 14, 1, 14.5 ], "texture": "#texture" },
        "east":  { "uv": [ 15, 14, 15.5, 14.5 ], "texture": "#texture" }
    }
},
{
    "from": [ 6.5, 1, 0.5 ],
    "to": [ 9.5, 1.5, 1 ],
    "faces": {
        "down":  { "uv": [ 9.5, 1, 6.5, 0.5 ], "texture": "#texture" },
        "up":    { "uv": [ 6.5, 0.5, 9.5, 1 ], "texture": "#texture" },
        "north": { "uv": [ 6.5, 14.5, 9.5, 15 ], "texture": "#texture" },
        "south": { "uv": [ 6.5, 14.5, 9.5, 15 ], "texture": "#texture" },
        "west":  { "uv": [ 0.5, 14.5, 1, 15 ], "texture": "#texture" },
        "east":  { "uv": [ 15, 14.5, 15.5, 15 ], "texture": "#texture" }
    }
},
{
    "from": [ 6.5, 0.5, 1 ],
    "to": [ 9.5, 1, 2 ],
    "faces": {
        "down":  { "uv": [ 9.5, 2, 6.5, 1 ], "texture": "#texture" },
        "up":    { "uv": [ 6.5, 1, 9.5, 2 ], "texture": "#texture" },
        "north": { "uv": [ 6.5, 15, 9.5, 15.5 ], "texture": "#texture" },
        "south": { "uv": [ 6.5, 15, 9.5, 15.5 ], "texture": "#texture" },
        "west":  { "uv": [ 1, 15, 2, 15.5 ], "texture": "#texture" },
        "east":  { "uv": [ 14, 15, 15, 15.5 ], "texture": "#texture" }
    }
},
{
    "from": [ 9.5, 1, 1 ],
    "to": [ 10.5, 2, 1.5 ],
    "faces": {
        "down":  { "uv": [ 6.5, 1.5, 5.5, 1 ], "texture": "#texture" },
        "up":    { "uv": [ 9.5, 1, 10.5, 1.5 ], "texture": "#texture" },
        "north": { "uv": [ 5.5, 14, 6.5, 15 ], "texture": "#texture" },
        "south": { "uv": [ 9.5, 14, 10.5, 15 ], "texture": "#texture" },
        "west":  { "uv": [ 1, 14, 1.5, 15 ], "texture": "#texture" },
        "east":  { "uv": [ 14.5, 14, 15, 15 ], "texture": "#texture" }
    }
},
{
    "from": [ 5.5, 1, 1 ],
    "to": [ 6.5, 2, 1.5 ],
    "faces": {
        "down":  { "uv": [ 10.5, 1.5, 9.5, 1 ], "texture": "#texture" },
        "up":    { "uv": [ 5.5, 1, 6.5, 1.5 ], "texture": "#texture" },
        "north": { "uv": [ 9.5, 14, 10.5, 15 ], "texture": "#texture" },
        "south": { "uv": [ 5.5, 14, 6.5, 15 ], "texture": "#texture" },
        "west":  { "uv": [ 1, 14, 1.5, 15 ], "texture": "#texture" },
        "east":  { "uv": [ 14.5, 14, 15, 15 ], "texture": "#texture" }
    }
},
{
    "from": [ 6, 0.5, 4.5 ],
    "to": [ 10, 1, 5 ],
    "faces": {
        "down":  { "uv": [ 10, 5, 6, 4.5 ], "texture": "#texture" },
        "up":    { "uv": [ 6, 4.5, 10, 5 ], "texture": "#texture" },
        "north": { "uv": [ 6, 15, 10, 15.5 ], "texture": "#texture" },
        "south": { "uv": [ 6, 15, 10, 15.5 ], "texture": "#texture" },
        "west":  { "uv": [ 4.5, 15, 5, 15.5 ], "texture": "#texture" },
        "east":  { "uv": [ 11, 15, 11.5, 15.5 ], "texture": "#texture" }
    }
},
{
    "from": [ 6.5, 0.5, 5 ],
    "to": [ 9.5, 1, 6.5 ],
    "faces": {
        "down":  { "uv": [ 9.5, 6.5, 6.5, 5 ], "texture": "#texture" },
        "up":    { "uv": [ 6.5, 5, 9.5, 6.5 ], "texture": "#texture" },
        "north": { "uv": [ 6.5, 15, 9.5, 15.5 ], "texture": "#texture" },
        "south": { "uv": [ 6.5, 15, 9.5, 15.5 ], "texture": "#texture" },
        "west":  { "uv": [ 5, 15, 6.5, 15.5 ], "texture": "#texture" },
        "east":  { "uv": [ 9.5, 15, 11, 15.5 ], "texture": "#texture" }
    }
},
{
    "from": [ 6.5, 1, 6.5 ],
    "to": [ 9.5, 1.5, 7 ],
    "faces": {
        "down":  { "uv": [ 9.5, 7, 6.5, 6.5 ], "texture": "#texture" },
        "up":    { "uv": [ 6.5, 6.5, 9.5, 7 ], "texture": "#texture" },
        "north": { "uv": [ 6.5, 14.5, 9.5, 15 ], "texture": "#texture" },
        "south": { "uv": [ 6.5, 14.5, 9.5, 15 ], "texture": "#texture" },
        "west":  { "uv": [ 6.5, 14.5, 7, 15 ], "texture": "#texture" },
        "east":  { "uv": [ 9, 14.5, 9.5, 15 ], "texture": "#texture" }
    }
},
{
    "from": [ 6, 1.5, 6.5 ],
    "to": [ 10, 2, 7 ],
    "faces": {
        "down":  { "uv": [ 10, 7, 6, 6.5 ], "texture": "#texture" },
        "up":    { "uv": [ 6, 6.5, 10, 7 ], "texture": "#texture" },
        "north": { "uv": [ 6, 14, 10, 14.5 ], "texture": "#texture" },
        "south": { "uv": [ 6, 14, 10, 14.5 ], "texture": "#texture" },
        "west":  { "uv": [ 6.5, 14, 7, 14.5 ], "texture": "#texture" },
        "east":  { "uv": [ 9, 14, 9.5, 14.5 ], "texture": "#texture" }
    }
},
{
    "from": [ 6, 3.5, 0.5 ],
    "to": [ 10, 4, 1 ],
    "faces": {
        "down":  { "uv": [ 10, 1, 6, 0.5 ], "texture": "#texture" },
        "up":    { "uv": [ 6, 0.5, 10, 1 ], "texture": "#texture" },
        "north": { "uv": [ 6, 12, 10, 12.5 ], "texture": "#texture" },
        "south": { "uv": [ 6, 12, 10, 12.5 ], "texture": "#texture" },
        "west":  { "uv": [ 0.5, 12, 1, 12.5 ], "texture": "#texture" },
        "east":  { "uv": [ 15, 12, 15.5, 12.5 ], "texture": "#texture" }
    }
},
{
    "from": [ 7, 3.5, 0 ],
    "to": [ 9, 4, 0.5 ],
    "faces": {
        "down":  { "uv": [ 9, 0.5, 7, 0 ], "texture": "#texture" },
        "up":    { "uv": [ 7, 0, 9, 0.5 ], "texture": "#texture" },
        "north": { "uv": [ 7, 12, 9, 12.5 ], "texture": "#texture" },
        "south": { "uv": [ 7, 12, 9, 12.5 ], "texture": "#texture" },
        "west":  { "uv": [ 0, 12, 0.5, 12.5 ], "texture": "#texture" },
        "east":  { "uv": [ 15.5, 12, 16, 12.5 ], "texture": "#texture" }
    }
},
{
    "from": [ 7, 1.5, 0 ],
    "to": [ 9, 2, 0.5 ],
    "faces": {
        "down":  { "uv": [ 9, 0.5, 7, 0 ], "texture": "#texture" },
        "up":    { "uv": [ 7, 0, 9, 0.5 ], "texture": "#texture" },
        "north": { "uv": [ 7, 14, 9, 14.5 ], "texture": "#texture" },
        "south": { "uv": [ 7, 14, 9, 14.5 ], "texture": "#texture" },
        "west":  { "uv": [ 0, 14, 0.5, 14.5 ], "texture": "#texture" },
        "east":  { "uv": [ 15.5, 14, 16, 14.5 ], "texture": "#texture" }
    }
},
{
    "from": [ 5.5, 3, 1 ],
    "to": [ 6, 4, 2 ],
    "faces": {
        "down":  { "uv": [ 10.5, 2, 10, 1 ], "texture": "#texture" },
        "up":    { "uv": [ 5.5, 1, 6, 2 ], "texture": "#texture" },
        "north": { "uv": [ 10, 12, 10.5, 13 ], "texture": "#texture" },
        "south": { "uv": [ 5.5, 12, 6, 13 ], "texture": "#texture" },
        "west":  { "uv": [ 1, 12, 2, 13 ], "texture": "#texture" },
        "east":  { "uv": [ 14, 12, 15, 13 ], "texture": "#texture" }
    }
},
{
    "from": [ 10, 3, 1 ],
    "to": [ 10.5, 4, 2 ],
    "faces": {
        "down":  { "uv": [ 6, 2, 5.5, 1 ], "texture": "#texture" },
        "up":    { "uv": [ 10, 1, 10.5, 2 ], "texture": "#texture" },
        "north": { "uv": [ 5.5, 12, 6, 13 ], "texture": "#texture" },
        "south": { "uv": [ 10, 12, 10.5, 13 ], "texture": "#texture" },
        "west":  { "uv": [ 1, 12, 2, 13 ], "texture": "#texture" },
        "east":  { "uv": [ 14, 12, 15, 13 ], "texture": "#texture" }
    }
},
{
    "from": [ 10.5, 3.5, 2 ],
    "to": [ 11, 4, 3.5 ],
    "faces": {
        "down":  { "uv": [ 5.5, 3.5, 5, 2 ], "texture": "#texture" },
        "up":    { "uv": [ 10.5, 2, 11, 3.5 ], "texture": "#texture" },
        "north": { "uv": [ 5, 12, 5.5, 12.5 ], "texture": "#texture" },
        "south": { "uv": [ 10.5, 12, 11, 12.5 ], "texture": "#texture" },
        "west":  { "uv": [ 2, 12, 3.5, 12.5 ], "texture": "#texture" },
        "east":  { "uv": [ 12.5, 12, 14, 12.5 ], "texture": "#texture" }
    }
},
{
    "from": [ 5, 3.5, 2 ],
    "to": [ 5.5, 4, 3.5 ],
    "faces": {
        "down":  { "uv": [ 11, 3.5, 10.5, 2 ], "texture": "#texture" },
        "up":    { "uv": [ 5, 2, 5.5, 3.5 ], "texture": "#texture" },
        "north": { "uv": [ 10.5, 12, 11, 12.5 ], "texture": "#texture" },
        "south": { "uv": [ 5, 12, 5.5, 12.5 ], "texture": "#texture" },
        "west":  { "uv": [ 2, 12, 3.5, 12.5 ], "texture": "#texture" },
        "east":  { "uv": [ 12.5, 12, 14, 12.5 ], "texture": "#texture" }
    }
},
{
    "from": [ 5.5, 3.5, 3.5 ],
    "to": [ 6, 4, 5 ],
    "faces": {
        "down":  { "uv": [ 10.5, 5, 10, 3.5 ], "texture": "#texture" },
        "up":    { "uv": [ 5.5, 3.5, 6, 5 ], "texture": "#texture" },
        "north": { "uv": [ 10, 12, 10.5, 12.5 ], "texture": "#texture" },
        "south": { "uv": [ 5.5, 12, 6, 12.5 ], "texture": "#texture" },
        "west":  { "uv": [ 3.5, 12, 5, 12.5 ], "texture": "#texture" },
        "east":  { "uv": [ 11, 12, 12.5, 12.5 ], "texture": "#texture" }
    }
},
{
    "from": [ 10, 3.5, 3.5 ],
    "to": [ 10.5, 4, 5 ],
    "faces": {
        "down":  { "uv": [ 6, 5, 5.5, 3.5 ], "texture": "#texture" },
        "up":    { "uv": [ 10, 3.5, 10.5, 5 ], "texture": "#texture" },
        "north": { "uv": [ 5.5, 12, 6, 12.5 ], "texture": "#texture" },
        "south": { "uv": [ 10, 12, 10.5, 12.5 ], "texture": "#texture" },
        "west":  { "uv": [ 3.5, 12, 5, 12.5 ], "texture": "#texture" },
        "east":  { "uv": [ 11, 12, 12.5, 12.5 ], "texture": "#texture" }
    }
},
{
    "from": [ 9.5, 3.5, 5 ],
    "to": [ 10, 4, 7 ],
    "faces": {
        "down":  { "uv": [ 6.5, 7, 6, 5 ], "texture": "#texture" },
        "up":    { "uv": [ 9.5, 5, 10, 7 ], "texture": "#texture" },
        "north": { "uv": [ 6, 12, 6.5, 12.5 ], "texture": "#texture" },
        "south": { "uv": [ 9.5, 12, 10, 12.5 ], "texture": "#texture" },
        "west":  { "uv": [ 5, 12, 7, 12.5 ], "texture": "#texture" },
        "east":  { "uv": [ 9, 12, 11, 12.5 ], "texture": "#texture" }
    }
},
{
    "from": [ 6, 3.5, 5 ],
    "to": [ 6.5, 4, 7 ],
    "faces": {
        "down":  { "uv": [ 10, 7, 9.5, 5 ], "texture": "#texture" },
        "up":    { "uv": [ 6, 5, 6.5, 7 ], "texture": "#texture" },
        "north": { "uv": [ 9.5, 12, 10, 12.5 ], "texture": "#texture" },
        "south": { "uv": [ 6, 12, 6.5, 12.5 ], "texture": "#texture" },
        "west":  { "uv": [ 5, 12, 7, 12.5 ], "texture": "#texture" },
        "east":  { "uv": [ 9, 12, 11, 12.5 ], "texture": "#texture" }
    }
},
{
    "from": [ 5.5, 4, 1.5 ],
    "to": [ 6, 4.5, 4 ],
    "faces": {
        "down":  { "uv": [ 10.5, 4, 10, 1.5 ], "texture": "#texture" },
        "up":    { "uv": [ 5.5, 1.5, 6, 4 ], "texture": "#texture" },
        "north": { "uv": [ 10, 11.5, 10.5, 12 ], "texture": "#texture" },
        "south": { "uv": [ 5.5, 11.5, 6, 12 ], "texture": "#texture" },
        "west":  { "uv": [ 1.5, 11.5, 4, 12 ], "texture": "#texture" },
        "east":  { "uv": [ 12, 11.5, 14.5, 12 ], "texture": "#texture" }
    }
},
{
    "from": [ 10, 4, 1.5 ],
    "to": [ 10.5, 4.5, 4 ],
    "faces": {
        "down":  { "uv": [ 6, 4, 5.5, 1.5 ], "texture": "#texture" },
        "up":    { "uv": [ 10, 1.5, 10.5, 4 ], "texture": "#texture" },
        "north": { "uv": [ 5.5, 11.5, 6, 12 ], "texture": "#texture" },
        "south": { "uv": [ 10, 11.5, 10.5, 12 ], "texture": "#texture" },
        "west":  { "uv": [ 1.5, 11.5, 4, 12 ], "texture": "#texture" },
        "east":  { "uv": [ 12, 11.5, 14.5, 12 ], "texture": "#texture" }
    }
},
{
    "from": [ 6, 4, 3.5 ],
    "to": [ 6.5, 4.5, 6 ],
    "faces": {
        "down":  { "uv": [ 10, 6, 9.5, 3.5 ], "texture": "#texture" },
        "up":    { "uv": [ 6, 3.5, 6.5, 6 ], "texture": "#texture" },
        "north": { "uv": [ 9.5, 11.5, 10, 12 ], "texture": "#texture" },
        "south": { "uv": [ 6, 11.5, 6.5, 12 ], "texture": "#texture" },
        "west":  { "uv": [ 3.5, 11.5, 6, 12 ], "texture": "#texture" },
        "east":  { "uv": [ 10, 11.5, 12.5, 12 ], "texture": "#texture" }
    }
},
{
    "from": [ 9.5, 4, 3.5 ],
    "to": [ 10, 4.5, 6 ],
    "faces": {
        "down":  { "uv": [ 6.5, 6, 6, 3.5 ], "texture": "#texture" },
        "up":    { "uv": [ 9.5, 3.5, 10, 6 ], "texture": "#texture" },
        "north": { "uv": [ 6, 11.5, 6.5, 12 ], "texture": "#texture" },
        "south": { "uv": [ 9.5, 11.5, 10, 12 ], "texture": "#texture" },
        "west":  { "uv": [ 3.5, 11.5, 6, 12 ], "texture": "#texture" },
        "east":  { "uv": [ 10, 11.5, 12.5, 12 ], "texture": "#texture" }
    }
},
{
    "from": [ 6.5, 4, 6 ],
    "to": [ 7, 4.5, 7.5 ],
    "faces": {
        "down":  { "uv": [ 9.5, 7.5, 9, 6 ], "texture": "#texture" },
        "up":    { "uv": [ 6.5, 6, 7, 7.5 ], "texture": "#texture" },
        "north": { "uv": [ 9, 11.5, 9.5, 12 ], "texture": "#texture" },
        "south": { "uv": [ 6.5, 11.5, 7, 12 ], "texture": "#texture" },
        "west":  { "uv": [ 6, 11.5, 7.5, 12 ], "texture": "#texture" },
        "east":  { "uv": [ 8.5, 11.5, 10, 12 ], "texture": "#texture" }
    }
},
{
    "from": [ 9, 4, 6 ],
    "to": [ 9.5, 4.5, 7.5 ],
    "faces": {
        "down":  { "uv": [ 7, 7.5, 6.5, 6 ], "texture": "#texture" },
        "up":    { "uv": [ 9, 6, 9.5, 7.5 ], "texture": "#texture" },
        "north": { "uv": [ 6.5, 11.5, 7, 12 ], "texture": "#texture" },
        "south": { "uv": [ 9, 11.5, 9.5, 12 ], "texture": "#texture" },
        "west":  { "uv": [ 6, 11.5, 7.5, 12 ], "texture": "#texture" },
        "east":  { "uv": [ 8.5, 11.5, 10, 12 ], "texture": "#texture" }
    }
},
{
    "from": [ 7, 4, 7 ],
    "to": [ 9, 4.5, 8 ],
    "faces": {
        "down":  { "uv": [ 9, 8, 7, 7 ], "texture": "#texture" },
        "up":    { "uv": [ 7, 7, 9, 8 ], "texture": "#texture" },
        "north": { "uv": [ 7, 11.5, 9, 12 ], "texture": "#texture" },
        "south": { "uv": [ 7, 11.5, 9, 12 ], "texture": "#texture" },
        "west":  { "uv": [ 7, 11.5, 8, 12 ], "texture": "#texture" },
        "east":  { "uv": [ 8, 11.5, 9, 12 ], "texture": "#texture" }
    }
},
{
    "from": [ 6, 4, 1 ],
    "to": [ 6.5, 4.5, 2 ],
    "faces": {
        "down":  { "uv": [ 10, 2, 9.5, 1 ], "texture": "#texture" },
        "up":    { "uv": [ 6, 1, 6.5, 2 ], "texture": "#texture" },
        "north": { "uv": [ 9.5, 11.5, 10, 12 ], "texture": "#texture" },
        "south": { "uv": [ 6, 11.5, 6.5, 12 ], "texture": "#texture" },
        "west":  { "uv": [ 1, 11.5, 2, 12 ], "texture": "#texture" },
        "east":  { "uv": [ 14, 11.5, 15, 12 ], "texture": "#texture" }
    }
},
{
    "from": [ 9.5, 4, 1 ],
    "to": [ 10, 4.5, 2 ],
    "faces": {
        "down":  { "uv": [ 6.5, 2, 6, 1 ], "texture": "#texture" },
        "up":    { "uv": [ 9.5, 1, 10, 2 ], "texture": "#texture" },
        "north": { "uv": [ 6, 11.5, 6.5, 12 ], "texture": "#texture" },
        "south": { "uv": [ 9.5, 11.5, 10, 12 ], "texture": "#texture" },
        "west":  { "uv": [ 1, 11.5, 2, 12 ], "texture": "#texture" },
        "east":  { "uv": [ 14, 11.5, 15, 12 ], "texture": "#texture" }
    }
},
{
    "from": [ 6.5, 4, 0.5 ],
    "to": [ 9.5, 4.5, 1 ],
    "faces": {
        "down":  { "uv": [ 9.5, 1, 6.5, 0.5 ], "texture": "#texture" },
        "up":    { "uv": [ 6.5, 0.5, 9.5, 1 ], "texture": "#texture" },
        "north": { "uv": [ 6.5, 11.5, 9.5, 12 ], "texture": "#texture" },
        "south": { "uv": [ 6.5, 11.5, 9.5, 12 ], "texture": "#texture" },
        "west":  { "uv": [ 0.5, 11.5, 1, 12 ], "texture": "#texture" },
        "east":  { "uv": [ 15, 11.5, 15.5, 12 ], "texture": "#texture" }
    }
},
{
    "from": [ 6.5, 4.5, 1 ],
    "to": [ 9.5, 5, 1.5 ],
    "faces": {
        "down":  { "uv": [ 9.5, 1.5, 6.5, 1 ], "texture": "#texture" },
        "up":    { "uv": [ 6.5, 1, 9.5, 1.5 ], "texture": "#texture" },
        "north": { "uv": [ 6.5, 11, 9.5, 11.5 ], "texture": "#texture" },
        "south": { "uv": [ 6.5, 11, 9.5, 11.5 ], "texture": "#texture" },
        "west":  { "uv": [ 1, 11, 1.5, 11.5 ], "texture": "#texture" },
        "east":  { "uv": [ 14.5, 11, 15, 11.5 ], "texture": "#texture" }
    }
},
{
    "from": [ 6, 4.5, 1.5 ],
    "to": [ 10, 5, 2 ],
    "faces": {
        "down":  { "uv": [ 10, 2, 6, 1.5 ], "texture": "#texture" },
        "up":    { "uv": [ 6, 1.5, 10, 2 ], "texture": "#texture" },
        "north": { "uv": [ 6, 11, 10, 11.5 ], "texture": "#texture" },
        "south": { "uv": [ 6, 11, 10, 11.5 ], "texture": "#texture" },
        "west":  { "uv": [ 1.5, 11, 2, 11.5 ], "texture": "#texture" },
        "east":  { "uv": [ 14, 11, 14.5, 11.5 ], "texture": "#texture" }
    }
},
{
    "from": [ 7.5, 4.5, 2 ],
    "to": [ 8.5, 5, 3.5 ],
    "faces": {
        "down":  { "uv": [ 8.5, 3.5, 7.5, 2 ], "texture": "#texture" },
        "up":    { "uv": [ 7.5, 2, 8.5, 3.5 ], "texture": "#texture" },
        "north": { "uv": [ 7.5, 11, 8.5, 11.5 ], "texture": "#texture" },
        "south": { "uv": [ 7.5, 11, 8.5, 11.5 ], "texture": "#texture" },
        "west":  { "uv": [ 2, 11, 3.5, 11.5 ], "texture": "#texture" },
        "east":  { "uv": [ 12.5, 11, 14, 11.5 ], "texture": "#texture" }
    }
},
{
    "from": [ 6.5, 4.5, 3.5 ],
    "to": [ 9.5, 5, 4 ],
    "faces": {
        "down":  { "uv": [ 9.5, 4, 6.5, 3.5 ], "texture": "#texture" },
        "up":    { "uv": [ 6.5, 3.5, 9.5, 4 ], "texture": "#texture" },
        "north": { "uv": [ 6.5, 11, 9.5, 11.5 ], "texture": "#texture" },
        "south": { "uv": [ 6.5, 11, 9.5, 11.5 ], "texture": "#texture" },
        "west":  { "uv": [ 3.5, 11, 4, 11.5 ], "texture": "#texture" },
        "east":  { "uv": [ 12, 11, 12.5, 11.5 ], "texture": "#texture" }
    }
},
{
    "from": [ 6.5, 4.5, 4 ],
    "to": [ 7, 5, 6 ],
    "faces": {
        "down":  { "uv": [ 9.5, 6, 9, 4 ], "texture": "#texture" },
        "up":    { "uv": [ 6.5, 4, 7, 6 ], "texture": "#texture" },
        "north": { "uv": [ 9, 11, 9.5, 11.5 ], "texture": "#texture" },
        "south": { "uv": [ 6.5, 11, 7, 11.5 ], "texture": "#texture" },
        "west":  { "uv": [ 4, 11, 6, 11.5 ], "texture": "#texture" },
        "east":  { "uv": [ 10, 11, 12, 11.5 ], "texture": "#texture" }
    }
},
{
    "from": [ 9, 4.5, 4 ],
    "to": [ 9.5, 5, 6 ],
    "faces": {
        "down":  { "uv": [ 7, 6, 6.5, 4 ], "texture": "#texture" },
        "up":    { "uv": [ 9, 4, 9.5, 6 ], "texture": "#texture" },
        "north": { "uv": [ 6.5, 11, 7, 11.5 ], "texture": "#texture" },
        "south": { "uv": [ 9, 11, 9.5, 11.5 ], "texture": "#texture" },
        "west":  { "uv": [ 4, 11, 6, 11.5 ], "texture": "#texture" },
        "east":  { "uv": [ 10, 11, 12, 11.5 ], "texture": "#texture" }
    }
},
{
    "from": [ 7, 4.5, 5 ],
    "to": [ 9, 5, 6 ],
    "faces": {
        "down":  { "uv": [ 9, 6, 7, 5 ], "texture": "#texture" },
        "up":    { "uv": [ 7, 5, 9, 6 ], "texture": "#texture" },
        "north": { "uv": [ 7, 11, 9, 11.5 ], "texture": "#texture" },
        "south": { "uv": [ 7, 11, 9, 11.5 ], "texture": "#texture" },
        "west":  { "uv": [ 5, 11, 6, 11.5 ], "texture": "#texture" },
        "east":  { "uv": [ 10, 11, 11, 11.5 ], "texture": "#texture" }
    }
},
{
    "from": [ 7, 4.5, 4 ],
    "to": [ 7.6875, 5, 5.0625 ],
    "faces": {
        "down":  { "uv": [ 9, 5.0625, 8.3125, 4 ], "texture": "#texture" },
        "up":    { "uv": [ 7, 4, 7.6875, 5.0625 ], "texture": "#texture" },
        "north": { "uv": [ 8.3125, 11, 9, 11.5 ], "texture": "#texture" },
        "south": { "uv": [ 7, 11, 7.6875, 11.5 ], "texture": "#texture" },
        "west":  { "uv": [ 4, 11, 5.0625, 11.5 ], "texture": "#texture" },
        "east":  { "uv": [ 10.9375, 11, 12, 11.5 ], "texture": "#texture" }
    }
},
{
    "from": [ 8.375, 4.5, 4 ],
    "to": [ 9.0625, 5, 5.0625 ],
    "faces": {
        "down":  { "uv": [ 7.625, 5.0625, 6.9375, 4 ], "texture": "#texture" },
        "up":    { "uv": [ 8.375, 4, 9.0625, 5.0625 ], "texture": "#texture" },
        "north": { "uv": [ 6.9375, 11, 7.625, 11.5 ], "texture": "#texture" },
        "south": { "uv": [ 8.375, 11, 9.0625, 11.5 ], "texture": "#texture" },
        "west":  { "uv": [ 4, 11, 5.0625, 11.5 ], "texture": "#texture" },
        "east":  { "uv": [ 10.9375, 11, 12, 11.5 ], "texture": "#texture" }
    }
}
],
"display": {
    "gui": {
        "rotation": [ 30, 225, 0 ],
        "translation": [ 0, 0, 0 ],
        "scale": [ 0.625, 0.625, 0.625 ]
    }
}
}