{
"__comment": "Designed by Tomaxed44 with BDcraft Cubik PRO 0.95 Beta - http://bdcraft.net",
"ambientocclusion": false,
"textures": {
    "particle": "blocks/stone",
    "texture": "blocks/stone"
},
"elements": [ 
{
    "from": [ 0, 0, 0 ],
    "to": [ 16, 1, 16 ],
    "faces": {
        "down":  { "uv": [ 16, 16, 0, 0 ], "texture": "#texture" },
        "up":    { "uv": [ 0, 0, 16, 16 ], "texture": "#texture" },
        "north": { "uv": [ 0, 15, 16, 16 ], "texture": "#texture" },
        "south": { "uv": [ 0, 15, 16, 16 ], "texture": "#texture" },
        "west":  { "uv": [ 0, 15, 16, 16 ], "texture": "#texture" },
        "east":  { "uv": [ 0, 15, 16, 16 ], "texture": "#texture" }
    }
},
{
    "from": [ 16, 0, -3 ],
    "to": [ 23, 1, 8 ],
    "faces": {
        "down":  { "uv": [ 5, 2.5, 12, 13.5 ], "texture": "#texture" },
        "up":    { "uv": [ 5, 2.5, 12, 13.5 ], "texture": "#texture" },
        "north": { "uv": [ 5, 15, 12, 16 ], "texture": "#texture" },
        "south": { "uv": [ 5, 15, 12, 16 ], "texture": "#texture" },
        "west":  { "uv": [ 2.5, 15, 13.5, 16 ], "texture": "#texture" },
        "east":  { "uv": [ 2.5, 15, 13.5, 16 ], "texture": "#texture" }
    }
},
{
    "from": [ 4.5, 0, -6.5 ],
    "to": [ 16, 1, 0 ],
    "faces": {
        "down":  { "uv": [ 3, 1.5, 14.5, 8 ], "texture": "#texture" },
        "up":    { "uv": [ 3, 1.5, 14.5, 8 ], "texture": "#texture" },
        "north": { "uv": [ 3, 15, 14.5, 16 ], "texture": "#texture" },
        "south": { "uv": [ 3, 15, 14.5, 16 ], "texture": "#texture" },
        "west":  { "uv": [ 1.5, 15, 8, 16 ], "texture": "#texture" },
        "east":  { "uv": [ 1.5, 15, 8, 16 ], "texture": "#texture" }
    }
},
{
    "from": [ -11.5, 0, 15.5 ],
    "to": [ -3, 1, 21.5 ],
    "faces": {
        "down":  { "uv": [ 2, 9, 10.5, 15 ], "texture": "#texture" },
        "up":    { "uv": [ 2, 9, 10.5, 15 ], "texture": "#texture" },
        "north": { "uv": [ 2, 15, 10.5, 16 ], "texture": "#texture" },
        "south": { "uv": [ 2, 15, 10.5, 16 ], "texture": "#texture" },
        "west":  { "uv": [ 9, 15, 15, 16 ], "texture": "#texture" },
        "east":  { "uv": [ 9, 15, 15, 16 ], "texture": "#texture" }
    }
},
{
    "from": [ 4.5, 0, 16 ],
    "to": [ 14, 1, 20.5 ],
    "faces": {
        "down":  { "uv": [ 2, 9, 10.5, 14 ], "texture": "#texture" },
        "up":    { "uv": [ 2, 9, 10.5, 14 ], "texture": "#texture" },
        "north": { "uv": [ 2, 15, 10.5, 16 ], "texture": "#texture" },
        "south": { "uv": [ 2, 15, 10.5, 16 ], "texture": "#texture" },
        "west":  { "uv": [ 9, 15, 15, 16 ], "texture": "#texture" },
        "east":  { "uv": [ 9, 15, 15, 16 ], "texture": "#texture" }
    }
},
{
    "from": [ -4.5, 0, 6.5 ],
    "to": [ -2.5, 1, 8.5 ],
    "faces": {
        "down":  { "uv": [ 0.5, 7.5, 2.5, 9.5 ], "texture": "#texture" },
        "up":    { "uv": [ 0.5, 7.5, 2.5, 9.5 ], "texture": "#texture" },
        "north": { "uv": [ 0.5, 15, 2.5, 16 ], "texture": "#texture" },
        "south": { "uv": [ 0.5, 15, 2.5, 16 ], "texture": "#texture" },
        "west":  { "uv": [ 7.5, 15, 9.5, 16 ], "texture": "#texture" },
        "east":  { "uv": [ 7.5, 15, 9.5, 16 ], "texture": "#texture" }
    }
},
{
    "from": [ -2.5, 0, -3.5 ],
    "to": [ -0.5, 1, -1.5 ],
    "faces": {
        "down":  { "uv": [ 0.5, 7.5, 2.5, 9.5 ], "texture": "#texture" },
        "up":    { "uv": [ 0.5, 7.5, 2.5, 9.5 ], "texture": "#texture" },
        "north": { "uv": [ 0.5, 15, 2.5, 16 ], "texture": "#texture" },
        "south": { "uv": [ 0.5, 15, 2.5, 16 ], "texture": "#texture" },
        "west":  { "uv": [ 7.5, 15, 9.5, 16 ], "texture": "#texture" },
        "east":  { "uv": [ 7.5, 15, 9.5, 16 ], "texture": "#texture" }
    }
},
{
    "from": [ 2.5, 0, 24.5 ],
    "to": [ 6.5, 1, 27 ],
    "faces": {
        "down":  { "uv": [ 1.5, 12.5, 5.5, 15 ], "texture": "#texture" },
        "up":    { "uv": [ 1.5, 12.5, 5.5, 15 ], "texture": "#texture" },
        "north": { "uv": [ 1.5, 15, 5.5, 16 ], "texture": "#texture" },
        "south": { "uv": [ 1.5, 15, 5.5, 16 ], "texture": "#texture" },
        "west":  { "uv": [ 12.5, 15, 15, 16 ], "texture": "#texture" },
        "east":  { "uv": [ 12.5, 15, 15, 16 ], "texture": "#texture" }
    }
},
{
    "from": [ 18.5, 0, 15.5 ],
    "to": [ 22.5, 1, 18 ],
    "faces": {
        "down":  { "uv": [ 1.5, 12.5, 5.5, 15 ], "texture": "#texture" },
        "up":    { "uv": [ 1.5, 12.5, 5.5, 15 ], "texture": "#texture" },
        "north": { "uv": [ 1.5, 15, 5.5, 16 ], "texture": "#texture" },
        "south": { "uv": [ 1.5, 15, 5.5, 16 ], "texture": "#texture" },
        "west":  { "uv": [ 12.5, 15, 15, 16 ], "texture": "#texture" },
        "east":  { "uv": [ 12.5, 15, 15, 16 ], "texture": "#texture" }
    }
},
{
    "from": [ 21, 0, -9 ],
    "to": [ 24.5, 1, -6 ],
    "faces": {
        "down":  { "uv": [ 1.5, 12.5, 5.5, 15 ], "texture": "#texture" },
        "up":    { "uv": [ 1.5, 12.5, 5.5, 15 ], "texture": "#texture" },
        "north": { "uv": [ 1.5, 15, 5.5, 16 ], "texture": "#texture" },
        "south": { "uv": [ 1.5, 15, 5.5, 16 ], "texture": "#texture" },
        "west":  { "uv": [ 12.5, 15, 15, 16 ], "texture": "#texture" },
        "east":  { "uv": [ 12.5, 15, 15, 16 ], "texture": "#texture" }
    }
},
{
    "from": [ 2, 0, -12 ],
    "to": [ 6, 1, -9 ],
    "faces": {
        "down":  { "uv": [ 1.5, 12.5, 5.5, 15 ], "texture": "#texture" },
        "up":    { "uv": [ 1.5, 12.5, 5.5, 15 ], "texture": "#texture" },
        "north": { "uv": [ 1.5, 15, 5.5, 16 ], "texture": "#texture" },
        "south": { "uv": [ 1.5, 15, 5.5, 16 ], "texture": "#texture" },
        "west":  { "uv": [ 12.5, 15, 15, 16 ], "texture": "#texture" },
        "east":  { "uv": [ 12.5, 15, 15, 16 ], "texture": "#texture" }
    }
}
],
"display": {
    "gui": {
        "rotation": [ 30, 225, 0 ],
        "translation": [ 0, 0, 0 ],
        "scale": [ 0.625, 0.625, 0.625 ]
    }
}
}