{
"__comment": "Designed by Tomaxed44 with BDcraft Cubik PRO 0.95 Beta - http://bdcraft.net",
"textures": {
    "particle": "blocks/detail",
    "texture": "blocks/detail"
},
"elements": [ 
{
    "from": [ 2, 0, 11.5 ],
    "to": [ 4, 1.5, 14.5 ],
    "faces": {
        "down":  { "uv": [ 1.5, 8, 3.5, 11 ], "texture": "#texture" },
        "up":    { "uv": [ 1.5, 8, 3.5, 11 ], "texture": "#texture" },
        "north": { "uv": [ 1.5, 9, 3.5, 11 ], "texture": "#texture" },
        "south": { "uv": [ 1.5, 9, 3.5, 11 ], "texture": "#texture" },
        "west":  { "uv": [ 0, 8.5, 3.5, 10.5 ], "texture": "#texture" },
        "east":  { "uv": [ 0, 8.5, 3.5, 10.5 ], "texture": "#texture" }
    }
},
{
    "from": [ 13.5, 0, 9.5 ],
    "to": [ 16, 0.5, 11.5 ],
    "rotation": { "origin": [ 13.5, 0, 9.5 ], "axis": "y", "angle": -22.5 },
    "faces": {
        "down":  { "uv": [ 2.5, 4, 6, 6.5 ], "texture": "#texture" },
        "up":    { "uv": [ 2.5, 4, 6, 6.5 ], "texture": "#texture" },
        "north": { "uv": [ 1.5, 6, 5, 6.5 ], "texture": "#texture" },
        "south": { "uv": [ 1.5, 6, 5, 6.5 ], "texture": "#texture" },
        "west":  { "uv": [ 1.5, 5.5, 4, 6 ], "texture": "#texture" },
        "east":  { "uv": [ 1.5, 5.5, 4, 6 ], "texture": "#texture" }
    }
},
{
    "from": [ 9.5, 0, 7.5 ],
    "to": [ 10.5, 0.5, 8 ],
    "rotation": { "origin": [ 9.5, 0, 7.5 ], "axis": "y", "angle": 22.5 },
    "faces": {
        "down":  { "uv": [ 3.5, 4.5, 4.5, 5 ], "texture": "#texture" },
        "up":    { "uv": [ 3.5, 4.5, 4.5, 5 ], "texture": "#texture" },
        "north": { "uv": [ 4, 6.5, 5, 7 ], "texture": "#texture" },
        "south": { "uv": [ 4, 6.5, 5, 7 ], "texture": "#texture" },
        "west":  { "uv": [ 2.5, 6.5, 3, 7 ], "texture": "#texture" },
        "east":  { "uv": [ 2.5, 6.5, 3, 7 ], "texture": "#texture" }
    }
},
{
    "from": [ 15, 0, 9 ],
    "to": [ 15.5, 0.5, 9.5 ],
    "faces": {
        "down":  { "uv": [ 3.5, 4.5, 4.5, 5 ], "texture": "#texture" },
        "up":    { "uv": [ 3.5, 4.5, 4.5, 5 ], "texture": "#texture" },
        "north": { "uv": [ 4, 6.5, 5, 7 ], "texture": "#texture" },
        "south": { "uv": [ 4, 6.5, 5, 7 ], "texture": "#texture" },
        "west":  { "uv": [ 2.5, 6.5, 3, 7 ], "texture": "#texture" },
        "east":  { "uv": [ 2.5, 6.5, 3, 7 ], "texture": "#texture" }
    }
},
{
    "from": [ 6, 0, 12 ],
    "to": [ 8, 0.5, 13.5 ],
    "rotation": { "origin": [ 6, 0, 12 ], "axis": "y", "angle": 22.5 },
    "faces": {
        "down":  { "uv": [ 0.5, 8.5, 3, 11 ], "texture": "#texture" },
        "up":    { "uv": [ 0.5, 8.5, 3, 11 ], "texture": "#texture" },
        "north": { "uv": [ 0.5, 9.5, 3, 10 ], "texture": "#texture" },
        "south": { "uv": [ 0.5, 9.5, 3, 10 ], "texture": "#texture" },
        "west":  { "uv": [ 1, 9.5, 3.5, 10 ], "texture": "#texture" },
        "east":  { "uv": [ 1, 9.5, 3.5, 10 ], "texture": "#texture" }
    }
},
{
    "from": [ 12.5, 0, 13.5 ],
    "to": [ 14.5, 0.5, 15 ],
    "rotation": { "origin": [ 12.5, 0, 13.5 ], "axis": "y", "angle": -22.5 },
    "faces": {
        "down":  { "uv": [ 0.5, 8.5, 3, 11 ], "texture": "#texture" },
        "up":    { "uv": [ 0.5, 8.5, 3, 11 ], "texture": "#texture" },
        "north": { "uv": [ 0.5, 9.5, 3, 10 ], "texture": "#texture" },
        "south": { "uv": [ 0.5, 9.5, 3, 10 ], "texture": "#texture" },
        "west":  { "uv": [ 1, 9.5, 3.5, 10 ], "texture": "#texture" },
        "east":  { "uv": [ 1, 9.5, 3.5, 10 ], "texture": "#texture" }
    }
},
{
    "from": [ 11, 0, 13.5 ],
    "to": [ 12, 0.5, 14.5 ],
    "faces": {
        "down":  { "uv": [ 0.5, 8.5, 3, 11 ], "texture": "#texture" },
        "up":    { "uv": [ 0.5, 8.5, 3, 11 ], "texture": "#texture" },
        "north": { "uv": [ 0.5, 9.5, 3, 10 ], "texture": "#texture" },
        "south": { "uv": [ 0.5, 9.5, 3, 10 ], "texture": "#texture" },
        "west":  { "uv": [ 1, 9.5, 3.5, 10 ], "texture": "#texture" },
        "east":  { "uv": [ 1, 9.5, 3.5, 10 ], "texture": "#texture" }
    }
},
{
    "from": [ 0, 0, 8.5 ],
    "to": [ 1.5, 0.5, 9.5 ],
    "rotation": { "origin": [ 0, 0, 8.5 ], "axis": "y", "angle": 22.5 },
    "faces": {
        "down":  { "uv": [ 0.5, 8.5, 3, 11 ], "texture": "#texture" },
        "up":    { "uv": [ 0.5, 8.5, 3, 11 ], "texture": "#texture" },
        "north": { "uv": [ 0.5, 9.5, 3, 10 ], "texture": "#texture" },
        "south": { "uv": [ 0.5, 9.5, 3, 10 ], "texture": "#texture" },
        "west":  { "uv": [ 1, 9.5, 3.5, 10 ], "texture": "#texture" },
        "east":  { "uv": [ 1, 9.5, 3.5, 10 ], "texture": "#texture" }
    }
},
{
    "from": [ 13.5, 0, 1 ],
    "to": [ 15, 0.5, 2 ],
    "rotation": { "origin": [ 13.5, 0, 1 ], "axis": "y", "angle": 45 },
    "faces": {
        "down":  { "uv": [ 0.5, 8.5, 3, 11 ], "texture": "#texture" },
        "up":    { "uv": [ 0.5, 8.5, 3, 11 ], "texture": "#texture" },
        "north": { "uv": [ 0.5, 9.5, 3, 10 ], "texture": "#texture" },
        "south": { "uv": [ 0.5, 9.5, 3, 10 ], "texture": "#texture" },
        "west":  { "uv": [ 1, 9.5, 3.5, 10 ], "texture": "#texture" },
        "east":  { "uv": [ 1, 9.5, 3.5, 10 ], "texture": "#texture" }
    }
},
{
    "from": [ 0.5, 0, 0.5 ],
    "to": [ 1.5, 0.5, 1 ],
    "faces": {
        "down":  { "uv": [ 0.5, 8.5, 3, 11 ], "texture": "#texture" },
        "up":    { "uv": [ 0.5, 8.5, 3, 11 ], "texture": "#texture" },
        "north": { "uv": [ 0.5, 9.5, 3, 10 ], "texture": "#texture" },
        "south": { "uv": [ 0.5, 9.5, 3, 10 ], "texture": "#texture" },
        "west":  { "uv": [ 1, 9.5, 3.5, 10 ], "texture": "#texture" },
        "east":  { "uv": [ 1, 9.5, 3.5, 10 ], "texture": "#texture" }
    }
},
{
    "from": [ 0.5, 0, 1.5 ],
    "to": [ 1.5, 0.5, 2 ],
    "rotation": { "origin": [ 0.5, 0, 1.5 ], "axis": "y", "angle": -22.5 },
    "faces": {
        "down":  { "uv": [ 0.5, 8.5, 3, 11 ], "texture": "#texture" },
        "up":    { "uv": [ 0.5, 8.5, 3, 11 ], "texture": "#texture" },
        "north": { "uv": [ 0.5, 9.5, 3, 10 ], "texture": "#texture" },
        "south": { "uv": [ 0.5, 9.5, 3, 10 ], "texture": "#texture" },
        "west":  { "uv": [ 1, 9.5, 3.5, 10 ], "texture": "#texture" },
        "east":  { "uv": [ 1, 9.5, 3.5, 10 ], "texture": "#texture" }
    }
},
{
    "from": [ 5, 0, 1 ],
    "to": [ 10, 3.5, 7 ],
    "rotation": { "origin": [ 5, 0, 1 ], "axis": "y", "angle": -22.5 },
    "faces": {
        "down":  { "uv": [ 11, 10.5, 16, 16 ], "texture": "#texture" },
        "up":    { "uv": [ 11, 10.5, 16, 16 ], "texture": "#texture" },
        "north": { "uv": [ 11, 12.5, 16, 16 ], "texture": "#texture" },
        "south": { "uv": [ 11, 12.5, 16, 16 ], "texture": "#texture" },
        "west":  { "uv": [ 11, 12, 16, 15.5 ], "texture": "#texture" },
        "east":  { "uv": [ 11, 12, 16, 15.5 ], "texture": "#texture" }
    }
}
],
"display": {
    "gui": {
        "rotation": [ 30, 225, 0 ],
        "translation": [ 0, 0, 0 ],
        "scale": [ 0.625, 0.625, 0.625 ]
    }
}
}