{
"__comment": "Designed by tomaxed with Cubik",
"ambientocclusion": false,
"textures": {
    "particle": "blocks/planks_spruce",
    "texture": "blocks/planks_spruce"
},
"elements": [ 
{
    "from": [ 0, 3, 0 ],
    "to": [ 16, 3.5, 3 ],
    "faces": {
        "down":  { "uv": [ 0, 0, 16, 3 ], "texture": "#texture" },
        "up":    { "uv": [ 0, 0, 16, 3 ], "texture": "#texture" },
        "north": { "uv": [ 0, 12.5, 16, 13 ], "texture": "#texture" },
        "south": { "uv": [ 0, 12.5, 16, 13 ], "texture": "#texture" },
        "west":  { "uv": [ 0, 12.5, 3, 13 ], "texture": "#texture" },
        "east":  { "uv": [ 0, 12.5, 3, 13 ], "texture": "#texture" }
    }
},
{
    "from": [ 0, 3, 18 ],
    "to": [ 16, 3.5, 21 ],
    "faces": {
        "down":  { "uv": [ 0, 12, 16, 15 ], "texture": "#texture" },
        "up":    { "uv": [ 0, 12, 16, 15 ], "texture": "#texture" },
        "north": { "uv": [ 0, 12.5, 16, 13 ], "texture": "#texture" },
        "south": { "uv": [ 0, 12.5, 16, 13 ], "texture": "#texture" },
        "west":  { "uv": [ 12, 12.5, 15, 13 ], "texture": "#texture" },
        "east":  { "uv": [ 12, 12.5, 15, 13 ], "texture": "#texture" }
    }
},
{
    "from": [ 0, 3, 4.5 ],
    "to": [ 16, 3.5, 7.5 ],
    "faces": {
        "down":  { "uv": [ 0, 4.5, 16, 7.5 ], "texture": "#texture" },
        "up":    { "uv": [ 0, 4.5, 16, 7.5 ], "texture": "#texture" },
        "north": { "uv": [ 0, 12.5, 16, 13 ], "texture": "#texture" },
        "south": { "uv": [ 0, 12.5, 16, 13 ], "texture": "#texture" },
        "west":  { "uv": [ 4.5, 12.5, 7.5, 13 ], "texture": "#texture" },
        "east":  { "uv": [ 4.5, 12.5, 7.5, 13 ], "texture": "#texture" }
    }
},
{
    "from": [ 0, 3, 9 ],
    "to": [ 16, 3.5, 12 ],
    "faces": {
        "down":  { "uv": [ 0, 9, 16, 12 ], "texture": "#texture" },
        "up":    { "uv": [ 0, 9, 16, 12 ], "texture": "#texture" },
        "north": { "uv": [ 0, 12.5, 16, 13 ], "texture": "#texture" },
        "south": { "uv": [ 0, 12.5, 16, 13 ], "texture": "#texture" },
        "west":  { "uv": [ 9, 12.5, 12, 13 ], "texture": "#texture" },
        "east":  { "uv": [ 9, 12.5, 12, 13 ], "texture": "#texture" }
    }
},
{
    "from": [ 0, 3, 13.5 ],
    "to": [ 16, 3.5, 16.5 ],
    "faces": {
        "down":  { "uv": [ 0, 12.5, 16, 15.5 ], "texture": "#texture" },
        "up":    { "uv": [ 0, 12.5, 16, 15.5 ], "texture": "#texture" },
        "north": { "uv": [ 0, 12.5, 16, 13 ], "texture": "#texture" },
        "south": { "uv": [ 0, 12.5, 16, 13 ], "texture": "#texture" },
        "west":  { "uv": [ 13, 12.5, 16, 13 ], "texture": "#texture" },
        "east":  { "uv": [ 13, 12.5, 16, 13 ], "texture": "#texture" }
    }
},
{
    "from": [ 0, 0, 0 ],
    "to": [ 16, 0.5, 3 ],
    "faces": {
        "down":  { "uv": [ 0, 0, 16, 3 ], "texture": "#texture" },
        "up":    { "uv": [ 0, 0, 16, 3 ], "texture": "#texture" },
        "north": { "uv": [ 0, 15.5, 16, 16 ], "texture": "#texture" },
        "south": { "uv": [ 0, 15.5, 16, 16 ], "texture": "#texture" },
        "west":  { "uv": [ 0, 15.5, 3, 16 ], "texture": "#texture" },
        "east":  { "uv": [ 0, 15.5, 3, 16 ], "texture": "#texture" }
    }
},
{
    "from": [ 0, 0, 18 ],
    "to": [ 16, 0.5, 21 ],
    "faces": {
        "down":  { "uv": [ 0, 12.5, 16, 15.5 ], "texture": "#texture" },
        "up":    { "uv": [ 0, 12.5, 16, 15.5 ], "texture": "#texture" },
        "north": { "uv": [ 0, 15.5, 16, 16 ], "texture": "#texture" },
        "south": { "uv": [ 0, 15.5, 16, 16 ], "texture": "#texture" },
        "west":  { "uv": [ 12, 15.5, 15, 16 ], "texture": "#texture" },
        "east":  { "uv": [ 12, 15.5, 15, 16 ], "texture": "#texture" }
    }
},
{
    "from": [ 0.5, 2.5, 0 ],
    "to": [ 3.5, 3, 21 ],
    "faces": {
        "down":  { "uv": [ 0.5, 0, 3.5, 16 ], "texture": "#texture" },
        "up":    { "uv": [ 0.5, 0, 3.5, 16 ], "texture": "#texture" },
        "north": { "uv": [ 0.5, 13, 3.5, 13.5 ], "texture": "#texture" },
        "south": { "uv": [ 0.5, 13, 3.5, 13.5 ], "texture": "#texture" },
        "west":  { "uv": [ 0, 13, 16, 13.5 ], "texture": "#texture" },
        "east":  { "uv": [ 0, 13, 16, 13.5 ], "texture": "#texture" }
    }
},
{
    "from": [ 28.5, 2.5, 0 ],
    "to": [ 31.5, 3, 21 ],
    "faces": {
        "down":  { "uv": [ 13, 0, 16, 16 ], "texture": "#texture" },
        "up":    { "uv": [ 13, 0, 16, 16 ], "texture": "#texture" },
        "north": { "uv": [ 13, 13, 16, 13.5 ], "texture": "#texture" },
        "south": { "uv": [ 13, 13, 16, 13.5 ], "texture": "#texture" },
        "west":  { "uv": [ 0, 12.5, 16, 13 ], "texture": "#texture" },
        "east":  { "uv": [ 0, 12.5, 16, 13 ], "texture": "#texture" }
    }
},
{
    "from": [ 14.5, 2.5, 0 ],
    "to": [ 17.5, 3, 21 ],
    "faces": {
        "down":  { "uv": [ 13, 0, 16, 16 ], "texture": "#texture" },
        "up":    { "uv": [ 13, 0, 16, 16 ], "texture": "#texture" },
        "north": { "uv": [ 12, 13, 15, 13.5 ], "texture": "#texture" },
        "south": { "uv": [ 12, 13, 15, 13.5 ], "texture": "#texture" },
        "west":  { "uv": [ 0, 13, 16, 13.5 ], "texture": "#texture" },
        "east":  { "uv": [ 0, 13, 16, 13.5 ], "texture": "#texture" }
    }
},
{
    "from": [ 16, 3, 0 ],
    "to": [ 32, 3.5, 3 ],
    "faces": {
        "down":  { "uv": [ 0, 0, 16, 3 ], "texture": "#texture" },
        "up":    { "uv": [ 0, 0, 16, 3 ], "texture": "#texture" },
        "north": { "uv": [ 0, 12.5, 16, 13 ], "texture": "#texture" },
        "south": { "uv": [ 0, 12.5, 16, 13 ], "texture": "#texture" },
        "west":  { "uv": [ 0, 12.5, 3, 13 ], "texture": "#texture" },
        "east":  { "uv": [ 0, 12.5, 3, 13 ], "texture": "#texture" }
    }
},
{
    "from": [ 16, 3, 4.5 ],
    "to": [ 32, 3.5, 7.5 ],
    "faces": {
        "down":  { "uv": [ 0, 4.5, 16, 7.5 ], "texture": "#texture" },
        "up":    { "uv": [ 0, 4.5, 16, 7.5 ], "texture": "#texture" },
        "north": { "uv": [ 0, 12.5, 16, 13 ], "texture": "#texture" },
        "south": { "uv": [ 0, 12.5, 16, 13 ], "texture": "#texture" },
        "west":  { "uv": [ 4.5, 12.5, 7.5, 13 ], "texture": "#texture" },
        "east":  { "uv": [ 4.5, 12.5, 7.5, 13 ], "texture": "#texture" }
    }
},
{
    "from": [ 16, 3, 9 ],
    "to": [ 32, 3.5, 12 ],
    "faces": {
        "down":  { "uv": [ 0, 9, 16, 12 ], "texture": "#texture" },
        "up":    { "uv": [ 0, 9, 16, 12 ], "texture": "#texture" },
        "north": { "uv": [ 0, 12.5, 16, 13 ], "texture": "#texture" },
        "south": { "uv": [ 0, 12.5, 16, 13 ], "texture": "#texture" },
        "west":  { "uv": [ 9, 12.5, 12, 13 ], "texture": "#texture" },
        "east":  { "uv": [ 9, 12.5, 12, 13 ], "texture": "#texture" }
    }
},
{
    "from": [ 16, 3, 13.5 ],
    "to": [ 32, 3.5, 16.5 ],
    "faces": {
        "down":  { "uv": [ 0, 12.5, 16, 15.5 ], "texture": "#texture" },
        "up":    { "uv": [ 0, 12.5, 16, 15.5 ], "texture": "#texture" },
        "north": { "uv": [ 0, 12.5, 16, 13 ], "texture": "#texture" },
        "south": { "uv": [ 0, 12.5, 16, 13 ], "texture": "#texture" },
        "west":  { "uv": [ 13, 12.5, 16, 13 ], "texture": "#texture" },
        "east":  { "uv": [ 13, 12.5, 16, 13 ], "texture": "#texture" }
    }
},
{
    "from": [ 16, 3, 18 ],
    "to": [ 32, 3.5, 21 ],
    "faces": {
        "down":  { "uv": [ 0, 12, 16, 15 ], "texture": "#texture" },
        "up":    { "uv": [ 0, 12, 16, 15 ], "texture": "#texture" },
        "north": { "uv": [ 0, 12.5, 16, 13 ], "texture": "#texture" },
        "south": { "uv": [ 0, 12.5, 16, 13 ], "texture": "#texture" },
        "west":  { "uv": [ 12, 12.5, 15, 13 ], "texture": "#texture" },
        "east":  { "uv": [ 12, 12.5, 15, 13 ], "texture": "#texture" }
    }
},
{
    "from": [ 16, 0, 18 ],
    "to": [ 32, 0.5, 21 ],
    "faces": {
        "down":  { "uv": [ 0, 12.5, 16, 15.5 ], "texture": "#texture" },
        "up":    { "uv": [ 0, 12.5, 16, 15.5 ], "texture": "#texture" },
        "north": { "uv": [ 0, 15.5, 16, 16 ], "texture": "#texture" },
        "south": { "uv": [ 0, 15.5, 16, 16 ], "texture": "#texture" },
        "west":  { "uv": [ 12, 15.5, 15, 16 ], "texture": "#texture" },
        "east":  { "uv": [ 12, 15.5, 15, 16 ], "texture": "#texture" }
    }
},
{
    "from": [ 16, 0, 0 ],
    "to": [ 32, 0.5, 3 ],
    "faces": {
        "down":  { "uv": [ 0, 0, 16, 3 ], "texture": "#texture" },
        "up":    { "uv": [ 0, 0, 16, 3 ], "texture": "#texture" },
        "north": { "uv": [ 0, 15.5, 16, 16 ], "texture": "#texture" },
        "south": { "uv": [ 0, 15.5, 16, 16 ], "texture": "#texture" },
        "west":  { "uv": [ 0, 15.5, 3, 16 ], "texture": "#texture" },
        "east":  { "uv": [ 0, 15.5, 3, 16 ], "texture": "#texture" }
    }
},
{
    "from": [ 0, 0, 9 ],
    "to": [ 16, 0.5, 12 ],
    "faces": {
        "down":  { "uv": [ 0, 9, 16, 12 ], "texture": "#texture" },
        "up":    { "uv": [ 0, 9, 16, 12 ], "texture": "#texture" },
        "north": { "uv": [ 0, 15.5, 16, 16 ], "texture": "#texture" },
        "south": { "uv": [ 0, 15.5, 16, 16 ], "texture": "#texture" },
        "west":  { "uv": [ 9, 15.5, 12, 16 ], "texture": "#texture" },
        "east":  { "uv": [ 9, 15.5, 12, 16 ], "texture": "#texture" }
    }
},
{
    "from": [ 16, 0, 9 ],
    "to": [ 32, 0.5, 12 ],
    "faces": {
        "down":  { "uv": [ 0, 9, 16, 12 ], "texture": "#texture" },
        "up":    { "uv": [ 0, 9, 16, 12 ], "texture": "#texture" },
        "north": { "uv": [ 0, 15.5, 16, 16 ], "texture": "#texture" },
        "south": { "uv": [ 0, 15.5, 16, 16 ], "texture": "#texture" },
        "west":  { "uv": [ 9, 15.5, 12, 16 ], "texture": "#texture" },
        "east":  { "uv": [ 9, 15.5, 12, 16 ], "texture": "#texture" }
    }
},
{
    "from": [ 0.5, 0.5, 0 ],
    "to": [ 3.5, 2.5, 3 ],
    "faces": {
        "down":  { "uv": [ 0.5, 0, 3.5, 3 ], "texture": "#texture" },
        "up":    { "uv": [ 0.5, 0, 3.5, 3 ], "texture": "#texture" },
        "north": { "uv": [ 0.5, 13.5, 3.5, 15.5 ], "texture": "#texture" },
        "south": { "uv": [ 0.5, 13.5, 3.5, 15.5 ], "texture": "#texture" },
        "west":  { "uv": [ 0, 13.5, 3, 15.5 ], "texture": "#texture" },
        "east":  { "uv": [ 0, 13.5, 3, 15.5 ], "texture": "#texture" }
    }
},
{
    "from": [ 0.5, 0.5, 18 ],
    "to": [ 3.5, 2.5, 21 ],
    "faces": {
        "down":  { "uv": [ 0.5, 0, 3.5, 3 ], "texture": "#texture" },
        "up":    { "uv": [ 0.5, 0, 3.5, 3 ], "texture": "#texture" },
        "north": { "uv": [ 0.5, 13.5, 3.5, 15.5 ], "texture": "#texture" },
        "south": { "uv": [ 0.5, 13.5, 3.5, 15.5 ], "texture": "#texture" },
        "west":  { "uv": [ 0, 13.5, 3, 15.5 ], "texture": "#texture" },
        "east":  { "uv": [ 0, 13.5, 3, 15.5 ], "texture": "#texture" }
    }
},
{
    "from": [ 0.5, 0.5, 9 ],
    "to": [ 3.5, 2.5, 12 ],
    "faces": {
        "down":  { "uv": [ 0.5, 0, 3.5, 3 ], "texture": "#texture" },
        "up":    { "uv": [ 0.5, 0, 3.5, 3 ], "texture": "#texture" },
        "north": { "uv": [ 0.5, 13.5, 3.5, 15.5 ], "texture": "#texture" },
        "south": { "uv": [ 0.5, 13.5, 3.5, 15.5 ], "texture": "#texture" },
        "west":  { "uv": [ 0, 13.5, 3, 15.5 ], "texture": "#texture" },
        "east":  { "uv": [ 0, 13.5, 3, 15.5 ], "texture": "#texture" }
    }
},
{
    "from": [ 14.5, 0.5, 9 ],
    "to": [ 17.5, 2.5, 12 ],
    "faces": {
        "down":  { "uv": [ 0.5, 0, 3.5, 3 ], "texture": "#texture" },
        "up":    { "uv": [ 0.5, 0, 3.5, 3 ], "texture": "#texture" },
        "north": { "uv": [ 0.5, 13.5, 3.5, 15.5 ], "texture": "#texture" },
        "south": { "uv": [ 0.5, 13.5, 3.5, 15.5 ], "texture": "#texture" },
        "west":  { "uv": [ 0, 13.5, 3, 15.5 ], "texture": "#texture" },
        "east":  { "uv": [ 0, 13.5, 3, 15.5 ], "texture": "#texture" }
    }
},
{
    "from": [ 14.5, 0.5, 0 ],
    "to": [ 17.5, 2.5, 3 ],
    "faces": {
        "down":  { "uv": [ 0.5, 0, 3.5, 3 ], "texture": "#texture" },
        "up":    { "uv": [ 0.5, 0, 3.5, 3 ], "texture": "#texture" },
        "north": { "uv": [ 0.5, 13.5, 3.5, 15.5 ], "texture": "#texture" },
        "south": { "uv": [ 0.5, 13.5, 3.5, 15.5 ], "texture": "#texture" },
        "west":  { "uv": [ 0, 13.5, 3, 15.5 ], "texture": "#texture" },
        "east":  { "uv": [ 0, 13.5, 3, 15.5 ], "texture": "#texture" }
    }
},
{
    "from": [ 14.5, 0.5, 18 ],
    "to": [ 17.5, 2.5, 21 ],
    "faces": {
        "down":  { "uv": [ 0.5, 0, 3.5, 3 ], "texture": "#texture" },
        "up":    { "uv": [ 0.5, 0, 3.5, 3 ], "texture": "#texture" },
        "north": { "uv": [ 0.5, 13.5, 3.5, 15.5 ], "texture": "#texture" },
        "south": { "uv": [ 0.5, 13.5, 3.5, 15.5 ], "texture": "#texture" },
        "west":  { "uv": [ 0, 13.5, 3, 15.5 ], "texture": "#texture" },
        "east":  { "uv": [ 0, 13.5, 3, 15.5 ], "texture": "#texture" }
    }
},
{
    "from": [ 28.5, 0.5, 18 ],
    "to": [ 31.5, 2.5, 21 ],
    "faces": {
        "down":  { "uv": [ 0.5, 0, 3.5, 3 ], "texture": "#texture" },
        "up":    { "uv": [ 0.5, 0, 3.5, 3 ], "texture": "#texture" },
        "north": { "uv": [ 0.5, 13.5, 3.5, 15.5 ], "texture": "#texture" },
        "south": { "uv": [ 0.5, 13.5, 3.5, 15.5 ], "texture": "#texture" },
        "west":  { "uv": [ 0, 13.5, 3, 15.5 ], "texture": "#texture" },
        "east":  { "uv": [ 0, 13.5, 3, 15.5 ], "texture": "#texture" }
    }
},
{
    "from": [ 28.5, 0.5, 9 ],
    "to": [ 31.5, 2.5, 12 ],
    "faces": {
        "down":  { "uv": [ 0.5, 0, 3.5, 3 ], "texture": "#texture" },
        "up":    { "uv": [ 0.5, 0, 3.5, 3 ], "texture": "#texture" },
        "north": { "uv": [ 0.5, 13.5, 3.5, 15.5 ], "texture": "#texture" },
        "south": { "uv": [ 0.5, 13.5, 3.5, 15.5 ], "texture": "#texture" },
        "west":  { "uv": [ 0, 13.5, 3, 15.5 ], "texture": "#texture" },
        "east":  { "uv": [ 0, 13.5, 3, 15.5 ], "texture": "#texture" }
    }
},
{
    "from": [ 28.5, 0.5, 0 ],
    "to": [ 31.5, 2.5, 3 ],
    "faces": {
        "down":  { "uv": [ 0.5, 0, 3.5, 3 ], "texture": "#texture" },
        "up":    { "uv": [ 0.5, 0, 3.5, 3 ], "texture": "#texture" },
        "north": { "uv": [ 0.5, 13.5, 3.5, 15.5 ], "texture": "#texture" },
        "south": { "uv": [ 0.5, 13.5, 3.5, 15.5 ], "texture": "#texture" },
        "west":  { "uv": [ 0, 13.5, 3, 15.5 ], "texture": "#texture" },
        "east":  { "uv": [ 0, 13.5, 3, 15.5 ], "texture": "#texture" }
    }
}
],
"display": {
    "gui": {
        "rotation": [ 30, 225, 0 ],
        "translation": [ 0, 0, 0 ],
        "scale": [ 0.625, 0.625, 0.625 ]
    }
}
}