{
"__comment": "Designed by Tomaxed44 with BDcraft Cubik PRO 0.95 Beta - http://bdcraft.net",
"textures": {
    "particle": "blocks/transhcan",
    "texture": "blocks/transhcan",
    "trash": "blocks/trash"
},
"elements": [ 
{
    "from": [ 0, 0, 4 ],
    "to": [ 16, 1, 12 ],
    "faces": {
        "down":  { "uv": [ 16, 12, 0, 4 ], "texture": "#texture" },
        "up":    { "uv": [ 0, 4, 16, 12 ], "texture": "#texture" },
        "north": { "uv": [ 0, 15, 16, 16 ], "texture": "#texture" },
        "south": { "uv": [ 0, 15, 16, 16 ], "texture": "#texture" },
        "west":  { "uv": [ 4, 15, 12, 16 ], "texture": "#texture" },
        "east":  { "uv": [ 4, 15, 12, 16 ], "texture": "#texture" }
    }
},
{
    "from": [ 1, 0, 12 ],
    "to": [ 15, 1, 14 ],
    "faces": {
        "down":  { "uv": [ 15, 14, 1, 12 ], "texture": "#texture" },
        "up":    { "uv": [ 1, 12, 15, 14 ], "texture": "#texture" },
        "south": { "uv": [ 1, 15, 15, 16 ], "texture": "#texture" },
        "west":  { "uv": [ 12, 15, 14, 16 ], "texture": "#texture" },
        "east":  { "uv": [ 2, 15, 4, 16 ], "texture": "#texture" }
    }
},
{
    "from": [ 2, 0, 14 ],
    "to": [ 14, 1, 15 ],
    "faces": {
        "down":  { "uv": [ 14, 15, 2, 14 ], "texture": "#texture" },
        "up":    { "uv": [ 2, 14, 14, 15 ], "texture": "#texture" },
        "south": { "uv": [ 2, 15, 14, 16 ], "texture": "#texture" },
        "west":  { "uv": [ 14, 15, 15, 16 ], "texture": "#texture" },
        "east":  { "uv": [ 1, 15, 2, 16 ], "texture": "#texture" }
    }
},
{
    "from": [ 4, 0, 15 ],
    "to": [ 12, 1, 16 ],
    "faces": {
        "down":  { "uv": [ 12, 16, 4, 15 ], "texture": "#texture" },
        "up":    { "uv": [ 4, 15, 12, 16 ], "texture": "#texture" },
        "south": { "uv": [ 4, 15, 12, 16 ], "texture": "#texture" },
        "west":  { "uv": [ 15, 15, 16, 16 ], "texture": "#texture" },
        "east":  { "uv": [ 0, 15, 1, 16 ], "texture": "#texture" }
    }
},
{
    "from": [ 1, 0, 2 ],
    "to": [ 15, 1, 4 ],
    "faces": {
        "down":  { "uv": [ 15, 4, 1, 2 ], "texture": "#texture" },
        "up":    { "uv": [ 1, 2, 15, 4 ], "texture": "#texture" },
        "north": { "uv": [ 1, 15, 15, 16 ], "texture": "#texture" },
        "west":  { "uv": [ 2, 15, 4, 16 ], "texture": "#texture" },
        "east":  { "uv": [ 12, 15, 14, 16 ], "texture": "#texture" }
    }
},
{
    "from": [ 2, 0, 1 ],
    "to": [ 14, 1, 2 ],
    "faces": {
        "down":  { "uv": [ 14, 2, 2, 1 ], "texture": "#texture" },
        "up":    { "uv": [ 2, 1, 14, 2 ], "texture": "#texture" },
        "north": { "uv": [ 2, 15, 14, 16 ], "texture": "#texture" },
        "west":  { "uv": [ 1, 15, 2, 16 ], "texture": "#texture" },
        "east":  { "uv": [ 14, 15, 15, 16 ], "texture": "#texture" }
    }
},
{
    "from": [ 4, 0, 0 ],
    "to": [ 12, 1, 1 ],
    "faces": {
        "down":  { "uv": [ 12, 1, 4, 0 ], "texture": "#texture" },
        "up":    { "uv": [ 4, 0, 12, 1 ], "texture": "#texture" },
        "north": { "uv": [ 4, 15, 12, 16 ], "texture": "#texture" },
        "west":  { "uv": [ 0, 15, 1, 16 ], "texture": "#texture" },
        "east":  { "uv": [ 15, 15, 16, 16 ], "texture": "#texture" }
    }
},
{
    "from": [ 0, 1, 4 ],
    "to": [ 1, 15, 5 ],
    "faces": {
        "north": { "uv": [ 15, 1, 16, 15 ], "texture": "#texture" },
        "south": { "uv": [ 0, 1, 1, 15 ], "texture": "#texture" },
        "west":  { "uv": [ 4, 1, 5, 15 ], "texture": "#texture" },
        "east":  { "uv": [ 11, 1, 12, 15 ], "texture": "#texture" }
    }
},
{
    "from": [ 15, 1, 4 ],
    "to": [ 16, 15, 5 ],
    "faces": {
        "north": { "uv": [ 0, 1, 1, 15 ], "texture": "#texture" },
        "south": { "uv": [ 15, 1, 16, 15 ], "texture": "#texture" },
        "west":  { "uv": [ 4, 1, 5, 15 ], "texture": "#texture" },
        "east":  { "uv": [ 11, 1, 12, 15 ], "texture": "#texture" }
    }
},
{
    "from": [ 15, 1, 6.25 ],
    "to": [ 16, 15, 7.25 ],
    "faces": {
        "north": { "uv": [ 0, 1, 1, 15 ], "texture": "#texture" },
        "south": { "uv": [ 15, 1, 16, 15 ], "texture": "#texture" },
        "west":  { "uv": [ 6.25, 1, 7.25, 15 ], "texture": "#texture" },
        "east":  { "uv": [ 8.75, 1, 9.75, 15 ], "texture": "#texture" }
    }
},
{
    "from": [ 0, 1, 6.25 ],
    "to": [ 1, 15, 7.25 ],
    "faces": {
        "north": { "uv": [ 15, 1, 16, 15 ], "texture": "#texture" },
        "south": { "uv": [ 0, 1, 1, 15 ], "texture": "#texture" },
        "west":  { "uv": [ 6.25, 1, 7.25, 15 ], "texture": "#texture" },
        "east":  { "uv": [ 8.75, 1, 9.75, 15 ], "texture": "#texture" }
    }
},
{
    "from": [ 4, 1, 0 ],
    "to": [ 5, 15, 1 ],
    "faces": {
        "north": { "uv": [ 11, 1, 12, 15 ], "texture": "#texture" },
        "south": { "uv": [ 4, 1, 5, 15 ], "texture": "#texture" },
        "west":  { "uv": [ 0, 1, 1, 15 ], "texture": "#texture" },
        "east":  { "uv": [ 15, 1, 16, 15 ], "texture": "#texture" }
    }
},
{
    "from": [ 11, 1, 0 ],
    "to": [ 12, 15, 1 ],
    "faces": {
        "north": { "uv": [ 4, 1, 5, 15 ], "texture": "#texture" },
        "south": { "uv": [ 11, 1, 12, 15 ], "texture": "#texture" },
        "west":  { "uv": [ 0, 1, 1, 15 ], "texture": "#texture" },
        "east":  { "uv": [ 15, 1, 16, 15 ], "texture": "#texture" }
    }
},
{
    "from": [ 11, 1, 15 ],
    "to": [ 12, 15, 16 ],
    "faces": {
        "north": { "uv": [ 4, 1, 5, 15 ], "texture": "#texture" },
        "south": { "uv": [ 11, 1, 12, 15 ], "texture": "#texture" },
        "west":  { "uv": [ 15, 1, 16, 15 ], "texture": "#texture" },
        "east":  { "uv": [ 0, 1, 1, 15 ], "texture": "#texture" }
    }
},
{
    "from": [ 4, 1, 15 ],
    "to": [ 5, 15, 16 ],
    "faces": {
        "north": { "uv": [ 11, 1, 12, 15 ], "texture": "#texture" },
        "south": { "uv": [ 4, 1, 5, 15 ], "texture": "#texture" },
        "west":  { "uv": [ 15, 1, 16, 15 ], "texture": "#texture" },
        "east":  { "uv": [ 0, 1, 1, 15 ], "texture": "#texture" }
    }
},
{
    "from": [ 0, 1, 11 ],
    "to": [ 1, 15, 12 ],
    "faces": {
        "north": { "uv": [ 15, 1, 16, 15 ], "texture": "#texture" },
        "south": { "uv": [ 0, 1, 1, 15 ], "texture": "#texture" },
        "west":  { "uv": [ 11, 1, 12, 15 ], "texture": "#texture" },
        "east":  { "uv": [ 4, 1, 5, 15 ], "texture": "#texture" }
    }
},
{
    "from": [ 15, 1, 11 ],
    "to": [ 16, 15, 12 ],
    "faces": {
        "north": { "uv": [ 0, 1, 1, 15 ], "texture": "#texture" },
        "south": { "uv": [ 15, 1, 16, 15 ], "texture": "#texture" },
        "west":  { "uv": [ 11, 1, 12, 15 ], "texture": "#texture" },
        "east":  { "uv": [ 4, 1, 5, 15 ], "texture": "#texture" }
    }
},
{
    "from": [ 15, 1, 8.6875 ],
    "to": [ 16, 15, 9.6875 ],
    "faces": {
        "north": { "uv": [ 0, 1, 1, 15 ], "texture": "#texture" },
        "south": { "uv": [ 15, 1, 16, 15 ], "texture": "#texture" },
        "west":  { "uv": [ 8.6875, 1, 9.6875, 15 ], "texture": "#texture" },
        "east":  { "uv": [ 6.3125, 1, 7.3125, 15 ], "texture": "#texture" }
    }
},
{
    "from": [ 0, 1, 8.6875 ],
    "to": [ 1, 15, 9.6875 ],
    "faces": {
        "north": { "uv": [ 15, 1, 16, 15 ], "texture": "#texture" },
        "south": { "uv": [ 0, 1, 1, 15 ], "texture": "#texture" },
        "west":  { "uv": [ 8.6875, 1, 9.6875, 15 ], "texture": "#texture" },
        "east":  { "uv": [ 6.3125, 1, 7.3125, 15 ], "texture": "#texture" }
    }
},
{
    "from": [ 6.3125, 1, 15 ],
    "to": [ 7.3125, 15, 16 ],
    "faces": {
        "north": { "uv": [ 8.6875, 1, 9.6875, 15 ], "texture": "#texture" },
        "south": { "uv": [ 6.3125, 1, 7.3125, 15 ], "texture": "#texture" },
        "west":  { "uv": [ 15, 1, 16, 15 ], "texture": "#texture" },
        "east":  { "uv": [ 0, 1, 1, 15 ], "texture": "#texture" }
    }
},
{
    "from": [ 8.75, 1, 15 ],
    "to": [ 9.75, 15, 16 ],
    "faces": {
        "north": { "uv": [ 6.25, 1, 7.25, 15 ], "texture": "#texture" },
        "south": { "uv": [ 8.75, 1, 9.75, 15 ], "texture": "#texture" },
        "west":  { "uv": [ 15, 1, 16, 15 ], "texture": "#texture" },
        "east":  { "uv": [ 0, 1, 1, 15 ], "texture": "#texture" }
    }
},
{
    "from": [ 6.375, 1, 0 ],
    "to": [ 7.375, 15, 1 ],
    "faces": {
        "north": { "uv": [ 8.625, 1, 9.625, 15 ], "texture": "#texture" },
        "south": { "uv": [ 6.375, 1, 7.375, 15 ], "texture": "#texture" },
        "west":  { "uv": [ 0, 1, 1, 15 ], "texture": "#texture" },
        "east":  { "uv": [ 15, 1, 16, 15 ], "texture": "#texture" }
    }
},
{
    "from": [ 8.75, 1, 0 ],
    "to": [ 9.75, 15, 1 ],
    "faces": {
        "north": { "uv": [ 6.25, 1, 7.25, 15 ], "texture": "#texture" },
        "south": { "uv": [ 8.75, 1, 9.75, 15 ], "texture": "#texture" },
        "west":  { "uv": [ 0, 1, 1, 15 ], "texture": "#texture" },
        "east":  { "uv": [ 15, 1, 16, 15 ], "texture": "#texture" }
    }
},
{
    "from": [ 12.5, 1, 1 ],
    "to": [ 13.5, 15, 2 ],
    "faces": {
        "north": { "uv": [ 2.5, 1, 3.5, 15 ], "texture": "#texture" },
        "south": { "uv": [ 12.5, 1, 13.5, 15 ], "texture": "#texture" },
        "west":  { "uv": [ 1, 1, 2, 15 ], "texture": "#texture" },
        "east":  { "uv": [ 14, 1, 15, 15 ], "texture": "#texture" }
    }
},
{
    "from": [ 14, 1, 2.5 ],
    "to": [ 15, 15, 3.5 ],
    "faces": {
        "north": { "uv": [ 1, 1, 2, 15 ], "texture": "#texture" },
        "south": { "uv": [ 14, 1, 15, 15 ], "texture": "#texture" },
        "west":  { "uv": [ 2.5, 1, 3.5, 15 ], "texture": "#texture" },
        "east":  { "uv": [ 12.5, 1, 13.5, 15 ], "texture": "#texture" }
    }
},
{
    "from": [ 2.5, 1, 1 ],
    "to": [ 3.5, 15, 2 ],
    "faces": {
        "north": { "uv": [ 12.5, 1, 13.5, 15 ], "texture": "#texture" },
        "south": { "uv": [ 2.5, 1, 3.5, 15 ], "texture": "#texture" },
        "west":  { "uv": [ 1, 1, 2, 15 ], "texture": "#texture" },
        "east":  { "uv": [ 14, 1, 15, 15 ], "texture": "#texture" }
    }
},
{
    "from": [ 1, 1, 2.5 ],
    "to": [ 2, 15, 3.5 ],
    "faces": {
        "north": { "uv": [ 14, 1, 15, 15 ], "texture": "#texture" },
        "south": { "uv": [ 1, 1, 2, 15 ], "texture": "#texture" },
        "west":  { "uv": [ 2.5, 1, 3.5, 15 ], "texture": "#texture" },
        "east":  { "uv": [ 12.5, 1, 13.5, 15 ], "texture": "#texture" }
    }
},
{
    "from": [ 1, 1, 12.5 ],
    "to": [ 2, 15, 13.5 ],
    "faces": {
        "north": { "uv": [ 14, 1, 15, 15 ], "texture": "#texture" },
        "south": { "uv": [ 1, 1, 2, 15 ], "texture": "#texture" },
        "west":  { "uv": [ 12.5, 1, 13.5, 15 ], "texture": "#texture" },
        "east":  { "uv": [ 2.5, 1, 3.5, 15 ], "texture": "#texture" }
    }
},
{
    "from": [ 2.5, 1, 14 ],
    "to": [ 3.5, 15, 15 ],
    "faces": {
        "north": { "uv": [ 12.5, 1, 13.5, 15 ], "texture": "#texture" },
        "south": { "uv": [ 2.5, 1, 3.5, 15 ], "texture": "#texture" },
        "west":  { "uv": [ 14, 1, 15, 15 ], "texture": "#texture" },
        "east":  { "uv": [ 1, 1, 2, 15 ], "texture": "#texture" }
    }
},
{
    "from": [ 12.5, 1, 14 ],
    "to": [ 13.5, 15, 15 ],
    "faces": {
        "north": { "uv": [ 2.5, 1, 3.5, 15 ], "texture": "#texture" },
        "south": { "uv": [ 12.5, 1, 13.5, 15 ], "texture": "#texture" },
        "west":  { "uv": [ 14, 1, 15, 15 ], "texture": "#texture" },
        "east":  { "uv": [ 1, 1, 2, 15 ], "texture": "#texture" }
    }
},
{
    "from": [ 14, 1, 12.5 ],
    "to": [ 15, 15, 13.5 ],
    "faces": {
        "north": { "uv": [ 1, 1, 2, 15 ], "texture": "#texture" },
        "south": { "uv": [ 14, 1, 15, 15 ], "texture": "#texture" },
        "west":  { "uv": [ 12.5, 1, 13.5, 15 ], "texture": "#texture" },
        "east":  { "uv": [ 2.5, 1, 3.5, 15 ], "texture": "#texture" }
    }
},
{
    "from": [ 0, 14.9375, 4 ],
    "to": [ 1.5, 15.9375, 12 ],
    "faces": {
        "down":  { "uv": [ 0, 4, 1.5, 12 ], "texture": "#texture" },
        "up":    { "uv": [ 0, 4, 1.5, 12 ], "texture": "#texture" },
        "north": { "uv": [ 0, 0, 1.5, 1 ], "texture": "#texture" },
        "south": { "uv": [ 0, 0, 1.5, 1 ], "texture": "#texture" },
        "west":  { "uv": [ 4, 0, 12, 1 ], "texture": "#texture" },
        "east":  { "uv": [ 4, 0, 12, 1 ], "texture": "#texture" }
    }
},
{
    "from": [ 14.5, 14.9375, 4 ],
    "to": [ 16, 15.9375, 12 ],
    "faces": {
        "down":  { "uv": [ 14.5, 4, 16, 12 ], "texture": "#texture" },
        "up":    { "uv": [ 12, 3.5, 13.5, 11.5 ], "texture": "#texture" },
        "north": { "uv": [ 14.5, 0.0625, 16, 1.0625 ], "texture": "#texture" },
        "south": { "uv": [ 14.5, 0.0625, 16, 1.0625 ], "texture": "#texture" },
        "west":  { "uv": [ 4, 0.0625, 12, 1.0625 ], "texture": "#texture" },
        "east":  { "uv": [ 4, 0.0625, 12, 1.0625 ], "texture": "#texture" }
    }
},
{
    "from": [ 1, 14.9375, 12 ],
    "to": [ 2.5, 15.9375, 14 ],
    "faces": {
        "down":  { "uv": [ 15.5, 14, 14, 12 ], "texture": "#texture" },
        "up":    { "uv": [ 0.5, 12, 2, 14 ], "texture": "#texture" },
        "north": { "uv": [ 14, 0.0625, 15.5, 1.0625 ], "texture": "#texture" },
        "south": { "uv": [ 0.5, 0.0625, 2, 1.0625 ], "texture": "#texture" },
        "west":  { "uv": [ 12, 0.0625, 14, 1.0625 ], "texture": "#texture" },
        "east":  { "uv": [ 2, 0.0625, 4, 1.0625 ], "texture": "#texture" }
    }
},
{
    "from": [ 2, 14.9375, 14 ],
    "to": [ 4, 15.9375, 15 ],
    "faces": {
        "down":  { "uv": [ 2, 14, 4, 15 ], "texture": "#texture" },
        "up":    { "uv": [ 2, 14, 4, 15 ], "texture": "#texture" },
        "north": { "uv": [ 2, 0.0625, 4, 1.0625 ], "texture": "#texture" },
        "south": { "uv": [ 2, 0.0625, 4, 1.0625 ], "texture": "#texture" },
        "west":  { "uv": [ 14, 0.0625, 15, 1.0625 ], "texture": "#texture" },
        "east":  { "uv": [ 14, 0.0625, 15, 1.0625 ], "texture": "#texture" }
    }
},
{
    "from": [ 12, 14.9375, 14 ],
    "to": [ 14, 15.9375, 15 ],
    "faces": {
        "down":  { "uv": [ 12, 14, 14, 15 ], "texture": "#texture" },
        "up":    { "uv": [ 12, 14, 14, 15 ], "texture": "#texture" },
        "north": { "uv": [ 12, 0.0625, 14, 1.0625 ], "texture": "#texture" },
        "south": { "uv": [ 12, 0.0625, 14, 1.0625 ], "texture": "#texture" },
        "west":  { "uv": [ 14, 0.0625, 15, 1.0625 ], "texture": "#texture" },
        "east":  { "uv": [ 14, 0.0625, 15, 1.0625 ], "texture": "#texture" }
    }
},
{
    "from": [ 12, 14.9375, 1 ],
    "to": [ 14, 15.9375, 2 ],
    "faces": {
        "down":  { "uv": [ 12, 1, 14, 2 ], "texture": "#texture" },
        "up":    { "uv": [ 12, 1, 14, 2 ], "texture": "#texture" },
        "north": { "uv": [ 12, 0.0625, 14, 1.0625 ], "texture": "#texture" },
        "south": { "uv": [ 12, 0.0625, 14, 1.0625 ], "texture": "#texture" },
        "west":  { "uv": [ 1, 0.0625, 2, 1.0625 ], "texture": "#texture" },
        "east":  { "uv": [ 1, 0.0625, 2, 1.0625 ], "texture": "#texture" }
    }
},
{
    "from": [ 2, 14.9375, 1 ],
    "to": [ 4, 15.9375, 2 ],
    "faces": {
        "down":  { "uv": [ 2, 1, 4, 2 ], "texture": "#texture" },
        "up":    { "uv": [ 2, 1, 4, 2 ], "texture": "#texture" },
        "north": { "uv": [ 2, 0.0625, 4, 1.0625 ], "texture": "#texture" },
        "south": { "uv": [ 2, 0.0625, 4, 1.0625 ], "texture": "#texture" },
        "west":  { "uv": [ 1, 0.0625, 2, 1.0625 ], "texture": "#texture" },
        "east":  { "uv": [ 1, 0.0625, 2, 1.0625 ], "texture": "#texture" }
    }
},
{
    "from": [ 1, 14.9375, 2 ],
    "to": [ 2.5, 15.9375, 4 ],
    "faces": {
        "down":  { "uv": [ 15.5, 4, 14, 2 ], "texture": "#texture" },
        "up":    { "uv": [ 0.5, 2, 2, 4 ], "texture": "#texture" },
        "north": { "uv": [ 14, 0.0625, 15.5, 1.0625 ], "texture": "#texture" },
        "south": { "uv": [ 0.5, 0.0625, 2, 1.0625 ], "texture": "#texture" },
        "west":  { "uv": [ 2, 0.0625, 4, 1.0625 ], "texture": "#texture" },
        "east":  { "uv": [ 12, 0.0625, 14, 1.0625 ], "texture": "#texture" }
    }
},
{
    "from": [ 13.5, 14.9375, 2 ],
    "to": [ 15, 15.9375, 4 ],
    "faces": {
        "down":  { "uv": [ 2, 4, 0.5, 2 ], "texture": "#texture" },
        "up":    { "uv": [ 14, 2, 15.5, 4 ], "texture": "#texture" },
        "north": { "uv": [ 0.5, 0.0625, 2, 1.0625 ], "texture": "#texture" },
        "south": { "uv": [ 14, 0.0625, 15.5, 1.0625 ], "texture": "#texture" },
        "west":  { "uv": [ 2, 0.0625, 4, 1.0625 ], "texture": "#texture" },
        "east":  { "uv": [ 12, 0.0625, 14, 1.0625 ], "texture": "#texture" }
    }
},
{
    "from": [ 4, 14.9375, 14.5 ],
    "to": [ 12, 15.9375, 16 ],
    "faces": {
        "down":  { "uv": [ 4, 14.5, 12, 16 ], "texture": "#texture" },
        "up":    { "uv": [ 4, 14.5, 12, 16 ], "texture": "#texture" },
        "north": { "uv": [ 4, 0, 12, 1 ], "texture": "#texture" },
        "south": { "uv": [ 4, 0, 12, 1 ], "texture": "#texture" },
        "west":  { "uv": [ 14.5, 0, 16, 1 ], "texture": "#texture" },
        "east":  { "uv": [ 14.5, 0, 16, 1 ], "texture": "#texture" }
    }
},
{
    "from": [ 4, 14.9375, 0 ],
    "to": [ 12, 15.9375, 1.5 ],
    "faces": {
        "down":  { "uv": [ 4, 0, 12, 1.5 ], "texture": "#texture" },
        "up":    { "uv": [ 4, 0, 12, 1.5 ], "texture": "#texture" },
        "north": { "uv": [ 4, 0, 12, 1 ], "texture": "#texture" },
        "south": { "uv": [ 4, 0, 12, 1 ], "texture": "#texture" },
        "west":  { "uv": [ 0, 0, 1.5, 1 ], "texture": "#texture" },
        "east":  { "uv": [ 0, 0, 1.5, 1 ], "texture": "#texture" }
    }
},
{
    "from": [ 13.5, 14.9375, 12 ],
    "to": [ 15, 15.9375, 14 ],
    "faces": {
        "down":  { "uv": [ 2, 14, 0.5, 12 ], "texture": "#texture" },
        "up":    { "uv": [ 14, 12, 15.5, 14 ], "texture": "#texture" },
        "north": { "uv": [ 0.5, 0.0625, 2, 1.0625 ], "texture": "#texture" },
        "south": { "uv": [ 14, 0.0625, 15.5, 1.0625 ], "texture": "#texture" },
        "west":  { "uv": [ 12, 0.0625, 14, 1.0625 ], "texture": "#texture" },
        "east":  { "uv": [ 2, 0.0625, 4, 1.0625 ], "texture": "#texture" }
    }
},
{
    "from": [ 2.5, 14.9375, 2 ],
    "to": [ 4, 15.9375, 2.5 ],
    "faces": {
        "down":  { "uv": [ 2.5, 2, 4, 2.5 ], "texture": "#texture" },
        "up":    { "uv": [ 2.5, 2, 4, 2.5 ], "texture": "#texture" },
        "north": { "uv": [ 2.5, 0.0625, 4, 1.0625 ], "texture": "#texture" },
        "south": { "uv": [ 2.5, 0.0625, 4, 1.0625 ], "texture": "#texture" },
        "west":  { "uv": [ 2, 0.0625, 2.5, 1.0625 ], "texture": "#texture" },
        "east":  { "uv": [ 2, 0.0625, 2.5, 1.0625 ], "texture": "#texture" }
    }
},
{
    "from": [ 12, 14.9375, 2 ],
    "to": [ 13.5, 15.9375, 2.5 ],
    "faces": {
        "down":  { "uv": [ 12, 2, 13.5, 2.5 ], "texture": "#texture" },
        "up":    { "uv": [ 12, 2, 13.5, 2.5 ], "texture": "#texture" },
        "north": { "uv": [ 12, 0.0625, 13.5, 1.0625 ], "texture": "#texture" },
        "south": { "uv": [ 12, 0.0625, 13.5, 1.0625 ], "texture": "#texture" },
        "west":  { "uv": [ 2, 0.0625, 2.5, 1.0625 ], "texture": "#texture" },
        "east":  { "uv": [ 2, 0.0625, 2.5, 1.0625 ], "texture": "#texture" }
    }
},
{
    "from": [ 12, 14.9375, 13.5 ],
    "to": [ 13.5, 15.9375, 14 ],
    "faces": {
        "down":  { "uv": [ 12, 13.5, 13.5, 14 ], "texture": "#texture" },
        "up":    { "uv": [ 12, 13.5, 13.5, 14 ], "texture": "#texture" },
        "north": { "uv": [ 12, 0.0625, 13.5, 1.0625 ], "texture": "#texture" },
        "south": { "uv": [ 12, 0.0625, 13.5, 1.0625 ], "texture": "#texture" },
        "west":  { "uv": [ 13.5, 0.0625, 14, 1.0625 ], "texture": "#texture" },
        "east":  { "uv": [ 13.5, 0.0625, 14, 1.0625 ], "texture": "#texture" }
    }
},
{
    "from": [ 2.5, 14.9375, 13.5 ],
    "to": [ 4, 15.9375, 14 ],
    "faces": {
        "down":  { "uv": [ 2.5, 13.5, 4, 14 ], "texture": "#texture" },
        "up":    { "uv": [ 2.5, 13.5, 4, 14 ], "texture": "#texture" },
        "north": { "uv": [ 2.5, 0.0625, 4, 1.0625 ], "texture": "#texture" },
        "south": { "uv": [ 2.5, 0.0625, 4, 1.0625 ], "texture": "#texture" },
        "west":  { "uv": [ 13.5, 0.0625, 14, 1.0625 ], "texture": "#texture" },
        "east":  { "uv": [ 13.5, 0.0625, 14, 1.0625 ], "texture": "#texture" }
    }
},
{
    "from": [ 4, 1.4375, 2 ],
    "to": [ 10, 1.5, 6.5 ],
    "faces": {
        "up":    { "uv": [ 4, 2, 10, 6.5 ], "texture": "#trash" }
    }
},
{
    "from": [ 2, 1.4375, 7 ],
    "to": [ 6, 1.5, 10 ],
    "faces": {
        "up":    { "uv": [ 2, 7, 6, 10 ], "texture": "#trash" }
    }
},
{
    "from": [ 10, 1.4375, 5 ],
    "to": [ 13.5, 1.5, 9.5 ],
    "rotation": { "origin": [ 10, 1.4375, 5 ], "axis": "y", "angle": 22.5 },
    "faces": {
        "up":    { "uv": [ 8, 7.5, 11.5, 12 ], "texture": "#trash" }
    }
},
{
    "from": [ 7, 1.4375, 7 ],
    "to": [ 10.5, 1.5, 10 ],
    "faces": {
        "up":    { "uv": [ 7, 7, 10.5, 10 ], "texture": "#trash" }
    }
},
{
    "from": [ 4.5, 1.4375, 10.5 ],
    "to": [ 9.5, 1.5, 13.5 ],
    "faces": {
        "up":    { "uv": [ 4.5, 10.5, 9.5, 13.5 ], "texture": "#trash" }
    }
},
{
    "from": [ 3, 1, 4 ],
    "to": [ 8, 2, 10 ],
    "faces": {
        "up":    { "uv": [ 4, 3, 9, 9 ], "texture": "#trash" },
        "north": { "uv": [ 3, 13.5, 8, 14.5 ], "texture": "#trash" },
        "south": { "uv": [ 3, 13.5, 8, 14.5 ], "texture": "#trash" },
        "west":  { "uv": [ 4, 13.5, 10, 14.5 ], "texture": "#trash" },
        "east":  { "uv": [ 4, 13.5, 10, 14.5 ], "texture": "#trash" }
    }
},
{
    "from": [ 3.5, 1.5, 6 ],
    "to": [ 12.5, 2.5, 12.5 ],
    "faces": {
        "up":    { "uv": [ 0.5, 1.5, 9.5, 8 ], "texture": "#trash" },
        "north": { "uv": [ 3.5, 13.5, 12.5, 14.5 ], "texture": "#trash" },
        "south": { "uv": [ 3.5, 13.5, 12.5, 14.5 ], "texture": "#trash" },
        "west":  { "uv": [ 6.5, 13.5, 13, 14.5 ], "texture": "#trash" },
        "east":  { "uv": [ 6.5, 13.5, 13, 14.5 ], "texture": "#trash" }
    }
},
{
    "from": [ 1.5, 0.75, 2.5 ],
    "to": [ 14.5, 2.25, 14 ],
    "faces": {
        "down":  { "uv": [ 14.5, 14, 1.5, 2.5 ], "texture": "#trash" },
        "up":    { "uv": [ 1.5, 2.5, 14.5, 14 ], "texture": "#trash" },
        "north": { "uv": [ 1.5, 13.75, 14.5, 15.25 ], "texture": "#trash" },
        "south": { "uv": [ 1.5, 13.75, 14.5, 15.25 ], "texture": "#trash" },
        "west":  { "uv": [ 2.5, 13.75, 14, 15.25 ], "texture": "#trash" },
        "east":  { "uv": [ 2, 13.75, 13.5, 15.25 ], "texture": "#trash" }
    }
},
{
    "from": [ 4, 0.75, 1.5 ],
    "to": [ 12, 2.25, 2.5 ],
    "faces": {
        "up":    { "uv": [ 4, 1.5, 12, 2.5 ], "texture": "#trash" },
        "north": { "uv": [ 4, 13.75, 12, 15.25 ], "texture": "#trash" },
        "west":  { "uv": [ 1.5, 13.75, 2.5, 15.25 ], "texture": "#trash" },
        "east":  { "uv": [ 13.5, 13.75, 14.5, 15.25 ], "texture": "#trash" }
    }
},
{
    "from": [ 4, 0.75, 14 ],
    "to": [ 12, 2.25, 15 ],
    "faces": {
        "up":    { "uv": [ 4, 14, 12, 15 ], "texture": "#trash" },
        "south": { "uv": [ 4, 13.75, 12, 15.25 ], "texture": "#trash" },
        "west":  { "uv": [ 14, 13.75, 15, 15.25 ], "texture": "#trash" },
        "east":  { "uv": [ 1, 13.75, 2, 15.25 ], "texture": "#trash" }
    }
}
]
}