{
"__comment": "Designed by Tomaxed44 with BDcraft Cubik PRO 0.95 Beta - http://bdcraft.net",
"textures": {
    "particle": "items/container",
    "texture": "items/container"
},
"elements": [ 
{
    "from": [ 2, 0, 7 ],
    "to": [ 7, 4, 7.5 ],
    "faces": {
        "down":  { "uv": [ 0, 11.5, 5, 12 ], "texture": "#texture" },
        "up":    { "uv": [ 0, 11.5, 5, 12 ], "texture": "#texture" },
        "north": { "uv": [ 0, 12, 5, 16 ], "texture": "#texture" },
        "south": { "uv": [ 0, 12, 5, 16 ], "texture": "#texture" },
        "west":  { "uv": [ 4, 10.5, 4.5, 14.5 ], "texture": "#texture" },
        "east":  { "uv": [ 4, 10.5, 4.5, 14.5 ], "texture": "#texture" }
    }
},
{
    "from": [ 2, 0, 11.5 ],
    "to": [ 7, 4, 12 ],
    "faces": {
        "down":  { "uv": [ 1, 11.5, 6, 12 ], "texture": "#texture" },
        "up":    { "uv": [ 1, 11.5, 6, 12 ], "texture": "#texture" },
        "north": { "uv": [ 0.5, 12, 5.5, 16 ], "texture": "#texture" },
        "south": { "uv": [ 0.5, 12, 5.5, 16 ], "texture": "#texture" },
        "west":  { "uv": [ 3.5, 11.5, 4, 15.5 ], "texture": "#texture" },
        "east":  { "uv": [ 3.5, 11.5, 4, 15.5 ], "texture": "#texture" }
    }
},
{
    "from": [ 2, 0, 7.5 ],
    "to": [ 2.5, 4, 11.5 ],
    "faces": {
        "down":  { "uv": [ 1, 9.5, 1.5, 13.5 ], "texture": "#texture" },
        "up":    { "uv": [ 1, 9.5, 1.5, 13.5 ], "texture": "#texture" },
        "north": { "uv": [ 2, 12, 2.5, 16 ], "texture": "#texture" },
        "south": { "uv": [ 2, 12, 2.5, 16 ], "texture": "#texture" },
        "west":  { "uv": [ 0, 12, 4, 16 ], "texture": "#texture" },
        "east":  { "uv": [ 0, 12, 4, 16 ], "texture": "#texture" }
    }
},
{
    "from": [ 6.5, 0, 7.5 ],
    "to": [ 7, 4, 11.5 ],
    "faces": {
        "down":  { "uv": [ 3, 10.5, 3.5, 14.5 ], "texture": "#texture" },
        "up":    { "uv": [ 3, 10.5, 3.5, 14.5 ], "texture": "#texture" },
        "north": { "uv": [ 4.5, 12, 5, 16 ], "texture": "#texture" },
        "south": { "uv": [ 4.5, 12, 5, 16 ], "texture": "#texture" },
        "west":  { "uv": [ 1.5, 10.5, 5.5, 14.5 ], "texture": "#texture" },
        "east":  { "uv": [ 1.5, 10.5, 5.5, 14.5 ], "texture": "#texture" }
    }
},
{
    "from": [ 2.5, 0, 7.5 ],
    "to": [ 6.5, 0.5, 11.5 ],
    "faces": {
        "down":  { "uv": [ 0, 10.5, 4, 14.5 ], "texture": "#texture" },
        "up":    { "uv": [ 0, 10.5, 4, 14.5 ], "texture": "#texture" },
        "north": { "uv": [ 1.5, 15.5, 5.5, 16 ], "texture": "#texture" },
        "south": { "uv": [ 1.5, 15.5, 5.5, 16 ], "texture": "#texture" },
        "west":  { "uv": [ 1, 14.5, 5, 15 ], "texture": "#texture" },
        "east":  { "uv": [ 1, 14.5, 5, 15 ], "texture": "#texture" }
    }
},
{
    "from": [ 4, 0, 7.5 ],
    "to": [ 5, 3.5, 8.5 ],
    "rotation": { "origin": [ 4, 3.5, 7.5 ], "axis": "x", "angle": -22.5 },
    "faces": {
        "down":  { "uv": [ 13.5, 5, 14.5, 6 ], "texture": "#texture" },
        "up":    { "uv": [ 13.5, 5, 14.5, 6 ], "texture": "#texture" },
        "north": { "uv": [ 13.5, 4, 14.5, 7.5 ], "texture": "#texture" },
        "south": { "uv": [ 13.5, 4, 14.5, 7.5 ], "texture": "#texture" },
        "west":  { "uv": [ 14, 4, 15, 7.5 ], "texture": "#texture" },
        "east":  { "uv": [ 14, 4, 15, 7.5 ], "texture": "#texture" }
    }
},
{
    "from": [ 6.5625, 0.0625, 9 ],
    "to": [ 7.0625, 5.0625, 9.5 ],
    "rotation": { "origin": [ 6.5625, 5.0625, 9 ], "axis": "z", "angle": -22.5 },
    "faces": {
        "down":  { "uv": [ 13.5, 5, 14.5, 6 ], "texture": "#texture" },
        "up":    { "uv": [ 13.5, 5, 14.5, 6 ], "texture": "#texture" },
        "north": { "uv": [ 13.5, 4, 14.5, 7.5 ], "texture": "#texture" },
        "south": { "uv": [ 13.5, 4, 14.5, 7.5 ], "texture": "#texture" },
        "west":  { "uv": [ 14, 4, 15, 7.5 ], "texture": "#texture" },
        "east":  { "uv": [ 14, 4, 15, 7.5 ], "texture": "#texture" }
    }
},
{
    "from": [ 2.8125, 0.1875, 11 ],
    "to": [ 3.3125, 5.1875, 11.5 ],
    "rotation": { "origin": [ 2.8125, 5.1875, 11 ], "axis": "x", "angle": 22.5 },
    "faces": {
        "down":  { "uv": [ 13.5, 5, 14.5, 6 ], "texture": "#texture" },
        "up":    { "uv": [ 13.5, 5, 14.5, 6 ], "texture": "#texture" },
        "north": { "uv": [ 13.5, 4, 14.5, 7.5 ], "texture": "#texture" },
        "south": { "uv": [ 13.5, 4, 14.5, 7.5 ], "texture": "#texture" },
        "west":  { "uv": [ 14, 4, 15, 7.5 ], "texture": "#texture" },
        "east":  { "uv": [ 14, 4, 15, 7.5 ], "texture": "#texture" }
    }
}
]
}