{
"__comment": "Designed by tomaxed with Cubik",
"textures": {
    "particle": "items/container",
    "texture": "items/container"
},
"elements": [ 
{
    "from": [ 3, 0, 2 ],
    "to": [ 9.5, 3, 7 ],
    "faces": {
        "down":  { "uv": [ 5, 0, 12.5, 8 ], "texture": "#texture" },
        "up":    { "uv": [ 5, 0, 12.5, 8 ], "texture": "#texture" },
        "north": { "uv": [ 5, 1.5, 12.5, 5.5 ], "texture": "#texture" },
        "south": { "uv": [ 5, 1.5, 12.5, 5.5 ], "texture": "#texture" },
        "west":  { "uv": [ 5, 1.5, 12.5, 5.5 ], "texture": "#texture" },
        "east":  { "uv": [ 5, 1.5, 12.5, 5.5 ], "texture": "#texture" }
    }
},
{
    "from": [ 6, 0, 9.5 ],
    "to": [ 11, 2.5, 14.5 ],
    "rotation": { "origin": [ 6, 0, 9.5 ], "axis": "y", "angle": 22.5 },
    "faces": {
        "down":  { "uv": [ 7.5, 9.5, 12.5, 14.5 ], "texture": "#texture" },
        "up":    { "uv": [ 8.5, 10, 13.5, 15 ], "texture": "#texture" },
        "north": { "uv": [ 8, 12, 13, 14.5 ], "texture": "#texture" },
        "south": { "uv": [ 9.5, 12, 14.5, 14.5 ], "texture": "#texture" },
        "west":  { "uv": [ 8, 11.5, 13, 14 ], "texture": "#texture" },
        "east":  { "uv": [ 9.5, 13.5, 14.5, 16 ], "texture": "#texture" }
    }
}
]
}