{
"__comment": "Designed by tomaxed with Cubik",
"textures": {
    "particle": "items/container",
    "texture": "items/container"
},
"elements": [ 
{
    "from": [ 4, 0, 6 ],
    "to": [ 11.5, 2.5, 10 ],
    "faces": {
        "down":  { "uv": [ 7, 10.5, 14.5, 14.5 ], "texture": "#texture" },
        "up":    { "uv": [ 7, 10.5, 14.5, 14.5 ], "texture": "#texture" },
        "north": { "uv": [ 6.5, 12.5, 14, 15 ], "texture": "#texture" },
        "south": { "uv": [ 6.5, 12.5, 14, 15 ], "texture": "#texture" },
        "west":  { "uv": [ 7, 13.5, 11, 16 ], "texture": "#texture" },
        "east":  { "uv": [ 7, 13.5, 11, 16 ], "texture": "#texture" }
    }
},
{
    "from": [ 3.75, 2.5, 5.75 ],
    "to": [ 11.75, 3.5, 10.25 ],
    "faces": {
        "down":  { "uv": [ 7, 11, 15, 15.5 ], "texture": "#texture" },
        "up":    { "uv": [ 7, 11, 15, 15.5 ], "texture": "#texture" },
        "north": { "uv": [ 7.5, 12, 15.5, 13 ], "texture": "#texture" },
        "south": { "uv": [ 7.5, 12, 15.5, 13 ], "texture": "#texture" },
        "west":  { "uv": [ 8.5, 11.5, 13, 12.5 ], "texture": "#texture" },
        "east":  { "uv": [ 8.5, 11.5, 13, 12.5 ], "texture": "#texture" }
    }
}
]
}