{
"__comment": "Designed by tomaxed with Cubik",
"textures": {
    "particle": "items/container",
    "texture": "items/container"
},
"elements": [ 
{
    "from": [ 4, 0, 6 ],
    "to": [ 11.5, 2.5, 10 ],
    "rotation": { "origin": [ 4, 0, 6 ], "axis": "y", "angle": 45 },
    "faces": {
        "down":  { "uv": [ 5, 2, 12.5, 6 ], "texture": "#texture" },
        "up":    { "uv": [ 5, 2, 12.5, 6 ], "texture": "#texture" },
        "north": { "uv": [ 5, 3.5, 12.5, 6 ], "texture": "#texture" },
        "south": { "uv": [ 5, 3.5, 12.5, 6 ], "texture": "#texture" },
        "west":  { "uv": [ 6, 4, 10, 6.5 ], "texture": "#texture" },
        "east":  { "uv": [ 6, 4, 10, 6.5 ], "texture": "#texture" }
    }
},
{
    "from": [ 3.6875, 2.5, 6 ],
    "to": [ 11.6875, 3.5, 10.5 ],
    "rotation": { "origin": [ 3.6875, 2.5, 6 ], "axis": "y", "angle": 45 },
    "faces": {
        "down":  { "uv": [ 5, 2, 12.5, 6.5 ], "texture": "#texture" },
        "up":    { "uv": [ 5, 2, 12.5, 6.5 ], "texture": "#texture" },
        "north": { "uv": [ 5, 5, 12.5, 6 ], "texture": "#texture" },
        "south": { "uv": [ 5, 5, 12.5, 6 ], "texture": "#texture" },
        "west":  { "uv": [ 6.5, 5, 11, 6 ], "texture": "#texture" },
        "east":  { "uv": [ 6.5, 5, 11, 6 ], "texture": "#texture" }
    }
},
{
    "from": [ 10, 0, 9 ],
    "to": [ 15, 3, 14 ],
    "rotation": { "origin": [ 10, 0, 9 ], "axis": "y", "angle": -22.5 },
    "faces": {
        "down":  { "uv": [ 0.5, 10, 5.5, 15 ], "texture": "#texture" },
        "up":    { "uv": [ 0.5, 10, 5.5, 15 ], "texture": "#texture" },
        "north": { "uv": [ 0.5, 10.5, 5.5, 13.5 ], "texture": "#texture" },
        "south": { "uv": [ 0.5, 10.5, 5.5, 13.5 ], "texture": "#texture" },
        "west":  { "uv": [ 0.5, 11, 5.5, 14 ], "texture": "#texture" },
        "east":  { "uv": [ 0.5, 11, 5.5, 14 ], "texture": "#texture" }
    }
},
{
    "from": [ 2.5, 0, 10 ],
    "to": [ 5, 1, 13.5 ],
    "faces": {
        "down":  { "uv": [ 13, 3.5, 16, 7.5 ], "texture": "#texture" },
        "up":    { "uv": [ 13, 3.5, 16, 7.5 ], "texture": "#texture" },
        "north": { "uv": [ 13, 4, 15.5, 5.5 ], "texture": "#texture" },
        "south": { "uv": [ 13, 4, 15.5, 5.5 ], "texture": "#texture" },
        "west":  { "uv": [ 13, 4.5, 16, 6 ], "texture": "#texture" },
        "east":  { "uv": [ 13, 4.5, 16, 6 ], "texture": "#texture" }
    }
}
]
}