{
"__comment": "Designed by Tomaxed44 with BDcraft Cubik PRO 0.95 Beta - http://bdcraft.net",
"textures": {
    "particle": "items/container",
    "texture": "items/container"
},
"elements": [ 
{
    "from": [ 1, 0, 2 ],
    "to": [ 12, 4.5, 2.5 ],
    "faces": {
        "down":  { "uv": [ 6, 11, 16, 11.5 ], "texture": "#texture" },
        "up":    { "uv": [ 6, 11, 16, 11.5 ], "texture": "#texture" },
        "north": { "uv": [ 6, 11.5, 16, 16 ], "texture": "#texture" },
        "south": { "uv": [ 6, 11.5, 16, 16 ], "texture": "#texture" },
        "west":  { "uv": [ 7, 9.5, 7.5, 14 ], "texture": "#texture" },
        "east":  { "uv": [ 7, 9.5, 7.5, 14 ], "texture": "#texture" }
    }
},
{
    "from": [ 1, 0, 12 ],
    "to": [ 12, 4.5, 12.5 ],
    "faces": {
        "down":  { "uv": [ 6, 12, 16, 12.5 ], "texture": "#texture" },
        "up":    { "uv": [ 6, 12, 16, 12.5 ], "texture": "#texture" },
        "north": { "uv": [ 6, 11.5, 16, 16 ], "texture": "#texture" },
        "south": { "uv": [ 6, 9.5, 16, 14 ], "texture": "#texture" },
        "west":  { "uv": [ 12, 11.5, 12.5, 16 ], "texture": "#texture" },
        "east":  { "uv": [ 12, 11.5, 12.5, 16 ], "texture": "#texture" }
    }
},
{
    "from": [ 11.5, 0, 2.5 ],
    "to": [ 12, 4.5, 12 ],
    "faces": {
        "down":  { "uv": [ 12, 8, 12.5, 16 ], "texture": "#texture" },
        "up":    { "uv": [ 12, 8, 12.5, 16 ], "texture": "#texture" },
        "west":  { "uv": [ 6.5, 11.5, 16, 16 ], "texture": "#texture" },
        "east":  { "uv": [ 6.5, 11.5, 16, 16 ], "texture": "#texture" }
    }
},
{
    "from": [ 1, 0, 2.5 ],
    "to": [ 1.5, 4.5, 12 ],
    "faces": {
        "down":  { "uv": [ 11.5, 8, 12, 16 ], "texture": "#texture" },
        "up":    { "uv": [ 11.5, 8, 12, 16 ], "texture": "#texture" },
        "west":  { "uv": [ 6.5, 11.5, 16, 16 ], "texture": "#texture" },
        "east":  { "uv": [ 6.5, 11.5, 16, 16 ], "texture": "#texture" }
    }
},
{
    "from": [ 1.5, 0, 2.5 ],
    "to": [ 11.5, 0.5, 12 ],
    "faces": {
        "down":  { "uv": [ 6, 8, 16, 16 ], "texture": "#texture" },
        "up":    { "uv": [ 6, 8, 16, 16 ], "texture": "#texture" }
    }
},
{
    "from": [ 1, 4, 2 ],
    "to": [ 6.5, 4.5, 12.5 ],
    "rotation": { "origin": [ 1, 4.5, 2 ], "axis": "z", "angle": 45 },
    "faces": {
        "down":  { "uv": [ 8, 8, 12.5, 16 ], "texture": "#texture" },
        "up":    { "uv": [ 8, 8, 12.5, 16 ], "texture": "#texture" },
        "north": { "uv": [ 10.5, 11.5, 16, 12 ], "texture": "#texture" },
        "south": { "uv": [ 10.5, 11.5, 16, 12 ], "texture": "#texture" },
        "west":  { "uv": [ 6, 11.5, 16, 12 ], "texture": "#texture" },
        "east":  { "uv": [ 6, 11.5, 16, 12 ], "texture": "#texture" }
    }
},
{
    "from": [ 7.4375, 5.9375, 2 ],
    "to": [ 12.4375, 6.4375, 12.5 ],
    "rotation": { "origin": [ 7.4375, 6.4375, 2 ], "axis": "z", "angle": -22.5 },
    "faces": {
        "down":  { "uv": [ 7.5, 8, 12, 16 ], "texture": "#texture" },
        "up":    { "uv": [ 7.5, 8, 12, 16 ], "texture": "#texture" },
        "north": { "uv": [ 7.4375, 9.5625, 12.4375, 10.0625 ], "texture": "#texture" },
        "south": { "uv": [ 7.4375, 9.5625, 12.4375, 10.0625 ], "texture": "#texture" },
        "west":  { "uv": [ 6, 9.5, 16, 10 ], "texture": "#texture" },
        "east":  { "uv": [ 6, 9.5, 16, 10 ], "texture": "#texture" }
    }
}
]
}