{
"__comment": "Designed by Tomaxed44 with BDcraft Cubik PRO 0.95 Beta - http://bdcraft.net",
"textures": {
    "particle": "items/container",
    "texture": "items/container"
},
"elements": [ 
{
    "from": [ 9, 0, 4.5 ],
    "to": [ 15, 2.5, 9 ],
    "rotation": { "origin": [ 9, 0, 4.5 ], "axis": "y", "angle": -22.5 },
    "faces": {
        "down":  { "uv": [ 8, 8.5, 14, 13 ], "texture": "#texture" },
        "up":    { "uv": [ 10, 10.5, 16, 15 ], "texture": "#texture" },
        "north": { "uv": [ 9, 13.5, 15, 16 ], "texture": "#texture" },
        "south": { "uv": [ 9, 13.5, 15, 16 ], "texture": "#texture" },
        "west":  { "uv": [ 8, 11, 12.5, 13.5 ], "texture": "#texture" },
        "east":  { "uv": [ 7, 11.5, 11.5, 14 ], "texture": "#texture" }
    }
}
]
}