{
	"__comment": "Designed by Tomaxed44 with Cubik Studio - https://cubik.studio",
	"textures": {
		"particle": "blocks/planks_big_oak",
		"texture": "blocks/planks_big_oak"
	},
	"elements": [
		{
			"__comment": "Cube2",
			"from": [ 7, 0, 7 ],
			"to": [ 9, 16, 9 ],
			"faces": {
				"down": { "uv": [ 7, 7, 9, 9 ], "texture": "#texture" },
				"up": { "uv": [ 7, 7, 9, 9 ], "texture": "#texture" },
				"north": { "uv": [ 7, 2, 9, 16 ], "texture": "#texture" },
				"south": { "uv": [ 7, 2, 9, 16 ], "texture": "#texture" },
				"west": { "uv": [ 7, 2, 9, 16 ], "texture": "#texture" },
				"east": { "uv": [ 7, 2, 9, 16 ], "texture": "#texture" }
			}
		}
	]
}