{
"__comment": "Designed by Tomaxed44 with BDcraft Cubik PRO 0.95 Beta - http://bdcraft.net",
"textures": {
    "particle": "blocks/planks_jungle",
    "texture": "blocks/planks_jungle",
    "chair": "blocks/chair"
},
"elements": [ 
{
    "from": [ 14, 0, 1.5 ],
    "to": [ 15.5, 24, 3 ],
    "faces": {
        "down":  { "uv": [ 14, 1.5, 15.5, 3 ], "texture": "#texture" },
        "up":    { "uv": [ 14, 1.5, 15.5, 3 ], "texture": "#texture" },
        "north": { "uv": [ 14, 0, 15, 16 ], "texture": "#texture" },
        "south": { "uv": [ 14, 0, 15, 16 ], "texture": "#texture" },
        "west":  { "uv": [ 1.5, 0, 2.5, 16 ], "texture": "#texture" },
        "east":  { "uv": [ 1.5, 0, 2.5, 16 ], "texture": "#texture" }
    }
},
{
    "from": [ 14, 0, 13 ],
    "to": [ 15.5, 24, 14.5 ],
    "faces": {
        "down":  { "uv": [ 14, 13, 15.5, 14.5 ], "texture": "#texture" },
        "up":    { "uv": [ 14, 13, 15.5, 14.5 ], "texture": "#texture" },
        "north": { "uv": [ 12, 0, 13, 16 ], "texture": "#texture" },
        "south": { "uv": [ 12, 0, 13, 16 ], "texture": "#texture" },
        "west":  { "uv": [ 4.5, 0, 5.5, 16 ], "texture": "#texture" },
        "east":  { "uv": [ 4.5, 0, 5.5, 16 ], "texture": "#texture" }
    }
},
{
    "from": [ 1, 0, 12.5 ],
    "to": [ 2.5, 9.5, 14 ],
    "faces": {
        "down":  { "uv": [ 15, 14, 13.5, 12.5 ], "texture": "#texture" },
        "up":    { "uv": [ 1, 12.5, 2.5, 14 ], "texture": "#texture" },
        "north": { "uv": [ 13.5, 6.5, 15, 16 ], "texture": "#texture" },
        "south": { "uv": [ 1, 6.5, 2.5, 16 ], "texture": "#texture" },
        "west":  { "uv": [ 12.5, 6.5, 14, 16 ], "texture": "#texture" },
        "east":  { "uv": [ 2, 6.5, 3.5, 16 ], "texture": "#texture" }
    }
},
{
    "from": [ 1, 0, 2 ],
    "to": [ 2.5, 9.5, 3.5 ],
    "faces": {
        "down":  { "uv": [ 15, 3.5, 13.5, 2 ], "texture": "#texture" },
        "up":    { "uv": [ 1, 2, 2.5, 3.5 ], "texture": "#texture" },
        "north": { "uv": [ 13.5, 6.5, 15, 16 ], "texture": "#texture" },
        "south": { "uv": [ 1, 6.5, 2.5, 16 ], "texture": "#texture" },
        "west":  { "uv": [ 2, 6.5, 3.5, 16 ], "texture": "#texture" },
        "east":  { "uv": [ 12.5, 6.5, 14, 16 ], "texture": "#texture" }
    }
},
{
    "from": [ 0.5, 9.5, 1.5 ],
    "to": [ 14, 10.5, 14.5 ],
    "faces": {
        "down":  { "uv": [ 15.5, 14.5, 2, 1.5 ], "texture": "#texture" },
        "up":    { "uv": [ 0, 0, 15, 16 ], "texture": "#chair" },
        "north": { "uv": [ 2, 5.5, 15.5, 6.5 ], "texture": "#texture" },
        "south": { "uv": [ 0.5, 5.5, 14, 6.5 ], "texture": "#texture" },
        "west":  { "uv": [ 1.5, 5.5, 14.5, 6.5 ], "texture": "#texture" },
        "east":  { "uv": [ 1.5, 5.5, 14.5, 6.5 ], "texture": "#texture" }
    }
},
{
    "from": [ 14, 9.5, 3 ],
    "to": [ 15, 10.5, 13 ],
    "faces": {
        "down":  { "uv": [ 2, 13, 1, 3 ], "texture": "#texture" },
        "up":    { "uv": [ 15, 1.5, 16, 14.5 ], "texture": "#chair" },
        "north": { "uv": [ 1, 5.5, 2, 6.5 ], "texture": "#texture" },
        "south": { "uv": [ 14, 5.5, 15, 6.5 ], "texture": "#texture" },
        "west":  { "uv": [ 3, 5.5, 13, 6.5 ], "texture": "#texture" },
        "east":  { "uv": [ 3, 5.5, 13, 6.5 ], "texture": "#texture" }
    }
},
{
    "from": [ 14.5, 19.5, 3 ],
    "to": [ 15, 23, 13 ],
    "faces": {
        "down":  { "uv": [ 14.5, 3, 15, 13 ], "texture": "#texture" },
        "up":    { "uv": [ 14.5, 3, 15, 13 ], "texture": "#texture" },
        "north": { "uv": [ 14.5, 0, 15, 3.5 ], "texture": "#texture" },
        "south": { "uv": [ 14.5, 0, 15, 3.5 ], "texture": "#texture" },
        "west":  { "uv": [ 3, 0, 13, 3.5 ], "texture": "#texture" },
        "east":  { "uv": [ 3, 0, 13, 3.5 ], "texture": "#texture" }
    }
},
{
    "from": [ 14.5, 14, 3 ],
    "to": [ 15, 17.5, 13 ],
    "faces": {
        "down":  { "uv": [ 14.5, 3, 15, 13 ], "texture": "#texture" },
        "up":    { "uv": [ 14.5, 3, 15, 13 ], "texture": "#texture" },
        "north": { "uv": [ 14.5, 0, 15, 3.5 ], "texture": "#texture" },
        "south": { "uv": [ 14.5, 0, 15, 3.5 ], "texture": "#texture" },
        "west":  { "uv": [ 2.5, 2.5, 12.5, 6 ], "texture": "#texture" },
        "east":  { "uv": [ 3.5, 4, 13.5, 7.5 ], "texture": "#texture" }
    }
}
],
"display": {
    "gui": {
        "rotation": [ 30, 225, 0 ],
        "translation": [ 0, 0, 0 ],
        "scale": [ 0.625, 0.625, 0.625 ]
    }
}
}