{
"__comment": "Designed by tomaxed with Cubik",
"textures": {
    "particle": "blocks/rust_metal",
    "texture": "blocks/rust_metal",
    "fuse_box": "blocks/fuse_box",
    "misc": "items/misc"
},
"elements": [ 
{
    "from": [ 7, 0, -12 ],
    "to": [ 16, 16, 0 ],
    "faces": {
        "down":  { "uv": [ 7, 0, 16, 12 ], "texture": "#texture" },
        "up":    { "uv": [ 7, 0, 16, 12 ], "texture": "#texture" },
        "north": { "uv": [ 7, 0, 16, 16 ], "texture": "#texture" },
        "south": { "uv": [ 7, 0, 16, 16 ], "texture": "#texture" },
        "west":  { "uv": [ 0, 0, 12, 16 ], "texture": "#texture" },
        "east":  { "uv": [ 0, 0, 12, 16 ], "texture": "#texture" }
    }
},
{
    "from": [ 7, 15, 0 ],
    "to": [ 16, 16, 12 ],
    "faces": {
        "down":  { "uv": [ 7, 0, 16, 12 ], "texture": "#texture" },
        "up":    { "uv": [ 7, 0, 16, 12 ], "texture": "#texture" },
        "north": { "uv": [ 7, 0, 16, 1 ], "texture": "#texture" },
        "south": { "uv": [ 7, 0, 16, 1 ], "texture": "#texture" },
        "west":  { "uv": [ 0, 0, 12, 1 ], "texture": "#texture" },
        "east":  { "uv": [ 0, 0, 12, 1 ], "texture": "#texture" }
    }
},
{
    "from": [ 7, 0, 0 ],
    "to": [ 16, 1, 12 ],
    "faces": {
        "down":  { "uv": [ 7, 0, 16, 12 ], "texture": "#texture" },
        "up":    { "uv": [ 7, 0, 16, 12 ], "texture": "#texture" },
        "north": { "uv": [ 7, 15, 16, 16 ], "texture": "#texture" },
        "south": { "uv": [ 7, 15, 16, 16 ], "texture": "#texture" },
        "west":  { "uv": [ 0, 15, 12, 16 ], "texture": "#texture" },
        "east":  { "uv": [ 0, 15, 12, 16 ], "texture": "#texture" }
    }
},
{
    "from": [ 7, 1, 11 ],
    "to": [ 16, 15, 12 ],
    "faces": {
        "down":  { "uv": [ 7, 11, 16, 12 ], "texture": "#texture" },
        "up":    { "uv": [ 7, 11, 16, 12 ], "texture": "#texture" },
        "north": { "uv": [ 7, 1, 16, 15 ], "texture": "#texture" },
        "south": { "uv": [ 7, 1, 16, 15 ], "texture": "#texture" },
        "west":  { "uv": [ 11, 1, 12, 15 ], "texture": "#texture" },
        "east":  { "uv": [ 11, 1, 12, 15 ], "texture": "#texture" }
    }
},
{
    "from": [ 15, 1, 0 ],
    "to": [ 16, 15, 11 ],
    "faces": {
        "down":  { "uv": [ 1, 11, 0, 0 ], "texture": "#texture" },
        "up":    { "uv": [ 15, 0, 16, 11 ], "texture": "#texture" },
        "north": { "uv": [ 0, 1, 1, 15 ], "texture": "#texture" },
        "south": { "uv": [ 15, 1, 16, 15 ], "texture": "#texture" },
        "west":  { "uv": [ 0, 1, 11, 15 ], "texture": "#texture" },
        "east":  { "uv": [ 5, 1, 16, 15 ], "texture": "#texture" }
    }
},
{
    "from": [ 6, 8, -2 ],
    "to": [ 7, 8.5, -1 ],
    "faces": {
        "down":  { "uv": [ 6, 0, 7, 1 ], "texture": "#texture" },
        "up":    { "uv": [ 6, 0, 7, 1 ], "texture": "#texture" },
        "north": { "uv": [ 6, 7.5, 7, 8 ], "texture": "#texture" },
        "south": { "uv": [ 6, 7.5, 7, 8 ], "texture": "#texture" },
        "west":  { "uv": [ 0, 7.5, 1, 8 ], "texture": "#texture" },
        "east":  { "uv": [ 0, 7.5, 1, 8 ], "texture": "#texture" }
    }
},
{
    "from": [ 11.5, 12, 0 ],
    "to": [ 15, 15, 6 ],
    "faces": {
        "down":  { "uv": [ 8.5, 1, 12, 7 ], "texture": "#fuse_box" },
        "up":    { "uv": [ 8.5, 1, 12, 7 ], "texture": "#fuse_box" },
        "north": { "uv": [ 8, 0.5, 11.5, 3.5 ], "texture": "#fuse_box" },
        "south": { "uv": [ 8, 0.5, 11.5, 3.5 ], "texture": "#fuse_box" },
        "west":  { "uv": [ 9.5, 1, 15.5, 4 ], "texture": "#fuse_box" },
        "east":  { "uv": [ 9, 0.5, 15, 3.5 ], "texture": "#fuse_box" }
    }
},
{
    "from": [ 10.5, 11, 6 ],
    "to": [ 15, 15, 11 ],
    "faces": {
        "down":  { "uv": [ 9.5, 2, 14, 7 ], "texture": "#fuse_box" },
        "up":    { "uv": [ 9.5, 2, 14, 7 ], "texture": "#fuse_box" },
        "north": { "uv": [ 9.5, 1.5, 14, 5.5 ], "texture": "#fuse_box" },
        "south": { "uv": [ 9.5, 1.5, 14, 5.5 ], "texture": "#fuse_box" },
        "west":  { "uv": [ 10, 5, 15, 9 ], "texture": "#fuse_box" },
        "east":  { "uv": [ 10, 5, 15, 9 ], "texture": "#fuse_box" }
    }
},
{
    "from": [ 14, 5.5, 1 ],
    "to": [ 15, 8.5, 3.5 ],
    "faces": {
        "down":  { "uv": [ 10.5, 6.5, 11.5, 9 ], "texture": "#fuse_box" },
        "up":    { "uv": [ 10.5, 6.5, 11.5, 9 ], "texture": "#fuse_box" },
        "north": { "uv": [ 12, 6, 13, 9 ], "texture": "#fuse_box" },
        "south": { "uv": [ 12, 6, 13, 9 ], "texture": "#fuse_box" },
        "west":  { "uv": [ 11, 6, 13.5, 9 ], "texture": "#fuse_box" },
        "east":  { "uv": [ 11, 6, 13.5, 9 ], "texture": "#fuse_box" }
    }
},
{
    "from": [ 14, 1.5, 1 ],
    "to": [ 15, 4.5, 3.5 ],
    "faces": {
        "down":  { "uv": [ 10.5, 6.5, 11.5, 9 ], "texture": "#fuse_box" },
        "up":    { "uv": [ 10.5, 6.5, 11.5, 9 ], "texture": "#fuse_box" },
        "north": { "uv": [ 12, 6, 13, 9 ], "texture": "#fuse_box" },
        "south": { "uv": [ 12, 6, 13, 9 ], "texture": "#fuse_box" },
        "west":  { "uv": [ 11, 6, 13.5, 9 ], "texture": "#fuse_box" },
        "east":  { "uv": [ 11, 6, 13.5, 9 ], "texture": "#fuse_box" }
    }
},
{
    "from": [ 14, 5.5, 5 ],
    "to": [ 15, 8.5, 7.5 ],
    "faces": {
        "down":  { "uv": [ 10.5, 6.5, 11.5, 9 ], "texture": "#fuse_box" },
        "up":    { "uv": [ 10.5, 6.5, 11.5, 9 ], "texture": "#fuse_box" },
        "north": { "uv": [ 12, 6, 13, 9 ], "texture": "#fuse_box" },
        "south": { "uv": [ 12, 6, 13, 9 ], "texture": "#fuse_box" },
        "west":  { "uv": [ 11, 6, 13.5, 9 ], "texture": "#fuse_box" },
        "east":  { "uv": [ 11, 6, 13.5, 9 ], "texture": "#fuse_box" }
    }
},
{
    "from": [ 14, 1.5, 5 ],
    "to": [ 15, 4.5, 7.5 ],
    "faces": {
        "down":  { "uv": [ 10.5, 6.5, 11.5, 9 ], "texture": "#fuse_box" },
        "up":    { "uv": [ 10.5, 6.5, 11.5, 9 ], "texture": "#fuse_box" },
        "north": { "uv": [ 12, 6, 13, 9 ], "texture": "#fuse_box" },
        "south": { "uv": [ 12, 6, 13, 9 ], "texture": "#fuse_box" },
        "west":  { "uv": [ 11, 6, 13.5, 9 ], "texture": "#fuse_box" },
        "east":  { "uv": [ 11, 6, 13.5, 9 ], "texture": "#fuse_box" }
    }
},
{
    "from": [ 14.1875, 8, 4 ],
    "to": [ 14.6875, 12.5, 4.5 ],
    "rotation": { "origin": [ 14.1875, 12.5, 4 ], "axis": "x", "angle": 22.5 },
    "faces": {
        "down":  { "uv": [ 12.5, 10, 13, 10.5 ], "texture": "#fuse_box" },
        "up":    { "uv": [ 12.5, 10, 13, 10.5 ], "texture": "#fuse_box" },
        "north": { "uv": [ 12.5, 10, 13, 12.5 ], "texture": "#fuse_box" },
        "south": { "uv": [ 12.5, 10, 13, 12.5 ], "texture": "#fuse_box" },
        "west":  { "uv": [ 12.5, 10, 13, 12.5 ], "texture": "#fuse_box" },
        "east":  { "uv": [ 12.5, 10, 13, 12.5 ], "texture": "#fuse_box" }
    }
},
{
    "from": [ 14.5, 2, 2 ],
    "to": [ 15, 7, 10 ],
    "faces": {
        "down":  { "uv": [ 13.5, 0.5, 14, 8.5 ], "texture": "#fuse_box" },
        "up":    { "uv": [ 13.5, 0.5, 14, 8.5 ], "texture": "#fuse_box" },
        "north": { "uv": [ 13.5, 3, 14, 8 ], "texture": "#fuse_box" },
        "south": { "uv": [ 13.5, 3, 14, 8 ], "texture": "#fuse_box" },
        "west":  { "uv": [ 8, 0, 16, 5 ], "texture": "#fuse_box" },
        "east":  { "uv": [ 8, 0, 16, 5 ], "texture": "#fuse_box" }
    }
},
{
    "from": [ 8, 14, 1.5 ],
    "to": [ 10, 15, 4.5 ],
    "rotation": { "origin": [ 8, 14, 1.5 ], "axis": "y", "angle": 22.5 },
    "faces": {
        "down":  { "uv": [ 8.5, 7.5, 6.5, 4.5 ], "texture": "#misc" },
        "up":    { "uv": [ 7.5, 4.5, 9.5, 7.5 ], "texture": "#misc" },
        "north": { "uv": [ 6.5, 1, 8.5, 2 ], "texture": "#misc" },
        "south": { "uv": [ 7.5, 1, 9.5, 2 ], "texture": "#misc" },
        "west":  { "uv": [ 7, 2, 10, 3 ], "texture": "#misc" },
        "east":  { "uv": [ 8.5, 1, 11.5, 2 ], "texture": "#misc" }
    }
},
{
    "from": [ 9, 14.5, 7.5 ],
    "to": [ 10, 15, 9.5 ],
    "rotation": { "origin": [ 9, 14.5, 7.5 ], "axis": "y", "angle": -22.5 },
    "faces": {
        "down":  { "uv": [ 4.5, 11.5, 6.5, 14.5 ], "texture": "#misc" },
        "up":    { "uv": [ 4.5, 11.5, 6.5, 14.5 ], "texture": "#misc" },
        "north": { "uv": [ 5, 13.5, 7, 14.5 ], "texture": "#misc" },
        "south": { "uv": [ 5, 13.5, 7, 14.5 ], "texture": "#misc" },
        "west":  { "uv": [ 3, 12, 6, 13 ], "texture": "#misc" },
        "east":  { "uv": [ 3, 12, 6, 13 ], "texture": "#misc" }
    }
},
{
    "from": [ 7.5, 14.5, 4 ],
    "to": [ 9, 15, 5.5 ],
    "faces": {
        "down":  { "uv": [ 11, 9.5, 13, 12.5 ], "texture": "#misc" },
        "up":    { "uv": [ 11, 9.5, 13, 12.5 ], "texture": "#misc" },
        "north": { "uv": [ 12, 11.5, 14, 12.5 ], "texture": "#misc" },
        "south": { "uv": [ 12, 11.5, 14, 12.5 ], "texture": "#misc" },
        "west":  { "uv": [ 10, 11.5, 13, 12.5 ], "texture": "#misc" },
        "east":  { "uv": [ 10, 11.5, 13, 12.5 ], "texture": "#misc" }
    }
},
{
    "from": [ 14.1875, 3.375, 6.5 ],
    "to": [ 14.6875, 6, 6.75 ],
    "faces": {
        "down":  { "uv": [ 12.5, 10, 13, 10.5 ], "texture": "#fuse_box" },
        "up":    { "uv": [ 12.5, 10, 13, 10.5 ], "texture": "#fuse_box" },
        "north": { "uv": [ 12.5, 10, 13, 12.5 ], "texture": "#fuse_box" },
        "south": { "uv": [ 12.5, 10, 13, 12.5 ], "texture": "#fuse_box" },
        "west":  { "uv": [ 12.5, 10, 13, 12.5 ], "texture": "#fuse_box" },
        "east":  { "uv": [ 12.5, 10, 13, 12.5 ], "texture": "#fuse_box" }
    }
},
{
    "from": [ 14.1875, 8.375, 7 ],
    "to": [ 14.6875, 11, 7.25 ],
    "faces": {
        "down":  { "uv": [ 12.5, 10, 13, 10.5 ], "texture": "#fuse_box" },
        "up":    { "uv": [ 12.5, 10, 13, 10.5 ], "texture": "#fuse_box" },
        "north": { "uv": [ 12.5, 10, 13, 12.5 ], "texture": "#fuse_box" },
        "south": { "uv": [ 12.5, 10, 13, 12.5 ], "texture": "#fuse_box" },
        "west":  { "uv": [ 12.5, 10, 13, 12.5 ], "texture": "#fuse_box" },
        "east":  { "uv": [ 12.5, 10, 13, 12.5 ], "texture": "#fuse_box" }
    }
},
{
    "from": [ 14.1875, 2.6875, 3.5 ],
    "to": [ 14.6875, 3, 5.1875 ],
    "faces": {
        "down":  { "uv": [ 12.5, 10, 13, 10.5 ], "texture": "#fuse_box" },
        "up":    { "uv": [ 12.5, 10, 13, 10.5 ], "texture": "#fuse_box" },
        "north": { "uv": [ 12.5, 10, 13, 12.5 ], "texture": "#fuse_box" },
        "south": { "uv": [ 12.5, 10, 13, 12.5 ], "texture": "#fuse_box" },
        "west":  { "uv": [ 12.5, 10, 13, 12.5 ], "texture": "#fuse_box" },
        "east":  { "uv": [ 12.5, 10, 13, 12.5 ], "texture": "#fuse_box" }
    }
},
{
    "from": [ 14.1875, 6.6875, 3.5 ],
    "to": [ 14.6875, 7, 5.1875 ],
    "faces": {
        "down":  { "uv": [ 12.5, 10, 13, 10.5 ], "texture": "#fuse_box" },
        "up":    { "uv": [ 12.5, 10, 13, 10.5 ], "texture": "#fuse_box" },
        "north": { "uv": [ 12.5, 10, 13, 12.5 ], "texture": "#fuse_box" },
        "south": { "uv": [ 12.5, 10, 13, 12.5 ], "texture": "#fuse_box" },
        "west":  { "uv": [ 12.5, 10, 13, 12.5 ], "texture": "#fuse_box" },
        "east":  { "uv": [ 12.5, 10, 13, 12.5 ], "texture": "#fuse_box" }
    }
}
]
}