{
"__comment": "Designed by Tomaxed44 with BDcraft Cubik PRO 0.95 Beta - http://bdcraft.net",
"textures": {
    "particle": "blocks/planks_big_oak",
    "texture": "blocks/planks_big_oak"
},
"elements": [ 
{
    "from": [ 6, 0, 6 ],
    "to": [ 10, 16, 10 ],
    "faces": {
        "down":  { "uv": [ 10, 10, 6, 6 ], "texture": "#texture" },
        "up":    { "uv": [ 6, 6, 10, 10 ], "texture": "#texture" },
        "north": { "uv": [ 6, 0, 10, 16 ], "texture": "#texture" },
        "south": { "uv": [ 6, 0, 10, 16 ], "texture": "#texture" },
        "west":  { "uv": [ 6, 0, 10, 16 ], "texture": "#texture" },
        "east":  { "uv": [ 6, 0, 10, 16 ], "texture": "#texture" }
    }
},
{
    "from": [ -1, 12, 7.5 ],
    "to": [ 6, 13, 8.5 ],
    "faces": {
        "down":  { "uv": [ 0, 7.5, 7, 8.5 ], "texture": "#texture" },
        "up":    { "uv": [ 0, 7.5, 7, 8.5 ], "texture": "#texture" },
        "north": { "uv": [ 0, 3, 7, 4 ], "texture": "#texture" },
        "south": { "uv": [ 0, 3, 7, 4 ], "texture": "#texture" },
        "west":  { "uv": [ 7.5, 3, 8.5, 4 ], "texture": "#texture" },
        "east":  { "uv": [ 7.5, 3, 8.5, 4 ], "texture": "#texture" }
    }
},
{
    "from": [ 10, 12, 7.5 ],
    "to": [ 17, 13, 8.5 ],
    "faces": {
        "down":  { "uv": [ 9, 7.5, 16, 8.5 ], "texture": "#texture" },
        "up":    { "uv": [ 9, 7.5, 16, 8.5 ], "texture": "#texture" },
        "north": { "uv": [ 9, 3, 16, 4 ], "texture": "#texture" },
        "south": { "uv": [ 9, 3, 16, 4 ], "texture": "#texture" },
        "west":  { "uv": [ 7.5, 3, 8.5, 4 ], "texture": "#texture" },
        "east":  { "uv": [ 7.5, 3, 8.5, 4 ], "texture": "#texture" }
    }
},
{
    "from": [ 10, 6, 7.5 ],
    "to": [ 16, 7, 8.5 ],
    "faces": {
        "down":  { "uv": [ 6, 8.5, 0, 7.5 ], "texture": "#texture" },
        "up":    { "uv": [ 10, 7.5, 16, 8.5 ], "texture": "#texture" },
        "north": { "uv": [ 0, 9, 6, 10 ], "texture": "#texture" },
        "south": { "uv": [ 10, 9, 16, 10 ], "texture": "#texture" },
        "west":  { "uv": [ 7.5, 9, 8.5, 10 ], "texture": "#texture" },
        "east":  { "uv": [ 7.5, 9, 8.5, 10 ], "texture": "#texture" }
    }
},
{
    "from": [ 0, 6, 7.5 ],
    "to": [ 6, 7, 8.5 ],
    "faces": {
        "down":  { "uv": [ 16, 8.5, 10, 7.5 ], "texture": "#texture" },
        "up":    { "uv": [ 0, 7.5, 6, 8.5 ], "texture": "#texture" },
        "north": { "uv": [ 10, 9, 16, 10 ], "texture": "#texture" },
        "south": { "uv": [ 0, 9, 6, 10 ], "texture": "#texture" },
        "west":  { "uv": [ 7.5, 9, 8.5, 10 ], "texture": "#texture" },
        "east":  { "uv": [ 7.5, 9, 8.5, 10 ], "texture": "#texture" }
    }
},
{
    "from": [ 0, 7, 7.5 ],
    "to": [ 1, 8, 8.5 ],
    "faces": {
        "down":  { "uv": [ 0.5, 7.5, 1.5, 8.5 ], "texture": "#texture" },
        "up":    { "uv": [ 0.5, 7.5, 1.5, 8.5 ], "texture": "#texture" },
        "north": { "uv": [ 0.5, 8, 1.5, 9 ], "texture": "#texture" },
        "south": { "uv": [ 0.5, 8, 1.5, 9 ], "texture": "#texture" },
        "west":  { "uv": [ 7.5, 8, 8.5, 9 ], "texture": "#texture" },
        "east":  { "uv": [ 7.5, 8, 8.5, 9 ], "texture": "#texture" }
    }
},
{
    "from": [ 15, 7, 7.5 ],
    "to": [ 16, 8, 8.5 ],
    "faces": {
        "down":  { "uv": [ 1, 8.5, 0, 7.5 ], "texture": "#texture" },
        "up":    { "uv": [ 15, 7.5, 16, 8.5 ], "texture": "#texture" },
        "north": { "uv": [ 0, 8, 1, 9 ], "texture": "#texture" },
        "south": { "uv": [ 15, 8, 16, 9 ], "texture": "#texture" },
        "west":  { "uv": [ 7.5, 8, 8.5, 9 ], "texture": "#texture" },
        "east":  { "uv": [ 7.5, 8, 8.5, 9 ], "texture": "#texture" }
    }
},
{
    "from": [ 16, 13, 7.5 ],
    "to": [ 17, 14, 8.5 ],
    "faces": {
        "down":  { "uv": [ 15, 7.5, 16, 8.5 ], "texture": "#texture" },
        "up":    { "uv": [ 15, 7.5, 16, 8.5 ], "texture": "#texture" },
        "north": { "uv": [ 15, 2, 16, 3 ], "texture": "#texture" },
        "south": { "uv": [ 15, 2, 16, 3 ], "texture": "#texture" },
        "west":  { "uv": [ 7.5, 2, 8.5, 3 ], "texture": "#texture" },
        "east":  { "uv": [ 7.5, 2, 8.5, 3 ], "texture": "#texture" }
    }
},
{
    "from": [ -1, 13, 7.5 ],
    "to": [ 0, 14, 8.5 ],
    "faces": {
        "down":  { "uv": [ 0, 7.5, 1, 8.5 ], "texture": "#texture" },
        "up":    { "uv": [ 0, 7.5, 1, 8.5 ], "texture": "#texture" },
        "north": { "uv": [ 0, 2, 1, 3 ], "texture": "#texture" },
        "south": { "uv": [ 0, 2, 1, 3 ], "texture": "#texture" },
        "west":  { "uv": [ 7.5, 2, 8.5, 3 ], "texture": "#texture" },
        "east":  { "uv": [ 7.5, 2, 8.5, 3 ], "texture": "#texture" }
    }
},
{
    "from": [ 4.5, 13, 7.5 ],
    "to": [ 5.5, 14, 8.5 ],
    "faces": {
        "down":  { "uv": [ 11.5, 8.5, 10.5, 7.5 ], "texture": "#texture" },
        "up":    { "uv": [ 4.5, 7.5, 5.5, 8.5 ], "texture": "#texture" },
        "north": { "uv": [ 10.5, 2, 11.5, 3 ], "texture": "#texture" },
        "south": { "uv": [ 4.5, 2, 5.5, 3 ], "texture": "#texture" },
        "west":  { "uv": [ 7.5, 2, 8.5, 3 ], "texture": "#texture" },
        "east":  { "uv": [ 7.5, 2, 8.5, 3 ], "texture": "#texture" }
    }
},
{
    "from": [ 4.5, 7, 7.5 ],
    "to": [ 5.5, 8, 8.5 ],
    "faces": {
        "down":  { "uv": [ 11.5, 8.5, 10.5, 7.5 ], "texture": "#texture" },
        "up":    { "uv": [ 4.5, 7.5, 5.5, 8.5 ], "texture": "#texture" },
        "north": { "uv": [ 10.5, 8, 11.5, 9 ], "texture": "#texture" },
        "south": { "uv": [ 4.5, 8, 5.5, 9 ], "texture": "#texture" },
        "west":  { "uv": [ 7.5, 8, 8.5, 9 ], "texture": "#texture" },
        "east":  { "uv": [ 7.5, 8, 8.5, 9 ], "texture": "#texture" }
    }
},
{
    "from": [ 10.5, 7, 7.5 ],
    "to": [ 11.5, 8, 8.5 ],
    "faces": {
        "down":  { "uv": [ 5.5, 8.5, 4.5, 7.5 ], "texture": "#texture" },
        "up":    { "uv": [ 10.5, 7.5, 11.5, 8.5 ], "texture": "#texture" },
        "north": { "uv": [ 4.5, 8, 5.5, 9 ], "texture": "#texture" },
        "south": { "uv": [ 10.5, 8, 11.5, 9 ], "texture": "#texture" },
        "west":  { "uv": [ 7.5, 8, 8.5, 9 ], "texture": "#texture" },
        "east":  { "uv": [ 7.5, 8, 8.5, 9 ], "texture": "#texture" }
    }
},
{
    "from": [ 10.5, 13, 7.5 ],
    "to": [ 11.5, 14, 8.5 ],
    "faces": {
        "down":  { "uv": [ 5.5, 8.5, 4.5, 7.5 ], "texture": "#texture" },
        "up":    { "uv": [ 10.5, 7.5, 11.5, 8.5 ], "texture": "#texture" },
        "north": { "uv": [ 4.5, 2, 5.5, 3 ], "texture": "#texture" },
        "south": { "uv": [ 10.5, 2, 11.5, 3 ], "texture": "#texture" },
        "west":  { "uv": [ 7.5, 2, 8.5, 3 ], "texture": "#texture" },
        "east":  { "uv": [ 7.5, 2, 8.5, 3 ], "texture": "#texture" }
    }
},
{
    "from": [ 4.5, 4, 7 ],
    "to": [ 6, 5, 9 ],
    "faces": {
        "down":  { "uv": [ 11.5, 9, 10, 7 ], "texture": "#texture" },
        "up":    { "uv": [ 4.5, 7, 6, 9 ], "texture": "#texture" },
        "north": { "uv": [ 10, 11, 11.5, 12 ], "texture": "#texture" },
        "south": { "uv": [ 4.5, 11, 6, 12 ], "texture": "#texture" },
        "west":  { "uv": [ 7, 11, 9, 12 ], "texture": "#texture" },
        "east":  { "uv": [ 7, 11, 9, 12 ], "texture": "#texture" }
    }
},
{
    "from": [ 10, 4, 7 ],
    "to": [ 11.5, 5, 9 ],
    "faces": {
        "down":  { "uv": [ 6, 9, 4.5, 7 ], "texture": "#texture" },
        "up":    { "uv": [ 10, 7, 11.5, 9 ], "texture": "#texture" },
        "north": { "uv": [ 4.5, 11, 6, 12 ], "texture": "#texture" },
        "south": { "uv": [ 10, 11, 11.5, 12 ], "texture": "#texture" },
        "west":  { "uv": [ 7, 11, 9, 12 ], "texture": "#texture" },
        "east":  { "uv": [ 7, 11, 9, 12 ], "texture": "#texture" }
    }
},
{
    "from": [ 10, 3, 7 ],
    "to": [ 11, 4, 9 ],
    "faces": {
        "down":  { "uv": [ 6, 9, 5, 7 ], "texture": "#texture" },
        "up":    { "uv": [ 10, 7, 11, 9 ], "texture": "#texture" },
        "north": { "uv": [ 5, 12, 6, 13 ], "texture": "#texture" },
        "south": { "uv": [ 10, 12, 11, 13 ], "texture": "#texture" },
        "west":  { "uv": [ 7, 12, 9, 13 ], "texture": "#texture" },
        "east":  { "uv": [ 7, 12, 9, 13 ], "texture": "#texture" }
    }
},
{
    "from": [ 5, 3, 7 ],
    "to": [ 6, 4, 9 ],
    "faces": {
        "down":  { "uv": [ 11, 9, 10, 7 ], "texture": "#texture" },
        "up":    { "uv": [ 5, 7, 6, 9 ], "texture": "#texture" },
        "north": { "uv": [ 10, 12, 11, 13 ], "texture": "#texture" },
        "south": { "uv": [ 5, 12, 6, 13 ], "texture": "#texture" },
        "west":  { "uv": [ 7, 12, 9, 13 ], "texture": "#texture" },
        "east":  { "uv": [ 7, 12, 9, 13 ], "texture": "#texture" }
    }
}
]
}