{
"__comment": "Designed by Tomaxed44 with BDcraft Cubik PRO 0.95 Beta - http://bdcraft.net",
"textures": {
    "particle": "blocks/desk",
    "texture": "blocks/desk",
    "detail": "blocks/bed_top"
},
"elements": [ 
{
    "from": [ -1, 9.5, 0 ],
    "to": [ 15, 18, 1 ],
    "faces": {
        "down":  { "uv": [ 16, 1, 1, 0 ], "texture": "#texture" },
        "up":    { "uv": [ 0, 0, 15, 1 ], "texture": "#texture" },
        "north": { "uv": [ 1, 0, 16, 6.5 ], "texture": "#texture" },
        "south": { "uv": [ 0, 0, 15, 6.5 ], "texture": "#texture" },
        "west":  { "uv": [ 0, 0, 1, 6.5 ], "texture": "#texture" },
        "east":  { "uv": [ 15, 0, 16, 6.5 ], "texture": "#texture" }
    }
},
{
    "from": [ 0, 0, 0 ],
    "to": [ 16, 9.5, 16 ],
    "faces": {
        "down":  { "uv": [ 16, 16, 0, 0 ], "texture": "#texture" },
        "up":    { "uv": [ 0, 0, 16, 16 ], "texture": "#texture" },
        "north": { "uv": [ 0, 6.5, 16, 16 ], "texture": "#texture" },
        "south": { "uv": [ 0, 6.5, 16, 16 ], "texture": "#texture" },
        "west":  { "uv": [ 0, 6.5, 16, 16 ], "texture": "#texture" },
        "east":  { "uv": [ 0, 6.5, 16, 16 ], "texture": "#texture" }
    }
},
{
    "from": [ 0, 0, 16 ],
    "to": [ 16, 9.5, 32 ],
    "faces": {
        "down":  { "uv": [ 0, 0, 16, 16 ], "texture": "#texture" },
        "up":    { "uv": [ 0, 0, 16, 16 ], "texture": "#texture" },
        "north": { "uv": [ 0, 6.5, 16, 16 ], "texture": "#texture" },
        "south": { "uv": [ 0, 6.5, 16, 16 ], "texture": "#texture" },
        "west":  { "uv": [ 0, 6.5, 16, 16 ], "texture": "#texture" },
        "east":  { "uv": [ 0, 6.5, 16, 16 ], "texture": "#texture" }
    }
},
{
    "from": [ -1, 2, 0 ],
    "to": [ 0, 9.5, 16 ],
    "faces": {
        "down":  { "uv": [ 0, 0, 1, 16 ], "texture": "#texture" },
        "up":    { "uv": [ 0, 0, 1, 16 ], "texture": "#texture" },
        "north": { "uv": [ 0, 6.5, 1, 14 ], "texture": "#texture" },
        "south": { "uv": [ 0, 6.5, 1, 14 ], "texture": "#texture" },
        "west":  { "uv": [ 0, 6.5, 16, 14 ], "texture": "#texture" },
        "east":  { "uv": [ 0, 6.5, 16, 14 ], "texture": "#texture" }
    }
},
{
    "from": [ 16, 2, 0 ],
    "to": [ 17, 9.5, 16 ],
    "faces": {
        "down":  { "uv": [ 15, 0, 16, 16 ], "texture": "#texture" },
        "up":    { "uv": [ 15, 0, 16, 16 ], "texture": "#texture" },
        "north": { "uv": [ 15, 6.5, 16, 14 ], "texture": "#texture" },
        "south": { "uv": [ 15, 6.5, 16, 14 ], "texture": "#texture" },
        "west":  { "uv": [ 0, 6.5, 16, 14 ], "texture": "#texture" },
        "east":  { "uv": [ 0, 6.5, 16, 14 ], "texture": "#texture" }
    }
},
{
    "from": [ 0, 9.5, 1.5 ],
    "to": [ 16, 13, 16 ],
    "faces": {
        "down":  { "uv": [ 0, 1.5, 16, 16 ], "texture": "#detail" },
        "up":    { "uv": [ 0, 1.5, 16, 16 ], "texture": "#detail" },
        "north": { "uv": [ 0, 3, 16, 6.5 ], "texture": "#detail" },
        "south": { "uv": [ 0, 3, 16, 6.5 ], "texture": "#detail" },
        "west":  { "uv": [ 1.5, 3, 16, 6.5 ], "texture": "#detail" },
        "east":  { "uv": [ 1.5, 3, 16, 6.5 ], "texture": "#detail" }
    }
},
{
    "from": [ 1, 12.5, 3 ],
    "to": [ 15, 15.5, 6.5 ],
    "rotation": { "origin": [ 1, 15.5, 3 ], "axis": "x", "angle": 22.5 },
    "faces": {
        "down":  { "uv": [ 1, 3, 15, 6.5 ], "texture": "#detail" },
        "up":    { "uv": [ 1, 3, 15, 6.5 ], "texture": "#detail" },
        "north": { "uv": [ 1, 0.5, 15, 3.5 ], "texture": "#detail" },
        "south": { "uv": [ 1, 0.5, 15, 3.5 ], "texture": "#detail" },
        "west":  { "uv": [ 3, 0.5, 6.5, 3.5 ], "texture": "#detail" },
        "east":  { "uv": [ 3, 0.5, 6.5, 3.5 ], "texture": "#detail" }
    }
},
{
    "__comment": "rescale",
    "from": [ 15, 9.5, 0.07003 ],
    "to": [ 17, 17.997, 0.9997 ],
    "faces": {
        "down":  { "uv": [ 1, 0.9375, 0, 0.0625 ], "texture": "#texture" },
        "up":    { "uv": [ 15, 0.0625, 16, 0.9375 ], "texture": "#texture" },
        "north": { "uv": [ 0, 0, 1, 6.5 ], "texture": "#texture" },
        "south": { "uv": [ 15, 0, 16, 6.5 ], "texture": "#texture" },
        "west":  { "uv": [ 0.0625, 0, 0.9375, 6.5 ], "texture": "#texture" },
        "east":  { "uv": [ 15.0625, 0, 15.9375, 6.5 ], "texture": "#texture" }
    }
},
{
    "from": [ -1, 2, 16 ],
    "to": [ 0, 9.5, 32 ],
    "faces": {
        "down":  { "uv": [ 0, 0, 1, 16 ], "texture": "#texture" },
        "up":    { "uv": [ 0, 0, 1, 16 ], "texture": "#texture" },
        "north": { "uv": [ 0, 6.5, 1, 14 ], "texture": "#texture" },
        "south": { "uv": [ 0, 6.5, 1, 14 ], "texture": "#texture" },
        "west":  { "uv": [ 0, 6.5, 16, 14 ], "texture": "#texture" },
        "east":  { "uv": [ 0, 6.5, 16, 14 ], "texture": "#texture" }
    }
},
{
    "__comment": "rescale",
    "from": [ 16, 2, 16 ],
    "to": [ 17, 9.4997, 31.997 ],
    "faces": {
        "down":  { "uv": [ 15, 0, 16, 16 ], "texture": "#texture" },
        "up":    { "uv": [ 15, 0, 16, 16 ], "texture": "#texture" },
        "north": { "uv": [ 15, 6.5, 16, 14 ], "texture": "#texture" },
        "south": { "uv": [ 15, 6.5, 16, 14 ], "texture": "#texture" },
        "west":  { "uv": [ 0, 6.5, 16, 14 ], "texture": "#texture" },
        "east":  { "uv": [ 0, 6.5, 16, 14 ], "texture": "#texture" }
    }
},
{
    "from": [ 0, 9.5, 16 ],
    "to": [ 16, 13, 30.5 ],
    "faces": {
        "down":  { "uv": [ 0, 1.5, 16, 16 ], "texture": "#detail" },
        "up":    { "uv": [ 0, 1.5, 16, 16 ], "texture": "#detail" },
        "north": { "uv": [ 0, 3, 16, 6.5 ], "texture": "#detail" },
        "south": { "uv": [ 0, 3, 16, 6.5 ], "texture": "#detail" },
        "west":  { "uv": [ 1.5, 3, 16, 6.5 ], "texture": "#detail" },
        "east":  { "uv": [ 1.5, 3, 16, 6.5 ], "texture": "#detail" }
    }
}
]
}