{
"__comment": "Designed by Tomaxed44 with BDcraft Cubik PRO 0.95 Beta - http://bdcraft.net",
"textures": {
    "particle": "blocks/log_oak",
    "texture": "blocks/log_oak"
},
"elements": [ 
{
    "from": [ 6, 0, 7 ],
    "to": [ 9.5, 7, 8.5 ],
    "faces": {
        "down":  { "uv": [ 10, 8.5, 6.5, 7 ], "texture": "#texture" },
        "up":    { "uv": [ 6, 7, 9.5, 8.5 ], "texture": "#texture" },
        "north": { "uv": [ 6.5, 9, 10, 16 ], "texture": "#texture" },
        "south": { "uv": [ 6, 9, 9.5, 16 ], "texture": "#texture" },
        "west":  { "uv": [ 7, 9, 8.5, 16 ], "texture": "#texture" },
        "east":  { "uv": [ 7.5, 9, 9, 16 ], "texture": "#texture" }
    }
},
{
    "from": [ 6.5, 7, 7 ],
    "to": [ 10.5, 14, 8.5 ],
    "faces": {
        "down":  { "uv": [ 9.5, 8.5, 5.5, 7 ], "texture": "#texture" },
        "north": { "uv": [ 5.5, 2, 9.5, 9 ], "texture": "#texture" },
        "south": { "uv": [ 6.5, 2, 10.5, 9 ], "texture": "#texture" },
        "west":  { "uv": [ 7, 2, 8.5, 9 ], "texture": "#texture" },
        "east":  { "uv": [ 7.5, 2, 9, 9 ], "texture": "#texture" }
    }
},
{
    "from": [ 6, 14, 7 ],
    "to": [ 10, 16, 8.5 ],
    "faces": {
        "down":  { "uv": [ 10, 8.5, 6, 7 ], "texture": "#texture" },
        "up":    { "uv": [ 6, 7, 10, 8.5 ], "texture": "#texture" },
        "north": { "uv": [ 6, 0, 10, 2 ], "texture": "#texture" },
        "south": { "uv": [ 6, 0, 10, 2 ], "texture": "#texture" },
        "west":  { "uv": [ 7, 0, 8.5, 2 ], "texture": "#texture" },
        "east":  { "uv": [ 7.5, 0, 9, 2 ], "texture": "#texture" }
    }
},
{
    "from": [ 7.5, 7.5, 5.5 ],
    "to": [ 9, 15.5, 10 ],
    "faces": {
        "down":  { "uv": [ 8.5, 10, 7, 5.5 ], "texture": "#texture" },
        "up":    { "uv": [ 7.5, 5.5, 9, 10 ], "texture": "#texture" },
        "north": { "uv": [ 7, 0.5, 8.5, 8.5 ], "texture": "#texture" },
        "south": { "uv": [ 7.5, 0.5, 9, 8.5 ], "texture": "#texture" },
        "west":  { "uv": [ 5.5, 0.5, 10, 8.5 ], "texture": "#texture" },
        "east":  { "uv": [ 6, 0.5, 10.5, 8.5 ], "texture": "#texture" }
    }
},
{
    "from": [ 7, 0, 5.5 ],
    "to": [ 8, 7.5, 10 ],
    "faces": {
        "down":  { "uv": [ 9, 10, 8, 5.5 ], "texture": "#texture" },
        "north": { "uv": [ 8, 8.5, 9, 16 ], "texture": "#texture" },
        "south": { "uv": [ 7, 8.5, 8, 16 ], "texture": "#texture" },
        "west":  { "uv": [ 5.5, 8.5, 10, 16 ], "texture": "#texture" },
        "east":  { "uv": [ 6, 8.5, 10.5, 16 ], "texture": "#texture" }
    }
},
{
    "from": [ 6.5, 0, 6 ],
    "to": [ 7, 6.5, 9.5 ],
    "faces": {
        "down":  { "uv": [ 9.5, 9.5, 9, 6 ], "texture": "#texture" },
        "up":    { "uv": [ 6.5, 6, 7, 9.5 ], "texture": "#texture" },
        "north": { "uv": [ 9, 9.5, 9.5, 16 ], "texture": "#texture" },
        "south": { "uv": [ 6.5, 9.5, 7, 16 ], "texture": "#texture" },
        "west":  { "uv": [ 6, 9.5, 9.5, 16 ], "texture": "#texture" }
    }
},
{
    "from": [ 5.5, 16, 7 ],
    "to": [ 7.5, 21, 8.5 ],
    "faces": {
        "down":  { "uv": [ 8.5, 6, 10.5, 7 ], "texture": "#texture" },
        "up":    { "uv": [ 8.5, 6, 10.5, 7 ], "texture": "#texture" },
        "north": { "uv": [ 8.5, 11, 10.5, 16 ], "texture": "#texture" },
        "south": { "uv": [ 8.5, 11, 10.5, 16 ], "texture": "#texture" },
        "west":  { "uv": [ 6, 11, 7, 16 ], "texture": "#texture" },
        "east":  { "uv": [ 6, 11, 7, 16 ], "texture": "#texture" }
    }
},
{
    "from": [ 8.5, 16, 7 ],
    "to": [ 10.5, 20, 8.5 ],
    "faces": {
        "down":  { "uv": [ 8.5, 6, 10.5, 7 ], "texture": "#texture" },
        "up":    { "uv": [ 8.5, 6, 10.5, 7 ], "texture": "#texture" },
        "north": { "uv": [ 8.5, 11, 10.5, 15 ], "texture": "#texture" },
        "south": { "uv": [ 8.5, 11, 10.5, 15 ], "texture": "#texture" },
        "west":  { "uv": [ 6, 11, 7, 15.5 ], "texture": "#texture" },
        "east":  { "uv": [ 6, 11, 7, 15.5 ], "texture": "#texture" }
    }
},
{
    "from": [ 7, 15.5, 5 ],
    "to": [ 9, 18.5, 6.5 ],
    "faces": {
        "down":  { "uv": [ 8.5, 6, 10.5, 7 ], "texture": "#texture" },
        "up":    { "uv": [ 8.5, 6, 10.5, 7 ], "texture": "#texture" },
        "north": { "uv": [ 8.5, 11, 10.5, 16 ], "texture": "#texture" },
        "south": { "uv": [ 8.5, 11, 10.5, 16 ], "texture": "#texture" },
        "west":  { "uv": [ 6, 11, 7, 16 ], "texture": "#texture" },
        "east":  { "uv": [ 6, 11, 7, 16 ], "texture": "#texture" }
    }
},
{
    "from": [ 7, 15.5, 9 ],
    "to": [ 9, 18.5, 10.5 ],
    "faces": {
        "down":  { "uv": [ 8.5, 6, 10.5, 7 ], "texture": "#texture" },
        "up":    { "uv": [ 8.5, 6, 10.5, 7 ], "texture": "#texture" },
        "north": { "uv": [ 8.5, 11, 10.5, 16 ], "texture": "#texture" },
        "south": { "uv": [ 8.5, 11, 10.5, 16 ], "texture": "#texture" },
        "west":  { "uv": [ 6, 11, 7, 16 ], "texture": "#texture" },
        "east":  { "uv": [ 6, 11, 7, 16 ], "texture": "#texture" }
    }
},
{
    "from": [ 7, 18.5, 9.5 ],
    "to": [ 9, 21.5, 11 ],
    "faces": {
        "down":  { "uv": [ 8.5, 6, 10.5, 7 ], "texture": "#texture" },
        "up":    { "uv": [ 8.5, 6, 10.5, 7 ], "texture": "#texture" },
        "north": { "uv": [ 8.5, 11, 10.5, 16 ], "texture": "#texture" },
        "south": { "uv": [ 8.5, 11, 10.5, 16 ], "texture": "#texture" },
        "west":  { "uv": [ 6, 11, 7, 16 ], "texture": "#texture" },
        "east":  { "uv": [ 6, 11, 7, 16 ], "texture": "#texture" }
    }
}
]
}