{"__comment": "Designed by Tomaxed44 with BDcraft Cubik PRO 0.95 Beta - http://bdcraft.net",
"textures": {
    "particle": "blocks/stone_andesite",
    "iron_block": "blocks/stone_diorite_smooth",
    "texture": "blocks/wool_colored_purple"
},
"elements": [ 
{
    "__comment": "Center post",
    "from": [ 7, 0, 7 ],
    "to": [ 9, 14, 9 ],
    "faces": {
        "down":  { "uv": [ 7, 7, 9, 9 ], "texture": "#iron_block", "cullface": "down" },
        "up":    { "uv": [ 7, 7, 9, 9 ], "texture": "#iron_block", "cullface": "up" },
        "north": { "uv": [ 7, 2, 9, 14 ], "texture": "#iron_block" },
        "south": { "uv": [ 7, 2, 9, 14 ], "texture": "#iron_block" },
        "west":  { "uv": [ 7, 2, 9, 14 ], "texture": "#iron_block" },
        "east":  { "uv": [ 7, 2, 9, 14 ], "texture": "#iron_block" }
    }
},
{
    "__comment": "Center post*",
    "from": [ 7, 0, 2 ],
    "to": [ 9, 14, 4 ],
    "faces": {
        "down":  { "uv": [ 7, 2, 9, 4 ], "texture": "#iron_block", "cullface": "down" },
        "up":    { "uv": [ 7, 2, 9, 4 ], "texture": "#iron_block", "cullface": "up" },
        "north": { "uv": [ 7, 2, 9, 14 ], "texture": "#iron_block" },
        "south": { "uv": [ 7, 2, 9, 14 ], "texture": "#iron_block" },
        "west":  { "uv": [ 2, 2, 4, 14 ], "texture": "#iron_block" },
        "east":  { "uv": [ 2, 2, 4, 14 ], "texture": "#iron_block" }
    }
},
{
    "__comment": "North-south top bar*",
    "from": [ 6, 14, 0 ],
    "to": [ 10, 16, 10 ],
    "faces": {
        "down":  { "uv": [ 6, 9, 10, 15 ], "texture": "#texture" },
        "up":    { "uv": [ 6, 9, 10, 15 ], "texture": "#texture" },
        "north": { "uv": [ 6, 1, 10, 3 ], "texture": "#texture", "cullface": "north" },
        "south": { "uv": [ 6, 1, 10, 3 ], "texture": "#texture", "cullface": "south" },
        "west":  { "uv": [ 9, 1, 15, 3 ], "texture": "#texture" },
        "east":  { "uv": [ 9, 1, 15, 3 ], "texture": "#texture" }
    }
}
]
}