{
"__comment": "Designed by Tomaxed44 with BDcraft Cubik PRO 0.95 Beta - http://bdcraft.net",
"textures": {
	"particle": "blocks/bush1",
    "texture": "blocks/bush1"
},
"elements": [ 
{
    "from": [ 2, 0, 2 ],
    "to": [ 20, 9, 2.0625 ],
    "rotation": { "origin": [ 2, 0, 2 ], "axis": "y", "angle": -45 },
    "faces": {
        "north": { "uv": [ 0, 0, 16, 9 ], "texture": "#texture" },
        "south": { "uv": [ 0, 0, 16, 9 ], "texture": "#texture" }
    }
},
{
    "from": [ 1.5, 0, 14 ],
    "to": [ 19.5, 9, 14.0625 ],
    "rotation": { "origin": [ 1.5, 0, 14 ], "axis": "y", "angle": 45 },
    "faces": {
        "north": { "uv": [ 0, 0, 16, 9 ], "texture": "#texture" },
        "south": { "uv": [ 0, 0, 16, 9 ], "texture": "#texture" }
    }
}
]
}