{
"__comment": "Designed by Tomaxed44 with BDcraft Cubik PRO 0.95 Beta - http://bdcraft.net",
"textures": {
    "particle": "blocks/carton",
    "texture": "blocks/carton",
    "detail": "blocks/detail"
},
"elements": [ 
{
    "from": [ 0.5, 0, 0.5 ],
    "to": [ 13, 6, 14 ],
    "faces": {
        "down":  { "uv": [ 8.5, 0, 14.5, 5.5 ], "texture": "#detail" },
        "up":    { "uv": [ 8.5, 0, 14.5, 5.5 ], "texture": "#detail" },
        "north": { "uv": [ 6.5, 0, 16, 4 ], "texture": "#detail" },
        "south": { "uv": [ 6.5, 0, 16, 4 ], "texture": "#detail" },
        "west":  { "uv": [ 6.5, 0, 16, 4 ], "texture": "#detail" },
        "east":  { "uv": [ 6.5, 0, 16, 4 ], "texture": "#detail" }
    }
},
{
    "from": [ 7, 5.5, 0.5 ],
    "to": [ 17.5, 11.5, 13 ],
    "rotation": { "origin": [ 7, 5.5, 0.5 ], "axis": "y", "angle": -22.5 },
    "faces": {
        "down":  { "uv": [ 9, 13, 0, 0.5 ], "texture": "#texture" },
        "up":    { "uv": [ 7, 0.5, 16, 13 ], "texture": "#texture" },
        "north": { "uv": [ 0, 4.5, 9, 10.5 ], "texture": "#texture" },
        "south": { "uv": [ 7, 4.5, 16, 10.5 ], "texture": "#texture" },
        "west":  { "uv": [ 0.5, 4.5, 13, 10.5 ], "texture": "#texture" },
        "east":  { "uv": [ 3, 4.5, 15.5, 10.5 ], "texture": "#texture" }
    }
},
{
    "from": [ 2, 11.5, 4.5 ],
    "to": [ 10.5, 15, 14 ],
    "rotation": { "origin": [ 2, 11.5, 4.5 ], "axis": "y", "angle": 22.5 },
    "faces": {
        "down":  { "uv": [ 9.5, 16, 0, 6 ], "texture": "#texture" },
        "up":    { "uv": [ 6.5, 6, 16, 16 ], "texture": "#texture" },
        "north": { "uv": [ 0, 4.5, 9.5, 10.5 ], "texture": "#texture" },
        "south": { "uv": [ 6.5, 4.5, 16, 10.5 ], "texture": "#texture" },
        "west":  { "uv": [ 6, 4.5, 16, 10.5 ], "texture": "#texture" },
        "east":  { "uv": [ 0, 4.5, 10, 10.5 ], "texture": "#texture" }
    }
},
{
    "from": [ 13, -0.5, 5 ],
    "to": [ 14, 3.5, 10.5 ],
    "rotation": { "origin": [ 13, 3.5, 5 ], "axis": "z", "angle": 22.5 },
    "faces": {
        "down":  { "uv": [ 13, 5, 14, 10.5 ], "texture": "#texture" },
        "up":    { "uv": [ 13, 5, 14, 10.5 ], "texture": "#texture" },
        "north": { "uv": [ 13, 12, 14, 16 ], "texture": "#texture" },
        "south": { "uv": [ 13, 12, 14, 16 ], "texture": "#texture" },
        "west":  { "uv": [ 5, 12, 10.5, 16 ], "texture": "#texture" },
        "east":  { "uv": [ 5, 12, 10.5, 16 ], "texture": "#texture" }
    }
},
{
    "from": [ 3.5625, -0.5, 13.875 ],
    "to": [ 7.5625, 3, 14.875 ],
    "rotation": { "origin": [ 3.5625, 3, 13.875 ], "axis": "x", "angle": -22.5 },
    "faces": {
        "down":  { "uv": [ 0, 8.5, 4, 9.5 ], "texture": "#detail" },
        "up":    { "uv": [ 0, 8.5, 4, 9.5 ], "texture": "#detail" },
        "north": { "uv": [ 0.5, 8, 4, 11 ], "texture": "#detail" },
        "south": { "uv": [ 0.5, 8, 4, 11 ], "texture": "#detail" },
        "west":  { "uv": [ 0, 8, 1, 11 ], "texture": "#detail" },
        "east":  { "uv": [ 0, 8, 1, 11 ], "texture": "#detail" }
    }
},
{
    "from": [ 4, 6, 1 ],
    "to": [ 6.5, 7, 3.5 ],
    "rotation": { "origin": [ 4, 6, 1 ], "axis": "y", "angle": -45 },
    "faces": {
        "down":  { "uv": [ 8, 10.5, 5.5, 8 ], "texture": "#detail" },
        "up":    { "uv": [ 5, 8.5, 7.5, 11 ], "texture": "#detail" },
        "north": { "uv": [ 6, 9, 8.5, 10 ], "texture": "#detail" },
        "south": { "uv": [ 6, 9, 8.5, 10 ], "texture": "#detail" },
        "west":  { "uv": [ 5, 9, 7.5, 10 ], "texture": "#detail" },
        "east":  { "uv": [ 5, 9, 7.5, 10 ], "texture": "#detail" }
    }
},
{
    "from": [ 1.5, 6, 5 ],
    "to": [ 3, 7, 6 ],
    "rotation": { "origin": [ 1.5, 6, 5 ], "axis": "y", "angle": -22.5 },
    "faces": {
        "down":  { "uv": [ 7, 9.5, 5.5, 8.5 ], "texture": "#detail" },
        "up":    { "uv": [ 5, 9, 6.5, 10 ], "texture": "#detail" },
        "north": { "uv": [ 6.5, 9.5, 8, 10.5 ], "texture": "#detail" },
        "south": { "uv": [ 4.5, 9, 6, 10 ], "texture": "#detail" },
        "west":  { "uv": [ 5, 9, 6, 10 ], "texture": "#detail" },
        "east":  { "uv": [ 6.5, 9, 7.5, 10 ], "texture": "#detail" }
    }
},
{
    "from": [ 12, 11.5, 5 ],
    "to": [ 14, 12.5, 8.5 ],
    "rotation": { "origin": [ 12, 11.5, 5 ], "axis": "y", "angle": 45 },
    "faces": {
        "down":  { "uv": [ 12.5, 11, 14.5, 14.5 ], "texture": "#detail" },
        "up":    { "uv": [ 12.5, 10, 14.5, 13.5 ], "texture": "#detail" },
        "north": { "uv": [ 12, 3.5, 14, 4.5 ], "texture": "#detail" },
        "south": { "uv": [ 13.5, 2.5, 15.5, 3.5 ], "texture": "#detail" },
        "west":  { "uv": [ 12, 1, 15.5, 2 ], "texture": "#detail" },
        "east":  { "uv": [ 9, 2, 12.5, 3 ], "texture": "#detail" }
    }
},
{
    "from": [ 7, 15, 5 ],
    "to": [ 9.5, 15.5, 7 ],
    "rotation": { "origin": [ 7, 15, 5 ], "axis": "y", "angle": 45 },
    "faces": {
        "down":  { "uv": [ 5.5, 8, 8, 10 ], "texture": "#detail" },
        "up":    { "uv": [ 5.5, 8, 8, 10 ], "texture": "#detail" },
        "north": { "uv": [ 5, 9, 7.5, 9.5 ], "texture": "#detail" },
        "south": { "uv": [ 5, 9, 7.5, 9.5 ], "texture": "#detail" },
        "west":  { "uv": [ 5.5, 9, 7.5, 9.5 ], "texture": "#detail" },
        "east":  { "uv": [ 5.5, 9, 7.5, 9.5 ], "texture": "#detail" }
    }
},
{
    "from": [ 8.5, 15, 7 ],
    "to": [ 11, 16, 9 ],
    "faces": {
        "down":  { "uv": [ 1, 8.5, 3.5, 10.5 ], "texture": "#detail" },
        "up":    { "uv": [ 1, 8.5, 3.5, 10.5 ], "texture": "#detail" },
        "north": { "uv": [ 0.5, 9.5, 3, 10.5 ], "texture": "#detail" },
        "south": { "uv": [ 0.5, 9.5, 3, 10.5 ], "texture": "#detail" },
        "west":  { "uv": [ 1, 9.5, 3, 10.5 ], "texture": "#detail" },
        "east":  { "uv": [ 1, 9.5, 3, 10.5 ], "texture": "#detail" }
    }
},
{
    "from": [ 4.5, 15, 6 ],
    "to": [ 7.5, 16, 10.5 ],
    "rotation": { "origin": [ 4.5, 15, 6 ], "axis": "y", "angle": -22.5 },
    "faces": {
        "down":  { "uv": [ 12, 1.5, 15, 6 ], "texture": "#detail" },
        "up":    { "uv": [ 12, 1.5, 15, 6 ], "texture": "#detail" },
        "north": { "uv": [ 8.5, 2.5, 11.5, 3.5 ], "texture": "#detail" },
        "south": { "uv": [ 8.5, 2.5, 11.5, 3.5 ], "texture": "#detail" },
        "west":  { "uv": [ 8.5, 2, 13, 3 ], "texture": "#detail" },
        "east":  { "uv": [ 8.5, 2, 13, 3 ], "texture": "#detail" }
    }
},
{
    "from": [ 10, 11.5, 12.5 ],
    "to": [ 12, 12.5, 14 ],
    "faces": {
        "down":  { "uv": [ 5.5, 8.5, 7.5, 10 ], "texture": "#detail" },
        "up":    { "uv": [ 5.5, 8.5, 7.5, 10 ], "texture": "#detail" },
        "north": { "uv": [ 6, 9, 8, 10 ], "texture": "#detail" },
        "south": { "uv": [ 6, 9, 8, 10 ], "texture": "#detail" },
        "west":  { "uv": [ 5.5, 8.5, 7, 9.5 ], "texture": "#detail" },
        "east":  { "uv": [ 5.5, 8.5, 7, 9.5 ], "texture": "#detail" }
    }
}
],
"display": {
    "gui": {
        "rotation": [ 30, 225, 0 ],
        "translation": [ 0, 0, 0 ],
        "scale": [ 0.625, 0.625, 0.625 ]
    }
}
}