{
"__comment": "Designed by Tomaxed44 with BDcraft Cubik PRO 0.95 Beta - http://bdcraft.net",
"textures": {
    "particle": "blocks/carton",
    "texture": "blocks/carton",
    "detail": "blocks/detail"
},
"elements": [ 
{
    "from": [ 9, 0, 10 ],
    "to": [ 16, 6, 16 ],
    "faces": {
        "down":  { "uv": [ 7, 16, 0, 10 ], "texture": "#texture" },
        "up":    { "uv": [ 9, 10, 16, 16 ], "texture": "#texture" },
        "north": { "uv": [ 0, 10, 7, 16 ], "texture": "#texture" },
        "south": { "uv": [ 9, 10, 16, 16 ], "texture": "#texture" },
        "west":  { "uv": [ 10, 10, 16, 16 ], "texture": "#texture" },
        "east":  { "uv": [ 0, 10, 6, 16 ], "texture": "#texture" }
    }
},
{
    "from": [ 0.5, -1, 8.5 ],
    "to": [ 11.5, 3, 15 ],
    "rotation": { "origin": [ 0.5, 3, 8.5 ], "axis": "z", "angle": 45 },
    "faces": {
        "down":  { "uv": [ 10.5, 4.5, 16, 8 ], "texture": "#detail" },
        "up":    { "uv": [ 10.5, 4.5, 16, 8 ], "texture": "#detail" },
        "north": { "uv": [ 11, 4.5, 16, 6.5 ], "texture": "#detail" },
        "south": { "uv": [ 11, 4.5, 16, 6.5 ], "texture": "#detail" },
        "west":  { "uv": [ 11.5, 11, 16, 14 ], "texture": "#detail" },
        "east":  { "uv": [ 11.5, 11, 16, 14 ], "texture": "#detail" }
    }
},
{
    "from": [ 3, 1.5, 3.5 ],
    "to": [ 9, 6.5, 9 ],
    "rotation": { "origin": [ 3, 6.5, 3.5 ], "axis": "x", "angle": 22.5 },
    "faces": {
        "down":  { "uv": [ 13, 7, 7, 0 ], "texture": "#texture" },
        "up":    { "uv": [ 3, 0, 9, 7 ], "texture": "#texture" },
        "north": { "uv": [ 7, 4, 13, 11 ], "texture": "#texture" },
        "south": { "uv": [ 3, 4, 9, 11 ], "texture": "#texture" },
        "west":  { "uv": [ 0, 4, 7, 11 ], "texture": "#texture" },
        "east":  { "uv": [ 9, 4, 16, 11 ], "texture": "#texture" }
    }
},
{
    "from": [ 5, 0, 1 ],
    "to": [ 10, 1.5, 3 ],
    "faces": {
        "down":  { "uv": [ 11, 3, 6, 1 ], "texture": "#texture" },
        "up":    { "uv": [ 5, 1, 10, 3 ], "texture": "#texture" },
        "north": { "uv": [ 6, 14.5, 11, 16 ], "texture": "#texture" },
        "south": { "uv": [ 5, 14.5, 10, 16 ], "texture": "#texture" },
        "west":  { "uv": [ 1, 14.5, 3, 16 ], "texture": "#texture" },
        "east":  { "uv": [ 13, 14.5, 15, 16 ], "texture": "#texture" }
    }
},
{
    "from": [ 11.5, 0, 2 ],
    "to": [ 16.5, 3.5, 7 ],
    "rotation": { "origin": [ 11.5, 0, 2 ], "axis": "y", "angle": -22.5 },
    "faces": {
        "down":  { "uv": [ 4.5, 7, 0, 2 ], "texture": "#texture" },
        "up":    { "uv": [ 11.5, 2, 16, 7 ], "texture": "#texture" },
        "north": { "uv": [ 0, 12.5, 4.5, 16 ], "texture": "#texture" },
        "south": { "uv": [ 11.5, 12.5, 16, 16 ], "texture": "#texture" },
        "west":  { "uv": [ 2, 12.5, 7, 16 ], "texture": "#texture" },
        "east":  { "uv": [ 9, 12.5, 14, 16 ], "texture": "#texture" }
    }
},
{
    "from": [ 11.5, 3.5, 5.5 ],
    "to": [ 14, 4.5, 7.5 ],
    "rotation": { "origin": [ 11.5, 3.5, 5.5 ], "axis": "y", "angle": 22.5 },
    "faces": {
        "down":  { "uv": [ 5.5, 8, 8, 10 ], "texture": "#detail" },
        "up":    { "uv": [ 5.5, 8, 8, 10 ], "texture": "#detail" },
        "north": { "uv": [ 5.5, 9, 8, 10 ], "texture": "#detail" },
        "south": { "uv": [ 5.5, 9, 8, 10 ], "texture": "#detail" },
        "west":  { "uv": [ 6, 9, 8, 10 ], "texture": "#detail" },
        "east":  { "uv": [ 6, 9, 8, 10 ], "texture": "#detail" }
    }
},
{
    "from": [ 11, 6, 10.5 ],
    "to": [ 14, 7, 14 ],
    "rotation": { "origin": [ 11, 6, 10.5 ], "axis": "y", "angle": 22.5 },
    "faces": {
        "down":  { "uv": [ 1, 8, 3.5, 11 ], "texture": "#detail" },
        "up":    { "uv": [ 1, 8, 3.5, 11 ], "texture": "#detail" },
        "north": { "uv": [ 0.5, 9, 3.5, 10 ], "texture": "#detail" },
        "south": { "uv": [ 0.5, 9, 3.5, 10 ], "texture": "#detail" },
        "west":  { "uv": [ 0.5, 9, 4, 10 ], "texture": "#detail" },
        "east":  { "uv": [ 0.5, 9, 4, 10 ], "texture": "#detail" }
    }
},
{
    "from": [ 0, 0, 0.5 ],
    "to": [ 3, 1, 4 ],
    "rotation": { "origin": [ 0, 0, 0.5 ], "axis": "y", "angle": 22.5 },
    "faces": {
        "down":  { "uv": [ 16, 4, 13, 0.5 ], "texture": "#texture" },
        "up":    { "uv": [ 0, 0.5, 3, 4 ], "texture": "#texture" },
        "north": { "uv": [ 13, 15, 16, 16 ], "texture": "#texture" },
        "south": { "uv": [ 0, 15, 3, 16 ], "texture": "#texture" },
        "west":  { "uv": [ 0.5, 15, 4, 16 ], "texture": "#texture" },
        "east":  { "uv": [ 12, 15, 15.5, 16 ], "texture": "#texture" }
    }
},
{
    "from": [ 13.5, 0, 0.5 ],
    "to": [ 15.5, 1, 2 ],
    "rotation": { "origin": [ 13.5, 0, 0.5 ], "axis": "y", "angle": 22.5 },
    "faces": {
        "down":  { "uv": [ 2.5, 2, 0.5, 0.5 ], "texture": "#texture" },
        "up":    { "uv": [ 13.5, 0.5, 15.5, 2 ], "texture": "#texture" },
        "north": { "uv": [ 0.5, 15, 2.5, 16 ], "texture": "#texture" },
        "south": { "uv": [ 13.5, 15, 15.5, 16 ], "texture": "#texture" },
        "west":  { "uv": [ 0.5, 15, 2, 16 ], "texture": "#texture" },
        "east":  { "uv": [ 14, 15, 15.5, 16 ], "texture": "#texture" }
    }
}
],
"display": {
    "gui": {
        "rotation": [ 30, 225, 0 ],
        "translation": [ 0, 0, 0 ],
        "scale": [ 0.625, 0.625, 0.625 ]
    }
}
}