{
"__comment": "Designed by Tomaxed44 with BDcraft Cubik PRO 0.95 Beta - http://bdcraft.net",
"ambientocclusion": false,
"textures": {
    "particle": "blocks/stone_diorite",
    "texture": "blocks/stone_diorite",
    "hardened_clay_stained_silver": "blocks/hardened_clay_stained_cyan",
    "wool_colored_silver2": "blocks/wool_colored_silver2",
    "wool_colored_cyan": "blocks/wool_colored_cyan"
},
"elements": [ 
{
    "from": [ -5.5, 0, -8 ],
    "to": [ 11, 14, 10.5 ],
    "faces": {
        "down":  { "uv": [ 0, 0, 16, 16 ], "texture": "#texture" },
        "up":    { "uv": [ 0, 0, 16, 16 ], "texture": "#texture" },
        "north": { "uv": [ 0, 2, 16, 16 ], "texture": "#texture" },
        "south": { "uv": [ 0, 2, 16, 16 ], "texture": "#texture" },
        "west":  { "uv": [ 0, 2, 16, 16 ], "texture": "#texture" },
        "east":  { "uv": [ 0, 2, 16, 16 ], "texture": "#texture" }
    }
},
{
    "from": [ 7.5, 4, 15.5 ],
    "to": [ 20.5, 10.5, 27.5 ],
    "rotation": { "origin": [ 7.5, 10.5, 15.5 ], "axis": "x", "angle": 22.5 },
    "faces": {
        "down":  { "uv": [ 3, 1.5, 16, 13.5 ], "texture": "#hardened_clay_stained_silver" },
        "up":    { "uv": [ 3, 1.5, 16, 13.5 ], "texture": "#hardened_clay_stained_silver" },
        "north": { "uv": [ 3, 2.5, 16, 9 ], "texture": "#hardened_clay_stained_silver" },
        "south": { "uv": [ 0, 6.5, 13, 13 ], "texture": "#hardened_clay_stained_silver" },
        "west":  { "uv": [ 2, 2.5, 14, 9 ], "texture": "#hardened_clay_stained_silver" },
        "east":  { "uv": [ 2, 2.5, 14, 9 ], "texture": "#hardened_clay_stained_silver" }
    }
},
{
    "from": [ 1, 0, 12.5 ],
    "to": [ 15, 3, 17 ],
    "faces": {
        "down":  { "uv": [ 1, 11.5, 15, 16 ], "texture": "#wool_colored_silver2" },
        "up":    { "uv": [ 1, 11.5, 15, 16 ], "texture": "#wool_colored_silver2" },
        "north": { "uv": [ 1, 13, 15, 16 ], "texture": "#wool_colored_silver2" },
        "south": { "uv": [ 1, 13, 15, 16 ], "texture": "#wool_colored_silver2" },
        "west":  { "uv": [ 11.5, 13, 16, 16 ], "texture": "#wool_colored_silver2" },
        "east":  { "uv": [ 11.5, 13, 16, 16 ], "texture": "#wool_colored_silver2" }
    }
},
{
    "from": [ 5.5, 14, -1 ],
    "to": [ 17, 16, 11.5 ],
    "rotation": { "origin": [ 5.5, 14, -1 ], "axis": "y", "angle": -22.5 },
    "faces": {
        "down":  { "uv": [ 4.5, 0, 16, 12.5 ], "texture": "#wool_colored_cyan" },
        "up":    { "uv": [ 4.5, 0, 16, 12.5 ], "texture": "#wool_colored_cyan" },
        "north": { "uv": [ 4.5, 0, 16, 2 ], "texture": "#wool_colored_cyan" },
        "south": { "uv": [ 4.5, 0, 16, 2 ], "texture": "#wool_colored_cyan" },
        "west":  { "uv": [ 0, 0, 12.5, 2 ], "texture": "#wool_colored_cyan" },
        "east":  { "uv": [ 0, 0, 12.5, 2 ], "texture": "#wool_colored_cyan" }
    }
},
{
    "from": [ -5.5, 14, -4.5 ],
    "to": [ 1, 15.5, 3.5 ],
    "rotation": { "origin": [ -5.5, 14, -4.5 ], "axis": "y", "angle": 22.5 },
    "faces": {
        "down":  { "uv": [ 0, 0, 6.5, 8 ], "texture": "#hardened_clay_stained_silver" },
        "up":    { "uv": [ 0, 0, 6.5, 8 ], "texture": "#hardened_clay_stained_silver" },
        "north": { "uv": [ 0, 0.5, 6.5, 2 ], "texture": "#hardened_clay_stained_silver" },
        "south": { "uv": [ 0, 0.5, 6.5, 2 ], "texture": "#hardened_clay_stained_silver" },
        "west":  { "uv": [ 0, 0.5, 8, 2 ], "texture": "#hardened_clay_stained_silver" },
        "east":  { "uv": [ 0, 0.5, 8, 2 ], "texture": "#hardened_clay_stained_silver" }
    }
},
{
    "from": [ -9.5, 0, -6 ],
    "to": [ -4.5, 4, 0.5 ],
    "rotation": { "origin": [ -9.5, 0, -6 ], "axis": "y", "angle": -45 },
    "faces": {
        "down":  { "uv": [ 11, 1.5, 16, 8 ], "texture": "#texture" },
        "up":    { "uv": [ 11, 1.5, 16, 8 ], "texture": "#texture" },
        "north": { "uv": [ 11, 12, 16, 16 ], "texture": "#texture" },
        "south": { "uv": [ 11, 12, 16, 16 ], "texture": "#texture" },
        "west":  { "uv": [ 1.5, 12, 8, 16 ], "texture": "#texture" },
        "east":  { "uv": [ 1.5, 12, 8, 16 ], "texture": "#texture" }
    }
}
],
"display": {
    "gui": {
        "rotation": [ 30, 225, 0 ],
        "translation": [ 0, 0, 0 ],
        "scale": [ 0.625, 0.625, 0.625 ]
    }
}
}