{
"__comment": "Designed by Tomaxed44 with BDcraft Cubik PRO 0.95 Beta - http://bdcraft.net",
"textures": {
    "particle": "blocks/hardened_clay_stained_cyan",
    "texture": "blocks/hardened_clay_stained_cyan"
},
"elements": [ 
{
    "from": [ 2, 0, 0 ],
    "to": [ 14, 16, 16 ],
    "faces": {
        "down":  { "uv": [ 14, 16, 2, 0 ], "texture": "#texture" },
        "up":    { "uv": [ 2, 0, 14, 16 ], "texture": "#texture" },
        "north": { "uv": [ 2, 0, 14, 16 ], "texture": "#texture" },
        "south": { "uv": [ 2, 0, 14, 16 ], "texture": "#texture" },
        "west":  { "uv": [ 0, 0, 16, 16 ], "texture": "#texture" },
        "east":  { "uv": [ 0, 0, 16, 16 ], "texture": "#texture" }
    }
}
],
"display": {
    "gui": {
        "rotation": [ 30, 225, 0 ],
        "translation": [ 0, 0, 0 ],
        "scale": [ 0.625, 0.625, 0.625 ]
    }
}
}