{
"__comment": "Designed by Tomaxed44 with BDcraft Cubik PRO 0.95 Beta - http://bdcraft.net",
"ambientocclusion": false,
"textures": {
    "particle": "blocks/cargo",
    "texture": "blocks/cargo"
},
"elements": [ 
{
    "from": [ 0, 0, 0 ],
    "to": [ 16, 16, 16 ],
    "faces": {
        "down":  { "uv": [ 16, 16, 0, 0 ], "texture": "#texture" },
        "up":    { "uv": [ 0, 0, 16, 16 ], "texture": "#texture" },
        "north": { "uv": [ 0, 0, 16, 16 ], "texture": "#texture" },
        "south": { "uv": [ 0, 0, 16, 16 ], "texture": "#texture" },
        "west":  { "uv": [ 0, 0, 16, 16 ], "texture": "#texture" },
        "east":  { "uv": [ 0, 0, 16, 16 ], "texture": "#texture" }
    }
},
{
    "from": [ 0, 8.25, -1.5 ],
    "to": [ 16, 15.75, 0 ],
    "faces": {
        "down":  { "uv": [ 0, 0, 16, 1.5 ], "texture": "#texture" },
        "up":    { "uv": [ 0, 0, 16, 1.5 ], "texture": "#texture" },
        "north": { "uv": [ 0, 0, 16, 7.5 ], "texture": "#texture" },
        "south": { "uv": [ 0, 0, 16, 7.5 ], "texture": "#texture" },
        "west":  { "uv": [ 1, 0, 2.5, 7.5 ], "texture": "#texture" },
        "east":  { "uv": [ 1, 0, 2.5, 7.5 ], "texture": "#texture" }
    }
},
{
    "from": [ 0, 0.25, -1.5 ],
    "to": [ 16, 7.75, 0 ],
    "faces": {
        "down":  { "uv": [ 0, 0, 16, 1.5 ], "texture": "#texture" },
        "up":    { "uv": [ 0, 0, 16, 1.5 ], "texture": "#texture" },
        "north": { "uv": [ 0, 8, 16, 15.5 ], "texture": "#texture" },
        "south": { "uv": [ 0, 8, 16, 15.5 ], "texture": "#texture" },
        "west":  { "uv": [ 1, 8, 2.5, 15.5 ], "texture": "#texture" },
        "east":  { "uv": [ 1, 8, 2.5, 15.5 ], "texture": "#texture" }
    }
},
{
    "from": [ 0, 8.5, -2.5 ],
    "to": [ 16, 15.5, -1.5 ],
    "faces": {
        "down":  { "uv": [ 0, 0, 16, 1 ], "texture": "#texture" },
        "up":    { "uv": [ 0, 0, 16, 1 ], "texture": "#texture" },
        "north": { "uv": [ 0, 0.5, 16, 7.5 ], "texture": "#texture" },
        "south": { "uv": [ 0, 0.5, 16, 7.5 ], "texture": "#texture" },
        "west":  { "uv": [ 0.5, 0.5, 1.5, 7.5 ], "texture": "#texture" },
        "east":  { "uv": [ 0.5, 0.5, 1.5, 7.5 ], "texture": "#texture" }
    }
},
{
    "from": [ 0, 0.5, -2.5 ],
    "to": [ 16, 7.5, -1.5 ],
    "faces": {
        "down":  { "uv": [ 0, 0, 16, 1 ], "texture": "#texture" },
        "up":    { "uv": [ 0, 0, 16, 1 ], "texture": "#texture" },
        "north": { "uv": [ 0, 8.5, 16, 15.5 ], "texture": "#texture" },
        "south": { "uv": [ 0, 8.5, 16, 15.5 ], "texture": "#texture" },
        "west":  { "uv": [ 0.5, 8.5, 1.5, 15.5 ], "texture": "#texture" },
        "east":  { "uv": [ 0.5, 8.5, 1.5, 15.5 ], "texture": "#texture" }
    }
},
{
    "from": [ 0, 1.5, -3 ],
    "to": [ 16, 6.5, -2.5 ],
    "faces": {
        "down":  { "uv": [ 0, 0, 16, 0.5 ], "texture": "#texture" },
        "up":    { "uv": [ 0, 0, 16, 0.5 ], "texture": "#texture" },
        "north": { "uv": [ 0, 9.5, 16, 14.5 ], "texture": "#texture" },
        "south": { "uv": [ 0, 9.5, 16, 14.5 ], "texture": "#texture" },
        "west":  { "uv": [ 0, 9.5, 0.5, 14.5 ], "texture": "#texture" },
        "east":  { "uv": [ 0, 9.5, 0.5, 14.5 ], "texture": "#texture" }
    }
},
{
    "from": [ 0, 9.5, -3 ],
    "to": [ 16, 14.5, -2.5 ],
    "faces": {
        "down":  { "uv": [ 0, 0, 16, 0.5 ], "texture": "#texture" },
        "up":    { "uv": [ 0, 0, 16, 0.5 ], "texture": "#texture" },
        "north": { "uv": [ 0, 1.5, 16, 6.5 ], "texture": "#texture" },
        "south": { "uv": [ 0, 1.5, 16, 6.5 ], "texture": "#texture" },
        "west":  { "uv": [ 0, 1.5, 0.5, 6.5 ], "texture": "#texture" },
        "east":  { "uv": [ 0, 1.5, 0.5, 6.5 ], "texture": "#texture" }
    }
},
{
    "from": [ -0.5, 9, -1.5 ],
    "to": [ 16.5, 15, 17.5 ],
    "faces": {
        "down":  { "uv": [ 16, 16, 0, 0 ], "texture": "#texture" },
        "up":    { "uv": [ 0, 0, 16, 16 ], "texture": "#texture" },
        "north": { "uv": [ 0, 1, 16, 7 ], "texture": "#texture" },
        "south": { "uv": [ 0, 1, 16, 7 ], "texture": "#texture" },
        "west":  { "uv": [ 0, 1, 16, 7 ], "texture": "#texture" },
        "east":  { "uv": [ 0, 1, 16, 7 ], "texture": "#texture" }
    }
},
{
    "from": [ -0.5, 8.5, -0.5 ],
    "to": [ 16.5, 9, 16.5 ],
    "faces": {
        "down":  { "uv": [ 16, 16, 0, 0 ], "texture": "#texture" },
        "up":    { "uv": [ 0, 0, 16, 16 ], "texture": "#texture" },
        "north": { "uv": [ 0, 7, 16, 7.5 ], "texture": "#texture" },
        "south": { "uv": [ 0, 7, 16, 7.5 ], "texture": "#texture" },
        "west":  { "uv": [ 0, 7, 16, 7.5 ], "texture": "#texture" },
        "east":  { "uv": [ 0, 7, 16, 7.5 ], "texture": "#texture" }
    }
},
{
    "from": [ -0.5, 9.5, -2 ],
    "to": [ 16.5, 14.5, -1.5 ],
    "faces": {
        "down":  { "uv": [ 0, 0, 16, 0.5 ], "texture": "#texture" },
        "up":    { "uv": [ 0, 0, 16, 0.5 ], "texture": "#texture" },
        "north": { "uv": [ 0, 1.5, 16, 6.5 ], "texture": "#texture" },
        "south": { "uv": [ 0, 1.5, 16, 6.5 ], "texture": "#texture" },
        "west":  { "uv": [ 0.5, 1.5, 1, 6.5 ], "texture": "#texture" },
        "east":  { "uv": [ 0.5, 1.5, 1, 6.5 ], "texture": "#texture" }
    }
},
{
    "from": [ -0.5, 15, -0.5 ],
    "to": [ 16.5, 15.5, 16.5 ],
    "faces": {
        "down":  { "uv": [ 16, 16, 0, 0 ], "texture": "#texture" },
        "up":    { "uv": [ 0, 0, 16, 16 ], "texture": "#texture" },
        "north": { "uv": [ 0, 0.5, 16, 1 ], "texture": "#texture" },
        "south": { "uv": [ 0, 0.5, 16, 1 ], "texture": "#texture" },
        "west":  { "uv": [ 0, 0.5, 16, 1 ], "texture": "#texture" },
        "east":  { "uv": [ 0, 0.5, 16, 1 ], "texture": "#texture" }
    }
},
{
    "from": [ -0.5, 7, -0.5 ],
    "to": [ 16.5, 7.5, 16.5 ],
    "faces": {
        "down":  { "uv": [ 16, 16, 0, 0 ], "texture": "#texture" },
        "up":    { "uv": [ 0, 0, 16, 16 ], "texture": "#texture" },
        "north": { "uv": [ 0, 8.5, 16, 9 ], "texture": "#texture" },
        "south": { "uv": [ 0, 8.5, 16, 9 ], "texture": "#texture" },
        "west":  { "uv": [ 0, 8.5, 16, 9 ], "texture": "#texture" },
        "east":  { "uv": [ 0, 8.5, 16, 9 ], "texture": "#texture" }
    }
},
{
    "from": [ -0.5, 1, -1.5 ],
    "to": [ 16.5, 7, 17.5 ],
    "faces": {
        "down":  { "uv": [ 16, 16, 0, 0 ], "texture": "#texture" },
        "up":    { "uv": [ 0, 0, 16, 16 ], "texture": "#texture" },
        "north": { "uv": [ 0, 9, 16, 15 ], "texture": "#texture" },
        "south": { "uv": [ 0, 9, 16, 15 ], "texture": "#texture" },
        "west":  { "uv": [ 0, 9, 16, 15 ], "texture": "#texture" },
        "east":  { "uv": [ 0, 9, 16, 15 ], "texture": "#texture" }
    }
},
{
    "from": [ -0.5, 1.5, -2 ],
    "to": [ 16.5, 6.5, -1.5 ],
    "faces": {
        "down":  { "uv": [ 0, 0, 16, 0.5 ], "texture": "#texture" },
        "up":    { "uv": [ 0, 0, 16, 0.5 ], "texture": "#texture" },
        "north": { "uv": [ 0, 9.5, 16, 14.5 ], "texture": "#texture" },
        "south": { "uv": [ 0, 9.5, 16, 14.5 ], "texture": "#texture" },
        "west":  { "uv": [ 0.5, 9.5, 1, 14.5 ], "texture": "#texture" },
        "east":  { "uv": [ 0.5, 9.5, 1, 14.5 ], "texture": "#texture" }
    }
},
{
    "from": [ 0, 8.1875, 16 ],
    "to": [ 16, 15.6875, 17.5 ],
    "faces": {
        "down":  { "uv": [ 0, 0, 16, 1.5 ], "texture": "#texture" },
        "up":    { "uv": [ 0, 0, 16, 1.5 ], "texture": "#texture" },
        "north": { "uv": [ 0, 0, 16, 7.5 ], "texture": "#texture" },
        "south": { "uv": [ 0, 0, 16, 7.5 ], "texture": "#texture" },
        "west":  { "uv": [ 1, 0, 2.5, 7.5 ], "texture": "#texture" },
        "east":  { "uv": [ 1, 0, 2.5, 7.5 ], "texture": "#texture" }
    }
},
{
    "from": [ 0, 0.25, 16 ],
    "to": [ 16, 7.75, 17.5 ],
    "faces": {
        "down":  { "uv": [ 0, 0, 16, 1.5 ], "texture": "#texture" },
        "up":    { "uv": [ 0, 0, 16, 1.5 ], "texture": "#texture" },
        "north": { "uv": [ 0, 8, 16, 15.5 ], "texture": "#texture" },
        "south": { "uv": [ 0, 8, 16, 15.5 ], "texture": "#texture" },
        "west":  { "uv": [ 1, 8, 2.5, 15.5 ], "texture": "#texture" },
        "east":  { "uv": [ 1, 8, 2.5, 15.5 ], "texture": "#texture" }
    }
},
{
    "from": [ -0.5, 1.5, 16 ],
    "to": [ 16.5, 6.5, 16.5 ],
    "faces": {
        "down":  { "uv": [ 0, 0, 16, 0.5 ], "texture": "#texture" },
        "up":    { "uv": [ 0, 0, 16, 0.5 ], "texture": "#texture" },
        "north": { "uv": [ 0, 9.5, 16, 14.5 ], "texture": "#texture" },
        "south": { "uv": [ 0, 9.5, 16, 14.5 ], "texture": "#texture" },
        "west":  { "uv": [ 0.5, 9.5, 1, 14.5 ], "texture": "#texture" },
        "east":  { "uv": [ 0.5, 9.5, 1, 14.5 ], "texture": "#texture" }
    }
},
{
    "from": [ -0.5, 9.5, 16 ],
    "to": [ 16.5, 14.5, 16.5 ],
    "faces": {
        "down":  { "uv": [ 0, 0, 16, 0.5 ], "texture": "#texture" },
        "up":    { "uv": [ 0, 0, 16, 0.5 ], "texture": "#texture" },
        "north": { "uv": [ 0, 1.5, 16, 6.5 ], "texture": "#texture" },
        "south": { "uv": [ 0, 1.5, 16, 6.5 ], "texture": "#texture" },
        "west":  { "uv": [ 0.5, 1.5, 1, 6.5 ], "texture": "#texture" },
        "east":  { "uv": [ 0.5, 1.5, 1, 6.5 ], "texture": "#texture" }
    }
},
{
    "from": [ 0, 8.5, 17.5 ],
    "to": [ 16, 15.5, 18.5 ],
    "faces": {
        "down":  { "uv": [ 0, 0, 16, 1 ], "texture": "#texture" },
        "up":    { "uv": [ 0, 0, 16, 1 ], "texture": "#texture" },
        "north": { "uv": [ 0, 0.5, 16, 7.5 ], "texture": "#texture" },
        "south": { "uv": [ 0, 0.5, 16, 7.5 ], "texture": "#texture" },
        "west":  { "uv": [ 0.5, 0.5, 1.5, 7.5 ], "texture": "#texture" },
        "east":  { "uv": [ 0.5, 0.5, 1.5, 7.5 ], "texture": "#texture" }
    }
},
{
    "from": [ 0, 0.5, 17.5 ],
    "to": [ 16, 7.5, 18.5 ],
    "faces": {
        "down":  { "uv": [ 0, 0, 16, 1 ], "texture": "#texture" },
        "up":    { "uv": [ 0, 0, 16, 1 ], "texture": "#texture" },
        "north": { "uv": [ 0, 8.5, 16, 15.5 ], "texture": "#texture" },
        "south": { "uv": [ 0, 8.5, 16, 15.5 ], "texture": "#texture" },
        "west":  { "uv": [ 0.5, 8.5, 1.5, 15.5 ], "texture": "#texture" },
        "east":  { "uv": [ 0.5, 8.5, 1.5, 15.5 ], "texture": "#texture" }
    }
},
{
    "from": [ 0, 1.5, 18.5 ],
    "to": [ 16, 6.5, 19 ],
    "faces": {
        "down":  { "uv": [ 0, 0, 16, 0.5 ], "texture": "#texture" },
        "up":    { "uv": [ 0, 0, 16, 0.5 ], "texture": "#texture" },
        "north": { "uv": [ 0, 9.5, 16, 14.5 ], "texture": "#texture" },
        "south": { "uv": [ 0, 9.5, 16, 14.5 ], "texture": "#texture" },
        "west":  { "uv": [ 0, 9.5, 0.5, 14.5 ], "texture": "#texture" },
        "east":  { "uv": [ 0, 9.5, 0.5, 14.5 ], "texture": "#texture" }
    }
},
{
    "from": [ 0, 9.5, 18.5 ],
    "to": [ 16, 14.5, 19 ],
    "faces": {
        "down":  { "uv": [ 0, 0, 16, 0.5 ], "texture": "#texture" },
        "up":    { "uv": [ 0, 0, 16, 0.5 ], "texture": "#texture" },
        "north": { "uv": [ 0, 1.5, 16, 6.5 ], "texture": "#texture" },
        "south": { "uv": [ 0, 1.5, 16, 6.5 ], "texture": "#texture" },
        "west":  { "uv": [ 0, 1.5, 0.5, 6.5 ], "texture": "#texture" },
        "east":  { "uv": [ 0, 1.5, 0.5, 6.5 ], "texture": "#texture" }
    }
}
],
"display": {
    "gui": {
        "rotation": [ 30, 225, 0 ],
        "translation": [ 0, 0, 0 ],
        "scale": [ 0.625, 0.625, 0.625 ]
    }
}
}