{
"__comment": "Designed by Tomaxed44 with BDcraft Cubik PRO 0.95 Beta - http://bdcraft.net",
"textures": {
    "particle": "blocks/grass_normal",
    "texture": "blocks/grass_normal",
    "grass_top": "blocks/grass_normal",
    "stone1": "blocks/stone1"
},
"elements": [ 
{
    "from": [ 0, 0, 0 ],
    "to": [ 16, 8, 16 ],
    "faces": {
        "down":  { "uv": [ 16, 16, 0, 0 ], "texture": "#stone1" },
        "up":    { "uv": [ 0, 0, 16, 16 ], "texture": "#grass_top" },
        "north": { "uv": [ 0, 0, 16, 8 ], "texture": "#texture" },
        "south": { "uv": [ 0, 0, 16, 8 ], "texture": "#texture" },
        "west":  { "uv": [ 0, 0, 16, 8 ], "texture": "#texture" },
        "east":  { "uv": [ 0, 0, 16, 8 ], "texture": "#texture" }
    }
}
],
"display": {
    "gui": {
        "rotation": [ 30, 225, 0 ],
        "translation": [ 0, 0, 0 ],
        "scale": [ 0.625, 0.625, 0.625 ]
    }
}
}