{
"__comment": "Designed by Tomaxed44 with BDcraft Cubik PRO 0.95 Beta - http://bdcraft.net",
"textures": {
    "particle": "blocks/stone",
    "texture": "blocks/stone"
},
"elements": [ 
{
    "from": [ 0, 0, 0 ],
    "to": [ 16, 8, 16 ],
    "faces": {
        "down":  { "uv": [ 16, 16, 0, 0 ], "texture": "#texture" },
        "up":    { "uv": [ 0, 0, 16, 16 ], "texture": "#texture" },
        "north": { "uv": [ 0, 8, 16, 16 ], "texture": "#texture" },
        "south": { "uv": [ 0, 8, 16, 16 ], "texture": "#texture" },
        "west":  { "uv": [ 0, 8, 16, 16 ], "texture": "#texture" },
        "east":  { "uv": [ 0, 8, 16, 16 ], "texture": "#texture" }
    }
}
]
}