{
"__comment": "Designed by tomaxed with Cubik",
"textures": {
    "particle": "entity/metro1",
    "texture": "entity/metro1"
},
"elements": [ 
{
    "from": [ -16, 13.5, -16 ],
    "to": [ 32, 16, 32 ],
    "faces": {
        "down":  { "uv": [ 0, 0, 16, 16 ], "texture": "#texture" },
        "up":    { "uv": [ 0, 0, 16, 16 ], "texture": "#texture" },
        "north": { "uv": [ 0, 0, 16, 4.5 ], "texture": "#texture" },
        "south": { "uv": [ 0, 0, 16, 4.5 ], "texture": "#texture" },
        "west":  { "uv": [ 0, 0, 16, 4.5 ], "texture": "#texture" },
        "east":  { "uv": [ 0, 0, 16, 4.5 ], "texture": "#texture" }
    }
}
],
"display": {
    "gui": {
        "rotation": [ 30, 225, 0 ],
        "translation": [ 0, 0, 0 ],
        "scale": [ 0.2, 0.2, 0.2 ]
    },
		"firstperson_righthand": {
        "rotation": [ 0, 0, 0 ],
        "translation": [ 0, 0, 0 ],
        "scale": [ 0.19, 0.28, 0.35 ]
    }
}
}