{
"__comment": "Designed by Tomaxed44 with BDcraft Cubik PRO 0.95 Beta - http://bdcraft.net",
"textures": {
    "texture": "blocks/iron_block"
},
"elements": [ 
{
    "from": [ 1.5, 14.5, 0 ],
    "to": [ 14.5, 15.5, 1.5 ],
    "faces": {
        "down":  { "uv": [ 14.5, 1.5, 1.5, 0 ], "texture": "#texture" },
        "up":    { "uv": [ 1.5, 0, 14.5, 1.5 ], "texture": "#texture" },
        "north": { "uv": [ 1.5, 0.5, 14.5, 1.5 ], "texture": "#texture" },
        "south": { "uv": [ 1.5, 0.5, 14.5, 1.5 ], "texture": "#texture" },
        "west":  { "uv": [ 0, 0.5, 1.5, 1.5 ], "texture": "#texture" },
        "east":  { "uv": [ 14.5, 0.5, 16, 1.5 ], "texture": "#texture" }
    }
},
{
    "from": [ 7.5, 14, 7.5 ],
    "to": [ 8.5, 15, 8.5 ],
    "faces": {
        "down":  { "uv": [ 8.5, 8.5, 7.5, 7.5 ], "texture": "#texture" },
        "up":    { "uv": [ 7.5, 7.5, 8.5, 8.5 ], "texture": "#texture" },
        "north": { "uv": [ 7.5, 1, 8.5, 2 ], "texture": "#texture" },
        "south": { "uv": [ 7.5, 1, 8.5, 2 ], "texture": "#texture" },
        "west":  { "uv": [ 7.5, 1, 8.5, 2 ], "texture": "#texture" },
        "east":  { "uv": [ 7.5, 1, 8.5, 2 ], "texture": "#texture" }
    }
},
{
    "from": [ 0, 14.5, 0 ],
    "to": [ 1.5, 15.5, 16 ],
    "faces": {
        "down":  { "uv": [ 16, 16, 14.5, 0 ], "texture": "#texture" },
        "up":    { "uv": [ 0, 0, 1.5, 16 ], "texture": "#texture" },
        "north": { "uv": [ 14.5, 0.5, 16, 1.5 ], "texture": "#texture" },
        "south": { "uv": [ 0, 0.5, 1.5, 1.5 ], "texture": "#texture" },
        "west":  { "uv": [ 0, 0.5, 16, 1.5 ], "texture": "#texture" },
        "east":  { "uv": [ 0, 0.5, 16, 1.5 ], "texture": "#texture" }
    }
},
{
    "from": [ 14.5, 14.5, 0 ],
    "to": [ 16, 15.5, 16 ],
    "faces": {
        "down":  { "uv": [ 1.5, 16, 0, 0 ], "texture": "#texture" },
        "up":    { "uv": [ 14.5, 0, 16, 16 ], "texture": "#texture" },
        "north": { "uv": [ 0, 0.5, 1.5, 1.5 ], "texture": "#texture" },
        "south": { "uv": [ 14.5, 0.5, 16, 1.5 ], "texture": "#texture" },
        "west":  { "uv": [ 0, 0.5, 16, 1.5 ], "texture": "#texture" },
        "east":  { "uv": [ 0, 0.5, 16, 1.5 ], "texture": "#texture" }
    }
},
{
    "from": [ 1.5, 14.5, 14.5 ],
    "to": [ 14.5, 15.5, 16 ],
    "faces": {
        "down":  { "uv": [ 14.5, 16, 1.5, 14.5 ], "texture": "#texture" },
        "up":    { "uv": [ 1.5, 14.5, 14.5, 16 ], "texture": "#texture" },
        "north": { "uv": [ 1.5, 0.5, 14.5, 1.5 ], "texture": "#texture" },
        "south": { "uv": [ 1.5, 0.5, 14.5, 1.5 ], "texture": "#texture" },
        "west":  { "uv": [ 14.5, 0.5, 16, 1.5 ], "texture": "#texture" },
        "east":  { "uv": [ 0, 0.5, 1.5, 1.5 ], "texture": "#texture" }
    }
},
{
    "from": [ 1.5, 14.5, 14 ],
    "to": [ 6, 15.5, 14.5 ],
    "faces": {
        "down":  { "uv": [ 14.5, 14.5, 10, 14 ], "texture": "#texture" },
        "up":    { "uv": [ 1.5, 14, 6, 14.5 ], "texture": "#texture" },
        "north": { "uv": [ 10, 0.5, 14.5, 1.5 ], "texture": "#texture" },
        "south": { "uv": [ 1.5, 0.5, 6, 1.5 ], "texture": "#texture" },
        "west":  { "uv": [ 14, 0.5, 14.5, 1.5 ], "texture": "#texture" },
        "east":  { "uv": [ 1.5, 0.5, 2, 1.5 ], "texture": "#texture" }
    }
},
{
    "from": [ 10, 14.5, 14 ],
    "to": [ 14.5, 15.5, 14.5 ],
    "faces": {
        "down":  { "uv": [ 6, 14.5, 1.5, 14 ], "texture": "#texture" },
        "up":    { "uv": [ 10, 14, 14.5, 14.5 ], "texture": "#texture" },
        "north": { "uv": [ 1.5, 0.5, 6, 1.5 ], "texture": "#texture" },
        "south": { "uv": [ 10, 0.5, 14.5, 1.5 ], "texture": "#texture" },
        "west":  { "uv": [ 14, 0.5, 14.5, 1.5 ], "texture": "#texture" },
        "east":  { "uv": [ 1.5, 0.5, 2, 1.5 ], "texture": "#texture" }
    }
},
{
    "from": [ 1.5, 14.5, 1.5 ],
    "to": [ 6, 15.5, 2 ],
    "faces": {
        "down":  { "uv": [ 14.5, 2, 10, 1.5 ], "texture": "#texture" },
        "up":    { "uv": [ 1.5, 1.5, 6, 2 ], "texture": "#texture" },
        "north": { "uv": [ 10, 0.5, 14.5, 1.5 ], "texture": "#texture" },
        "south": { "uv": [ 1.5, 0.5, 6, 1.5 ], "texture": "#texture" },
        "west":  { "uv": [ 1.5, 0.5, 2, 1.5 ], "texture": "#texture" },
        "east":  { "uv": [ 14, 0.5, 14.5, 1.5 ], "texture": "#texture" }
    }
},
{
    "from": [ 10, 14.5, 1.5 ],
    "to": [ 14.5, 15.5, 2 ],
    "faces": {
        "down":  { "uv": [ 6, 2, 1.5, 1.5 ], "texture": "#texture" },
        "up":    { "uv": [ 10, 1.5, 14.5, 2 ], "texture": "#texture" },
        "north": { "uv": [ 1.5, 0.5, 6, 1.5 ], "texture": "#texture" },
        "south": { "uv": [ 10, 0.5, 14.5, 1.5 ], "texture": "#texture" },
        "west":  { "uv": [ 1.5, 0.5, 2, 1.5 ], "texture": "#texture" },
        "east":  { "uv": [ 14, 0.5, 14.5, 1.5 ], "texture": "#texture" }
    }
},
{
    "from": [ 1.5, 14.5, 10 ],
    "to": [ 2, 15.5, 14 ],
    "faces": {
        "down":  { "uv": [ 14.5, 14, 14, 10 ], "texture": "#texture" },
        "up":    { "uv": [ 1.5, 10, 2, 14 ], "texture": "#texture" },
        "north": { "uv": [ 14, 0.5, 14.5, 1.5 ], "texture": "#texture" },
        "south": { "uv": [ 1.5, 0.5, 2, 1.5 ], "texture": "#texture" },
        "west":  { "uv": [ 10, 0.5, 14, 1.5 ], "texture": "#texture" },
        "east":  { "uv": [ 2, 0.5, 6, 1.5 ], "texture": "#texture" }
    }
},
{
    "from": [ 1.5, 14.5, 2 ],
    "to": [ 2, 15.5, 6 ],
    "faces": {
        "down":  { "uv": [ 14.5, 6, 14, 2 ], "texture": "#texture" },
        "up":    { "uv": [ 1.5, 2, 2, 6 ], "texture": "#texture" },
        "north": { "uv": [ 14, 0.5, 14.5, 1.5 ], "texture": "#texture" },
        "south": { "uv": [ 1.5, 0.5, 2, 1.5 ], "texture": "#texture" },
        "west":  { "uv": [ 2, 0.5, 6, 1.5 ], "texture": "#texture" },
        "east":  { "uv": [ 10, 0.5, 14, 1.5 ], "texture": "#texture" }
    }
},
{
    "from": [ 14, 14.5, 2 ],
    "to": [ 14.5, 15.5, 6 ],
    "faces": {
        "down":  { "uv": [ 2, 6, 1.5, 2 ], "texture": "#texture" },
        "up":    { "uv": [ 14, 2, 14.5, 6 ], "texture": "#texture" },
        "north": { "uv": [ 1.5, 0.5, 2, 1.5 ], "texture": "#texture" },
        "south": { "uv": [ 14, 0.5, 14.5, 1.5 ], "texture": "#texture" },
        "west":  { "uv": [ 2, 0.5, 6, 1.5 ], "texture": "#texture" },
        "east":  { "uv": [ 10, 0.5, 14, 1.5 ], "texture": "#texture" }
    }
},
{
    "from": [ 14, 14.5, 10 ],
    "to": [ 14.5, 15.5, 14 ],
    "faces": {
        "down":  { "uv": [ 2, 14, 1.5, 10 ], "texture": "#texture" },
        "up":    { "uv": [ 14, 10, 14.5, 14 ], "texture": "#texture" },
        "north": { "uv": [ 1.5, 0.5, 2, 1.5 ], "texture": "#texture" },
        "south": { "uv": [ 14, 0.5, 14.5, 1.5 ], "texture": "#texture" },
        "west":  { "uv": [ 10, 0.5, 14, 1.5 ], "texture": "#texture" },
        "east":  { "uv": [ 2, 0.5, 6, 1.5 ], "texture": "#texture" }
    }
},
{
    "from": [ 2, 14.5, 11 ],
    "to": [ 2.5, 15.5, 14 ],
    "faces": {
        "down":  { "uv": [ 14, 14, 13.5, 11 ], "texture": "#texture" },
        "up":    { "uv": [ 2, 11, 2.5, 14 ], "texture": "#texture" },
        "north": { "uv": [ 13.5, 0.5, 14, 1.5 ], "texture": "#texture" },
        "south": { "uv": [ 2, 0.5, 2.5, 1.5 ], "texture": "#texture" },
        "west":  { "uv": [ 11, 0.5, 14, 1.5 ], "texture": "#texture" },
        "east":  { "uv": [ 2, 0.5, 5, 1.5 ], "texture": "#texture" }
    }
},
{
    "from": [ 2, 14.5, 2 ],
    "to": [ 2.5, 15.5, 5 ],
    "faces": {
        "down":  { "uv": [ 14, 5, 13.5, 2 ], "texture": "#texture" },
        "up":    { "uv": [ 2, 2, 2.5, 5 ], "texture": "#texture" },
        "north": { "uv": [ 13.5, 0.5, 14, 1.5 ], "texture": "#texture" },
        "south": { "uv": [ 2, 0.5, 2.5, 1.5 ], "texture": "#texture" },
        "west":  { "uv": [ 2, 0.5, 5, 1.5 ], "texture": "#texture" },
        "east":  { "uv": [ 11, 0.5, 14, 1.5 ], "texture": "#texture" }
    }
},
{
    "from": [ 13.5, 14.5, 2 ],
    "to": [ 14, 15.5, 5 ],
    "faces": {
        "down":  { "uv": [ 2.5, 5, 2, 2 ], "texture": "#texture" },
        "up":    { "uv": [ 13.5, 2, 14, 5 ], "texture": "#texture" },
        "north": { "uv": [ 2, 0.5, 2.5, 1.5 ], "texture": "#texture" },
        "south": { "uv": [ 13.5, 0.5, 14, 1.5 ], "texture": "#texture" },
        "west":  { "uv": [ 2, 0.5, 5, 1.5 ], "texture": "#texture" },
        "east":  { "uv": [ 11, 0.5, 14, 1.5 ], "texture": "#texture" }
    }
},
{
    "from": [ 13.5, 14.5, 11 ],
    "to": [ 14, 15.5, 14 ],
    "faces": {
        "down":  { "uv": [ 2.5, 14, 2, 11 ], "texture": "#texture" },
        "up":    { "uv": [ 13.5, 11, 14, 14 ], "texture": "#texture" },
        "north": { "uv": [ 2, 0.5, 2.5, 1.5 ], "texture": "#texture" },
        "south": { "uv": [ 13.5, 0.5, 14, 1.5 ], "texture": "#texture" },
        "west":  { "uv": [ 11, 0.5, 14, 1.5 ], "texture": "#texture" },
        "east":  { "uv": [ 2, 0.5, 5, 1.5 ], "texture": "#texture" }
    }
},
{
    "from": [ 13.5, 14.5, 11 ],
    "to": [ 14, 15.5, 14 ],
    "faces": {
        "down":  { "uv": [ 2.5, 14, 2, 11 ], "texture": "#texture" },
        "up":    { "uv": [ 13.5, 11, 14, 14 ], "texture": "#texture" },
        "north": { "uv": [ 2, 0.5, 2.5, 1.5 ], "texture": "#texture" },
        "south": { "uv": [ 13.5, 0.5, 14, 1.5 ], "texture": "#texture" },
        "west":  { "uv": [ 11, 0.5, 14, 1.5 ], "texture": "#texture" },
        "east":  { "uv": [ 2, 0.5, 5, 1.5 ], "texture": "#texture" }
    }
},
{
    "from": [ 13, 14.5, 12 ],
    "to": [ 13.5, 15.5, 14 ],
    "faces": {
        "down":  { "uv": [ 3, 14, 2.5, 12 ], "texture": "#texture" },
        "up":    { "uv": [ 13, 12, 13.5, 14 ], "texture": "#texture" },
        "north": { "uv": [ 2.5, 0.5, 3, 1.5 ], "texture": "#texture" },
        "south": { "uv": [ 13, 0.5, 13.5, 1.5 ], "texture": "#texture" },
        "west":  { "uv": [ 12, 0.5, 14, 1.5 ], "texture": "#texture" },
        "east":  { "uv": [ 2, 0.5, 4, 1.5 ], "texture": "#texture" }
    }
},
{
    "from": [ 11, 14.5, 13.5 ],
    "to": [ 13, 15.5, 14 ],
    "faces": {
        "down":  { "uv": [ 5, 14, 3, 13.5 ], "texture": "#texture" },
        "up":    { "uv": [ 11, 13.5, 13, 14 ], "texture": "#texture" },
        "north": { "uv": [ 3, 0.5, 5, 1.5 ], "texture": "#texture" },
        "south": { "uv": [ 11, 0.5, 13, 1.5 ], "texture": "#texture" },
        "west":  { "uv": [ 13.5, 0.5, 14, 1.5 ], "texture": "#texture" },
        "east":  { "uv": [ 2, 0.5, 2.5, 1.5 ], "texture": "#texture" }
    }
},
{
    "from": [ 12, 14.5, 13 ],
    "to": [ 13, 15.5, 13.5 ],
    "faces": {
        "down":  { "uv": [ 4, 13.5, 3, 13 ], "texture": "#texture" },
        "up":    { "uv": [ 12, 13, 13, 13.5 ], "texture": "#texture" },
        "north": { "uv": [ 3, 0.5, 4, 1.5 ], "texture": "#texture" },
        "south": { "uv": [ 12, 0.5, 13, 1.5 ], "texture": "#texture" },
        "west":  { "uv": [ 13, 0.5, 13.5, 1.5 ], "texture": "#texture" },
        "east":  { "uv": [ 2.5, 0.5, 3, 1.5 ], "texture": "#texture" }
    }
},
{
    "from": [ 12.5, 14.5, 12.5 ],
    "to": [ 13, 15.5, 13 ],
    "faces": {
        "down":  { "uv": [ 3.5, 13, 3, 12.5 ], "texture": "#texture" },
        "up":    { "uv": [ 12.5, 12.5, 13, 13 ], "texture": "#texture" },
        "north": { "uv": [ 3, 0.5, 3.5, 1.5 ], "texture": "#texture" },
        "south": { "uv": [ 12.5, 0.5, 13, 1.5 ], "texture": "#texture" },
        "west":  { "uv": [ 12.5, 0.5, 13, 1.5 ], "texture": "#texture" },
        "east":  { "uv": [ 3, 0.5, 3.5, 1.5 ], "texture": "#texture" }
    }
},
{
    "from": [ 3, 14.5, 13.5 ],
    "to": [ 5, 15.5, 14 ],
    "faces": {
        "down":  { "uv": [ 13, 14, 11, 13.5 ], "texture": "#texture" },
        "up":    { "uv": [ 3, 13.5, 5, 14 ], "texture": "#texture" },
        "north": { "uv": [ 11, 0.5, 13, 1.5 ], "texture": "#texture" },
        "south": { "uv": [ 3, 0.5, 5, 1.5 ], "texture": "#texture" },
        "west":  { "uv": [ 13.5, 0.5, 14, 1.5 ], "texture": "#texture" },
        "east":  { "uv": [ 2, 0.5, 2.5, 1.5 ], "texture": "#texture" }
    }
},
{
    "from": [ 13, 14.5, 2 ],
    "to": [ 13.5, 15.5, 4 ],
    "faces": {
        "down":  { "uv": [ 3, 4, 2.5, 2 ], "texture": "#texture" },
        "up":    { "uv": [ 13, 2, 13.5, 4 ], "texture": "#texture" },
        "north": { "uv": [ 2.5, 0.5, 3, 1.5 ], "texture": "#texture" },
        "south": { "uv": [ 13, 0.5, 13.5, 1.5 ], "texture": "#texture" },
        "west":  { "uv": [ 2, 0.5, 4, 1.5 ], "texture": "#texture" },
        "east":  { "uv": [ 12, 0.5, 14, 1.5 ], "texture": "#texture" }
    }
},
{
    "from": [ 2.5, 14.5, 2 ],
    "to": [ 3, 15.5, 4 ],
    "faces": {
        "down":  { "uv": [ 13.5, 4, 13, 2 ], "texture": "#texture" },
        "up":    { "uv": [ 2.5, 2, 3, 4 ], "texture": "#texture" },
        "north": { "uv": [ 13, 0.5, 13.5, 1.5 ], "texture": "#texture" },
        "south": { "uv": [ 2.5, 0.5, 3, 1.5 ], "texture": "#texture" },
        "west":  { "uv": [ 2, 0.5, 4, 1.5 ], "texture": "#texture" },
        "east":  { "uv": [ 12, 0.5, 14, 1.5 ], "texture": "#texture" }
    }
},
{
    "from": [ 2.5, 14.5, 12 ],
    "to": [ 3, 15.5, 14 ],
    "faces": {
        "down":  { "uv": [ 13.5, 14, 13, 12 ], "texture": "#texture" },
        "up":    { "uv": [ 2.5, 12, 3, 14 ], "texture": "#texture" },
        "north": { "uv": [ 13, 0.5, 13.5, 1.5 ], "texture": "#texture" },
        "south": { "uv": [ 2.5, 0.5, 3, 1.5 ], "texture": "#texture" },
        "west":  { "uv": [ 12, 0.5, 14, 1.5 ], "texture": "#texture" },
        "east":  { "uv": [ 2, 0.5, 4, 1.5 ], "texture": "#texture" }
    }
},
{
    "from": [ 11, 14.5, 2 ],
    "to": [ 13, 15.5, 2.5 ],
    "faces": {
        "down":  { "uv": [ 5, 2.5, 3, 2 ], "texture": "#texture" },
        "up":    { "uv": [ 11, 2, 13, 2.5 ], "texture": "#texture" },
        "north": { "uv": [ 3, 0.5, 5, 1.5 ], "texture": "#texture" },
        "south": { "uv": [ 11, 0.5, 13, 1.5 ], "texture": "#texture" },
        "west":  { "uv": [ 2, 0.5, 2.5, 1.5 ], "texture": "#texture" },
        "east":  { "uv": [ 13.5, 0.5, 14, 1.5 ], "texture": "#texture" }
    }
},
{
    "from": [ 3, 14.5, 2 ],
    "to": [ 5, 15.5, 2.5 ],
    "faces": {
        "down":  { "uv": [ 13, 2.5, 11, 2 ], "texture": "#texture" },
        "up":    { "uv": [ 3, 2, 5, 2.5 ], "texture": "#texture" },
        "north": { "uv": [ 11, 0.5, 13, 1.5 ], "texture": "#texture" },
        "south": { "uv": [ 3, 0.5, 5, 1.5 ], "texture": "#texture" },
        "west":  { "uv": [ 2, 0.5, 2.5, 1.5 ], "texture": "#texture" },
        "east":  { "uv": [ 13.5, 0.5, 14, 1.5 ], "texture": "#texture" }
    }
},
{
    "from": [ 3, 14.5, 13 ],
    "to": [ 4, 15.5, 13.5 ],
    "faces": {
        "down":  { "uv": [ 13, 13.5, 12, 13 ], "texture": "#texture" },
        "up":    { "uv": [ 3, 13, 4, 13.5 ], "texture": "#texture" },
        "north": { "uv": [ 12, 0.5, 13, 1.5 ], "texture": "#texture" },
        "south": { "uv": [ 3, 0.5, 4, 1.5 ], "texture": "#texture" },
        "west":  { "uv": [ 13, 0.5, 13.5, 1.5 ], "texture": "#texture" },
        "east":  { "uv": [ 2.5, 0.5, 3, 1.5 ], "texture": "#texture" }
    }
},
{
    "from": [ 3, 14.5, 2.5 ],
    "to": [ 4, 15.5, 3 ],
    "faces": {
        "down":  { "uv": [ 13, 3, 12, 2.5 ], "texture": "#texture" },
        "up":    { "uv": [ 3, 2.5, 4, 3 ], "texture": "#texture" },
        "north": { "uv": [ 12, 0.5, 13, 1.5 ], "texture": "#texture" },
        "south": { "uv": [ 3, 0.5, 4, 1.5 ], "texture": "#texture" },
        "west":  { "uv": [ 2.5, 0.5, 3, 1.5 ], "texture": "#texture" },
        "east":  { "uv": [ 13, 0.5, 13.5, 1.5 ], "texture": "#texture" }
    }
},
{
    "from": [ 12, 14.5, 2.5 ],
    "to": [ 13, 15.5, 3 ],
    "faces": {
        "down":  { "uv": [ 4, 3, 3, 2.5 ], "texture": "#texture" },
        "up":    { "uv": [ 12, 2.5, 13, 3 ], "texture": "#texture" },
        "north": { "uv": [ 3, 0.5, 4, 1.5 ], "texture": "#texture" },
        "south": { "uv": [ 12, 0.5, 13, 1.5 ], "texture": "#texture" },
        "west":  { "uv": [ 2.5, 0.5, 3, 1.5 ], "texture": "#texture" },
        "east":  { "uv": [ 13, 0.5, 13.5, 1.5 ], "texture": "#texture" }
    }
},
{
    "from": [ 12.5, 14.5, 3 ],
    "to": [ 13, 15.5, 3.5 ],
    "faces": {
        "down":  { "uv": [ 3.5, 3.5, 3, 3 ], "texture": "#texture" },
        "up":    { "uv": [ 12.5, 3, 13, 3.5 ], "texture": "#texture" },
        "north": { "uv": [ 3, 0.5, 3.5, 1.5 ], "texture": "#texture" },
        "south": { "uv": [ 12.5, 0.5, 13, 1.5 ], "texture": "#texture" },
        "west":  { "uv": [ 3, 0.5, 3.5, 1.5 ], "texture": "#texture" },
        "east":  { "uv": [ 12.5, 0.5, 13, 1.5 ], "texture": "#texture" }
    }
},
{
    "from": [ 3, 14.5, 3 ],
    "to": [ 3.5, 15.5, 3.5 ],
    "faces": {
        "down":  { "uv": [ 13, 3.5, 12.5, 3 ], "texture": "#texture" },
        "up":    { "uv": [ 3, 3, 3.5, 3.5 ], "texture": "#texture" },
        "north": { "uv": [ 12.5, 0.5, 13, 1.5 ], "texture": "#texture" },
        "south": { "uv": [ 3, 0.5, 3.5, 1.5 ], "texture": "#texture" },
        "west":  { "uv": [ 3, 0.5, 3.5, 1.5 ], "texture": "#texture" },
        "east":  { "uv": [ 12.5, 0.5, 13, 1.5 ], "texture": "#texture" }
    }
},
{
    "from": [ 3, 14.5, 12.5 ],
    "to": [ 3.5, 15.5, 13 ],
    "faces": {
        "down":  { "uv": [ 13, 13, 12.5, 12.5 ], "texture": "#texture" },
        "up":    { "uv": [ 3, 12.5, 3.5, 13 ], "texture": "#texture" },
        "north": { "uv": [ 12.5, 0.5, 13, 1.5 ], "texture": "#texture" },
        "south": { "uv": [ 3, 0.5, 3.5, 1.5 ], "texture": "#texture" },
        "west":  { "uv": [ 12.5, 0.5, 13, 1.5 ], "texture": "#texture" },
        "east":  { "uv": [ 3, 0.5, 3.5, 1.5 ], "texture": "#texture" }
    }
},
{
    "from": [ 1.5, 14.5, 1.5 ],
    "to": [ 14.5, 15, 7.5 ],
    "faces": {
        "down":  { "uv": [ 14.5, 7.5, 1.5, 1.5 ], "texture": "#texture" },
        "up":    { "uv": [ 1.5, 1.5, 14.5, 7.5 ], "texture": "#texture" },
        "north": { "uv": [ 1.5, 1, 14.5, 1.5 ], "texture": "#texture" },
        "south": { "uv": [ 1.5, 1, 14.5, 1.5 ], "texture": "#texture" },
        "west":  { "uv": [ 1.5, 1, 7.5, 1.5 ], "texture": "#texture" },
        "east":  { "uv": [ 8.5, 1, 14.5, 1.5 ], "texture": "#texture" }
    }
},
{
    "from": [ 1.5, 14.5, 8.5 ],
    "to": [ 14.5, 15, 14.5 ],
    "faces": {
        "down":  { "uv": [ 14.5, 14.5, 1.5, 8.5 ], "texture": "#texture" },
        "up":    { "uv": [ 1.5, 8.5, 14.5, 14.5 ], "texture": "#texture" },
        "north": { "uv": [ 1.5, 1, 14.5, 1.5 ], "texture": "#texture" },
        "south": { "uv": [ 1.5, 1, 14.5, 1.5 ], "texture": "#texture" },
        "west":  { "uv": [ 8.5, 1, 14.5, 1.5 ], "texture": "#texture" },
        "east":  { "uv": [ 1.5, 1, 7.5, 1.5 ], "texture": "#texture" }
    }
},
{
    "from": [ 1.5, 14.5, 7.5 ],
    "to": [ 7.5, 15, 8.5 ],
    "faces": {
        "down":  { "uv": [ 14.5, 8.5, 8.5, 7.5 ], "texture": "#texture" },
        "up":    { "uv": [ 1.5, 7.5, 7.5, 8.5 ], "texture": "#texture" },
        "north": { "uv": [ 8.5, 1, 14.5, 1.5 ], "texture": "#texture" },
        "south": { "uv": [ 1.5, 1, 7.5, 1.5 ], "texture": "#texture" },
        "west":  { "uv": [ 7.5, 1, 8.5, 1.5 ], "texture": "#texture" },
        "east":  { "uv": [ 7.5, 1, 8.5, 1.5 ], "texture": "#texture" }
    }
},
{
    "from": [ 8.5, 14.5, 7.5 ],
    "to": [ 14.5, 15, 8.5 ],
    "faces": {
        "down":  { "uv": [ 7.5, 8.5, 1.5, 7.5 ], "texture": "#texture" },
        "up":    { "uv": [ 8.5, 7.5, 14.5, 8.5 ], "texture": "#texture" },
        "north": { "uv": [ 1.5, 1, 7.5, 1.5 ], "texture": "#texture" },
        "south": { "uv": [ 8.5, 1, 14.5, 1.5 ], "texture": "#texture" },
        "west":  { "uv": [ 7.5, 1, 8.5, 1.5 ], "texture": "#texture" },
        "east":  { "uv": [ 7.5, 1, 8.5, 1.5 ], "texture": "#texture" }
    }
}
]
}