{
"__comment": "Designed by tomaxed with Cubik",
"textures": {
    "particle": "blocks/iron_block",
    "texture": "blocks/iron_block"
},
"elements": [ 
{
    "from": [ 0, 15.5, 0 ],
    "to": [ 16, 16, 16 ],
    "faces": {
        "down":  { "uv": [ 0, 0, 16, 16 ], "texture": "#texture" },
        "up":    { "uv": [ 0, 0, 16, 16 ], "texture": "#texture" },
        "north": { "uv": [ 0, 0, 16, 0.5 ], "texture": "#texture" },
        "south": { "uv": [ 0, 0, 16, 0.5 ], "texture": "#texture" },
        "west":  { "uv": [ 0, 0, 16, 0.5 ], "texture": "#texture" },
        "east":  { "uv": [ 0, 0, 16, 0.5 ], "texture": "#texture" }
    }
},
{
    "from": [ 0, 7.5, 0 ],
    "to": [ 16, 8, 16 ],
    "faces": {
        "down":  { "uv": [ 0, 0, 16, 16 ], "texture": "#texture" },
        "up":    { "uv": [ 0, 0, 16, 16 ], "texture": "#texture" },
        "north": { "uv": [ 0, 0, 16, 0.5 ], "texture": "#texture" },
        "south": { "uv": [ 0, 0, 16, 0.5 ], "texture": "#texture" },
        "west":  { "uv": [ 0, 0, 16, 0.5 ], "texture": "#texture" },
        "east":  { "uv": [ 0, 0, 16, 0.5 ], "texture": "#texture" }
    }
},
{
    "from": [ 0, 8, 0 ],
    "to": [ 0.5, 15.5, 0.5 ],
    "faces": {
        "down":  { "uv": [ 16, 0.5, 15.5, 0 ], "texture": "#texture" },
        "up":    { "uv": [ 0, 0, 0.5, 0.5 ], "texture": "#texture" },
        "north": { "uv": [ 15.5, 0.5, 16, 8 ], "texture": "#texture" },
        "south": { "uv": [ 0, 0.5, 0.5, 8 ], "texture": "#texture" },
        "west":  { "uv": [ 0, 0.5, 0.5, 8 ], "texture": "#texture" },
        "east":  { "uv": [ 15.5, 0.5, 16, 8 ], "texture": "#texture" }
    }
},
{
    "from": [ 0, 0, 0 ],
    "to": [ 0.5, 7.5, 0.5 ],
    "faces": {
        "down":  { "uv": [ 16, 0.5, 15.5, 0 ], "texture": "#texture" },
        "up":    { "uv": [ 0, 0, 0.5, 0.5 ], "texture": "#texture" },
        "north": { "uv": [ 15.5, 8.5, 16, 16 ], "texture": "#texture" },
        "south": { "uv": [ 0, 8.5, 0.5, 16 ], "texture": "#texture" },
        "west":  { "uv": [ 0, 8.5, 0.5, 16 ], "texture": "#texture" },
        "east":  { "uv": [ 15.5, 8.5, 16, 16 ], "texture": "#texture" }
    }
},
{
    "from": [ 15.5, 0, 0 ],
    "to": [ 16, 7.5, 0.5 ],
    "faces": {
        "down":  { "uv": [ 0.5, 0.5, 0, 0 ], "texture": "#texture" },
        "up":    { "uv": [ 15.5, 0, 16, 0.5 ], "texture": "#texture" },
        "north": { "uv": [ 0, 8.5, 0.5, 16 ], "texture": "#texture" },
        "south": { "uv": [ 15.5, 8.5, 16, 16 ], "texture": "#texture" },
        "west":  { "uv": [ 0, 8.5, 0.5, 16 ], "texture": "#texture" },
        "east":  { "uv": [ 15.5, 8.5, 16, 16 ], "texture": "#texture" }
    }
},
{
    "from": [ 15.5, 8, 0 ],
    "to": [ 16, 15.5, 0.5 ],
    "faces": {
        "down":  { "uv": [ 0.5, 0.5, 0, 0 ], "texture": "#texture" },
        "up":    { "uv": [ 15.5, 0, 16, 0.5 ], "texture": "#texture" },
        "north": { "uv": [ 0, 0.5, 0.5, 8 ], "texture": "#texture" },
        "south": { "uv": [ 15.5, 0.5, 16, 8 ], "texture": "#texture" },
        "west":  { "uv": [ 0, 0.5, 0.5, 8 ], "texture": "#texture" },
        "east":  { "uv": [ 15.5, 0.5, 16, 8 ], "texture": "#texture" }
    }
},
{
    "from": [ 0, 0, 15.5 ],
    "to": [ 0.5, 7.5, 16 ],
    "faces": {
        "down":  { "uv": [ 16, 16, 15.5, 15.5 ], "texture": "#texture" },
        "up":    { "uv": [ 0, 15.5, 0.5, 16 ], "texture": "#texture" },
        "north": { "uv": [ 15.5, 8.5, 16, 16 ], "texture": "#texture" },
        "south": { "uv": [ 0, 8.5, 0.5, 16 ], "texture": "#texture" },
        "west":  { "uv": [ 15.5, 8.5, 16, 16 ], "texture": "#texture" },
        "east":  { "uv": [ 0, 8.5, 0.5, 16 ], "texture": "#texture" }
    }
},
{
    "from": [ 0, 8, 15.5 ],
    "to": [ 0.5, 15.5, 16 ],
    "faces": {
        "down":  { "uv": [ 16, 16, 15.5, 15.5 ], "texture": "#texture" },
        "up":    { "uv": [ 0, 15.5, 0.5, 16 ], "texture": "#texture" },
        "north": { "uv": [ 15.5, 0.5, 16, 8 ], "texture": "#texture" },
        "south": { "uv": [ 0, 0.5, 0.5, 8 ], "texture": "#texture" },
        "west":  { "uv": [ 15.5, 0.5, 16, 8 ], "texture": "#texture" },
        "east":  { "uv": [ 0, 0.5, 0.5, 8 ], "texture": "#texture" }
    }
},
{
    "from": [ 15.5, 8, 15.5 ],
    "to": [ 16, 15.5, 16 ],
    "faces": {
        "down":  { "uv": [ 0.5, 16, 0, 15.5 ], "texture": "#texture" },
        "up":    { "uv": [ 15.5, 15.5, 16, 16 ], "texture": "#texture" },
        "north": { "uv": [ 0, 0.5, 0.5, 8 ], "texture": "#texture" },
        "south": { "uv": [ 15.5, 0.5, 16, 8 ], "texture": "#texture" },
        "west":  { "uv": [ 15.5, 0.5, 16, 8 ], "texture": "#texture" },
        "east":  { "uv": [ 0, 0.5, 0.5, 8 ], "texture": "#texture" }
    }
},
{
    "from": [ 15.5, 0, 15.5 ],
    "to": [ 16, 7.5, 16 ],
    "faces": {
        "down":  { "uv": [ 0.5, 16, 0, 15.5 ], "texture": "#texture" },
        "up":    { "uv": [ 15.5, 15.5, 16, 16 ], "texture": "#texture" },
        "north": { "uv": [ 0, 8.5, 0.5, 16 ], "texture": "#texture" },
        "south": { "uv": [ 15.5, 8.5, 16, 16 ], "texture": "#texture" },
        "west":  { "uv": [ 15.5, 8.5, 16, 16 ], "texture": "#texture" },
        "east":  { "uv": [ 0, 8.5, 0.5, 16 ], "texture": "#texture" }
    }
}
]
}