{
"__comment": "Designed by tomaxed with Cubik",
"textures": {
    "particle": "blocks/iron_block",
    "texture": "blocks/iron_block",
    "detail": "blocks/detail"
},
"elements": [ 
{
    "from": [ 0, 15.5, 0 ],
    "to": [ 16, 16, 16 ],
    "faces": {
        "down":  { "uv": [ 0, 0, 16, 16 ], "texture": "#texture" },
        "up":    { "uv": [ 0, 0, 16, 16 ], "texture": "#texture" },
        "north": { "uv": [ 0, 0, 16, 0.5 ], "texture": "#texture" },
        "south": { "uv": [ 0, 0, 16, 0.5 ], "texture": "#texture" },
        "west":  { "uv": [ 0, 0, 16, 0.5 ], "texture": "#texture" },
        "east":  { "uv": [ 0, 0, 16, 0.5 ], "texture": "#texture" }
    }
},
{
    "from": [ 0, 7.5, 0 ],
    "to": [ 16, 8, 16 ],
    "faces": {
        "down":  { "uv": [ 0, 0, 16, 16 ], "texture": "#texture" },
        "up":    { "uv": [ 0, 0, 16, 16 ], "texture": "#texture" },
        "north": { "uv": [ 0, 0, 16, 0.5 ], "texture": "#texture" },
        "south": { "uv": [ 0, 0, 16, 0.5 ], "texture": "#texture" },
        "west":  { "uv": [ 0, 0, 16, 0.5 ], "texture": "#texture" },
        "east":  { "uv": [ 0, 0, 16, 0.5 ], "texture": "#texture" }
    }
},
{
    "from": [ 0, 8, 0 ],
    "to": [ 0.5, 15.5, 0.5 ],
    "faces": {
        "down":  { "uv": [ 16, 0.5, 15.5, 0 ], "texture": "#texture" },
        "up":    { "uv": [ 0, 0, 0.5, 0.5 ], "texture": "#texture" },
        "north": { "uv": [ 15.5, 0.5, 16, 8 ], "texture": "#texture" },
        "south": { "uv": [ 0, 0.5, 0.5, 8 ], "texture": "#texture" },
        "west":  { "uv": [ 0, 0.5, 0.5, 8 ], "texture": "#texture" },
        "east":  { "uv": [ 15.5, 0.5, 16, 8 ], "texture": "#texture" }
    }
},
{
    "from": [ 0, 0, 0 ],
    "to": [ 0.5, 7.5, 0.5 ],
    "faces": {
        "down":  { "uv": [ 16, 0.5, 15.5, 0 ], "texture": "#texture" },
        "up":    { "uv": [ 0, 0, 0.5, 0.5 ], "texture": "#texture" },
        "north": { "uv": [ 15.5, 8.5, 16, 16 ], "texture": "#texture" },
        "south": { "uv": [ 0, 8.5, 0.5, 16 ], "texture": "#texture" },
        "west":  { "uv": [ 0, 8.5, 0.5, 16 ], "texture": "#texture" },
        "east":  { "uv": [ 15.5, 8.5, 16, 16 ], "texture": "#texture" }
    }
},
{
    "from": [ 15.5, 0, 0 ],
    "to": [ 16, 7.5, 0.5 ],
    "faces": {
        "down":  { "uv": [ 0.5, 0.5, 0, 0 ], "texture": "#texture" },
        "up":    { "uv": [ 15.5, 0, 16, 0.5 ], "texture": "#texture" },
        "north": { "uv": [ 0, 8.5, 0.5, 16 ], "texture": "#texture" },
        "south": { "uv": [ 15.5, 8.5, 16, 16 ], "texture": "#texture" },
        "west":  { "uv": [ 0, 8.5, 0.5, 16 ], "texture": "#texture" },
        "east":  { "uv": [ 15.5, 8.5, 16, 16 ], "texture": "#texture" }
    }
},
{
    "from": [ 15.5, 8, 0 ],
    "to": [ 16, 15.5, 0.5 ],
    "faces": {
        "down":  { "uv": [ 0.5, 0.5, 0, 0 ], "texture": "#texture" },
        "up":    { "uv": [ 15.5, 0, 16, 0.5 ], "texture": "#texture" },
        "north": { "uv": [ 0, 0.5, 0.5, 8 ], "texture": "#texture" },
        "south": { "uv": [ 15.5, 0.5, 16, 8 ], "texture": "#texture" },
        "west":  { "uv": [ 0, 0.5, 0.5, 8 ], "texture": "#texture" },
        "east":  { "uv": [ 15.5, 0.5, 16, 8 ], "texture": "#texture" }
    }
},
{
    "from": [ 0, 0, 15.5 ],
    "to": [ 0.5, 7.5, 16 ],
    "faces": {
        "down":  { "uv": [ 16, 16, 15.5, 15.5 ], "texture": "#texture" },
        "up":    { "uv": [ 0, 15.5, 0.5, 16 ], "texture": "#texture" },
        "north": { "uv": [ 15.5, 8.5, 16, 16 ], "texture": "#texture" },
        "south": { "uv": [ 0, 8.5, 0.5, 16 ], "texture": "#texture" },
        "west":  { "uv": [ 15.5, 8.5, 16, 16 ], "texture": "#texture" },
        "east":  { "uv": [ 0, 8.5, 0.5, 16 ], "texture": "#texture" }
    }
},
{
    "from": [ 0, 8, 15.5 ],
    "to": [ 0.5, 15.5, 16 ],
    "faces": {
        "down":  { "uv": [ 16, 16, 15.5, 15.5 ], "texture": "#texture" },
        "up":    { "uv": [ 0, 15.5, 0.5, 16 ], "texture": "#texture" },
        "north": { "uv": [ 15.5, 0.5, 16, 8 ], "texture": "#texture" },
        "south": { "uv": [ 0, 0.5, 0.5, 8 ], "texture": "#texture" },
        "west":  { "uv": [ 15.5, 0.5, 16, 8 ], "texture": "#texture" },
        "east":  { "uv": [ 0, 0.5, 0.5, 8 ], "texture": "#texture" }
    }
},
{
    "from": [ 15.5, 8, 15.5 ],
    "to": [ 16, 15.5, 16 ],
    "faces": {
        "down":  { "uv": [ 0.5, 16, 0, 15.5 ], "texture": "#texture" },
        "up":    { "uv": [ 15.5, 15.5, 16, 16 ], "texture": "#texture" },
        "north": { "uv": [ 0, 0.5, 0.5, 8 ], "texture": "#texture" },
        "south": { "uv": [ 15.5, 0.5, 16, 8 ], "texture": "#texture" },
        "west":  { "uv": [ 15.5, 0.5, 16, 8 ], "texture": "#texture" },
        "east":  { "uv": [ 0, 0.5, 0.5, 8 ], "texture": "#texture" }
    }
},
{
    "from": [ 15.5, 0, 15.5 ],
    "to": [ 16, 7.5, 16 ],
    "faces": {
        "down":  { "uv": [ 0.5, 16, 0, 15.5 ], "texture": "#texture" },
        "up":    { "uv": [ 15.5, 15.5, 16, 16 ], "texture": "#texture" },
        "north": { "uv": [ 0, 8.5, 0.5, 16 ], "texture": "#texture" },
        "south": { "uv": [ 15.5, 8.5, 16, 16 ], "texture": "#texture" },
        "west":  { "uv": [ 15.5, 8.5, 16, 16 ], "texture": "#texture" },
        "east":  { "uv": [ 0, 8.5, 0.5, 16 ], "texture": "#texture" }
    }
},
{
    "from": [ 3.5, 8, 1.5 ],
    "to": [ 12.5, 13, 8 ],
    "rotation": { "origin": [ 3.5, 8, 1.5 ], "axis": "y", "angle": -22.5 },
    "faces": {
        "down":  { "uv": [ 0, 3, 6, 7 ], "texture": "#detail" },
        "up":    { "uv": [ 0, 3, 6, 7 ], "texture": "#detail" },
        "north": { "uv": [ 0, 2.5, 6, 6.5 ], "texture": "#detail" },
        "south": { "uv": [ 0, 2.5, 6, 6.5 ], "texture": "#detail" },
        "west":  { "uv": [ 0, 2.5, 6, 7 ], "texture": "#detail" },
        "east":  { "uv": [ 0, 2.5, 6, 7 ], "texture": "#detail" }
    }
},
{
    "from": [ 10.5, 8, 11.5 ],
    "to": [ 12.5, 10, 14.5 ],
    "rotation": { "origin": [ 10.5, 8, 11.5 ], "axis": "y", "angle": 22.5 },
    "faces": {
        "down":  { "uv": [ 1.5, 8, 3.5, 11 ], "texture": "#detail" },
        "up":    { "uv": [ 1.5, 8, 3.5, 11 ], "texture": "#detail" },
        "north": { "uv": [ 0.5, 8.5, 2.5, 10.5 ], "texture": "#detail" },
        "south": { "uv": [ 0.5, 8.5, 2.5, 10.5 ], "texture": "#detail" },
        "west":  { "uv": [ 0, 9, 3, 11 ], "texture": "#detail" },
        "east":  { "uv": [ 0, 9, 3, 11 ], "texture": "#detail" }
    }
},
{
    "from": [ 2, 16, 11 ],
    "to": [ 8, 18.5, 16 ],
    "rotation": { "origin": [ 2, 16, 11 ], "axis": "y", "angle": 22.5 },
    "faces": {
        "down":  { "uv": [ 4.5, 8, 9, 11.5 ], "texture": "#detail" },
        "up":    { "uv": [ 4.5, 8, 9, 11.5 ], "texture": "#detail" },
        "north": { "uv": [ 4.5, 8, 9, 11.5 ], "texture": "#detail" },
        "south": { "uv": [ 4.5, 8, 9, 11.5 ], "texture": "#detail" },
        "west":  { "uv": [ 4.5, 8, 9, 11.5 ], "texture": "#detail" },
        "east":  { "uv": [ 4.5, 8, 9, 11.5 ], "texture": "#detail" }
    }
},
{
    "from": [ 1.5, 16, 1 ],
    "to": [ 9.5, 20, 8.5 ],
    "faces": {
        "down":  { "uv": [ 7, 0, 15, 5 ], "texture": "#detail" },
        "up":    { "uv": [ 7, 0, 15, 5 ], "texture": "#detail" },
        "north": { "uv": [ 7, 0, 16, 5 ], "texture": "#detail" },
        "south": { "uv": [ 7, 0, 16, 5 ], "texture": "#detail" },
        "west":  { "uv": [ 9, 0, 15.5, 5 ], "texture": "#detail" },
        "east":  { "uv": [ 9, 0, 15.5, 5 ], "texture": "#detail" }
    }
},
{
    "from": [ 10, 16, 3 ],
    "to": [ 13.5, 18.5, 7.5 ],
    "rotation": { "origin": [ 10, 16, 3 ], "axis": "y", "angle": 45 },
    "faces": {
        "down":  { "uv": [ 0, 11.5, 4, 14.5 ], "texture": "#detail" },
        "up":    { "uv": [ 0, 11.5, 4, 14.5 ], "texture": "#detail" },
        "north": { "uv": [ 0, 11.5, 4, 14.5 ], "texture": "#detail" },
        "south": { "uv": [ 0, 11.5, 4, 14.5 ], "texture": "#detail" },
        "west":  { "uv": [ 0, 11.5, 4, 14.5 ], "texture": "#detail" },
        "east":  { "uv": [ 0, 11.5, 4, 14.5 ], "texture": "#detail" }
    }
},
{
    "from": [ 12, 16, 7.5 ],
    "to": [ 16, 18.5, 12 ],
    "rotation": { "origin": [ 12, 16, 7.5 ], "axis": "y", "angle": -22.5 },
    "faces": {
        "down":  { "uv": [ 11.5, 11.5, 15.5, 16 ], "texture": "#detail" },
        "up":    { "uv": [ 11.5, 11.5, 15.5, 16 ], "texture": "#detail" },
        "north": { "uv": [ 11.5, 13, 15.5, 15.5 ], "texture": "#detail" },
        "south": { "uv": [ 11.5, 13, 15.5, 15.5 ], "texture": "#detail" },
        "west":  { "uv": [ 11.5, 13, 16, 15.5 ], "texture": "#detail" },
        "east":  { "uv": [ 11.5, 13, 16, 15.5 ], "texture": "#detail" }
    }
}
]
}