{
"__comment": "Designed by Tomaxed44 with BDcraft Cubik PRO 0.95 Beta - http://bdcraft.net",
"textures": {
    "particle": "blocks/ladder_iron",
    "texture": "blocks/ladder_iron"
},
"elements": [ 
{
    "from": [ 1, 0, 14.5 ],
    "to": [ 2.5, 16, 16 ],
    "faces": {
        "down":  { "uv": [ 15.5, 16, 14, 14.5 ], "texture": "#texture" },
        "up":    { "uv": [ 0.5, 14.5, 2, 16 ], "texture": "#texture" },
        "north": { "uv": [ 14, 0, 15.5, 16 ], "texture": "#texture" },
        "south": { "uv": [ 0.5, 0, 2, 16 ], "texture": "#texture" },
        "west":  { "uv": [ 14, 0, 15.5, 16 ], "texture": "#texture" },
        "east":  { "uv": [ 0.5, 0, 2, 16 ], "texture": "#texture" }
    }
},
{
    "from": [ 2.5, 14, 15 ],
    "to": [ 13.5, 15, 15.5 ],
    "faces": {
        "down":  { "uv": [ 2.5, 1.5, 13.5, 2 ], "texture": "#texture" },
        "up":    { "uv": [ 2.5, 1.5, 13.5, 2 ], "texture": "#texture" },
        "north": { "uv": [ 2.5, 1.5, 13.5, 2.5 ], "texture": "#texture" },
        "south": { "uv": [ 2.5, 1.5, 13.5, 2.5 ], "texture": "#texture" }
    }
},
{
    "from": [ 13.5, 0, 14.5 ],
    "to": [ 15, 16, 16 ],
    "faces": {
        "down":  { "uv": [ 2, 16, 0.5, 14.5 ], "texture": "#texture" },
        "up":    { "uv": [ 14, 14.5, 15.5, 16 ], "texture": "#texture" },
        "north": { "uv": [ 0.5, 0, 2, 16 ], "texture": "#texture" },
        "south": { "uv": [ 14, 0, 15.5, 16 ], "texture": "#texture" },
        "west":  { "uv": [ 14, 0, 15.5, 16 ], "texture": "#texture" },
        "east":  { "uv": [ 0.5, 0, 2, 16 ], "texture": "#texture" }
    }
},
{
    "from": [ 2.5, 1, 15 ],
    "to": [ 13.5, 2, 15.5 ],
    "faces": {
        "down":  { "uv": [ 2.5, 12.5, 13.5, 13 ], "texture": "#texture" },
        "up":    { "uv": [ 2.5, 12.5, 13.5, 13 ], "texture": "#texture" },
        "north": { "uv": [ 2.5, 12, 13.5, 13 ], "texture": "#texture" },
        "south": { "uv": [ 2.5, 12, 13.5, 13 ], "texture": "#texture" }
    }
},
{
    "from": [ 2.5, 11.25, 15 ],
    "to": [ 13.5, 12.25, 15.5 ],
    "faces": {
        "down":  { "uv": [ 2.5, 5, 13.5, 5.5 ], "texture": "#texture" },
        "up":    { "uv": [ 2.5, 5, 13.5, 5.5 ], "texture": "#texture" },
        "north": { "uv": [ 2.5, 4.5, 13.5, 5.5 ], "texture": "#texture" },
        "south": { "uv": [ 2.5, 4.5, 13.5, 5.5 ], "texture": "#texture" }
    }
},
{
    "from": [ 2.5, 8.625, 15 ],
    "to": [ 13.5, 9.625, 15.5 ],
    "faces": {
        "down":  { "uv": [ 2.5, 5, 13.5, 5.5 ], "texture": "#texture" },
        "up":    { "uv": [ 2.5, 5, 13.5, 5.5 ], "texture": "#texture" },
        "north": { "uv": [ 2.5, 4.5, 13.5, 5.5 ], "texture": "#texture" },
        "south": { "uv": [ 2.5, 4.5, 13.5, 5.5 ], "texture": "#texture" }
    }
},
{
    "from": [ 2.5, 6.125, 15 ],
    "to": [ 13.5, 7.125, 15.5 ],
    "faces": {
        "down":  { "uv": [ 2.5, 8.5, 13.5, 9 ], "texture": "#texture" },
        "up":    { "uv": [ 2.5, 8.5, 13.5, 9 ], "texture": "#texture" },
        "north": { "uv": [ 2.5, 8.5, 13.5, 9.5 ], "texture": "#texture" },
        "south": { "uv": [ 2.5, 8.5, 13.5, 9.5 ], "texture": "#texture" }
    }
},
{
    "from": [ 2.5, 3.5, 15 ],
    "to": [ 13.5, 4.5, 15.5 ],
    "faces": {
        "down":  { "uv": [ 2.5, 12.5, 13.5, 13 ], "texture": "#texture" },
        "up":    { "uv": [ 2.5, 12.5, 13.5, 13 ], "texture": "#texture" },
        "north": { "uv": [ 2.5, 12, 13.5, 13 ], "texture": "#texture" },
        "south": { "uv": [ 2.5, 12, 13.5, 13 ], "texture": "#texture" }
    }
}
]
}