{
"__comment": "Designed by Tomaxed44 with BDcraft Cubik PRO 0.95 Beta - http://bdcraft.net",
"textures": {
    "particle": "blocks/stone_diorite_smooth",
    "texture": "blocks/stone_diorite_smooth"
},
"elements": [ 
{
    "from": [ -1, 15, 0 ],
    "to": [ 0, 16, 16 ],
    "faces": {
        "down":  { "uv": [ 0, 0, 1, 16 ], "texture": "#texture" },
        "up":    { "uv": [ 0, 0, 1, 16 ], "texture": "#texture" },
        "north": { "uv": [ 0, 0, 1, 1 ], "texture": "#texture" },
        "south": { "uv": [ 0, 0, 1, 1 ], "texture": "#texture" },
        "west":  { "uv": [ 0, 0, 16, 1 ], "texture": "#texture" },
        "east":  { "uv": [ 0, 0, 16, 1 ], "texture": "#texture" }
    }
},
{
    "from": [ -1, 15, -16 ],
    "to": [ 0, 16, 0 ],
    "faces": {
        "down":  { "uv": [ 9.5, 0, 10.5, 16 ], "texture": "#texture" },
        "up":    { "uv": [ 10.5, 0, 11.5, 16 ], "texture": "#texture" },
        "north": { "uv": [ 0, 3.5, 1, 4.5 ], "texture": "#texture" },
        "south": { "uv": [ 0, 3.5, 1, 4.5 ], "texture": "#texture" },
        "west":  { "uv": [ 0, 3.5, 16, 4.5 ], "texture": "#texture" },
        "east":  { "uv": [ 0, 3.5, 16, 4.5 ], "texture": "#texture" }
    }
},
{
    "from": [ -1, 15, 16 ],
    "to": [ 0, 16, 32 ],
    "faces": {
        "down":  { "uv": [ 2, 0, 3, 16 ], "texture": "#texture" },
        "up":    { "uv": [ 5, 0, 6, 16 ], "texture": "#texture" },
        "north": { "uv": [ 0, 9, 1, 10 ], "texture": "#texture" },
        "south": { "uv": [ 0, 9, 1, 10 ], "texture": "#texture" },
        "west":  { "uv": [ 0, 9, 16, 10 ], "texture": "#texture" },
        "east":  { "uv": [ 0, 9, 16, 10 ], "texture": "#texture" }
    }
},
{
    "from": [ 15, 15, -16 ],
    "to": [ 16, 16, 0 ],
    "faces": {
        "down":  { "uv": [ 9.5, 0, 10.5, 16 ], "texture": "#texture" },
        "up":    { "uv": [ 10.5, 0, 11.5, 16 ], "texture": "#texture" },
        "north": { "uv": [ 0, 3.5, 1, 4.5 ], "texture": "#texture" },
        "south": { "uv": [ 0, 3.5, 1, 4.5 ], "texture": "#texture" },
        "west":  { "uv": [ 0, 3.5, 16, 4.5 ], "texture": "#texture" },
        "east":  { "uv": [ 0, 3.5, 16, 4.5 ], "texture": "#texture" }
    }
},
{
    "from": [ 15, 15, 0 ],
    "to": [ 16, 16, 16 ],
    "faces": {
        "down":  { "uv": [ 0, 0, 1, 16 ], "texture": "#texture" },
        "up":    { "uv": [ 0, 0, 1, 16 ], "texture": "#texture" },
        "north": { "uv": [ 0, 0, 1, 1 ], "texture": "#texture" },
        "south": { "uv": [ 0, 0, 1, 1 ], "texture": "#texture" },
        "west":  { "uv": [ 0, 0, 16, 1 ], "texture": "#texture" },
        "east":  { "uv": [ 0, 0, 16, 1 ], "texture": "#texture" }
    }
},
{
    "from": [ 15, 15, 16 ],
    "to": [ 16, 16, 32 ],
    "faces": {
        "down":  { "uv": [ 2, 0, 3, 16 ], "texture": "#texture" },
        "up":    { "uv": [ 5, 0, 6, 16 ], "texture": "#texture" },
        "north": { "uv": [ 0, 9, 1, 10 ], "texture": "#texture" },
        "south": { "uv": [ 0, 9, 1, 10 ], "texture": "#texture" },
        "west":  { "uv": [ 0, 9, 16, 10 ], "texture": "#texture" },
        "east":  { "uv": [ 0, 9, 16, 10 ], "texture": "#texture" }
    }
},
{
    "from": [ 31, 15, 16 ],
    "to": [ 32, 16, 32 ],
    "faces": {
        "down":  { "uv": [ 2, 0, 3, 16 ], "texture": "#texture" },
        "up":    { "uv": [ 5, 0, 6, 16 ], "texture": "#texture" },
        "north": { "uv": [ 0, 9, 1, 10 ], "texture": "#texture" },
        "south": { "uv": [ 0, 9, 1, 10 ], "texture": "#texture" },
        "west":  { "uv": [ 0, 9, 16, 10 ], "texture": "#texture" },
        "east":  { "uv": [ 0, 9, 16, 10 ], "texture": "#texture" }
    }
},
{
    "from": [ 31, 15, 0 ],
    "to": [ 32, 16, 16 ],
    "faces": {
        "down":  { "uv": [ 0, 0, 1, 16 ], "texture": "#texture" },
        "up":    { "uv": [ 0, 0, 1, 16 ], "texture": "#texture" },
        "north": { "uv": [ 0, 0, 1, 1 ], "texture": "#texture" },
        "south": { "uv": [ 0, 0, 1, 1 ], "texture": "#texture" },
        "west":  { "uv": [ 0, 0, 16, 1 ], "texture": "#texture" },
        "east":  { "uv": [ 0, 0, 16, 1 ], "texture": "#texture" }
    }
},
{
    "from": [ 31, 15, -16 ],
    "to": [ 32, 16, 0 ],
    "faces": {
        "down":  { "uv": [ 9.5, 0, 10.5, 16 ], "texture": "#texture" },
        "up":    { "uv": [ 10.5, 0, 11.5, 16 ], "texture": "#texture" },
        "north": { "uv": [ 0, 3.5, 1, 4.5 ], "texture": "#texture" },
        "south": { "uv": [ 0, 3.5, 1, 4.5 ], "texture": "#texture" },
        "west":  { "uv": [ 0, 3.5, 16, 4.5 ], "texture": "#texture" },
        "east":  { "uv": [ 0, 3.5, 16, 4.5 ], "texture": "#texture" }
    }
},
{
    "from": [ -1, 0.5, -16 ],
    "to": [ 0, 1, 32 ],
    "faces": {
        "down":  { "uv": [ 0, 0, 1, 16 ], "texture": "#texture" },
        "up":    { "uv": [ 0, 0, 1, 16 ], "texture": "#texture" },
        "north": { "uv": [ 0, 15, 1, 15.5 ], "texture": "#texture" },
        "south": { "uv": [ 0, 15, 1, 15.5 ], "texture": "#texture" },
        "west":  { "uv": [ 0, 15, 16, 15.5 ], "texture": "#texture" },
        "east":  { "uv": [ 0, 15, 16, 15.5 ], "texture": "#texture" }
    }
},
{
    "from": [ 15, 0.5, -16 ],
    "to": [ 16, 1, 32 ],
    "faces": {
        "down":  { "uv": [ 0, 0, 1, 16 ], "texture": "#texture" },
        "up":    { "uv": [ 0, 0, 1, 16 ], "texture": "#texture" },
        "north": { "uv": [ 0, 15, 1, 15.5 ], "texture": "#texture" },
        "south": { "uv": [ 0, 15, 1, 15.5 ], "texture": "#texture" },
        "west":  { "uv": [ 0, 15, 16, 15.5 ], "texture": "#texture" },
        "east":  { "uv": [ 0, 15, 16, 15.5 ], "texture": "#texture" }
    }
},
{
    "from": [ 31, 0.5, -16 ],
    "to": [ 32, 1, 32 ],
    "faces": {
        "down":  { "uv": [ 0, 0, 1, 16 ], "texture": "#texture" },
        "up":    { "uv": [ 0, 0, 1, 16 ], "texture": "#texture" },
        "north": { "uv": [ 0, 15, 1, 15.5 ], "texture": "#texture" },
        "south": { "uv": [ 0, 15, 1, 15.5 ], "texture": "#texture" },
        "west":  { "uv": [ 0, 15, 16, 15.5 ], "texture": "#texture" },
        "east":  { "uv": [ 0, 15, 16, 15.5 ], "texture": "#texture" }
    }
},
{
    "from": [ -1, -5.5, -16 ],
    "to": [ 0, 15, -15.5 ],
    "rotation": { "origin": [ -1, 15, -16 ], "axis": "x", "angle": -45 },
    "faces": {
        "down":  { "uv": [ -3, -2.5, -2, -2 ], "texture": "#texture" },
        "up":    { "uv": [ 0, 0, 1, 0.5 ], "texture": "#texture" },
        "north": { "uv": [ 0, 0, 1, 16 ], "texture": "#texture" },
        "south": { "uv": [ 0, 0, 1, 16 ], "texture": "#texture" },
        "west":  { "uv": [ 0, 0, 0.5, 16 ], "texture": "#texture" },
        "east":  { "uv": [ 0, 0, 0.5, 16 ], "texture": "#texture" }
    }
},
{
    "from": [ -1, -5.5, 13 ],
    "to": [ 0, 15, 13.5 ],
    "rotation": { "origin": [ -1, 15, 13 ], "axis": "x", "angle": -45 },
    "faces": {
        "down":  { "uv": [ -3, -2.5, -2, -2 ], "texture": "#texture" },
        "up":    { "uv": [ 0, 0, 1, 0.5 ], "texture": "#texture" },
        "north": { "uv": [ 0, 0, 1, 16 ], "texture": "#texture" },
        "south": { "uv": [ 0, 0, 1, 16 ], "texture": "#texture" },
        "west":  { "uv": [ 0, 0, 0.5, 16 ], "texture": "#texture" },
        "east":  { "uv": [ 0, 0, 0.5, 16 ], "texture": "#texture" }
    }
},
{
    "from": [ -1, -5, 13 ],
    "to": [ 0, 15.5, 13.5 ],
    "rotation": { "origin": [ -1, 15.5, 13 ], "axis": "x", "angle": 45 },
    "faces": {
        "down":  { "uv": [ -3, -2.5, -2, -2 ], "texture": "#texture" },
        "up":    { "uv": [ 0, 0, 1, 0.5 ], "texture": "#texture" },
        "north": { "uv": [ 0, 0, 1, 16 ], "texture": "#texture" },
        "south": { "uv": [ 0, 0, 1, 16 ], "texture": "#texture" },
        "west":  { "uv": [ 0, 0, 0.5, 16 ], "texture": "#texture" },
        "east":  { "uv": [ 0, 0, 0.5, 16 ], "texture": "#texture" }
    }
},
{
    "from": [ -1, 1, -1.5 ],
    "to": [ 0, 15, -1 ],
    "faces": {
        "down":  { "uv": [ -3, -2.5, -2, -2 ], "texture": "#texture" },
        "up":    { "uv": [ 0, 0, 1, 0.5 ], "texture": "#texture" },
        "north": { "uv": [ 0, 0, 1, 16 ], "texture": "#texture" },
        "south": { "uv": [ 0, 0, 1, 16 ], "texture": "#texture" },
        "west":  { "uv": [ 0, 0, 0.5, 16 ], "texture": "#texture" },
        "east":  { "uv": [ 0, 0, 0.5, 16 ], "texture": "#texture" }
    }
},
{
    "from": [ -1, 1, 27.5 ],
    "to": [ 0, 15, 28 ],
    "faces": {
        "down":  { "uv": [ -3, -2.5, -2, -2 ], "texture": "#texture" },
        "up":    { "uv": [ 0, 0, 1, 0.5 ], "texture": "#texture" },
        "north": { "uv": [ 0, 0, 1, 16 ], "texture": "#texture" },
        "south": { "uv": [ 0, 0, 1, 16 ], "texture": "#texture" },
        "west":  { "uv": [ 0, 0, 0.5, 16 ], "texture": "#texture" },
        "east":  { "uv": [ 0, 0, 0.5, 16 ], "texture": "#texture" }
    }
},
{
    "from": [ 15, 1, 27.5 ],
    "to": [ 16, 15, 28 ],
    "faces": {
        "down":  { "uv": [ -3, -2.5, -2, -2 ], "texture": "#texture" },
        "up":    { "uv": [ 0, 0, 1, 0.5 ], "texture": "#texture" },
        "north": { "uv": [ 0, 0, 1, 16 ], "texture": "#texture" },
        "south": { "uv": [ 0, 0, 1, 16 ], "texture": "#texture" },
        "west":  { "uv": [ 0, 0, 0.5, 16 ], "texture": "#texture" },
        "east":  { "uv": [ 0, 0, 0.5, 16 ], "texture": "#texture" }
    }
},
{
    "from": [ 31, 1, 27.5 ],
    "to": [ 32, 15, 28 ],
    "faces": {
        "down":  { "uv": [ -3, -2.5, -2, -2 ], "texture": "#texture" },
        "up":    { "uv": [ 0, 0, 1, 0.5 ], "texture": "#texture" },
        "north": { "uv": [ 0, 0, 1, 16 ], "texture": "#texture" },
        "south": { "uv": [ 0, 0, 1, 16 ], "texture": "#texture" },
        "west":  { "uv": [ 0, 0, 0.5, 16 ], "texture": "#texture" },
        "east":  { "uv": [ 0, 0, 0.5, 16 ], "texture": "#texture" }
    }
},
{
    "from": [ 15, -5.5, 13 ],
    "to": [ 16, 15, 13.5 ],
    "rotation": { "origin": [ 15, 15, 13 ], "axis": "x", "angle": -45 },
    "faces": {
        "down":  { "uv": [ -3, -2.5, -2, -2 ], "texture": "#texture" },
        "up":    { "uv": [ 0, 0, 1, 0.5 ], "texture": "#texture" },
        "north": { "uv": [ 0, 0, 1, 16 ], "texture": "#texture" },
        "south": { "uv": [ 0, 0, 1, 16 ], "texture": "#texture" },
        "west":  { "uv": [ 0, 0, 0.5, 16 ], "texture": "#texture" },
        "east":  { "uv": [ 0, 0, 0.5, 16 ], "texture": "#texture" }
    }
},
{
    "from": [ 31, -5.5, 13 ],
    "to": [ 32, 15, 13.5 ],
    "rotation": { "origin": [ 31, 15, 13 ], "axis": "x", "angle": -45 },
    "faces": {
        "down":  { "uv": [ -3, -2.5, -2, -2 ], "texture": "#texture" },
        "up":    { "uv": [ 0, 0, 1, 0.5 ], "texture": "#texture" },
        "north": { "uv": [ 0, 0, 1, 16 ], "texture": "#texture" },
        "south": { "uv": [ 0, 0, 1, 16 ], "texture": "#texture" },
        "west":  { "uv": [ 0, 0, 0.5, 16 ], "texture": "#texture" },
        "east":  { "uv": [ 0, 0, 0.5, 16 ], "texture": "#texture" }
    }
},
{
    "from": [ 15, -5, 13 ],
    "to": [ 16, 15.5, 13.5 ],
    "rotation": { "origin": [ 15, 15.5, 13 ], "axis": "x", "angle": 45 },
    "faces": {
        "down":  { "uv": [ -3, -2.5, -2, -2 ], "texture": "#texture" },
        "up":    { "uv": [ 0, 0, 1, 0.5 ], "texture": "#texture" },
        "north": { "uv": [ 0, 0, 1, 16 ], "texture": "#texture" },
        "south": { "uv": [ 0, 0, 1, 16 ], "texture": "#texture" },
        "west":  { "uv": [ 0, 0, 0.5, 16 ], "texture": "#texture" },
        "east":  { "uv": [ 0, 0, 0.5, 16 ], "texture": "#texture" }
    }
},
{
    "from": [ 31, -5, 13 ],
    "to": [ 32, 15.5, 13.5 ],
    "rotation": { "origin": [ 31, 15.5, 13 ], "axis": "x", "angle": 45 },
    "faces": {
        "down":  { "uv": [ -3, -2.5, -2, -2 ], "texture": "#texture" },
        "up":    { "uv": [ 0, 0, 1, 0.5 ], "texture": "#texture" },
        "north": { "uv": [ 0, 0, 1, 16 ], "texture": "#texture" },
        "south": { "uv": [ 0, 0, 1, 16 ], "texture": "#texture" },
        "west":  { "uv": [ 0, 0, 0.5, 16 ], "texture": "#texture" },
        "east":  { "uv": [ 0, 0, 0.5, 16 ], "texture": "#texture" }
    }
},
{
    "from": [ 15, 1, -1.5 ],
    "to": [ 16, 15, -1 ],
    "faces": {
        "down":  { "uv": [ -3, -2.5, -2, -2 ], "texture": "#texture" },
        "up":    { "uv": [ 0, 0, 1, 0.5 ], "texture": "#texture" },
        "north": { "uv": [ 0, 0, 1, 16 ], "texture": "#texture" },
        "south": { "uv": [ 0, 0, 1, 16 ], "texture": "#texture" },
        "west":  { "uv": [ 0, 0, 0.5, 16 ], "texture": "#texture" },
        "east":  { "uv": [ 0, 0, 0.5, 16 ], "texture": "#texture" }
    }
},
{
    "from": [ 31, 1, -1.5 ],
    "to": [ 32, 15, -1 ],
    "faces": {
        "down":  { "uv": [ -3, -2.5, -2, -2 ], "texture": "#texture" },
        "up":    { "uv": [ 0, 0, 1, 0.5 ], "texture": "#texture" },
        "north": { "uv": [ 0, 0, 1, 16 ], "texture": "#texture" },
        "south": { "uv": [ 0, 0, 1, 16 ], "texture": "#texture" },
        "west":  { "uv": [ 0, 0, 0.5, 16 ], "texture": "#texture" },
        "east":  { "uv": [ 0, 0, 0.5, 16 ], "texture": "#texture" }
    }
},
{
    "from": [ 15, -5.5, -16 ],
    "to": [ 16, 15, -15.5 ],
    "rotation": { "origin": [ 15, 15, -16 ], "axis": "x", "angle": -45 },
    "faces": {
        "down":  { "uv": [ -3, -2.5, -2, -2 ], "texture": "#texture" },
        "up":    { "uv": [ 0, 0, 1, 0.5 ], "texture": "#texture" },
        "north": { "uv": [ 0, 0, 1, 16 ], "texture": "#texture" },
        "south": { "uv": [ 0, 0, 1, 16 ], "texture": "#texture" },
        "west":  { "uv": [ 0, 0, 0.5, 16 ], "texture": "#texture" },
        "east":  { "uv": [ 0, 0, 0.5, 16 ], "texture": "#texture" }
    }
},
{
    "from": [ 31, -5.5, -16 ],
    "to": [ 32, 15, -15.5 ],
    "rotation": { "origin": [ 31, 15, -16 ], "axis": "x", "angle": -45 },
    "faces": {
        "down":  { "uv": [ -3, -2.5, -2, -2 ], "texture": "#texture" },
        "up":    { "uv": [ 0, 0, 1, 0.5 ], "texture": "#texture" },
        "north": { "uv": [ 0, 0, 1, 16 ], "texture": "#texture" },
        "south": { "uv": [ 0, 0, 1, 16 ], "texture": "#texture" },
        "west":  { "uv": [ 0, 0, 0.5, 16 ], "texture": "#texture" },
        "east":  { "uv": [ 0, 0, 0.5, 16 ], "texture": "#texture" }
    }
}
]
}