{
"__comment": "Designed by Tomaxed44 with BDcraft Cubik PRO 0.95 Beta - http://bdcraft.net",
"textures": {
    "particle": "blocks/planks_spruce",
    "texture": "blocks/stone_granite",
    "planks_spruce": "blocks/planks_spruce"
},
"elements": [ 
{
    "from": [ 4.5, 0, 3 ],
    "to": [ 11.5, 3, 13 ],
    "faces": {
        "down":  { "uv": [ 11.5, 13, 4.5, 3 ], "texture": "#planks_spruce" },
        "up":    { "uv": [ 4.5, 3, 11.5, 13 ], "texture": "#planks_spruce" },
        "north": { "uv": [ 4.5, 13, 11.5, 16 ], "texture": "#planks_spruce" },
        "south": { "uv": [ 4.5, 13, 11.5, 16 ], "texture": "#planks_spruce" },
        "west":  { "uv": [ 3, 13, 13, 16 ], "texture": "#planks_spruce" },
        "east":  { "uv": [ 3, 13, 13, 16 ], "texture": "#planks_spruce" }
    }
},
{
    "from": [ 5.5, 5, 2.5 ],
    "to": [ 6.5, 6, 9.5 ],
    "rotation": { "origin": [ 5.5, 6, 2.5 ], "axis": "x", "angle": 22.5 },
    "faces": {
        "down":  { "uv": [ 5.5, 8, 6.5, 15 ], "texture": "#texture" },
        "up":    { "uv": [ 5.5, 8, 6.5, 15 ], "texture": "#texture" },
        "north": { "uv": [ 5.5, 12.5, 6.5, 13.5 ], "texture": "#texture" },
        "south": { "uv": [ 5.5, 12.5, 6.5, 13.5 ], "texture": "#texture" },
        "west":  { "uv": [ 8, 12.5, 15, 13.5 ], "texture": "#texture" },
        "east":  { "uv": [ 8, 12.5, 15, 13.5 ], "texture": "#texture" }
    }
},
{
    "from": [ 4.5, 3, 7 ],
    "to": [ 11.5, 3.5, 9 ],
    "faces": {
        "down":  { "uv": [ 11.5, 9, 4.5, 7 ], "texture": "#texture" },
        "up":    { "uv": [ 4.5, 7, 11.5, 9 ], "texture": "#texture" },
        "north": { "uv": [ 4.5, 12.5, 11.5, 13 ], "texture": "#texture" },
        "south": { "uv": [ 4.5, 12.5, 11.5, 13 ], "texture": "#texture" },
        "west":  { "uv": [ 7, 12.5, 9, 13 ], "texture": "#texture" },
        "east":  { "uv": [ 7, 12.5, 9, 13 ], "texture": "#texture" }
    }
},
{
    "from": [ 5, 5.125, 1.6875 ],
    "to": [ 11, 6.625, 2.6875 ],
    "rotation": { "origin": [ 5, 6.625, 1.6875 ], "axis": "x", "angle": 22.5 },
    "faces": {
        "down":  { "uv": [ 5, 13.5, 11, 14.5 ], "texture": "#texture" },
        "up":    { "uv": [ 5, 13.5, 11, 14.5 ], "texture": "#texture" },
        "north": { "uv": [ 5, 9.5, 11, 11 ], "texture": "#texture" },
        "south": { "uv": [ 5, 9.5, 11, 11 ], "texture": "#texture" },
        "west":  { "uv": [ 13.5, 9.5, 14.5, 11 ], "texture": "#texture" },
        "east":  { "uv": [ 13.5, 9.5, 14.5, 11 ], "texture": "#texture" }
    }
},
{
    "from": [ 7, 6.9375, -2.0625 ],
    "to": [ 9, 7.9375, 1.9375 ],
    "rotation": { "origin": [ 7, 7.9375, -2.0625 ], "axis": "x", "angle": 22.5 },
    "faces": {
        "down":  { "uv": [ 7, 10.5, 9, 14.5 ], "texture": "#planks_spruce" },
        "up":    { "uv": [ 7, 10.5, 9, 14.5 ], "texture": "#planks_spruce" },
        "north": { "uv": [ 7, 3.5, 9, 4.5 ], "texture": "#planks_spruce" },
        "south": { "uv": [ 7, 3.5, 9, 4.5 ], "texture": "#planks_spruce" },
        "west":  { "uv": [ 10.5, 3.5, 14.5, 4.5 ], "texture": "#planks_spruce" },
        "east":  { "uv": [ 10.5, 3.5, 14.5, 4.5 ], "texture": "#planks_spruce" }
    }
},
{
    "from": [ 9.5, 5, 2.5 ],
    "to": [ 10.5, 6, 9.5 ],
    "rotation": { "origin": [ 9.5, 6, 2.5 ], "axis": "x", "angle": 22.5 },
    "faces": {
        "down":  { "uv": [ 5.5, 8, 6.5, 15 ], "texture": "#texture" },
        "up":    { "uv": [ 5.5, 8, 6.5, 15 ], "texture": "#texture" },
        "north": { "uv": [ 5.5, 12.5, 6.5, 13.5 ], "texture": "#texture" },
        "south": { "uv": [ 5.5, 12.5, 6.5, 13.5 ], "texture": "#texture" },
        "west":  { "uv": [ 8, 12.5, 15, 13.5 ], "texture": "#texture" },
        "east":  { "uv": [ 8, 12.5, 15, 13.5 ], "texture": "#texture" }
    }
}
]
}