{
"__comment": "Designed by Tomaxed44 for Hexion with cubik http://hexionmc.com/",
"textures": {
    "particle": "blocks/wool_colored_cyan",
    "texture": "blocks/wool_colored_cyan"
},
"elements": [ 
{
    "from": [ 0, 1, 5 ],
    "to": [ 0.5, 10, 12.5 ],
    "faces": {
        "down":  { "uv": [ 16, 12.5, 15.5, 5 ], "texture": "#texture" },
        "up":    { "uv": [ 0, 5, 0.5, 12.5 ], "texture": "#texture" },
        "north": { "uv": [ 15.5, 6, 16, 15 ], "texture": "#texture" },
        "south": { "uv": [ 0, 6, 0.5, 15 ], "texture": "#texture" },
        "west":  { "uv": [ 5, 6, 12.5, 15 ], "texture": "#texture" },
        "east":  { "uv": [ 3.5, 6, 11, 15 ], "texture": "#texture" }
    }
},
{
    "from": [ 0, 12, 11.5 ],
    "to": [ 0.5, 15.5, 14.5 ],
    "faces": {
        "down":  { "uv": [ 16, 14.5, 15.5, 11.5 ], "texture": "#texture" },
        "up":    { "uv": [ 0, 11.5, 0.5, 14.5 ], "texture": "#texture" },
        "north": { "uv": [ 15.5, 0.5, 16, 4 ], "texture": "#texture" },
        "south": { "uv": [ 0, 0.5, 0.5, 4 ], "texture": "#texture" },
        "west":  { "uv": [ 11.5, 0.5, 14.5, 4 ], "texture": "#texture" },
        "east":  { "uv": [ 1.5, 0.5, 4.5, 4 ], "texture": "#texture" }
    }
},
{
    "from": [ 0, -5, 4.5 ],
    "to": [ 0.5, -2, 9.5 ],
    "faces": {
        "down":  { "uv": [ 0, 2, 0.5, 7 ], "texture": "#texture" },
        "up":    { "uv": [ 0, 2, 0.5, 7 ], "texture": "#texture" },
        "north": { "uv": [ 0, 9.5, 0.5, 12.5 ], "texture": "#texture" },
        "south": { "uv": [ 0, 9.5, 0.5, 12.5 ], "texture": "#texture" },
        "west":  { "uv": [ 2, 9.5, 7, 12.5 ], "texture": "#texture" },
        "east":  { "uv": [ 2, 9.5, 7, 12.5 ], "texture": "#texture" }
    }
},
{
    "from": [ 0, 9, 1 ],
    "to": [ 0.5, 11.5, 2.5 ],
    "faces": {
        "down":  { "uv": [ 16, 2.5, 15.5, 1 ], "texture": "#texture" },
        "up":    { "uv": [ 0, 1, 0.5, 2.5 ], "texture": "#texture" },
        "north": { "uv": [ 15.5, 4.5, 16, 7 ], "texture": "#texture" },
        "south": { "uv": [ 0, 4.5, 0.5, 7 ], "texture": "#texture" },
        "west":  { "uv": [ 1, 4.5, 2.5, 7 ], "texture": "#texture" },
        "east":  { "uv": [ 13.5, 4.5, 15, 7 ], "texture": "#texture" }
    }
}
]
}