{
"__comment": "Designed by Tomaxed44 for Hexion with cubik http://hexionmc.com/",
"textures": {
    "particle": "blocks/stone_slab_top",
    "texture": "blocks/stone_slab_top"
},
"elements": [ 
{
    "from": [ 2, 0, 9 ],
    "to": [ 8.5, 1.5, 14 ],
    "faces": {
        "down":  { "uv": [ 14, 14, 7.5, 9 ], "texture": "#texture" },
        "up":    { "uv": [ 2, 9, 8.5, 14 ], "texture": "#texture" },
        "north": { "uv": [ 7.5, 14.5, 14, 16 ], "texture": "#texture" },
        "south": { "uv": [ 2, 14.5, 8.5, 16 ], "texture": "#texture" },
        "west":  { "uv": [ 9, 14.5, 14, 16 ], "texture": "#texture" },
        "east":  { "uv": [ 2, 14.5, 7, 16 ], "texture": "#texture" }
    }
},
{
    "from": [ 8.5, 0, 0.5 ],
    "to": [ 13, 1.5, 3.5 ],
    "rotation": { "origin": [ 8.5, 0, 0.5 ], "axis": "y", "angle": -22.5 },
    "faces": {
        "down":  { "uv": [ 7.5, 5.5, 1, 0.5 ], "texture": "#texture" },
        "up":    { "uv": [ 8.5, 0.5, 15, 5.5 ], "texture": "#texture" },
        "north": { "uv": [ 1, 14.5, 7.5, 16 ], "texture": "#texture" },
        "south": { "uv": [ 8.5, 14.5, 15, 16 ], "texture": "#texture" },
        "west":  { "uv": [ 0.5, 14.5, 5.5, 16 ], "texture": "#texture" },
        "east":  { "uv": [ 10.5, 14.5, 15.5, 16 ], "texture": "#texture" }
    }
},
{
    "from": [ 13, 0, 13.5 ],
    "to": [ 15.5, 1.5, 17.5 ],
    "rotation": { "origin": [ 13, 0, 13.5 ], "axis": "y", "angle": 22.5 },
    "faces": {
        "down":  { "uv": [ 7.5, 5.5, 1, 0.5 ], "texture": "#texture" },
        "up":    { "uv": [ 8.5, 0.5, 15, 5.5 ], "texture": "#texture" },
        "north": { "uv": [ 1, 14.5, 7.5, 16 ], "texture": "#texture" },
        "south": { "uv": [ 8.5, 14.5, 15, 16 ], "texture": "#texture" },
        "west":  { "uv": [ 0.5, 14.5, 5.5, 16 ], "texture": "#texture" },
        "east":  { "uv": [ 10.5, 14.5, 15.5, 16 ], "texture": "#texture" }
    }
}
]
}