{
"__comment": "Designed by Tomaxed44 with BDcraft Cubik PRO 0.95 Beta - http://bdcraft.net",
"textures": {
    "particle": "blocks/planks_birch",
    "texture": "blocks/planks_birch",
    "detail": "blocks/detail"
},
"elements": [ 
{
    "from": [ 0, 0, -16 ],
    "to": [ 16, 2, 0 ],
    "faces": {
        "down":  { "uv": [ 0, 0, 16, 16 ], "texture": "#texture" },
        "up":    { "uv": [ 0, 0, 16, 16 ], "texture": "#texture" },
        "north": { "uv": [ 0, 10.5, 16, 13 ], "texture": "#texture" },
        "west":  { "uv": [ 0, 5.5, 16, 8 ], "texture": "#texture" },
        "east":  { "uv": [ 0, 8, 16, 10.5 ], "texture": "#texture" }
    }
},
{
    "from": [ 0, 0, 0 ],
    "to": [ 16, 2, 16 ],
    "faces": {
        "down":  { "uv": [ 16, 16, 0, 0 ], "texture": "#texture" },
        "up":    { "uv": [ 0, 0, 16, 16 ], "texture": "#texture" },
        "south": { "uv": [ 0, 14, 16, 16 ], "texture": "#texture" },
        "west":  { "uv": [ 0, 14, 16, 16 ], "texture": "#texture" },
        "east":  { "uv": [ 0, 14, 16, 16 ], "texture": "#texture" }
    }
},
{
    "from": [ 0, 14, 0 ],
    "to": [ 16, 16, 16 ],
    "faces": {
        "down":  { "uv": [ 16, 16, 0, 0 ], "texture": "#texture" },
        "up":    { "uv": [ 0, 0, 16, 16 ], "texture": "#texture" },
        "south": { "uv": [ 0, 0, 16, 2 ], "texture": "#texture" },
        "west":  { "uv": [ 0, 0, 16, 2 ], "texture": "#texture" },
        "east":  { "uv": [ 0, 0, 16, 2 ], "texture": "#texture" }
    }
},
{
    "from": [ 0, 14, -16 ],
    "to": [ 16, 16, 0 ],
    "faces": {
        "down":  { "uv": [ 0, 0, 16, 16 ], "texture": "#texture" },
        "up":    { "uv": [ 0, 0, 16, 16 ], "texture": "#texture" },
        "north": { "uv": [ 0, 0, 16, 2.5 ], "texture": "#texture" },
        "west":  { "uv": [ 0, 3.5, 16, 6 ], "texture": "#texture" },
        "east":  { "uv": [ 0, 5.5, 16, 8 ], "texture": "#texture" }
    }
},
{
    "from": [ 0.5, 2, -15.5 ],
    "to": [ 15.5, 14, -13.5 ],
    "faces": {
        "north": { "uv": [ 0.5, 2, 15.5, 14 ], "texture": "#texture" },
        "south": { "uv": [ 0.5, 2, 15.5, 14 ], "texture": "#texture" },
        "west":  { "uv": [ 0, 2, 2, 14 ], "texture": "#texture" },
        "east":  { "uv": [ 0, 2, 2, 14 ], "texture": "#texture" }
    }
},
{
    "from": [ 0.5, 2, 13.5 ],
    "to": [ 15.5, 14, 15.5 ],
    "faces": {
        "north": { "uv": [ 0.5, 2, 15.5, 14 ], "texture": "#texture" },
        "south": { "uv": [ 0.5, 2, 15.5, 14 ], "texture": "#texture" },
        "west":  { "uv": [ 13.5, 2, 15.5, 14 ], "texture": "#texture" },
        "east":  { "uv": [ 0.5, 2, 2.5, 14 ], "texture": "#texture" }
    }
},
{
    "from": [ 0.5, 2, -13.5 ],
    "to": [ 15.5, 4, 0 ],
    "faces": {
        "up":    { "uv": [ 0.5, 0, 15.5, 13.5 ], "texture": "#texture" },
        "west":  { "uv": [ 0, 12, 13.5, 14 ], "texture": "#texture" },
        "east":  { "uv": [ 0, 12, 13.5, 14 ], "texture": "#texture" }
    }
},
{
    "from": [ 0.5, 12, -13.5 ],
    "to": [ 15.5, 14, 0 ],
    "faces": {
        "down":  { "uv": [ 0.5, 0.5, 15, 15.5 ], "texture": "#texture" },
        "west":  { "uv": [ 1, 3.5, 14, 5.5 ], "texture": "#texture" },
        "east":  { "uv": [ 1, 3.5, 14, 5.5 ], "texture": "#texture" }
    }
},
{
    "from": [ 0.5, 4, -1 ],
    "to": [ 15.5, 12, 1 ],
    "faces": {
        "down":  { "uv": [ 15.5, 1, 0.5, 0 ], "texture": "#texture" },
        "up":    { "uv": [ 0.5, 0, 15.5, 1 ], "texture": "#texture" },
        "north": { "uv": [ 0.5, 4, 15.5, 12 ], "texture": "#texture" },
        "south": { "uv": [ 0.5, 4, 15.5, 12 ], "texture": "#texture" },
        "west":  { "uv": [ 0, 4, 1, 12 ], "texture": "#texture" },
        "east":  { "uv": [ 15, 4, 16, 12 ], "texture": "#texture" }
    }
},
{
    "from": [ 14.5, 4, -13.5 ],
    "to": [ 15.5, 12, -1 ],
    "faces": {
        "west":  { "uv": [ 0, 4, 12.5, 12 ], "texture": "#texture" },
        "east":  { "uv": [ 0, 4, 12.5, 12 ], "texture": "#texture" }
    }
},
{
    "from": [ 0.5, 12, 0 ],
    "to": [ 15.5, 14, 13.5 ],
    "faces": {
        "down":  { "uv": [ 15.5, 13.5, 0.5, 0 ], "texture": "#texture" },
        "west":  { "uv": [ 0, 2, 13.5, 4 ], "texture": "#texture" },
        "east":  { "uv": [ 2.5, 2, 16, 4 ], "texture": "#texture" }
    }
},
{
    "from": [ 0.5, 2, 0 ],
    "to": [ 15.5, 4, 13.5 ],
    "faces": {
        "up":    { "uv": [ 0.5, 0, 15.5, 13.5 ], "texture": "#texture" },
        "west":  { "uv": [ 0, 12, 13.5, 14 ], "texture": "#texture" },
        "east":  { "uv": [ 2.5, 12, 16, 14 ], "texture": "#texture" }
    }
},
{
    "from": [ 14.5, 4, 1 ],
    "to": [ 15.5, 12, 13.5 ],
    "faces": {
        "west":  { "uv": [ 1, 4, 13.5, 12 ], "texture": "#texture" },
        "east":  { "uv": [ 2.5, 4, 15, 12 ], "texture": "#texture" }
    }
},
{
    "from": [ -7.5625, 4, 4.9375 ],
    "to": [ -6.5625, 12, 17.4375 ],
    "rotation": { "origin": [ -7.5625, 4, 4.9375 ], "axis": "y", "angle": 45 },
    "faces": {
        "down":  { "uv": [ 16, 16, 16, 4.9375 ], "texture": "#texture" },
        "up":    { "uv": [ 0, 4.9375, 0, 16 ], "texture": "#texture" },
        "north": { "uv": [ 16, 4, 16, 12 ], "texture": "#texture" },
        "south": { "uv": [ 0, 4, 0, 12 ], "texture": "#texture" },
        "west":  { "uv": [ 4.9375, 4, 16, 12 ], "texture": "#texture" },
        "east":  { "uv": [ 0, 4, 11.0625, 12 ], "texture": "#texture" }
    }
},
{
    "from": [ 4, 4, 3.5 ],
    "to": [ 10.5, 6, 12 ],
    "faces": {
        "up":    { "uv": [ 0, 11.5, 2.5, 14.5 ], "texture": "#detail" },
        "north": { "uv": [ 0, 11.5, 4, 13 ], "texture": "#detail" },
        "south": { "uv": [ 0, 11.5, 4, 13 ], "texture": "#detail" },
        "west":  { "uv": [ 0, 12, 4, 13.5 ], "texture": "#detail" },
        "east":  { "uv": [ 0, 12, 4, 13.5 ], "texture": "#detail" }
    }
}
],
"display": {
    "gui": {
        "rotation": [ 30, 225, 0 ],
        "translation": [ 0, 0, 0 ],
        "scale": [ 0.625, 0.625, 0.625 ]
    }
}
}