{
"__comment": "Designed by tomaxed with Cubik",
"textures": {
    "particle": "blocks/wool_colored_purple",
    "texture": "blocks/wool_colored_purple",
    "light": "blocks/sea_lantern"
},
"elements": [ 
{
    "from": [ 7.5, 1.5, 7.5 ],
    "to": [ 8.5, 2.5, 8.5 ],
    "faces": {
        "down":  { "uv": [ 8.5, 8.5, 7.5, 7.5 ], "texture": "#texture" },
        "up":    { "uv": [ 7.5, 7.5, 8.5, 8.5 ], "texture": "#texture" },
        "north": { "uv": [ 7.5, 13.5, 8.5, 14.5 ], "texture": "#texture" },
        "south": { "uv": [ 7.5, 13.5, 8.5, 14.5 ], "texture": "#texture" },
        "west":  { "uv": [ 7.5, 13.5, 8.5, 14.5 ], "texture": "#texture" },
        "east":  { "uv": [ 7.5, 13.5, 8.5, 14.5 ], "texture": "#texture" }
    }
},
{
    "from": [ 6, 0, 6 ],
    "to": [ 10, 1.5, 10 ],
    "faces": {
        "down":  { "uv": [ 10, 10, 6, 6 ], "texture": "#texture" },
        "up":    { "uv": [ 6, 6, 10, 10 ], "texture": "#texture" },
        "north": { "uv": [ 6, 14.5, 10, 16 ], "texture": "#texture" },
        "south": { "uv": [ 6, 14.5, 10, 16 ], "texture": "#texture" },
        "west":  { "uv": [ 6, 14.5, 10, 16 ], "texture": "#texture" },
        "east":  { "uv": [ 6, 14.5, 10, 16 ], "texture": "#texture" }
    }
},
{
    "from": [ 7, 2.5, 7 ],
    "to": [ 9, 5.5, 9 ],
    "faces": {
        "down":  { "uv": [ 9, 9, 7, 7 ], "texture": "#light" },
        "up":    { "uv": [ 7, 7, 9, 9 ], "texture": "#light" },
        "north": { "uv": [ 7, 10.5, 9, 13.5 ], "texture": "#light" },
        "south": { "uv": [ 7, 10.5, 9, 13.5 ], "texture": "#light" },
        "west":  { "uv": [ 7, 10.5, 9, 13.5 ], "texture": "#light" },
        "east":  { "uv": [ 7, 10.5, 9, 13.5 ], "texture": "#light" }
    }
},
{
    "from": [ 7.5, 1.8125, 5.6875 ],
    "to": [ 8.5, 2.3125, 7.6875 ],
    "rotation": { "origin": [ 7.5, 2.3125, 5.6875 ], "axis": "x", "angle": 22.5 },
    "faces": {
        "down":  { "uv": [ 7.5, 5.6875, 8.5, 7.6875 ], "texture": "#texture" },
        "up":    { "uv": [ 7.5, 5.6875, 8.5, 7.6875 ], "texture": "#texture" },
        "north": { "uv": [ 7.5, 13.6875, 8.5, 14.1875 ], "texture": "#texture" },
        "south": { "uv": [ 7.5, 13.6875, 8.5, 14.1875 ], "texture": "#texture" },
        "west":  { "uv": [ 5.6875, 13.6875, 7.6875, 14.1875 ], "texture": "#texture" },
        "east":  { "uv": [ 5.6875, 13.6875, 7.6875, 14.1875 ], "texture": "#texture" }
    }
},
{
    "from": [ 7.5, 2, 5.5 ],
    "to": [ 8.5, 5.5, 6 ],
    "faces": {
        "down":  { "uv": [ 7.5, 5.5, 8.5, 6 ], "texture": "#texture" },
        "up":    { "uv": [ 7.5, 5.5, 8.5, 6 ], "texture": "#texture" },
        "north": { "uv": [ 7.5, 10.5, 8.5, 14 ], "texture": "#texture" },
        "south": { "uv": [ 7.5, 10.5, 8.5, 14 ], "texture": "#texture" },
        "west":  { "uv": [ 5.5, 10.5, 6, 14 ], "texture": "#texture" },
        "east":  { "uv": [ 5.5, 10.5, 6, 14 ], "texture": "#texture" }
    }
},
{
    "from": [ 7.5, 5.1875, 6.0625 ],
    "to": [ 8.5, 6.6875, 6.5625 ],
    "rotation": { "origin": [ 7.5, 6.6875, 6.0625 ], "axis": "x", "angle": 22.5 },
    "faces": {
        "down":  { "uv": [ 7.5, 6.0625, 8.5, 6.5625 ], "texture": "#texture" },
        "up":    { "uv": [ 7.5, 6.0625, 8.5, 6.5625 ], "texture": "#texture" },
        "north": { "uv": [ 7.5, 9.3125, 8.5, 10.8125 ], "texture": "#texture" },
        "south": { "uv": [ 7.5, 9.3125, 8.5, 10.8125 ], "texture": "#texture" },
        "west":  { "uv": [ 6.0625, 9.3125, 6.5625, 10.8125 ], "texture": "#texture" },
        "east":  { "uv": [ 6.0625, 9.3125, 6.5625, 10.8125 ], "texture": "#texture" }
    }
},
{
    "from": [ 6.75, 5.5, 6.75 ],
    "to": [ 9.25, 6, 9.25 ],
    "faces": {
        "down":  { "uv": [ 9.25, 9.25, 6.75, 6.75 ], "texture": "#texture" },
        "up":    { "uv": [ 6.75, 6.75, 9.25, 9.25 ], "texture": "#texture" },
        "north": { "uv": [ 6.75, 10, 9.25, 10.5 ], "texture": "#texture" },
        "south": { "uv": [ 6.75, 10, 9.25, 10.5 ], "texture": "#texture" },
        "west":  { "uv": [ 6.75, 10, 9.25, 10.5 ], "texture": "#texture" },
        "east":  { "uv": [ 6.75, 10, 9.25, 10.5 ], "texture": "#texture" }
    }
},
{
    "from": [ 7, 6, 7 ],
    "to": [ 9, 6.5, 9 ],
    "faces": {
        "down":  { "uv": [ 9, 9, 7, 7 ], "texture": "#texture" },
        "up":    { "uv": [ 7, 7, 9, 9 ], "texture": "#texture" },
        "north": { "uv": [ 7, 9.5, 9, 10 ], "texture": "#texture" },
        "south": { "uv": [ 7, 9.5, 9, 10 ], "texture": "#texture" },
        "west":  { "uv": [ 7, 9.5, 9, 10 ], "texture": "#texture" },
        "east":  { "uv": [ 7, 9.5, 9, 10 ], "texture": "#texture" }
    }
},
{
    "from": [ 6.75, 6.5, 6.75 ],
    "to": [ 9.25, 7.5, 9.25 ],
    "faces": {
        "down":  { "uv": [ 9.25, 9.25, 6.75, 6.75 ], "texture": "#texture" },
        "up":    { "uv": [ 6.75, 6.75, 9.25, 9.25 ], "texture": "#texture" },
        "north": { "uv": [ 6.75, 8.5, 9.25, 9.5 ], "texture": "#texture" },
        "south": { "uv": [ 6.75, 8.5, 9.25, 9.5 ], "texture": "#texture" },
        "west":  { "uv": [ 6.75, 8.5, 9.25, 9.5 ], "texture": "#texture" },
        "east":  { "uv": [ 6.75, 8.5, 9.25, 9.5 ], "texture": "#texture" }
    }
},
{
    "from": [ 7.5, 6.25, 6.125 ],
    "to": [ 8.5, 6.75, 7.125 ],
    "rotation": { "origin": [ 7.5, 6.75, 6.125 ], "axis": "x", "angle": -22.5 },
    "faces": {
        "down":  { "uv": [ 7.5, 6.125, 8.5, 7.125 ], "texture": "#texture" },
        "up":    { "uv": [ 7.5, 6.125, 8.5, 7.125 ], "texture": "#texture" },
        "north": { "uv": [ 7.5, 9.25, 8.5, 9.75 ], "texture": "#texture" },
        "south": { "uv": [ 7.5, 9.25, 8.5, 9.75 ], "texture": "#texture" },
        "west":  { "uv": [ 6.125, 9.25, 7.125, 9.75 ], "texture": "#texture" },
        "east":  { "uv": [ 6.125, 9.25, 7.125, 9.75 ], "texture": "#texture" }
    }
},
{
    "from": [ 7, 8.25, 7 ],
    "to": [ 9, 8.3125, 9 ],
    "faces": {
        "down":  { "uv": [ 9, 9, 7, 7 ], "texture": "#texture" },
        "up":    { "uv": [ 7, 7, 9, 9 ], "texture": "#texture" }
    }
},
{
    "from": [ 7.5, 1, 8.5 ],
    "to": [ 8.5, 1.5, 10.5 ],
    "rotation": { "origin": [ 7.5, 1.5, 8.5 ], "axis": "x", "angle": -22.5 },
    "faces": {
        "down":  { "uv": [ 7.5, 8.5, 8.5, 10.5 ], "texture": "#texture" },
        "up":    { "uv": [ 7.5, 8.5, 8.5, 10.5 ], "texture": "#texture" },
        "north": { "uv": [ 7.5, 14.5, 8.5, 15 ], "texture": "#texture" },
        "south": { "uv": [ 7.5, 14.5, 8.5, 15 ], "texture": "#texture" },
        "west":  { "uv": [ 8.5, 14.5, 10.5, 15 ], "texture": "#texture" },
        "east":  { "uv": [ 8.5, 14.5, 10.5, 15 ], "texture": "#texture" }
    }
},
{
    "from": [ 7.5, 2, 10 ],
    "to": [ 8.5, 5.5, 10.5 ],
    "faces": {
        "down":  { "uv": [ 7.5, 10, 8.5, 10.5 ], "texture": "#texture" },
        "up":    { "uv": [ 7.5, 10, 8.5, 10.5 ], "texture": "#texture" },
        "north": { "uv": [ 7.5, 10.5, 8.5, 14 ], "texture": "#texture" },
        "south": { "uv": [ 7.5, 10.5, 8.5, 14 ], "texture": "#texture" },
        "west":  { "uv": [ 10, 10.5, 10.5, 14 ], "texture": "#texture" },
        "east":  { "uv": [ 10, 10.5, 10.5, 14 ], "texture": "#texture" }
    }
},
{
    "from": [ 7.5, 5, 9.5 ],
    "to": [ 8.5, 6.5, 10 ],
    "rotation": { "origin": [ 7.5, 6.5, 9.5 ], "axis": "x", "angle": -22.5 },
    "faces": {
        "down":  { "uv": [ 7.5, 9.5, 8.5, 10 ], "texture": "#texture" },
        "up":    { "uv": [ 7.5, 9.5, 8.5, 10 ], "texture": "#texture" },
        "north": { "uv": [ 7.5, 9.5, 8.5, 11 ], "texture": "#texture" },
        "south": { "uv": [ 7.5, 9.5, 8.5, 11 ], "texture": "#texture" },
        "west":  { "uv": [ 9.5, 9.5, 10, 11 ], "texture": "#texture" },
        "east":  { "uv": [ 9.5, 9.5, 10, 11 ], "texture": "#texture" }
    }
},
{
    "from": [ 7.5, 6.6875, 9 ],
    "to": [ 8.5, 7.1875, 10 ],
    "rotation": { "origin": [ 7.5, 7.1875, 9 ], "axis": "x", "angle": 22.5 },
    "faces": {
        "down":  { "uv": [ 7.5, 9, 8.5, 10 ], "texture": "#texture" },
        "up":    { "uv": [ 7.5, 9, 8.5, 10 ], "texture": "#texture" },
        "north": { "uv": [ 7.5, 8.8125, 8.5, 9.3125 ], "texture": "#texture" },
        "south": { "uv": [ 7.5, 8.8125, 8.5, 9.3125 ], "texture": "#texture" },
        "west":  { "uv": [ 9, 8.8125, 10, 9.3125 ], "texture": "#texture" },
        "east":  { "uv": [ 9, 8.8125, 10, 9.3125 ], "texture": "#texture" }
    }
},
{
    "from": [ 7, 7.5, 7 ],
    "to": [ 9, 8, 9 ],
    "faces": {
        "down":  { "uv": [ 9, 9, 7, 7 ], "texture": "#texture" },
        "up":    { "uv": [ 7, 7, 9, 9 ], "texture": "#texture" },
        "north": { "uv": [ 7, 8, 9, 8.5 ], "texture": "#texture" },
        "south": { "uv": [ 7, 8, 9, 8.5 ], "texture": "#texture" },
        "west":  { "uv": [ 7, 8, 9, 8.5 ], "texture": "#texture" },
        "east":  { "uv": [ 7, 8, 9, 8.5 ], "texture": "#texture" }
    }
},
{
    "from": [ 7, 2.1875, 7 ],
    "to": [ 9, 2.5, 9 ],
    "faces": {
        "down":  { "uv": [ 9, 9, 7, 7 ], "texture": "#texture" },
        "up":    { "uv": [ 7, 7, 9, 9 ], "texture": "#texture" },
        "north": { "uv": [ 7, 13.5, 9, 13.8125 ], "texture": "#texture" },
        "south": { "uv": [ 7, 13.5, 9, 13.8125 ], "texture": "#texture" },
        "west":  { "uv": [ 7, 13.5, 9, 13.8125 ], "texture": "#texture" },
        "east":  { "uv": [ 7, 13.5, 9, 13.8125 ], "texture": "#texture" }
    }
}
]
}