{
"__comment": "Designed by Tomaxed44 with BDcraft Cubik PRO 0.95 Beta - http://bdcraft.net",
"ambientocclusion": false,
"textures": {
    "particle": "blocks/rail",
    "texture": "blocks/rail",
    "planks_spruce": "blocks/planks_spruce"
},
"elements": [ 
{
    "from": [ -4.5, 0, 0 ],
    "to": [ -2, 1.5, 16 ],
    "faces": {
        "down":  { "uv": [ 0, 0, 2.5, 16 ], "texture": "#texture" },
        "up":    { "uv": [ 0, 0, 2.5, 16 ], "texture": "#texture" },
        "north": { "uv": [ 0, 0, 2.5, 1 ], "texture": "#texture" },
        "south": { "uv": [ 0, 0, 2.5, 1 ], "texture": "#texture" },
        "west":  { "uv": [ 0, 0, 16, 1 ], "texture": "#texture" },
        "east":  { "uv": [ 0, 0, 16, 1 ], "texture": "#texture" }
    }
},
{
    "from": [ 18, 0, 0 ],
    "to": [ 20.5, 1.5, 16 ],
    "faces": {
        "down":  { "uv": [ 13.5, 0, 16, 16 ], "texture": "#texture" },
        "up":    { "uv": [ 13.5, 0, 16, 16 ], "texture": "#texture" },
        "north": { "uv": [ 0, 0, 2.5, 1 ], "texture": "#texture" },
        "south": { "uv": [ 0, 0, 2.5, 1 ], "texture": "#texture" },
        "west":  { "uv": [ 0, 15, 16, 16 ], "texture": "#texture" },
        "east":  { "uv": [ 0, 15, 16, 16 ], "texture": "#texture" }
    }
},
{
    "from": [ -6, 0, 3.5 ],
    "to": [ 22, 1, 6.5 ],
    "faces": {
        "down":  { "uv": [ 16, 6.5, 0, 3.5 ], "texture": "#planks_spruce" },
        "up":    { "uv": [ 0, 3.5, 16, 6.5 ], "texture": "#planks_spruce" },
        "north": { "uv": [ 0, 15, 16, 16 ], "texture": "#planks_spruce" },
        "south": { "uv": [ 0, 15, 16, 16 ], "texture": "#planks_spruce" },
        "west":  { "uv": [ 3.5, 15, 6.5, 16 ], "texture": "#planks_spruce" },
        "east":  { "uv": [ 9.5, 15, 12.5, 16 ], "texture": "#planks_spruce" }
    }
},
{
    "from": [ -6, 0, 10.5 ],
    "to": [ 22, 1, 13.5 ],
    "faces": {
        "down":  { "uv": [ 16, 13.5, 0, 10.5 ], "texture": "#planks_spruce" },
        "up":    { "uv": [ 0, 10.5, 16, 13.5 ], "texture": "#planks_spruce" },
        "north": { "uv": [ 0, 15, 16, 16 ], "texture": "#planks_spruce" },
        "south": { "uv": [ 0, 15, 16, 16 ], "texture": "#planks_spruce" },
        "west":  { "uv": [ 10.5, 15, 13.5, 16 ], "texture": "#planks_spruce" },
        "east":  { "uv": [ 2.5, 15, 5.5, 16 ], "texture": "#planks_spruce" }
    }
}
]
}