{
"__comment": "Designed by Tomaxed44 with BDcraft Cubik PRO 0.95 Beta - http://bdcraft.net",
"ambientocclusion": false,
"textures": {
    "particle": "blocks/rail",
    "texture": "blocks/rail",
    "planks_spruce": "blocks/planks_spruce"
},
"elements": [ 
{
    "from": [ 7.8125, 0, -4.5 ],
    "to": [ 10.3125, 1.5, 13 ],
    "rotation": { "origin": [ 7.8125, 0, -4.5 ], "axis": "y", "angle": -45 },
    "faces": {
        "down":  { "uv": [ 0, 0, 2.5, 16 ], "texture": "#texture" },
        "up":    { "uv": [ 0, 0, 2.5, 16 ], "texture": "#texture" },
        "north": { "uv": [ 0, 0, 2.5, 1 ], "texture": "#texture" },
        "south": { "uv": [ 0, 0, 2.5, 1 ], "texture": "#texture" },
        "west":  { "uv": [ 0, 0, 16, 1 ], "texture": "#texture" },
        "east":  { "uv": [ 0, 0, 16, 1 ], "texture": "#texture" }
    }
},
{
    "from": [ -4.5, 0, 8 ],
    "to": [ -2, 1.5, 16 ],
    "faces": {
        "down":  { "uv": [ 13.5, 0, 16, 16 ], "texture": "#texture" },
        "up":    { "uv": [ 13.5, 0, 16, 16 ], "texture": "#texture" },
        "north": { "uv": [ 0, 0, 2.5, 1 ], "texture": "#texture" },
        "south": { "uv": [ 0, 0, 2.5, 1 ], "texture": "#texture" },
        "west":  { "uv": [ 0, 15, 16, 16 ], "texture": "#texture" },
        "east":  { "uv": [ 0, 15, 16, 16 ], "texture": "#texture" }
    }
},
{
    "from": [ -5, -0.0625, 6 ],
    "to": [ 21, 0.9375, 8.5 ],
    "rotation": { "origin": [ -5, -0.0625, 6 ], "axis": "y", "angle": -22.5 },
    "faces": {
        "down":  { "uv": [ 16, 6.5, 0, 3.5 ], "texture": "#planks_spruce" },
        "up":    { "uv": [ 0, 3.5, 16, 6.5 ], "texture": "#planks_spruce" },
        "north": { "uv": [ 0, 15, 16, 16 ], "texture": "#planks_spruce" },
        "south": { "uv": [ 0, 15, 16, 16 ], "texture": "#planks_spruce" },
        "west":  { "uv": [ 3.5, 15, 6.5, 16 ], "texture": "#planks_spruce" },
        "east":  { "uv": [ 9.5, 15, 12.5, 16 ], "texture": "#planks_spruce" }
    }
},
{
    "from": [ 8, 0, -4.5 ],
    "to": [ 16, 1.5, -2 ],
    "faces": {
        "down":  { "uv": [ 4.5, 2, 13.5, 4.5 ], "texture": "#texture" },
        "up":    { "uv": [ 4.5, 2, 13.5, 4.5 ], "texture": "#texture" },
        "north": { "uv": [ 4.5, 14.5, 13.5, 16 ], "texture": "#texture" },
        "south": { "uv": [ 4.5, 14.5, 13.5, 16 ], "texture": "#texture" },
        "west":  { "uv": [ 2, 14.5, 4.5, 16 ], "texture": "#texture" },
        "east":  { "uv": [ 2, 14.5, 4.5, 16 ], "texture": "#texture" }
    }
},
{
    "from": [ 7, 0, -5.5 ],
    "to": [ 9.5, 1, 20.5 ],
    "rotation": { "origin": [ 7, 0, -5.5 ], "axis": "y", "angle": 22.5 },
    "faces": {
        "down":  { "uv": [ 0, 0, 16, 1.5 ], "rotation": 90, "texture": "#planks_spruce" },
        "up":    { "uv": [ 0, 0, 16, 1.5 ], "rotation": 90, "texture": "#planks_spruce" },
        "north": { "uv": [ 0, 7, 16, 8 ], "rotation": 90, "texture": "#planks_spruce" },
        "south": { "uv": [ 0, 0, 16, 1 ], "rotation": 90, "texture": "#planks_spruce" },
        "west":  { "uv": [ 3.5, 15, 6.5, 16 ], "texture": "#planks_spruce" },
        "east":  { "uv": [ 9.5, 15, 12.5, 16 ], "texture": "#planks_spruce" }
    }
}
]
}