{
"__comment": "Designed by Tomaxed44 with BDcraft Cubik PRO 0.95 Beta - http://bdcraft.net",
"textures": {
    "particle": "blocks/oak_planks",
    "texture": "blocks/oak_planks"
},
"elements": [ 
{
    "from": [ 8, 0, 0 ],
    "to": [ 16, 16, 16 ],
    "faces": {
        "down":  { "uv": [ 8, 16, 0, 0 ], "texture": "#texture" },
        "up":    { "uv": [ 8, 0, 16, 16 ], "texture": "#texture" },
        "north": { "uv": [ 0, 0, 8, 16 ], "texture": "#texture" },
        "south": { "uv": [ 8, 0, 16, 16 ], "texture": "#texture" },
        "west":  { "uv": [ 0, 0, 16, 16 ], "texture": "#texture" },
        "east":  { "uv": [ 0, 0, 16, 16 ], "texture": "#texture" }
    }
},
{
    "from": [ 0, 0, 0 ],
    "to": [ 8, 8, 16 ],
    "faces": {
        "down":  { "uv": [ 16, 16, 8, 0 ], "texture": "#texture" },
        "up":    { "uv": [ 0, 0, 8, 16 ], "texture": "#texture" },
        "north": { "uv": [ 8, 8, 16, 16 ], "texture": "#texture" },
        "south": { "uv": [ 0, 8, 8, 16 ], "texture": "#texture" },
        "west":  { "uv": [ 0, 8, 16, 16 ], "texture": "#texture" },
        "east":  { "uv": [ 0, 8, 16, 16 ], "texture": "#texture" }
    }
},
{
    "from": [ 7, 14, 0 ],
    "to": [ 8, 16, 16 ],
    "faces": {
        "down":  { "uv": [ 7, 0, 8, 16 ], "texture": "#texture" },
        "up":    { "uv": [ 7, 0, 8, 16 ], "texture": "#texture" },
        "north": { "uv": [ 7, 0, 8, 2 ], "texture": "#texture" },
        "south": { "uv": [ 7, 0, 8, 2 ], "texture": "#texture" },
        "west":  { "uv": [ 0, 0, 16, 2 ], "texture": "#texture" },
        "east":  { "uv": [ 0, 0, 16, 2 ], "texture": "#texture" }
    }
},
{
    "from": [ -1, 6, 0 ],
    "to": [ 0, 8, 16 ],
    "faces": {
        "down":  { "uv": [ 0, 0, 1, 16 ], "texture": "#texture" },
        "up":    { "uv": [ 0, 0, 1, 16 ], "texture": "#texture" },
        "north": { "uv": [ 0, 8, 1, 10 ], "texture": "#texture" },
        "south": { "uv": [ 0, 8, 1, 10 ], "texture": "#texture" },
        "west":  { "uv": [ 0, 8, 16, 10 ], "texture": "#texture" },
        "east":  { "uv": [ 0, 8, 16, 10 ], "texture": "#texture" }
    }
}
],
"display": {
    "gui": {
        "rotation": [ 30, 225, 0 ],
        "translation": [ 0, 0, 0 ],
        "scale": [ 0.625, 0.625, 0.625 ]
    }
}
}