{
"textures": {
    "particle": "blocks/log_oak",
    "texture": "blocks/log_oak"
},
"elements": [ 
{
    "from": [ 6, 0.5, 9.5 ],
    "to": [ 9, 4, 19 ],
    "rotation": { "origin": [ 6, 4, 9.5 ], "axis": "x", "angle": 22.5 },
    "faces": {
        "down":  { "uv": [ 6, 16, 9, 6.5 ], "texture": "#texture" },
        "up":    { "uv": [ 6, 6.5, 9, 16 ], "texture": "#texture" },
        "north": { "uv": [ 6, 6.5, 9.5, 11 ], "texture": "#texture" },
        "south": { "uv": [ 6, 6.5, 9.5, 11 ], "texture": "#texture" },
        "west":  { "uv": [ 6, 6.5, 8, 9.5 ], "texture": "#texture" },
        "east":  { "uv": [ 6, 6.5, 8, 9.5 ], "texture": "#texture" }
    }
},
{
    "from": [ 1, -10.5, 13.5 ],
    "to": [ 10, 4.5, 17 ],
    "rotation": { "origin": [ 1, 4.5, 13.5 ], "axis": "x", "angle": -22.5 },
    "faces": {
        "down":  { "uv": [ 1, 1.5, 10, 5 ], "texture": "#texture" },
        "up":    { "uv": [ 1, 1.5, 10, 5 ], "texture": "#texture" },
        "north": { "uv": [ 1, 1, 10, 16 ], "texture": "#texture" },
        "south": { "uv": [ 1, 1, 10, 16 ], "texture": "#texture" },
        "west":  { "uv": [ 1.5, 1, 5, 16 ], "texture": "#texture" },
        "east":  { "uv": [ 1.5, 1, 5, 16 ], "texture": "#texture" }
    }
},
{
    "from": [ 2, 0.0394375, 7 ],
    "to": [ 5, 11.0394, 10.5 ],
    "rotation": { "origin": [ 2, 11.0394, 7 ], "axis": "z", "angle": 22.5 },
    "faces": {
        "down":  { "uv": [ 2, 6.5, 5, 10 ], "texture": "#texture" },
        "up":    { "uv": [ 2, 6.5, 5, 10 ], "texture": "#texture" },
        "north": { "uv": [ 2, 5, 5, 16 ], "texture": "#texture" },
        "south": { "uv": [ 2, 5, 5, 16 ], "texture": "#texture" },
        "west":  { "uv": [ 6.5, 5, 10, 16 ], "texture": "#texture" },
        "east":  { "uv": [ 6.5, 5, 10, 16 ], "texture": "#texture" }
    }
},
{
    "from": [ 20.5, -7.5, 17 ],
    "to": [ 23.5, 11.5, 20 ],
    "rotation": { "origin": [ 20.5, 11.5, 17 ], "axis": "z", "angle": -45 },
    "faces": {
        "down":  { "uv": [ 0, 0, 3, 2.5 ], "texture": "#texture" },
        "up":    { "uv": [ 0, 0, 3, 2.5 ], "texture": "#texture" },
        "north": { "uv": [ 6, 0, 9, 16 ], "texture": "#texture" },
        "south": { "uv": [ 6, 0, 9, 16 ], "texture": "#texture" },
        "west":  { "uv": [ 0, 0, 3, 16 ], "texture": "#texture" },
        "east":  { "uv": [ 0, 0, 3, 16 ], "texture": "#texture" }
    }
},
{
    "from": [ 2, 3.5, -3 ],
    "to": [ 5, 18.5, 0 ],
    "rotation": { "origin": [ 2, 18.5, -3 ], "axis": "x", "angle": -45 },
    "faces": {
        "down":  { "uv": [ 2, 1.5, 5, 4.5 ], "texture": "#texture" },
        "up":    { "uv": [ 2, 1.5, 5, 4.5 ], "texture": "#texture" },
        "north": { "uv": [ 2, 0, 5, 15 ], "texture": "#texture" },
        "south": { "uv": [ 2, 0, 5, 15 ], "texture": "#texture" },
        "west":  { "uv": [ 1.5, 0, 4.5, 15 ], "texture": "#texture" },
        "east":  { "uv": [ 1.5, 0, 4.5, 15 ], "texture": "#texture" }
    }
},
{
    "from": [ 19, 7.5, 10 ],
    "to": [ 22, 27.5, 12.5 ],
    "rotation": { "origin": [ 19, 27.5, 10 ], "axis": "x", "angle": -22.5 },
    "faces": {
        "down":  { "uv": [ 0, 0, 3, 3 ], "texture": "#texture" },
        "up":    { "uv": [ 0, 0, 3, 3 ], "texture": "#texture" },
        "north": { "uv": [ 0, 0, 3.5, 16 ], "texture": "#texture" },
        "south": { "uv": [ 0, 0, 3.5, 16 ], "texture": "#texture" },
        "west":  { "uv": [ 0, 0, 2.5, 16 ], "texture": "#texture" },
        "east":  { "uv": [ 0, 0, 2.5, 16 ], "texture": "#texture" }
    }
},
{
    "from": [ 19.5, 21, 4.5 ],
    "to": [ 21.5, 30.5, 6.5 ],
    "rotation": { "origin": [ 19.5, 30.5, 4.5 ], "axis": "x", "angle": -45 },
    "faces": {
        "down":  { "uv": [ 3.5, 3, 6, 5.5 ], "texture": "#texture" },
        "up":    { "uv": [ 3.5, 3, 6, 5.5 ], "texture": "#texture" },
        "north": { "uv": [ 5.5, 1.5, 8, 11.5 ], "texture": "#texture" },
        "south": { "uv": [ 5.5, 1.5, 8, 11.5 ], "texture": "#texture" },
        "west":  { "uv": [ 13, 0, 16, 9.5 ], "texture": "#texture" },
        "east":  { "uv": [ 16, 0, 13, 9.5 ], "texture": "#texture" }
    }
},
{
    "from": [ 9.5, 13, 2 ],
    "to": [ 11.5, 22.5, 4 ],
    "rotation": { "origin": [ 9.5, 22.5, 2 ], "axis": "z", "angle": -45 },
    "faces": {
        "down":  { "uv": [ 6.5, 5, 8.5, 7 ], "texture": "#texture" },
        "up":    { "uv": [ 6.5, 5, 8.5, 7 ], "texture": "#texture" },
        "north": { "uv": [ 6.5, 0, 8.5, 9.5 ], "texture": "#texture" },
        "south": { "uv": [ 6.5, 0, 8.5, 9.5 ], "texture": "#texture" },
        "west":  { "uv": [ 5, 0, 7, 9.5 ], "texture": "#texture" },
        "east":  { "uv": [ 5, 0, 7, 9.5 ], "texture": "#texture" }
    }
},
{
    "from": [ -6.5, 7.5, 4.875 ],
    "to": [ -5, 21, 6.875 ],
    "rotation": { "origin": [ -6.5, 21, 4.875 ], "axis": "z", "angle": 45 },
    "faces": {
        "down":  { "uv": [ 0, 5.5, 2, 7.5 ], "texture": "#texture" },
        "up":    { "uv": [ 0, 5.5, 2, 7.5 ], "texture": "#texture" },
        "north": { "uv": [ 0, 0, 2, 9.5 ], "texture": "#texture" },
        "south": { "uv": [ 0, 0, 2, 9.5 ], "texture": "#texture" },
        "west":  { "uv": [ 5.5, 0, 7.5, 9.5 ], "texture": "#texture" },
        "east":  { "uv": [ 5.5, 0, 7.5, 9.5 ], "texture": "#texture" }
    }
},
{
    "from": [ 16.5, 6.5, 8.5 ],
    "to": [ 19, 24.5, 10.5 ],
    "rotation": { "origin": [ 16.5, 24.5, 8.5 ], "axis": "z", "angle": -45 },
    "faces": {
        "down":  { "uv": [ 7, 0, 9, 2 ], "texture": "#texture" },
        "up":    { "uv": [ 7, 0, 9, 2 ], "texture": "#texture" },
        "north": { "uv": [ 7, 0, 9.5, 16 ], "texture": "#texture" },
        "south": { "uv": [ 7, 0, 9.5, 16 ], "texture": "#texture" },
        "west":  { "uv": [ 7, 0, 9, 16 ], "texture": "#texture" },
        "east":  { "uv": [ 7, 0, 9, 16 ], "texture": "#texture" }
    }
},
{
    "from": [ -8, -8.5, 16 ],
    "to": [ -5.5, 9.5, 18 ],
    "rotation": { "origin": [ -8, 9.5, 16 ], "axis": "z", "angle": 45 },
    "faces": {
        "down":  { "uv": [ 0, 13, 2.5, 15 ], "texture": "#texture" },
        "up":    { "uv": [ 0, 13, 2.5, 15 ], "texture": "#texture" },
        "north": { "uv": [ 0, 0, 2.5, 16 ], "texture": "#texture" },
        "south": { "uv": [ 0, 0, 2.5, 16 ], "texture": "#texture" },
        "west":  { "uv": [ 13, 0, 15.5, 16 ], "texture": "#texture" },
        "east":  { "uv": [ 13, 0, 15.5, 16 ], "texture": "#texture" }
    }
},
{
    "from": [ -8, 9.5, 16 ],
    "to": [ -5, 24.5, 18 ],
    "faces": {
        "down":  { "uv": [ 0, 13, 3, 15 ], "texture": "#texture" },
        "up":    { "uv": [ 0, 13, 3, 15 ], "texture": "#texture" },
        "north": { "uv": [ 0, 0, 3, 15 ], "texture": "#texture" },
        "south": { "uv": [ 0, 0, 3, 15 ], "texture": "#texture" },
        "west":  { "uv": [ 13, 0, 15, 15 ], "texture": "#texture" },
        "east":  { "uv": [ 13, 0, 15, 15 ], "texture": "#texture" }
    }
},
{
    "from": [ 25, 19, 14 ],
    "to": [ 27, 32, 16 ],
    "rotation": { "origin": [ 25, 32, 14 ], "axis": "z", "angle": -22.5 },
    "faces": {
        "down":  { "uv": [ 3.5, 3, 6, 5.5 ], "texture": "#texture" },
        "up":    { "uv": [ 3.5, 3, 6, 5.5 ], "texture": "#texture" },
        "north": { "uv": [ 5.5, 1.5, 8, 11.5 ], "texture": "#texture" },
        "south": { "uv": [ 5.5, 1.5, 8, 11.5 ], "texture": "#texture" },
        "west":  { "uv": [ 13, 0, 16, 9.5 ], "texture": "#texture" },
        "east":  { "uv": [ 16, 0, 13, 9.5 ], "texture": "#texture" }
    }
},
{
    "from": [ -15.75, 12.5, 14 ],
    "to": [ -13.75, 25.5, 16 ],
    "rotation": { "origin": [ -15.75, 25.5, 14 ], "axis": "z", "angle": 45 },
    "faces": {
        "down":  { "uv": [ 3.5, 3, 6, 5.5 ], "texture": "#texture" },
        "up":    { "uv": [ 3.5, 3, 6, 5.5 ], "texture": "#texture" },
        "north": { "uv": [ 5.5, 1.5, 8, 11.5 ], "texture": "#texture" },
        "south": { "uv": [ 5.5, 1.5, 8, 11.5 ], "texture": "#texture" },
        "west":  { "uv": [ 13, 0, 16, 9.5 ], "texture": "#texture" },
        "east":  { "uv": [ 16, 0, 13, 9.5 ], "texture": "#texture" }
    }
}
]
}