{
"__comment": "Designed by tomaxed with Cubik",
"textures": {
    "particle": "blocks/rust_metal",
    "texture": "blocks/hardened_clay_stained_brown",
    "fuse_box": "blocks/fuse_box",
    "misc": "items/misc",
    "hardened_clay_stained_white": "blocks/hardened_clay_stained_white",
    "gold_ore": "blocks/gold_ore",
    "engine": "blocks/engine"
},
"elements": [ 
{
    "from": [ 0, 0, 0 ],
    "to": [ 16, 0.5, 16 ],
    "faces": {
        "down":  { "uv": [ 16, 16, 0, 0 ], "texture": "#texture" },
        "up":    { "uv": [ 0, 0, 16, 16 ], "texture": "#texture" },
        "north": { "uv": [ 0, 15.5, 16, 16 ], "texture": "#texture" },
        "south": { "uv": [ 0, 15.5, 16, 16 ], "texture": "#texture" },
        "west":  { "uv": [ 0, 15.5, 16, 16 ], "texture": "#texture" },
        "east":  { "uv": [ 0, 15.5, 16, 16 ], "texture": "#texture" }
    }
},
{
    "from": [ 3, 0.5, 3 ],
    "to": [ 7, 2, 5 ],
    "faces": {
        "down":  { "uv": [ 13, 5, 9, 3 ], "texture": "#texture" },
        "up":    { "uv": [ 3, 3, 7, 5 ], "texture": "#texture" },
        "north": { "uv": [ 9, 14, 13, 15.5 ], "texture": "#texture" },
        "south": { "uv": [ 3, 14, 7, 15.5 ], "texture": "#texture" },
        "west":  { "uv": [ 3, 14, 5, 15.5 ], "texture": "#texture" },
        "east":  { "uv": [ 11, 14, 13, 15.5 ], "texture": "#texture" }
    }
},
{
    "from": [ 3, 0.5, 11 ],
    "to": [ 7, 2, 13 ],
    "faces": {
        "down":  { "uv": [ 13, 13, 9, 11 ], "texture": "#texture" },
        "up":    { "uv": [ 3, 11, 7, 13 ], "texture": "#texture" },
        "north": { "uv": [ 9, 14, 13, 15.5 ], "texture": "#texture" },
        "south": { "uv": [ 3, 14, 7, 15.5 ], "texture": "#texture" },
        "west":  { "uv": [ 11, 14, 13, 15.5 ], "texture": "#texture" },
        "east":  { "uv": [ 3, 14, 5, 15.5 ], "texture": "#texture" }
    }
},
{
    "from": [ 2, 2, 1 ],
    "to": [ 15, 5, 15 ],
    "faces": {
        "down":  { "uv": [ 14, 15, 1, 1 ], "texture": "#gold_ore" },
        "up":    { "uv": [ 2, 1, 15, 15 ], "texture": "#gold_ore" },
        "north": { "uv": [ 0.5, 12.5, 13.5, 15.5 ], "texture": "#gold_ore" },
        "south": { "uv": [ 0.5, 12.5, 13.5, 15.5 ], "texture": "#gold_ore" },
        "west":  { "uv": [ 1.5, 13, 15.5, 16 ], "texture": "#gold_ore" },
        "east":  { "uv": [ 1, 12.5, 15, 15.5 ], "texture": "#gold_ore" }
    }
},
{
    "from": [ 12, 0.5, 11 ],
    "to": [ 14, 2, 13 ],
    "faces": {
        "down":  { "uv": [ 4, 13, 2, 11 ], "texture": "#texture" },
        "up":    { "uv": [ 12, 11, 14, 13 ], "texture": "#texture" },
        "north": { "uv": [ 2, 14, 4, 15.5 ], "texture": "#texture" },
        "south": { "uv": [ 12, 14, 14, 15.5 ], "texture": "#texture" },
        "west":  { "uv": [ 11, 14, 13, 15.5 ], "texture": "#texture" },
        "east":  { "uv": [ 3, 14, 5, 15.5 ], "texture": "#texture" }
    }
},
{
    "from": [ 12, 0.5, 3 ],
    "to": [ 14, 2, 5 ],
    "faces": {
        "down":  { "uv": [ 4, 5, 2, 3 ], "texture": "#texture" },
        "up":    { "uv": [ 12, 3, 14, 5 ], "texture": "#texture" },
        "north": { "uv": [ 2, 14, 4, 15.5 ], "texture": "#texture" },
        "south": { "uv": [ 12, 14, 14, 15.5 ], "texture": "#texture" },
        "west":  { "uv": [ 3, 14, 5, 15.5 ], "texture": "#texture" },
        "east":  { "uv": [ 11, 14, 13, 15.5 ], "texture": "#texture" }
    }
},
{
    "from": [ 0, 10, 0 ],
    "to": [ 16, 11.5, 16 ],
    "faces": {
        "down":  { "uv": [ 0, 0, 16, 16 ], "texture": "#texture" },
        "up":    { "uv": [ 0, 0, 16, 16 ], "texture": "#texture" },
        "north": { "uv": [ 0, 4.5, 16, 6 ], "texture": "#texture" },
        "south": { "uv": [ 0, 4.5, 16, 6 ], "texture": "#texture" },
        "west":  { "uv": [ 0, 4.5, 16, 6 ], "texture": "#texture" },
        "east":  { "uv": [ 0, 4.5, 16, 6 ], "texture": "#texture" }
    }
},
{
    "from": [ 3, 11.5, 3 ],
    "to": [ 10, 16, 10 ],
    "faces": {
        "down":  { "uv": [ 1, 9.5, 7.5, 16 ], "texture": "#misc" },
        "up":    { "uv": [ 1, 9.5, 7.5, 16 ], "texture": "#misc" },
        "north": { "uv": [ 1, 11.5, 8, 16 ], "texture": "#misc" },
        "south": { "uv": [ 1, 11.5, 8, 16 ], "texture": "#misc" },
        "west":  { "uv": [ 1, 10.5, 8, 15 ], "texture": "#misc" },
        "east":  { "uv": [ 1, 10.5, 8, 15 ], "texture": "#misc" }
    }
},
{
    "from": [ 5, 11.5, 11.5 ],
    "to": [ 12, 14, 14.5 ],
    "faces": {
        "down":  { "uv": [ 0, 9.5, 7, 12.5 ], "texture": "#fuse_box" },
        "up":    { "uv": [ 0, 9.5, 7, 12.5 ], "texture": "#fuse_box" },
        "north": { "uv": [ 0, 9.5, 7, 12 ], "texture": "#fuse_box" },
        "south": { "uv": [ 0, 9.5, 7, 12 ], "texture": "#fuse_box" },
        "west":  { "uv": [ 1.5, 10, 4.5, 12.5 ], "texture": "#fuse_box" },
        "east":  { "uv": [ 1.5, 10, 4.5, 12.5 ], "texture": "#fuse_box" }
    }
},
{
    "from": [ 5, 0, -7 ],
    "to": [ 10, 2.5, -4 ],
    "faces": {
        "down":  { "uv": [ 5, 0, 10, 3.5 ], "texture": "#texture" },
        "up":    { "uv": [ 5, 0, 10, 3.5 ], "texture": "#texture" },
        "north": { "uv": [ 5, 13.5, 10, 16 ], "texture": "#texture" },
        "south": { "uv": [ 5, 13.5, 10, 16 ], "texture": "#texture" },
        "west":  { "uv": [ 0, 13.5, 3.5, 16 ], "texture": "#texture" },
        "east":  { "uv": [ 0, 13.5, 3.5, 16 ], "texture": "#texture" }
    }
},
{
    "from": [ 8, 2.5, -6 ],
    "to": [ 9, 6.5, -5 ],
    "faces": {
        "down":  { "uv": [ 8, 0, 9, 1 ], "texture": "#texture" },
        "up":    { "uv": [ 8, 0, 9, 1 ], "texture": "#texture" },
        "north": { "uv": [ 8, 9.5, 9, 13.5 ], "texture": "#texture" },
        "south": { "uv": [ 8, 9.5, 9, 13.5 ], "texture": "#texture" },
        "west":  { "uv": [ 0, 9.5, 1, 13.5 ], "texture": "#texture" },
        "east":  { "uv": [ 0, 9.5, 1, 13.5 ], "texture": "#texture" }
    }
},
{
    "from": [ 4.5, 6, -1 ],
    "to": [ 11, 10.5, 0 ],
    "faces": {
        "down":  { "uv": [ 2.5, 12, 9, 13 ], "texture": "#misc" },
        "up":    { "uv": [ 2.5, 12, 9, 13 ], "texture": "#misc" },
        "north": { "uv": [ 2, 10.5, 8.5, 15 ], "texture": "#misc" },
        "south": { "uv": [ 2, 10.5, 8.5, 15 ], "texture": "#misc" },
        "west":  { "uv": [ 3, 10.5, 4, 15 ], "texture": "#misc" },
        "east":  { "uv": [ 3, 10.5, 4, 15 ], "texture": "#misc" }
    }
},
{
    "from": [ 6, 2.5, -6 ],
    "to": [ 7, 6.5, -5 ],
    "faces": {
        "down":  { "uv": [ 6, 0, 7, 1 ], "texture": "#texture" },
        "up":    { "uv": [ 6, 0, 7, 1 ], "texture": "#texture" },
        "north": { "uv": [ 6, 9.5, 7, 13.5 ], "texture": "#texture" },
        "south": { "uv": [ 6, 9.5, 7, 13.5 ], "texture": "#texture" },
        "west":  { "uv": [ 0, 9.5, 1, 13.5 ], "texture": "#texture" },
        "east":  { "uv": [ 0, 9.5, 1, 13.5 ], "texture": "#texture" }
    }
},
{
    "from": [ 5.5, 6.5, -7 ],
    "to": [ 9.5, 9, -1 ],
    "faces": {
        "down":  { "uv": [ 0, 4, 4, 10 ], "texture": "#hardened_clay_stained_white" },
        "up":    { "uv": [ 0, 4, 4, 10 ], "texture": "#hardened_clay_stained_white" },
        "north": { "uv": [ 12, 7, 16, 9.5 ], "texture": "#hardened_clay_stained_white" },
        "south": { "uv": [ 12, 7, 16, 9.5 ], "texture": "#hardened_clay_stained_white" },
        "west":  { "uv": [ 0, 7, 4, 9.5 ], "texture": "#hardened_clay_stained_white" },
        "east":  { "uv": [ 0, 7, 4, 9.5 ], "texture": "#hardened_clay_stained_white" }
    }
},
{
    "from": [ -1, 5.5, 4.5 ],
    "to": [ 0, 11.5, 9 ],
    "faces": {
        "down":  { "uv": [ 4.5, 9, 5.5, 14 ], "texture": "#hardened_clay_stained_white" },
        "up":    { "uv": [ 4.5, 9, 5.5, 14 ], "texture": "#hardened_clay_stained_white" },
        "north": { "uv": [ 4.5, 9, 5.5, 15.5 ], "texture": "#hardened_clay_stained_white" },
        "south": { "uv": [ 10.5, 9, 11.5, 15.5 ], "texture": "#hardened_clay_stained_white" },
        "west":  { "uv": [ 5.5, 9, 10.5, 15.5 ], "texture": "#hardened_clay_stained_white" },
        "east":  { "uv": [ 5.5, 9, 10.5, 15.5 ], "texture": "#hardened_clay_stained_white" }
    }
},
{
    "from": [ 0, 11.5, 0 ],
    "to": [ 1, 12.5, 16 ],
    "faces": {
        "down":  { "uv": [ 16, 16, 15, 0 ], "texture": "#texture" },
        "up":    { "uv": [ 0, 0, 1, 16 ], "texture": "#texture" },
        "north": { "uv": [ 15, 3.5, 16, 4.5 ], "texture": "#texture" },
        "south": { "uv": [ 0, 3.5, 1, 4.5 ], "texture": "#texture" },
        "west":  { "uv": [ 0, 3.5, 16, 4.5 ], "texture": "#texture" },
        "east":  { "uv": [ 0, 3.5, 16, 4.5 ], "texture": "#texture" }
    }
},
{
    "from": [ 15, 11.5, 0 ],
    "to": [ 16, 12.5, 16 ],
    "faces": {
        "down":  { "uv": [ 1, 16, 0, 0 ], "texture": "#texture" },
        "up":    { "uv": [ 15, 0, 16, 16 ], "texture": "#texture" },
        "north": { "uv": [ 0, 3.5, 1, 4.5 ], "texture": "#texture" },
        "south": { "uv": [ 15, 3.5, 16, 4.5 ], "texture": "#texture" },
        "west":  { "uv": [ 0, 3.5, 16, 4.5 ], "texture": "#texture" },
        "east":  { "uv": [ 0, 3.5, 16, 4.5 ], "texture": "#texture" }
    }
},
{
    "from": [ 1, 11.5, 0 ],
    "to": [ 15, 12.5, 1 ],
    "faces": {
        "down":  { "uv": [ 15, 1, 1, 0 ], "texture": "#texture" },
        "up":    { "uv": [ 1, 0, 15, 1 ], "texture": "#texture" },
        "north": { "uv": [ 1, 3.5, 15, 4.5 ], "texture": "#texture" },
        "south": { "uv": [ 1, 3.5, 15, 4.5 ], "texture": "#texture" },
        "west":  { "uv": [ 0, 3.5, 1, 4.5 ], "texture": "#texture" },
        "east":  { "uv": [ 15, 3.5, 16, 4.5 ], "texture": "#texture" }
    }
},
{
    "from": [ 1, 11.5, 15 ],
    "to": [ 15, 12.5, 16 ],
    "faces": {
        "down":  { "uv": [ 15, 16, 1, 15 ], "texture": "#texture" },
        "up":    { "uv": [ 1, 15, 15, 16 ], "texture": "#texture" },
        "north": { "uv": [ 1, 3.5, 15, 4.5 ], "texture": "#texture" },
        "south": { "uv": [ 1, 3.5, 15, 4.5 ], "texture": "#texture" },
        "west":  { "uv": [ 15, 3.5, 16, 4.5 ], "texture": "#texture" },
        "east":  { "uv": [ 0, 3.5, 1, 4.5 ], "texture": "#texture" }
    }
},
{
    "from": [ 7, 9, -6.5 ],
    "to": [ 8, 10, -3.5 ],
    "faces": {
        "down":  { "uv": [ 7, 0, 8, 3 ], "texture": "#texture" },
        "up":    { "uv": [ 7, 0, 8, 3 ], "texture": "#texture" },
        "north": { "uv": [ 7, 6, 8, 7 ], "texture": "#texture" },
        "south": { "uv": [ 7, 6, 8, 7 ], "texture": "#texture" },
        "west":  { "uv": [ 0, 6, 3, 7 ], "texture": "#texture" },
        "east":  { "uv": [ 0, 6, 3, 7 ], "texture": "#texture" }
    }
},
{
    "from": [ 7, 10, -5.5 ],
    "to": [ 8, 12, -4.5 ],
    "faces": {
        "down":  { "uv": [ 7, 0, 8, 1 ], "texture": "#texture" },
        "up":    { "uv": [ 7, 0, 8, 1 ], "texture": "#texture" },
        "north": { "uv": [ 7, 4, 8, 6 ], "texture": "#texture" },
        "south": { "uv": [ 7, 4, 8, 6 ], "texture": "#texture" },
        "west":  { "uv": [ 0, 4, 1, 6 ], "texture": "#texture" },
        "east":  { "uv": [ 0, 4, 1, 6 ], "texture": "#texture" }
    }
},
{
    "from": [ 0, 5, 0 ],
    "to": [ 16, 6.5, 16 ],
    "faces": {
        "down":  { "uv": [ 0, 0, 16, 16 ], "texture": "#texture" },
        "up":    { "uv": [ 0, 0, 16, 16 ], "texture": "#texture" },
        "north": { "uv": [ 0, 9.5, 16, 11 ], "texture": "#texture" },
        "south": { "uv": [ 0, 9.5, 16, 11 ], "texture": "#texture" },
        "west":  { "uv": [ 0, 9.5, 16, 11 ], "texture": "#texture" },
        "east":  { "uv": [ 0, 9.5, 16, 11 ], "texture": "#texture" }
    }
},
{
    "from": [ 0, 6.5, 0 ],
    "to": [ 3.5, 10, 16 ],
    "faces": {
        "down":  { "uv": [ 16, 16, 12.5, 0 ], "texture": "#texture" },
        "up":    { "uv": [ 0, 0, 3.5, 16 ], "texture": "#texture" },
        "north": { "uv": [ 12.5, 6, 16, 9.5 ], "texture": "#texture" },
        "south": { "uv": [ 0, 6, 3.5, 9.5 ], "texture": "#texture" },
        "west":  { "uv": [ 0, 6, 16, 9.5 ], "texture": "#texture" },
        "east":  { "uv": [ 0, 6, 16, 9.5 ], "texture": "#texture" }
    }
},
{
    "from": [ 11.5, 6.5, 0 ],
    "to": [ 14, 10, 16 ],
    "faces": {
        "down":  { "uv": [ 4.5, 16, 2, 0 ], "texture": "#texture" },
        "up":    { "uv": [ 11.5, 0, 14, 16 ], "texture": "#texture" },
        "north": { "uv": [ 2, 6, 4.5, 9.5 ], "texture": "#texture" },
        "south": { "uv": [ 11.5, 6, 14, 9.5 ], "texture": "#texture" },
        "west":  { "uv": [ 0, 6, 16, 9.5 ], "texture": "#texture" },
        "east":  { "uv": [ 0, 6, 16, 9.5 ], "texture": "#texture" }
    }
},
{
    "from": [ 3.5, 6.5, 0 ],
    "to": [ 11.5, 10, 14 ],
    "faces": {
        "down":  { "uv": [ 3.5, 0, 11.5, 14 ], "texture": "#engine" },
        "up":    { "uv": [ 3.5, 0, 11.5, 14 ], "texture": "#engine" },
        "north": { "uv": [ 3.5, 6, 11.5, 9.5 ], "texture": "#texture" },
        "south": { "uv": [ 0, 0, 16, 10 ], "texture": "#engine" },
        "west":  { "uv": [ 0, 0.5, 16, 9 ], "texture": "#engine" },
        "east":  { "uv": [ 0, 0.5, 16, 9 ], "texture": "#engine" }
    }
},
{
    "from": [ 14, 6.5, 0 ],
    "to": [ 16, 10, 3.5 ],
    "faces": {
        "down":  { "uv": [ 2, 3.5, 0, 0 ], "texture": "#texture" },
        "up":    { "uv": [ 14, 0, 16, 3.5 ], "texture": "#texture" },
        "north": { "uv": [ 0, 6, 2, 9.5 ], "texture": "#texture" },
        "south": { "uv": [ 14, 6, 16, 9.5 ], "texture": "#texture" },
        "west":  { "uv": [ 0, 6, 3.5, 9.5 ], "texture": "#texture" },
        "east":  { "uv": [ 12.5, 6, 16, 9.5 ], "texture": "#texture" }
    }
},
{
    "from": [ 14, 6.5, 11.5 ],
    "to": [ 16, 10, 16 ],
    "faces": {
        "down":  { "uv": [ 2, 16, 0, 11.5 ], "texture": "#texture" },
        "up":    { "uv": [ 14, 11.5, 16, 16 ], "texture": "#texture" },
        "north": { "uv": [ 0, 6, 2, 9.5 ], "texture": "#texture" },
        "south": { "uv": [ 14, 6, 16, 9.5 ], "texture": "#texture" },
        "west":  { "uv": [ 11.5, 6, 16, 9.5 ], "texture": "#texture" },
        "east":  { "uv": [ 0, 6, 4.5, 9.5 ], "texture": "#texture" }
    }
},
{
    "from": [ -0.5, 9.5, 10.5 ],
    "to": [ 0, 10.5, 11.5 ],
    "faces": {
        "down":  { "uv": [ 0, 11, 0.5, 12 ], "texture": "#misc" },
        "up":    { "uv": [ 0, 11, 0.5, 12 ], "texture": "#misc" },
        "north": { "uv": [ 1, 13.5, 1.5, 14.5 ], "texture": "#misc" },
        "south": { "uv": [ 1, 13.5, 1.5, 14.5 ], "texture": "#misc" },
        "west":  { "uv": [ 1.5, 14, 2.5, 15 ], "texture": "#misc" },
        "east":  { "uv": [ 1.5, 14, 2.5, 15 ], "texture": "#misc" }
    }
},
{
    "from": [ -0.5, 9.5, 12.5 ],
    "to": [ 0, 10.5, 13.5 ],
    "faces": {
        "down":  { "uv": [ 0, 11, 0.5, 12 ], "texture": "#misc" },
        "up":    { "uv": [ 0, 11, 0.5, 12 ], "texture": "#misc" },
        "north": { "uv": [ 1, 13.5, 1.5, 14.5 ], "texture": "#misc" },
        "south": { "uv": [ 1, 13.5, 1.5, 14.5 ], "texture": "#misc" },
        "west":  { "uv": [ 1.5, 14, 2.5, 15 ], "texture": "#misc" },
        "east":  { "uv": [ 1.5, 14, 2.5, 15 ], "texture": "#misc" }
    }
},
{
    "from": [ -0.5, 7.5, 10.5 ],
    "to": [ 0, 8.5, 11.5 ],
    "faces": {
        "down":  { "uv": [ 0, 11, 0.5, 12 ], "texture": "#misc" },
        "up":    { "uv": [ 0, 11, 0.5, 12 ], "texture": "#misc" },
        "north": { "uv": [ 1, 13.5, 1.5, 14.5 ], "texture": "#misc" },
        "south": { "uv": [ 1, 13.5, 1.5, 14.5 ], "texture": "#misc" },
        "west":  { "uv": [ 1.5, 14, 2.5, 15 ], "texture": "#misc" },
        "east":  { "uv": [ 1.5, 14, 2.5, 15 ], "texture": "#misc" }
    }
},
{
    "from": [ -0.5, 7.5, 12.5 ],
    "to": [ 0, 8.5, 13.5 ],
    "faces": {
        "down":  { "uv": [ 0, 11, 0.5, 12 ], "texture": "#misc" },
        "up":    { "uv": [ 0, 11, 0.5, 12 ], "texture": "#misc" },
        "north": { "uv": [ 1, 13.5, 1.5, 14.5 ], "texture": "#misc" },
        "south": { "uv": [ 1, 13.5, 1.5, 14.5 ], "texture": "#misc" },
        "west":  { "uv": [ 1.5, 14, 2.5, 15 ], "texture": "#misc" },
        "east":  { "uv": [ 1.5, 14, 2.5, 15 ], "texture": "#misc" }
    }
},
{
    "from": [ -0.5, 5.5, 10.5 ],
    "to": [ 0, 6.5, 11.5 ],
    "faces": {
        "down":  { "uv": [ 0, 11, 0.5, 12 ], "texture": "#misc" },
        "up":    { "uv": [ 0, 11, 0.5, 12 ], "texture": "#misc" },
        "north": { "uv": [ 1, 13.5, 1.5, 14.5 ], "texture": "#misc" },
        "south": { "uv": [ 1, 13.5, 1.5, 14.5 ], "texture": "#misc" },
        "west":  { "uv": [ 1.5, 14, 2.5, 15 ], "texture": "#misc" },
        "east":  { "uv": [ 1.5, 14, 2.5, 15 ], "texture": "#misc" }
    }
},
{
    "from": [ -0.5, 5.5, 12.5 ],
    "to": [ 0, 6.5, 13.5 ],
    "faces": {
        "down":  { "uv": [ 0, 11, 0.5, 12 ], "texture": "#misc" },
        "up":    { "uv": [ 0, 11, 0.5, 12 ], "texture": "#misc" },
        "north": { "uv": [ 1, 13.5, 1.5, 14.5 ], "texture": "#misc" },
        "south": { "uv": [ 1, 13.5, 1.5, 14.5 ], "texture": "#misc" },
        "west":  { "uv": [ 1.5, 14, 2.5, 15 ], "texture": "#misc" },
        "east":  { "uv": [ 1.5, 14, 2.5, 15 ], "texture": "#misc" }
    }
},
{
    "from": [ 7.5, 11, -5 ],
    "to": [ 8, 11.5, 2 ],
    "rotation": { "origin": [ 7.5, 11, -5 ], "axis": "y", "angle": 22.5 },
    "faces": {
        "down":  { "uv": [ 7.5, 0, 8, 7 ], "texture": "#texture" },
        "up":    { "uv": [ 7.5, 0, 8, 7 ], "texture": "#texture" },
        "north": { "uv": [ 7.5, 4.5, 8, 5 ], "texture": "#texture" },
        "south": { "uv": [ 7.5, 4.5, 8, 5 ], "texture": "#texture" },
        "west":  { "uv": [ 0, 4.5, 7, 5 ], "texture": "#texture" },
        "east":  { "uv": [ 0, 4.5, 7, 5 ], "texture": "#texture" }
    }
},
{
    "from": [ 2.5, 13, 2.5 ],
    "to": [ 10.5, 14.5, 10.5 ],
    "faces": {
        "down":  { "uv": [ 13.5, 10.5, 5.5, 2.5 ], "texture": "#texture" },
        "up":    { "uv": [ 2.5, 2.5, 10.5, 10.5 ], "texture": "#texture" },
        "north": { "uv": [ 5.5, 1.5, 13.5, 3 ], "texture": "#gold_ore" },
        "south": { "uv": [ 2.5, 1.5, 10.5, 3 ], "texture": "#gold_ore" },
        "west":  { "uv": [ 2.5, 1.5, 10.5, 3 ], "texture": "#gold_ore" },
        "east":  { "uv": [ 5.5, 1.5, 13.5, 3 ], "texture": "#gold_ore" }
    }
},
{
    "from": [ 5, 16, 5 ],
    "to": [ 6, 19, 6 ],
    "faces": {
        "down":  { "uv": [ 0.5, 8, 1.5, 9 ], "texture": "#fuse_box" },
        "up":    { "uv": [ 0.5, 8, 1.5, 9 ], "texture": "#fuse_box" },
        "north": { "uv": [ 0.5, 8, 1.5, 11 ], "texture": "#fuse_box" },
        "south": { "uv": [ 0.5, 8, 1.5, 11 ], "texture": "#fuse_box" },
        "west":  { "uv": [ 0.5, 8.5, 1.5, 11.5 ], "texture": "#fuse_box" },
        "east":  { "uv": [ 0.5, 7.5, 1.5, 10.5 ], "texture": "#fuse_box" }
    }
},
{
    "from": [ 14, 7, 6.5 ],
    "to": [ 14.5, 9.5, 9.5 ],
    "faces": {
        "down":  { "uv": [ 1, 7.5, 1.5, 10.5 ], "texture": "#fuse_box" },
        "up":    { "uv": [ 1, 7.5, 1.5, 10.5 ], "texture": "#fuse_box" },
        "north": { "uv": [ 0.5, 8, 1, 10.5 ], "texture": "#fuse_box" },
        "south": { "uv": [ 0.5, 8, 1, 10.5 ], "texture": "#fuse_box" },
        "west":  { "uv": [ 2, 8, 7, 11.5 ], "texture": "#fuse_box" },
        "east":  { "uv": [ 2, 8, 7, 11.5 ], "texture": "#fuse_box" }
    }
},
{
    "from": [ 14, 8.5, 4.5 ],
    "to": [ 14.5, 9.5, 5.5 ],
    "faces": {
        "down":  { "uv": [ 1, 7, 1.5, 8 ], "texture": "#fuse_box" },
        "up":    { "uv": [ 1, 7, 1.5, 8 ], "texture": "#fuse_box" },
        "north": { "uv": [ 0.5, 8, 1, 9 ], "texture": "#fuse_box" },
        "south": { "uv": [ 0.5, 8, 1, 9 ], "texture": "#fuse_box" },
        "west":  { "uv": [ 0, 0.5, 2, 2.5 ], "texture": "#fuse_box" },
        "east":  { "uv": [ 0, 0.5, 2, 2.5 ], "texture": "#fuse_box" }
    }
},
{
    "from": [ 14, 7, 4.5 ],
    "to": [ 14.5, 8, 5.5 ],
    "faces": {
        "down":  { "uv": [ 1, 8.5, 1.5, 9.5 ], "texture": "#fuse_box" },
        "up":    { "uv": [ 1, 8.5, 1.5, 9.5 ], "texture": "#fuse_box" },
        "north": { "uv": [ 1, 7.5, 1.5, 8.5 ], "texture": "#fuse_box" },
        "south": { "uv": [ 1, 7.5, 1.5, 8.5 ], "texture": "#fuse_box" },
        "west":  { "uv": [ 0.5, 8, 1.5, 9 ], "texture": "#fuse_box" },
        "east":  { "uv": [ 0.5, 8, 1.5, 9 ], "texture": "#fuse_box" }
    }
},
{
    "from": [ 2.5, 16, 2.5 ],
    "to": [ 10.5, 16.5, 10.5 ],
    "faces": {
        "down":  { "uv": [ 2.5, 2.5, 10.5, 10.5 ], "texture": "#texture" },
        "up":    { "uv": [ 2.5, 2.5, 10.5, 10.5 ], "texture": "#texture" },
        "north": { "uv": [ 2.5, 0.5, 10.5, 1 ], "texture": "#texture" },
        "south": { "uv": [ 2.5, 0, 10.5, 0.5 ], "texture": "#texture" },
        "west":  { "uv": [ 2.5, 0, 10.5, 0.5 ], "texture": "#texture" },
        "east":  { "uv": [ 2.5, 0, 10.5, 0.5 ], "texture": "#texture" }
    }
}
]
}