{
"__comment": "Designed by Tomaxed44 with BDcraft Cubik PRO 0.95 Beta - http://bdcraft.net",
"textures": {
    "particle": "blocks/oven_side",
    "texture": "blocks/oven_front",
    "oven_side": "blocks/oven_side",
    "oven_top": "blocks/oven_top",
    "stone_diorite": "blocks/stone_diorite"
},
"elements": [ 
{
    "from": [ 0, 0, 0 ],
    "to": [ 16, 16, 16 ],
    "faces": {
        "down":  { "uv": [ 16, 16, 0, 0 ], "rotation": 180, "texture": "#stone_diorite" },
        "up":    { "uv": [ 0, 0, 16, 16 ], "rotation": 180, "texture": "#oven_top" },
        "north": { "uv": [ 0, 0, 16, 16 ], "texture": "#texture" },
        "south": { "uv": [ 0, 0, 16, 16 ], "texture": "#oven_side" },
        "west":  { "uv": [ 0, 0, 16, 16 ], "texture": "#oven_side" },
        "east":  { "uv": [ 0, 0, 16, 16 ], "texture": "#oven_side" }
    }
},
{
    "from": [ 1, 10.875, -0.5 ],
    "to": [ 14.5, 11.875, 0 ],
    "faces": {
        "down":  { "uv": [ 14.6875, 16, 1.1875, 16 ], "rotation": 180, "texture": "#texture" },
        "up":    { "uv": [ 1.3125, 16, 14.8125, 16 ], "rotation": 180, "texture": "#texture" },
        "north": { "uv": [ 1.3125, 4.125, 14.8125, 5.125 ], "texture": "#texture" },
        "west":  { "uv": [ 0, 4.125, 0, 5.125 ], "texture": "#texture" },
        "east":  { "uv": [ 16, 4.125, 16, 5.125 ], "texture": "#texture" }
    }
},
{
    "from": [ 2.1875, 13.0625, -0.5 ],
    "to": [ 14, 15.125, 0 ],
    "faces": {
        "down":  { "uv": [ 2, 2, 13.8125, 2.5 ], "rotation": 180, "texture": "#texture" },
        "up":    { "uv": [ 2, 2, 13.8125, 2.5 ], "rotation": 180, "texture": "#texture" },
        "north": { "uv": [ 2.125, 0.875, 13.9375, 2.9375 ], "texture": "#texture" },
        "west":  { "uv": [ 2.5, 1, 3, 2.5 ], "texture": "#texture" },
        "east":  { "uv": [ 2.5, 1, 3, 2.5 ], "texture": "#texture" }
    }
},
{
    "from": [ 0.6875, 16, 2 ],
    "to": [ 15.5, 16.5, 13.5 ],
    "faces": {
        "down":  { "uv": [ 15.5, 13.8125, 0.6875, 2.3125 ], "rotation": 180, "texture": "#texture" },
        "up":    { "uv": [ 0.5, 2.3125, 15.3125, 13.8125 ], "rotation": 180, "texture": "#oven_top" },
        "north": { "uv": [ 0.5, 0, 15.3125, 0 ], "texture": "#texture" },
        "south": { "uv": [ 0.6875, 0, 15.5, 0 ], "texture": "#texture" },
        "west":  { "uv": [ 2.1875, 0, 13.6875, 0 ], "texture": "#texture" },
        "east":  { "uv": [ 2.3125, 0, 13.8125, 0 ], "texture": "#texture" }
    }
}
]
}