{
"__comment": "Designed by Tomaxed44 with BDcraft Cubik PRO 0.95 Beta - http://bdcraft.net",
"textures": {
    "particle": "blocks/canape",
    "texture": "blocks/canape"
},
"elements": [ 
{
    "from": [ 1, 1.5, 0 ],
    "to": [ 16, 6.5, 16 ],
    "faces": {
        "down":  { "uv": [ 15, 16, 0, 0 ], "texture": "#texture" },
        "west":  { "uv": [ 0, 9.5, 16, 14.5 ], "texture": "#texture" },
        "east":  { "uv": [ 0, 9.5, 16, 14.5 ], "texture": "#texture", "cullface": "east" }
    }
},
{
    "from": [ 11.5, 10.5, -13.5 ],
    "to": [ 16, 17.5, 0 ],
    "faces": {
        "down":  { "uv": [ 11.5, 0, 16, 13.5 ], "texture": "#texture", "cullface": "north" },
        "up":    { "uv": [ 11.5, 0, 16, 13.5 ], "texture": "#texture", "cullface": "north" },
        "north": { "uv": [ 11.5, 0, 16, 7 ], "texture": "#texture", "cullface": "north" },
        "west":  { "uv": [ 0, 0, 13.5, 7 ], "texture": "#texture", "cullface": "north" },
        "east":  { "uv": [ 0, 0, 13.5, 7 ], "texture": "#texture", "cullface": "north" }
    }
},
{
    "from": [ 1, 1.5, -12 ],
    "to": [ 16, 6.5, 0 ],
    "faces": {
        "down":  { "uv": [ 1, 0, 16, 12 ], "texture": "#texture", "cullface": "north" },
        "west":  { "uv": [ 0, 9.5, 12, 14.5 ], "texture": "#texture", "cullface": "north" },
        "east":  { "uv": [ 0, 9.5, 12, 14.5 ], "texture": "#texture", "cullface": "north" }
    }
},
{
    "from": [ 1, 1.5, 16 ],
    "to": [ 16, 6.5, 28 ],
    "faces": {
        "down":  { "uv": [ 0, 0, 16, 16 ], "texture": "#texture", "cullface": "south" },
        "west":  { "uv": [ 10.5, 4, 0, 0 ], "texture": "#texture", "cullface": "south" },
        "east":  { "uv": [ 10.5, 4, 0, 0 ], "texture": "#texture", "cullface": "south" }
    }
},
{
    "from": [ -0.5, 0, -16 ],
    "to": [ 16, 16, -12 ],
    "faces": {
        "down":  { "uv": [ 0, 0, 16, 4 ], "texture": "#texture", "cullface": "north" },
        "up":    { "uv": [ 0, 0, 16, 4 ], "texture": "#texture", "cullface": "north" },
        "north": { "uv": [ 0, 0, 16, 16 ], "texture": "#texture", "cullface": "north" },
        "south": { "uv": [ 0, 0, 16, 16 ], "texture": "#texture", "cullface": "north" },
        "west":  { "uv": [ 0, 0, 4, 16 ], "texture": "#texture", "cullface": "north" },
        "east":  { "uv": [ 0, 0, 4, 16 ], "texture": "#texture", "cullface": "north" }
    }
},
{
    "from": [ -0.5, 0, 28 ],
    "to": [ 16, 16, 32 ],
    "faces": {
        "down":  { "uv": [ 0, 0, 16, 4.5 ], "texture": "#texture", "cullface": "south" },
        "up":    { "uv": [ 0, 0, 16, 4.5 ], "texture": "#texture", "cullface": "south" },
        "north": { "uv": [ 0, 0, 16, 16 ], "texture": "#texture", "cullface": "south" },
        "south": { "uv": [ 0, 0, 16, 16 ], "texture": "#texture", "cullface": "south" },
        "west":  { "uv": [ 0, 0, 4.5, 16 ], "texture": "#texture", "cullface": "south" },
        "east":  { "uv": [ 0, 0, 4.5, 16 ], "texture": "#texture", "cullface": "south" }
    }
},
{
    "from": [ 0, 6.5, 0 ],
    "to": [ 16, 10.5, 16 ],
    "faces": {
        "down":  { "uv": [ 16, 16, 0, 0 ], "texture": "#texture" },
        "up":    { "uv": [ 0, 0, 16, 16 ], "texture": "#texture" },
        "west":  { "uv": [ 0, 5.5, 16, 9.5 ], "texture": "#texture", "cullface": "west" },
        "east":  { "uv": [ 0, 5.5, 16, 9.5 ], "texture": "#texture", "cullface": "east" }
    }
},
{
    "from": [ 0, 6.5, -12 ],
    "to": [ 16, 10.5, 0 ],
    "faces": {
        "down":  { "uv": [ 0, 0, 16, 12 ], "texture": "#texture", "cullface": "north" },
        "up":    { "uv": [ 0, 0, 16, 12 ], "texture": "#texture", "cullface": "north" },
        "west":  { "uv": [ 0, 5.5, 12, 9.5 ], "texture": "#texture", "cullface": "north" },
        "east":  { "uv": [ 0, 5.5, 12, 9.5 ], "texture": "#texture", "cullface": "north" }
    }
},
{
    "from": [ 0, 6.5, 16 ],
    "to": [ 16, 10.5, 28 ],
    "faces": {
        "down":  { "uv": [ 0, 0, 16, 12.5 ], "texture": "#texture", "cullface": "south" },
        "up":    { "uv": [ 0, 0, 16, 12.5 ], "texture": "#texture", "cullface": "south" },
        "west":  { "uv": [ 0, 4, 11.5, 8.5 ], "texture": "#texture", "cullface": "south" },
        "east":  { "uv": [ 0, 4, 11.5, 8.5 ], "texture": "#texture", "cullface": "south" }
    }
},
{
    "from": [ -0.5, 16, -15.5 ],
    "to": [ 16, 16.5, -12.5 ],
    "faces": {
        "up":    { "uv": [ 0, 0, 16, 3 ], "texture": "#texture", "cullface": "north" },
        "north": { "uv": [ 0, 0, 16, 0.5 ], "texture": "#texture", "cullface": "north" },
        "south": { "uv": [ 0, 0, 16, 0.5 ], "texture": "#texture", "cullface": "north" },
        "west":  { "uv": [ 0, 0, 3, 0.5 ], "texture": "#texture", "cullface": "north" },
        "east":  { "uv": [ 0, 0, 3, 0.5 ], "texture": "#texture", "cullface": "north" }
    }
},
{
    "from": [ -0.5, 16, 28.5 ],
    "to": [ 16, 16.5, 31.5 ],
    "faces": {
        "up":    { "uv": [ 0, 0, 16, 3 ], "texture": "#texture", "cullface": "south" },
        "north": { "uv": [ 0, 0, 16, 1.5 ], "texture": "#texture", "cullface": "south" },
        "south": { "uv": [ 0, 0, 16, 1.5 ], "texture": "#texture", "cullface": "south" },
        "west":  { "uv": [ 0, 0, 3, 1.5 ], "texture": "#texture", "cullface": "south" },
        "east":  { "uv": [ 0, 0, 3, 1.5 ], "texture": "#texture", "cullface": "south" }
    }
},
{
    "from": [ 11.5, 10.5, 0 ],
    "to": [ 16, 18, 16 ],
    "faces": {
        "north": { "uv": [ 0, 0, 4.5, 5.5 ], "texture": "#texture", "cullface": "up" },
        "south": { "uv": [ 11.5, 0, 16, 5.5 ], "texture": "#texture", "cullface": "up" },
        "west":  { "uv": [ 0, 0, 16, 5.5 ], "texture": "#texture", "cullface": "up" },
        "east":  { "uv": [ 0, 0, 16, 5.5 ], "texture": "#texture", "cullface": "up" }
    }
},
{
    "from": [ 11.5, 10.5, 16 ],
    "to": [ 16, 17.5, 29.5 ],
    "faces": {
        "down":  { "uv": [ 11.5, 0, 16, 13.5 ], "texture": "#texture", "cullface": "south" },
        "up":    { "uv": [ 11.5, 0, 16, 13.5 ], "texture": "#texture", "cullface": "south" },
        "south": { "uv": [ 11.5, 0, 16, 7 ], "texture": "#texture", "cullface": "south" },
        "west":  { "uv": [ 0, 0, 15, 7.5 ], "texture": "#texture", "cullface": "south" },
        "east":  { "uv": [ 0, 0, 15, 7.5 ], "texture": "#texture", "cullface": "south" }
    }
},
{
    "from": [ 11.5, 18, 0 ],
    "to": [ 16, 23.5, 16 ],
    "faces": {
        "up":    { "uv": [ 11.5, 0, 16, 16 ], "texture": "#texture", "cullface": "up" },
        "north": { "uv": [ 11.5, 0, 16, 5.5 ], "texture": "#texture", "cullface": "up" },
        "south": { "uv": [ 11.5, 0, 16, 5.5 ], "texture": "#texture", "cullface": "up" },
        "west":  { "uv": [ 0, 0, 16, 5.5 ], "texture": "#texture", "cullface": "up" },
        "east":  { "uv": [ 0, 0, 16, 5.5 ], "texture": "#texture", "cullface": "up" }
    }
},
{
    "from": [ 11.5, 17.5, -13 ],
    "to": [ 16, 20.5, 0 ],
    "faces": {
        "down":  { "uv": [ 11.5, 0, 16, 13.5 ], "texture": "#texture", "cullface": "north" },
        "up":    { "uv": [ 11.5, 0, 16, 13.5 ], "texture": "#texture", "cullface": "north" },
        "north": { "uv": [ 11.5, 0, 16, 3 ], "texture": "#texture", "cullface": "north" },
        "south": { "uv": [ 11.5, 0, 16, 3 ], "texture": "#texture", "cullface": "north" },
        "west":  { "uv": [ 0, 0, 13.5, 3 ], "texture": "#texture", "cullface": "north" },
        "east":  { "uv": [ 0, 0, 13.5, 3 ], "texture": "#texture", "cullface": "north" }
    }
},
{
    "from": [ 11.5, 20.5, -12 ],
    "to": [ 16, 21.5, 0 ],
    "faces": {
        "up":    { "uv": [ 11.5, 0, 16, 12 ], "texture": "#texture", "cullface": "north" },
        "north": { "uv": [ 11.5, 0, 16, 1 ], "texture": "#texture", "cullface": "north" },
        "west":  { "uv": [ 0, 0, 12, 1 ], "texture": "#texture", "cullface": "north" },
        "east":  { "uv": [ 0, 0, 12, 1 ], "texture": "#texture", "cullface": "north" }
    }
},
{
    "from": [ 11.5, 21.5, -10.5 ],
    "to": [ 16, 22, 0 ],
    "faces": {
        "up":    { "uv": [ 11.5, 0, 16, 10.5 ], "texture": "#texture", "cullface": "north" },
        "north": { "uv": [ 11.5, 0, 16, 0.5 ], "texture": "#texture", "cullface": "north" },
        "west":  { "uv": [ 0, 0, 10.5, 0.5 ], "texture": "#texture", "cullface": "north" },
        "east":  { "uv": [ 0, 0, 10.5, 0.5 ], "texture": "#texture", "cullface": "north" }
    }
},
{
    "from": [ 11.5, 22, -8.5 ],
    "to": [ 16, 22.5, 0 ],
    "faces": {
        "up":    { "uv": [ 11.5, 0, 16, 8.5 ], "texture": "#texture", "cullface": "north" },
        "north": { "uv": [ 11.5, 0, 16, 0.5 ], "texture": "#texture", "cullface": "north" },
        "west":  { "uv": [ 0, 0, 8.5, 0.5 ], "texture": "#texture", "cullface": "north" },
        "east":  { "uv": [ 0, 0, 8.5, 0.5 ], "texture": "#texture", "cullface": "north" }
    }
},
{
    "from": [ 11.5, 22.5, -5.5 ],
    "to": [ 16, 23, 0 ],
    "faces": {
        "up":    { "uv": [ 11.5, 0, 16, 5.5 ], "texture": "#texture", "cullface": "north" },
        "north": { "uv": [ 11.5, 0, 16, 0.5 ], "texture": "#texture", "cullface": "north" },
        "west":  { "uv": [ 0, 0, 5.5, 0.5 ], "texture": "#texture", "cullface": "north" },
        "east":  { "uv": [ 0, 0, 5.5, 0.5 ], "texture": "#texture", "cullface": "north" }
    }
},
{
    "from": [ 11.5, 22.5, 16 ],
    "to": [ 16, 23, 21.5 ],
    "faces": {
        "up":    { "uv": [ 11.5, 0, 16, 6 ], "texture": "#texture", "cullface": "south" },
        "south": { "uv": [ 11.5, 0, 16, 0.5 ], "texture": "#texture", "cullface": "south" },
        "west":  { "uv": [ 0, 0.5, 6, 1 ], "texture": "#texture", "cullface": "south" },
        "east":  { "uv": [ 10, 3, 16, 3.5 ], "texture": "#texture", "cullface": "south" }
    }
},
{
    "from": [ 11.5, 22, 16 ],
    "to": [ 16, 22.5, 24.5 ],
    "faces": {
        "up":    { "uv": [ 11.5, 0, 16, 6 ], "texture": "#texture", "cullface": "south" },
        "south": { "uv": [ 11.5, 5.5, 16, 6 ], "texture": "#texture", "cullface": "south" },
        "west":  { "uv": [ 0, 4.5, 6, 5 ], "texture": "#texture", "cullface": "south" },
        "east":  { "uv": [ 10, 3.5, 16, 4 ], "texture": "#texture", "cullface": "south" }
    }
},
{
    "from": [ 11.5, 21.5, 16 ],
    "to": [ 16, 22, 26.5 ],
    "faces": {
        "up":    { "uv": [ 11.5, 0, 16, 6 ], "texture": "#texture", "cullface": "south" },
        "south": { "uv": [ 11.5, 6.5, 16, 7 ], "texture": "#texture", "cullface": "south" },
        "west":  { "uv": [ 0, 4, 6, 4.5 ], "texture": "#texture", "cullface": "south" },
        "east":  { "uv": [ 10, 3.5, 16, 4 ], "texture": "#texture", "cullface": "south" }
    }
},
{
    "from": [ 11.5, 20.5, 16 ],
    "to": [ 16, 21.5, 28 ],
    "faces": {
        "up":    { "uv": [ 11.5, 0, 16, 6 ], "texture": "#texture", "cullface": "south" },
        "south": { "uv": [ 11.5, 6, 16, 7 ], "texture": "#texture", "cullface": "south" },
        "west":  { "uv": [ 0, 6.5, 6, 7.5 ], "texture": "#texture", "cullface": "south" },
        "east":  { "uv": [ 2.5, 6.5, 8.5, 7.5 ], "texture": "#texture", "cullface": "south" }
    }
},
{
    "from": [ 11.5, 17.5, 16 ],
    "to": [ 16, 20.5, 29 ],
    "faces": {
        "up":    { "uv": [ 11.5, 0, 16, 16 ], "texture": "#texture", "cullface": "south" },
        "north": { "uv": [ 16, 0, 11.5, 3 ], "texture": "#texture", "cullface": "south" },
        "south": { "uv": [ 11.5, 0, 16, 3 ], "texture": "#texture", "cullface": "south" },
        "west":  { "uv": [ 0, 0, 16, 3.5 ], "texture": "#texture", "cullface": "south" },
        "east":  { "uv": [ 0, 0, 16, 3.5 ], "texture": "#texture", "cullface": "south" }
    }
},
{
    "from": [ 0.5, 10.5, -12 ],
    "to": [ 15.5, 11.5, -0.5 ],
    "faces": {
        "up":    { "uv": [ 0.5, 0, 15.5, 11.5 ], "texture": "#texture", "cullface": "north" },
        "south": { "uv": [ 0.5, 4.5, 15.5, 5.5 ], "texture": "#texture", "cullface": "north" },
        "west":  { "uv": [ 0, 4.5, 11.5, 5.5 ], "texture": "#texture", "cullface": "north" },
        "east":  { "uv": [ 0, 4.5, 11.5, 5.5 ], "texture": "#texture", "cullface": "north" }
    }
},
{
    "from": [ 0.5, 10.5, 16.5 ],
    "to": [ 15.5, 11.5, 28 ],
    "faces": {
        "up":    { "uv": [ 0, 0, 16, 14.5 ], "texture": "#texture", "cullface": "south" },
        "north": { "uv": [ 0.5, 1, 15.5, 2 ], "texture": "#texture", "cullface": "south" },
        "west":  { "uv": [ 1, 4.5, 16, 5.5 ], "texture": "#texture", "cullface": "south" },
        "east":  { "uv": [ 1, 4.5, 16, 5.5 ], "texture": "#texture", "cullface": "south" }
    }
},
{
    "from": [ 0.5, 10.5, 0.5 ],
    "to": [ 15.5, 11.5, 15.5 ],
    "faces": {
        "up":    { "uv": [ 0.5, 0.5, 15.5, 15.5 ], "texture": "#texture" },
        "north": { "uv": [ 0.5, 4.5, 15.5, 5.5 ], "texture": "#texture" },
        "south": { "uv": [ 0.5, 4.5, 15.5, 5.5 ], "texture": "#texture" },
        "west":  { "uv": [ 0.5, 4.5, 15.5, 5.5 ], "texture": "#texture" },
        "east":  { "uv": [ 0.5, 4.5, 15.5, 5.5 ], "texture": "#texture" }
    }
}
],
"display": {
    "gui": {
        "rotation": [ 30, 225, 0 ],
        "translation": [ 0, 0, 0 ],
        "scale": [ 0.625, 0.625, 0.625 ]
    }
}
}