{
"__comment": "Designed by tomaxed with Cubik",
"textures": {
    "particle": "blocks/wool_colored_lime",
    "texture": "blocks/wool_colored_lime",
    "stone_andesite": "blocks/stone_andesite"
},
"elements": [ 
{
    "from": [ 0, 0, 0 ],
    "to": [ 16, 16, 16 ],
    "faces": {
        "down":  { "uv": [ 1, 0, 15, 16 ], "texture": "#stone_andesite" },
        "up":    { "uv": [ 1, 0, 15, 16 ], "texture": "#stone_andesite" },
        "north": { "uv": [ 1, 0, 15, 16 ], "texture": "#stone_andesite" },
        "south": { "uv": [ 1, 0, 15, 16 ], "texture": "#stone_andesite" },
        "west":  { "uv": [ 1, 0, 15, 16 ], "texture": "#stone_andesite" },
        "east":  { "uv": [ 1, 0, 15, 16 ], "texture": "#stone_andesite" }
    }
},
{
    "from": [ -1, 16, -1 ],
    "to": [ 16, 17, 0 ],
    "faces": {
        "down":  { "uv": [ 0, 0, 16, 1 ], "texture": "#texture" },
        "up":    { "uv": [ 0, 0, 16, 1 ], "texture": "#texture" },
        "north": { "uv": [ 0, 0, 16, 1 ], "texture": "#texture" },
        "south": { "uv": [ 0, 0, 16, 1 ], "texture": "#texture" },
        "west":  { "uv": [ 0, 0, 1, 1 ], "texture": "#texture" },
        "east":  { "uv": [ 0, 0, 1, 1 ], "texture": "#texture" }
    }
},
{
    "from": [ -1, 16, 0 ],
    "to": [ 0, 17, 17 ],
    "faces": {
        "down":  { "uv": [ 0, 0, 1, 16 ], "texture": "#texture" },
        "up":    { "uv": [ 0, 0, 1, 16 ], "texture": "#texture" },
        "north": { "uv": [ 0, 0, 1, 1 ], "texture": "#texture" },
        "south": { "uv": [ 0, 0, 1, 1 ], "texture": "#texture" },
        "west":  { "uv": [ 0, 0, 16, 1 ], "texture": "#texture" },
        "east":  { "uv": [ 0, 0, 16, 1 ], "texture": "#texture" }
    }
},
{
    "from": [ 0, 16, 16 ],
    "to": [ 17, 17, 17 ],
    "faces": {
        "down":  { "uv": [ 0, 15, 16, 16 ], "texture": "#texture" },
        "up":    { "uv": [ 0, 15, 16, 16 ], "texture": "#texture" },
        "north": { "uv": [ 0, 0, 16, 1 ], "texture": "#texture" },
        "south": { "uv": [ 0, 0, 16, 1 ], "texture": "#texture" },
        "west":  { "uv": [ 15, 0, 16, 1 ], "texture": "#texture" },
        "east":  { "uv": [ 15, 0, 16, 1 ], "texture": "#texture" }
    }
},
{
    "from": [ 16, 16, -1 ],
    "to": [ 17, 17, 16 ],
    "faces": {
        "down":  { "uv": [ 15, 0, 16, 16 ], "texture": "#texture" },
        "up":    { "uv": [ 15, 0, 16, 16 ], "texture": "#texture" },
        "north": { "uv": [ 15, 0, 16, 1 ], "texture": "#texture" },
        "south": { "uv": [ 15, 0, 16, 1 ], "texture": "#texture" },
        "west":  { "uv": [ 0, 0, 16, 1 ], "texture": "#texture" },
        "east":  { "uv": [ 0, 0, 16, 1 ], "texture": "#texture" }
    }
},
{
    "from": [ -1, -1, 0 ],
    "to": [ 0, 0, 17 ],
    "faces": {
        "down":  { "uv": [ 0, 0, 1, 16 ], "texture": "#texture" },
        "up":    { "uv": [ 0, 0, 1, 16 ], "texture": "#texture" },
        "north": { "uv": [ 0, 0, 1, 1 ], "texture": "#texture" },
        "south": { "uv": [ 0, 0, 1, 1 ], "texture": "#texture" },
        "west":  { "uv": [ 0, 0, 16, 1 ], "texture": "#texture" },
        "east":  { "uv": [ 0, 0, 16, 1 ], "texture": "#texture" }
    }
},
{
    "from": [ -1, -1, -1 ],
    "to": [ 16, 0, 0 ],
    "faces": {
        "down":  { "uv": [ 0, 0, 16, 1 ], "texture": "#texture" },
        "up":    { "uv": [ 0, 0, 16, 1 ], "texture": "#texture" },
        "north": { "uv": [ 0, 0, 16, 1 ], "texture": "#texture" },
        "south": { "uv": [ 0, 0, 16, 1 ], "texture": "#texture" },
        "west":  { "uv": [ 0, 0, 1, 1 ], "texture": "#texture" },
        "east":  { "uv": [ 0, 0, 1, 1 ], "texture": "#texture" }
    }
},
{
    "from": [ 0, -1, 16 ],
    "to": [ 17, 0, 17 ],
    "faces": {
        "down":  { "uv": [ 0, 15, 16, 16 ], "texture": "#texture" },
        "up":    { "uv": [ 0, 15, 16, 16 ], "texture": "#texture" },
        "north": { "uv": [ 0, 0, 16, 1 ], "texture": "#texture" },
        "south": { "uv": [ 0, 0, 16, 1 ], "texture": "#texture" },
        "west":  { "uv": [ 15, 0, 16, 1 ], "texture": "#texture" },
        "east":  { "uv": [ 15, 0, 16, 1 ], "texture": "#texture" }
    }
},
{
    "from": [ 16, -1, -1 ],
    "to": [ 17, 0, 16 ],
    "faces": {
        "down":  { "uv": [ 15, 0, 16, 16 ], "texture": "#texture" },
        "up":    { "uv": [ 15, 0, 16, 16 ], "texture": "#texture" },
        "north": { "uv": [ 15, 0, 16, 1 ], "texture": "#texture" },
        "south": { "uv": [ 15, 0, 16, 1 ], "texture": "#texture" },
        "west":  { "uv": [ 0, 0, 16, 1 ], "texture": "#texture" },
        "east":  { "uv": [ 0, 0, 16, 1 ], "texture": "#texture" }
    }
},
{
    "from": [ -1, 0, -1 ],
    "to": [ 0, 16, 0 ],
    "faces": {
        "down":  { "uv": [ 0, 0, 1, 1 ], "texture": "#texture" },
        "up":    { "uv": [ 0, 0, 1, 1 ], "texture": "#texture" },
        "north": { "uv": [ 0, 0, 1, 16 ], "texture": "#texture" },
        "south": { "uv": [ 0, 0, 1, 16 ], "texture": "#texture" },
        "west":  { "uv": [ 0, 0, 1, 16 ], "texture": "#texture" },
        "east":  { "uv": [ 0, 0, 1, 16 ], "texture": "#texture" }
    }
},
{
    "from": [ -1, 0, 16 ],
    "to": [ 0, 16, 17 ],
    "faces": {
        "down":  { "uv": [ 0, 15, 1, 16 ], "texture": "#texture" },
        "up":    { "uv": [ 0, 15, 1, 16 ], "texture": "#texture" },
        "north": { "uv": [ 0, 0, 1, 16 ], "texture": "#texture" },
        "south": { "uv": [ 0, 0, 1, 16 ], "texture": "#texture" },
        "west":  { "uv": [ 15, 0, 16, 16 ], "texture": "#texture" },
        "east":  { "uv": [ 15, 0, 16, 16 ], "texture": "#texture" }
    }
},
{
    "from": [ 16, 0, 16 ],
    "to": [ 17, 16, 17 ],
    "faces": {
        "down":  { "uv": [ 16, 16, 17, 17 ], "texture": "#texture" },
        "up":    { "uv": [ 15, 15, 16, 16 ], "texture": "#texture" },
        "north": { "uv": [ 15, 0, 16, 16 ], "texture": "#texture" },
        "south": { "uv": [ 15, 0, 16, 16 ], "texture": "#texture" },
        "west":  { "uv": [ 15, 0, 16, 16 ], "texture": "#texture" },
        "east":  { "uv": [ 15, 0, 16, 16 ], "texture": "#texture" }
    }
},
{
    "from": [ 16, 0, -1 ],
    "to": [ 17, 16, 0 ],
    "faces": {
        "down":  { "uv": [ 15, 0, 16, 1 ], "texture": "#texture" },
        "up":    { "uv": [ 15, 0, 16, 1 ], "texture": "#texture" },
        "north": { "uv": [ 15, 0, 16, 16 ], "texture": "#texture" },
        "south": { "uv": [ 15, 0, 16, 16 ], "texture": "#texture" },
        "west":  { "uv": [ 0, 0, 1, 16 ], "texture": "#texture" },
        "east":  { "uv": [ 0, 0, 1, 16 ], "texture": "#texture" }
    }
}
],
"display": {
    "gui": {
        "rotation": [ 30, 225, 0 ],
        "translation": [ 0, 0, 0 ],
        "scale": [ 0.6, 0.6, 0.6 ]
    }
}
}