{
"__comment": "Designed by tomaxed with Cubik",
"textures": {
    "particle": "blocks/hardened_clay_stained_red",
    "texture": "blocks/hardened_clay_stained_red"
},
"elements": [ 
{
    "from": [ 10.5, 1, 0 ],
    "to": [ 12, 4, 16 ],
    "faces": {
        "down":  { "uv": [ 5.5, 16, 4, 0 ], "texture": "#texture" },
        "up":    { "uv": [ 10.5, 0, 12, 16 ], "texture": "#texture" },
        "north": { "uv": [ 4, 12, 5.5, 15 ], "texture": "#texture" },
        "south": { "uv": [ 10.5, 12, 12, 15 ], "texture": "#texture" },
        "west":  { "uv": [ 0, 12, 16, 15 ], "texture": "#texture" },
        "east":  { "uv": [ 0, 12, 16, 15 ], "texture": "#texture" }
    }
},
{
    "from": [ 13.5, 12, 0 ],
    "to": [ 15, 13.5, 16 ],
    "rotation": { "origin": [ 13.5, 13.5, 0 ], "axis": "x", "angle": -22.5 },
    "faces": {
        "down":  { "uv": [ 2.5, 16, 1, 0 ], "texture": "#texture" },
        "up":    { "uv": [ 13.5, 0, 15, 16 ], "texture": "#texture" },
        "north": { "uv": [ 1, 2.5, 2.5, 4 ], "texture": "#texture" },
        "south": { "uv": [ 13.5, 2.5, 15, 4 ], "texture": "#texture" },
        "west":  { "uv": [ 0, 2.5, 16, 4 ], "texture": "#texture" },
        "east":  { "uv": [ 0, 2.5, 16, 4 ], "texture": "#texture" }
    }
},
{
    "from": [ 14, 7.5, 0 ],
    "to": [ 15, 8.5, 16 ],
    "faces": {
        "down":  { "uv": [ 5.5, 16, 3, 0 ], "texture": "#texture" },
        "up":    { "uv": [ 10.5, 0, 13, 16 ], "texture": "#texture" },
        "north": { "uv": [ 3, 12.5, 5.5, 15 ], "texture": "#texture" },
        "south": { "uv": [ 10.5, 12.5, 13, 15 ], "texture": "#texture" },
        "west":  { "uv": [ 0, 12.5, 16, 15 ], "texture": "#texture" },
        "east":  { "uv": [ 0, 12.5, 16, 15 ], "texture": "#texture" }
    }
},
{
    "from": [ 9.75, 0.6875, 0 ],
    "to": [ 10.75, 1.6875, 16 ],
    "rotation": { "origin": [ 9.75, 1.6875, 0 ], "axis": "z", "angle": 45 },
    "faces": {
        "down":  { "uv": [ 5.5, 16, 3, 0 ], "texture": "#texture" },
        "up":    { "uv": [ 10.5, 0, 13, 16 ], "texture": "#texture" },
        "north": { "uv": [ 3, 12.5, 5.5, 15 ], "texture": "#texture" },
        "south": { "uv": [ 10.5, 12.5, 13, 15 ], "texture": "#texture" },
        "west":  { "uv": [ 0, 12.5, 16, 15 ], "texture": "#texture" },
        "east":  { "uv": [ 0, 12.5, 16, 15 ], "texture": "#texture" }
    }
},
{
    "from": [ 10.4571, 3, 0 ],
    "to": [ 11.4571, 4, 16 ],
    "rotation": { "origin": [ 10.4571, 4, 0 ], "axis": "z", "angle": -45 },
    "faces": {
        "down":  { "uv": [ 5.5, 16, 3, 0 ], "texture": "#texture" },
        "up":    { "uv": [ 10.5, 0, 13, 16 ], "texture": "#texture" },
        "north": { "uv": [ 3, 12.5, 5.5, 15 ], "texture": "#texture" },
        "south": { "uv": [ 10.5, 12.5, 13, 15 ], "texture": "#texture" },
        "west":  { "uv": [ 0, 12.5, 16, 15 ], "texture": "#texture" },
        "east":  { "uv": [ 0, 12.5, 16, 15 ], "texture": "#texture" }
    }
},
{
    "from": [ 9.6875, 1.75, 0 ],
    "to": [ 10.6875, 3.25, 16 ],
    "faces": {
        "down":  { "uv": [ 5.5, 16, 3, 0 ], "texture": "#texture" },
        "up":    { "uv": [ 10.5, 0, 13, 16 ], "texture": "#texture" },
        "north": { "uv": [ 3, 12.5, 5.5, 15 ], "texture": "#texture" },
        "south": { "uv": [ 10.5, 12.5, 13, 15 ], "texture": "#texture" },
        "west":  { "uv": [ 0, 12.5, 16, 15 ], "texture": "#texture" },
        "east":  { "uv": [ 0, 12.5, 16, 15 ], "texture": "#texture" }
    }
},
{
    "from": [ 11.875, 1.75, 0 ],
    "to": [ 12.875, 3.25, 16 ],
    "faces": {
        "down":  { "uv": [ 5.5, 16, 3, 0 ], "texture": "#texture" },
        "up":    { "uv": [ 10.5, 0, 13, 16 ], "texture": "#texture" },
        "north": { "uv": [ 3, 12.5, 5.5, 15 ], "texture": "#texture" },
        "south": { "uv": [ 10.5, 12.5, 13, 15 ], "texture": "#texture" },
        "west":  { "uv": [ 0, 12.5, 16, 15 ], "texture": "#texture" },
        "east":  { "uv": [ 0, 12.5, 16, 15 ], "texture": "#texture" }
    }
},
{
    "from": [ 12.0196, 3, 0 ],
    "to": [ 13.0196, 4, 16 ],
    "rotation": { "origin": [ 12.0196, 4, 0 ], "axis": "z", "angle": -45 },
    "faces": {
        "down":  { "uv": [ 5.5, 16, 3, 0 ], "texture": "#texture" },
        "up":    { "uv": [ 10.5, 0, 13, 16 ], "texture": "#texture" },
        "north": { "uv": [ 3, 12.5, 5.5, 15 ], "texture": "#texture" },
        "south": { "uv": [ 10.5, 12.5, 13, 15 ], "texture": "#texture" },
        "west":  { "uv": [ 0, 12.5, 16, 15 ], "texture": "#texture" },
        "east":  { "uv": [ 0, 12.5, 16, 15 ], "texture": "#texture" }
    }
},
{
    "from": [ 11.4375, 0.6875, 0 ],
    "to": [ 12.4375, 1.6875, 16 ],
    "rotation": { "origin": [ 11.4375, 1.6875, 0 ], "axis": "z", "angle": 45 },
    "faces": {
        "down":  { "uv": [ 5.5, 16, 3, 0 ], "texture": "#texture" },
        "up":    { "uv": [ 10.5, 0, 13, 16 ], "texture": "#texture" },
        "north": { "uv": [ 3, 12.5, 5.5, 15 ], "texture": "#texture" },
        "south": { "uv": [ 10.5, 12.5, 13, 15 ], "texture": "#texture" },
        "west":  { "uv": [ 0, 12.5, 16, 15 ], "texture": "#texture" },
        "east":  { "uv": [ 0, 12.5, 16, 15 ], "texture": "#texture" }
    }
},
{
    "from": [ 14.5, 15, 0 ],
    "to": [ 15.5, 16, 16 ],
    "rotation": { "origin": [ 14.5, 16, 0 ], "axis": "z", "angle": 22.5 },
    "faces": {
        "down":  { "uv": [ 2.5, 16, 1.5, 0 ], "texture": "#texture" },
        "up":    { "uv": [ 13.5, 0, 14.5, 16 ], "texture": "#texture" },
        "north": { "uv": [ 1.5, 5, 2.5, 6 ], "texture": "#texture" },
        "south": { "uv": [ 13.5, 5, 14.5, 6 ], "texture": "#texture" },
        "west":  { "uv": [ 0, 5, 16, 6 ], "texture": "#texture" },
        "east":  { "uv": [ 0, 5, 16, 6 ], "texture": "#texture" }
    }
},
{
    "from": [ 15.5, 6.5, 0 ],
    "to": [ 16, 7, 7 ],
    "faces": {
        "down":  { "uv": [ 5.5, 16, 3, 0 ], "texture": "#texture" },
        "up":    { "uv": [ 10.5, 0, 13, 16 ], "texture": "#texture" },
        "north": { "uv": [ 3, 12.5, 5.5, 15 ], "texture": "#texture" },
        "south": { "uv": [ 10.5, 12.5, 13, 15 ], "texture": "#texture" },
        "west":  { "uv": [ 0, 12.5, 16, 15 ], "texture": "#texture" },
        "east":  { "uv": [ 0, 12.5, 16, 15 ], "texture": "#texture" }
    }
},
{
    "from": [ 15.5, 10.5, 0 ],
    "to": [ 16, 11, 16 ],
    "faces": {
        "down":  { "uv": [ 5.5, 16, 3, 0 ], "texture": "#texture" },
        "up":    { "uv": [ 10.5, 0, 13, 16 ], "texture": "#texture" },
        "north": { "uv": [ 3, 12.5, 5.5, 15 ], "texture": "#texture" },
        "south": { "uv": [ 10.5, 12.5, 13, 15 ], "texture": "#texture" },
        "west":  { "uv": [ 0, 12.5, 16, 15 ], "texture": "#texture" },
        "east":  { "uv": [ 0, 12.5, 16, 15 ], "texture": "#texture" }
    }
},
{
    "from": [ 15.5, 3.5, 0 ],
    "to": [ 16, 4, 16 ],
    "faces": {
        "down":  { "uv": [ 5.5, 16, 3, 0 ], "texture": "#texture" },
        "up":    { "uv": [ 10.5, 0, 13, 16 ], "texture": "#texture" },
        "north": { "uv": [ 3, 12.5, 5.5, 15 ], "texture": "#texture" },
        "south": { "uv": [ 10.5, 12.5, 13, 15 ], "texture": "#texture" },
        "west":  { "uv": [ 0, 12.5, 16, 15 ], "texture": "#texture" },
        "east":  { "uv": [ 0, 12.5, 16, 15 ], "texture": "#texture" }
    }
},
{
    "from": [ 15.5, 0, 0 ],
    "to": [ 16, 0.5, 16 ],
    "faces": {
        "down":  { "uv": [ 5.5, 16, 3, 0 ], "texture": "#texture" },
        "up":    { "uv": [ 10.5, 0, 13, 16 ], "texture": "#texture" },
        "north": { "uv": [ 3, 12.5, 5.5, 15 ], "texture": "#texture" },
        "south": { "uv": [ 10.5, 12.5, 13, 15 ], "texture": "#texture" },
        "west":  { "uv": [ 0, 12.5, 16, 15 ], "texture": "#texture" },
        "east":  { "uv": [ 0, 12.5, 16, 15 ], "texture": "#texture" }
    }
},
{
    "from": [ 8, 10, 0 ],
    "to": [ 10, 12, 16 ],
    "faces": {
        "down":  { "uv": [ 8, 16, 6, 0 ], "texture": "#texture" },
        "up":    { "uv": [ 8, 0, 10, 16 ], "texture": "#texture" },
        "north": { "uv": [ 6, 4, 8, 6 ], "texture": "#texture" },
        "south": { "uv": [ 8, 4, 10, 6 ], "texture": "#texture" },
        "west":  { "uv": [ 0, 4, 16, 6 ], "texture": "#texture" },
        "east":  { "uv": [ 0, 4, 16, 6 ], "texture": "#texture" }
    }
},
{
    "from": [ 9, 2.55866, 2.5 ],
    "to": [ 9.5, 10.0587, 3 ],
    "rotation": { "origin": [ 9, 10.0587, 2.5 ], "axis": "z", "angle": 22.5 },
    "faces": {
        "down":  { "uv": [ 7, 4.5, 6.5, 4 ], "texture": "#texture" },
        "up":    { "uv": [ 9, 4, 9.5, 4.5 ], "texture": "#texture" },
        "north": { "uv": [ 6.5, 6, 7, 12.5 ], "texture": "#texture" },
        "south": { "uv": [ 9, 6, 9.5, 12.5 ], "texture": "#texture" },
        "west":  { "uv": [ 4, 6, 4.5, 12.5 ], "texture": "#texture" },
        "east":  { "uv": [ 11.5, 6, 12, 12.5 ], "texture": "#texture" }
    }
},
{
    "from": [ 9, 2.55866, 15 ],
    "to": [ 9.5, 10.0587, 15.5 ],
    "rotation": { "origin": [ 9, 10.0587, 15 ], "axis": "z", "angle": 22.5 },
    "faces": {
        "down":  { "uv": [ 7, 4.5, 6.5, 4 ], "texture": "#texture" },
        "up":    { "uv": [ 9, 4, 9.5, 4.5 ], "texture": "#texture" },
        "north": { "uv": [ 6.5, 6, 7, 12.5 ], "texture": "#texture" },
        "south": { "uv": [ 9, 6, 9.5, 12.5 ], "texture": "#texture" },
        "west":  { "uv": [ 4, 6, 4.5, 12.5 ], "texture": "#texture" },
        "east":  { "uv": [ 11.5, 6, 12, 12.5 ], "texture": "#texture" }
    }
},
{
    "from": [ 14.1875, 8.5, 10.5 ],
    "to": [ 14.6875, 12, 11 ],
    "faces": {
        "down":  { "uv": [ 7, 4.5, 6.5, 4 ], "texture": "#texture" },
        "up":    { "uv": [ 9, 4, 9.5, 4.5 ], "texture": "#texture" },
        "north": { "uv": [ 6.5, 6, 7, 12.5 ], "texture": "#texture" },
        "south": { "uv": [ 9, 6, 9.5, 12.5 ], "texture": "#texture" },
        "west":  { "uv": [ 4, 6, 4.5, 12.5 ], "texture": "#texture" },
        "east":  { "uv": [ 11.5, 6, 12, 12.5 ], "texture": "#texture" }
    }
},
{
    "from": [ 14, 3, 12 ],
    "to": [ 14.5, 8, 12.5 ],
    "rotation": { "origin": [ 14, 8, 12 ], "axis": "z", "angle": -22.5 },
    "faces": {
        "down":  { "uv": [ 14, 12, 14.5, 12.5 ], "texture": "#texture" },
        "up":    { "uv": [ 14, 12, 14.5, 12.5 ], "texture": "#texture" },
        "north": { "uv": [ 14, 8, 14.5, 13 ], "texture": "#texture" },
        "south": { "uv": [ 14, 8, 14.5, 13 ], "texture": "#texture" },
        "west":  { "uv": [ 12, 8, 12.5, 13 ], "texture": "#texture" },
        "east":  { "uv": [ 12, 8, 12.5, 13 ], "texture": "#texture" }
    }
},
{
    "from": [ 11.5, -5.5, 11 ],
    "to": [ 12, 1, 11.5 ],
    "rotation": { "origin": [ 11.5, 1, 11 ], "axis": "z", "angle": 45 },
    "faces": {
        "down":  { "uv": [ 4.5, 5.5, 5, 6 ], "texture": "#texture" },
        "up":    { "uv": [ 4.5, 5.5, 5, 6 ], "texture": "#texture" },
        "north": { "uv": [ 4.5, 3.5, 5, 15 ], "texture": "#texture" },
        "south": { "uv": [ 4.5, 3.5, 5, 15 ], "texture": "#texture" },
        "west":  { "uv": [ 5.5, 3.5, 6, 15 ], "texture": "#texture" },
        "east":  { "uv": [ 5.5, 3.5, 6, 15 ], "texture": "#texture" }
    }
},
{
    "from": [ 15.5, 5.8125, 14.0625 ],
    "to": [ 16, 6.3125, 16.0625 ],
    "rotation": { "origin": [ 15.5, 6.3125, 14.0625 ], "axis": "x", "angle": -22.5 },
    "faces": {
        "down":  { "uv": [ 5.5, 16, 3, 0 ], "texture": "#texture" },
        "up":    { "uv": [ 10.5, 0, 13, 16 ], "texture": "#texture" },
        "north": { "uv": [ 3, 12.5, 5.5, 15 ], "texture": "#texture" },
        "south": { "uv": [ 10.5, 12.5, 13, 15 ], "texture": "#texture" },
        "west":  { "uv": [ 0, 12.5, 16, 15 ], "texture": "#texture" },
        "east":  { "uv": [ 0, 12.5, 16, 15 ], "texture": "#texture" }
    }
}
]
}