{
"__comment": "Designed by Tomaxed44 with cubik",
"textures": {
    "texture": "blocks/planks_birch"
},
"elements": [ 
{
    "from": [ 2, -16, -15 ],
    "to": [ 16, -3, 1 ],
    "faces": {
        "down":  { "uv": [ 1.5, 0, 16, 16 ], "texture": "#texture", "cullface": "north" },
        "up":    { "uv": [ 0, 0, 14.5, 16 ], "texture": "#texture", "cullface": "north" },
        "north": { "uv": [ 0, 0, 16, 14 ], "texture": "#texture", "cullface": "north" },
        "west":  { "uv": [ 0, 2, 16, 16 ], "texture": "#texture", "cullface": "north" },
        "east":  { "uv": [ 0, 0, 16, 14 ], "texture": "#texture", "cullface": "north" }
    }
},
{
    "from": [ 1.5, -3, -15 ],
    "to": [ 16, 28, -13 ],
    "faces": {
        "down":  { "uv": [ 0, 2.5, 16, 4.5 ], "texture": "#texture", "cullface": "north" },
        "up":    { "uv": [ 0, 5.5, 16, 7.5 ], "texture": "#texture", "cullface": "north" },
        "north": { "uv": [ 0, 0, 13, 16 ], "texture": "#texture", "cullface": "north" },
        "south": { "uv": [ 1.5, 0, 14.5, 16 ], "texture": "#texture", "cullface": "north" },
        "west":  { "uv": [ 3, 0, 5, 16 ], "texture": "#texture", "cullface": "north" },
        "east":  { "uv": [ 8.5, 0, 10.5, 16 ], "texture": "#texture", "cullface": "north" }
    }
},
{
    "from": [ 2, -16, 1 ],
    "to": [ 16, -3, 17 ],
    "faces": {
        "down":  { "uv": [ 0.5, 0, 15, 16 ], "texture": "#texture", "cullface": "south" },
        "up":    { "uv": [ 0, 0, 14.5, 16 ], "texture": "#texture", "cullface": "south" },
        "south": { "uv": [ 0, 0, 16, 13.5 ], "texture": "#texture", "cullface": "south" },
        "west":  { "uv": [ 0, 0, 14.5, 16 ], "texture": "#texture", "cullface": "south" },
        "east":  { "uv": [ 0.5, 0, 15, 16 ], "texture": "#texture", "cullface": "south" }
    }
},
{
    "from": [ 1.5, -3, 15 ],
    "to": [ 16, 28, 17 ],
    "faces": {
        "down":  { "uv": [ 0, 8.5, 16, 10.5 ], "texture": "#texture", "cullface": "south" },
        "up":    { "uv": [ 0, 4, 16, 6 ], "texture": "#texture", "cullface": "south" },
        "north": { "uv": [ 0, 0, 12.5, 16 ], "texture": "#texture", "cullface": "south" },
        "south": { "uv": [ 3.5, 0.5, 15.5, 15.5 ], "texture": "#texture", "cullface": "south" },
        "west":  { "uv": [ 3.5, 0, 5.5, 16 ], "texture": "#texture", "cullface": "south" },
        "east":  { "uv": [ 9.5, 0, 11.5, 16 ], "texture": "#texture", "cullface": "south" }
    }
},
{
    "from": [ 1.5, 26, -13 ],
    "to": [ 16, 28, 15 ],
    "faces": {
        "down":  { "uv": [ 0, 0, 13.5, 16 ], "texture": "#texture", "cullface": "north" },
        "west":  { "uv": [ 0, 4, 16, 6 ], "texture": "#texture", "cullface": "north" },
        "east":  { "uv": [ 0, 7.5, 16, 9.5 ], "texture": "#texture", "cullface": "north" }
    }
},
{
    "from": [ 1.5, 28, -13.5 ],
    "to": [ 16, 29, 15.5 ],
    "faces": {
        "down":  { "uv": [ 0, 0, 14.5, 16 ], "texture": "#texture", "cullface": "north" },
        "up":    { "uv": [ 0, 0, 14.5, 16 ], "texture": "#texture", "cullface": "north" },
        "north": { "uv": [ 0, 3.5, 16, 4.5 ], "texture": "#texture", "cullface": "north" },
        "south": { "uv": [ 0, 2.5, 16, 3.5 ], "texture": "#texture", "cullface": "north" },
        "west":  { "uv": [ 0, 14, 16, 16 ], "texture": "#texture", "cullface": "north" },
        "east":  { "uv": [ 0, 10, 16, 12 ], "texture": "#texture", "cullface": "north" }
    }
},
{
    "from": [ 15, 10, -13 ],
    "to": [ 16, 26, 3 ],
    "faces": {
        "west":  { "uv": [ 0, 0, 16, 16 ], "texture": "#texture", "cullface": "north" },
        "east":  { "uv": [ 0, 0, 16, 16 ], "texture": "#texture", "cullface": "north" }
    }
},
{
    "from": [ 1, -16, -15 ],
    "to": [ 2, -3, -13 ],
    "faces": {
        "down":  { "uv": [ 0, 0, 2, 2.5 ], "texture": "#texture", "cullface": "north" },
        "up":    { "uv": [ 0, 0, 2, 2.5 ], "texture": "#texture", "cullface": "north" },
        "north": { "uv": [ 0, 0, 3.5, 16 ], "texture": "#texture", "cullface": "north" },
        "south": { "uv": [ 0, 0, 3.5, 16 ], "texture": "#texture", "cullface": "north" },
        "west":  { "uv": [ 0, 0, 3, 16 ], "texture": "#texture", "cullface": "north" }
    }
},
{
    "from": [ 1, -16, 15 ],
    "to": [ 2, -3, 17 ],
    "faces": {
        "down":  { "uv": [ 0, 0, 1.5, 2.5 ], "texture": "#texture", "cullface": "south" },
        "up":    { "uv": [ 0, 0, 1.5, 2.5 ], "texture": "#texture", "cullface": "south" },
        "north": { "uv": [ 0, 0, 2, 16 ], "texture": "#texture", "cullface": "south" },
        "south": { "uv": [ 10, 0, 12, 16 ], "texture": "#texture", "cullface": "south" },
        "west":  { "uv": [ 3, 0, 5, 16 ], "texture": "#texture", "cullface": "south" }
    }
},
{
    "from": [ 1, -16, -13 ],
    "to": [ 2, -14.5, 15 ],
    "faces": {
        "down":  { "uv": [ 15, 15, 14, 0 ], "texture": "#texture", "cullface": "north" },
        "up":    { "uv": [ 1, 0, 2, 15 ], "texture": "#texture", "cullface": "north" },
        "west":  { "uv": [ 0, 16, 15, 16 ], "texture": "#texture", "cullface": "north" },
        "east":  { "uv": [ 1, 16, 16, 16 ], "texture": "#texture", "cullface": "north" }
    }
},
{
    "from": [ 1, -5, -13 ],
    "to": [ 2, -3, 15 ],
    "faces": {
        "down":  { "uv": [ 0, 0, 2, 16 ], "texture": "#texture", "cullface": "north" },
        "up":    { "uv": [ 0, 0, 2, 16 ], "texture": "#texture", "cullface": "north" },
        "west":  { "uv": [ 0, 0, 16, 2 ], "texture": "#texture", "cullface": "north" },
        "east":  { "uv": [ 0, 0, 16, 2 ], "texture": "#texture", "cullface": "north" }
    }
},
{
    "from": [ 1, -14.5, 0 ],
    "to": [ 2, -5, 2 ],
    "faces": {
        "north": { "uv": [ 0, 0, 4, 16 ], "texture": "#texture", "cullface": "down" },
        "south": { "uv": [ 0, 0, 4, 16 ], "texture": "#texture", "cullface": "down" },
        "west":  { "uv": [ 0, 0, 2.5, 16 ], "texture": "#texture", "cullface": "down" },
        "east":  { "uv": [ 0, 0, 2.5, 16 ], "texture": "#texture", "cullface": "down" }
    }
},
{
    "from": [ 1, -10.5, -3 ],
    "to": [ 2, -9.5, -2 ],
    "faces": {
        "down":  { "uv": [ 15, 0, 14, 0 ], "texture": "#texture", "cullface": "north" },
        "up":    { "uv": [ 1, 0, 2, 0 ], "texture": "#texture", "cullface": "north" },
        "north": { "uv": [ 14, 16, 15, 16 ], "texture": "#texture", "cullface": "north" },
        "south": { "uv": [ 1, 16, 2, 16 ], "texture": "#texture", "cullface": "north" },
        "west":  { "uv": [ 0, 16, 0, 16 ], "texture": "#texture", "cullface": "north" }
    }
},
{
    "from": [ 1, -10.5, 4 ],
    "to": [ 2, -9.5, 5 ],
    "faces": {
        "down":  { "uv": [ 15, 5, 14, 4 ], "texture": "#texture", "cullface": "down" },
        "up":    { "uv": [ 1, 4, 2, 5 ], "texture": "#texture", "cullface": "down" },
        "north": { "uv": [ 14, 16, 15, 16 ], "texture": "#texture", "cullface": "down" },
        "south": { "uv": [ 1, 16, 2, 16 ], "texture": "#texture", "cullface": "down" },
        "west":  { "uv": [ 4, 16, 5, 16 ], "texture": "#texture", "cullface": "down" }
    }
},
{
    "from": [ 2, 2.5, -13 ],
    "to": [ 15, 4, 15 ],
    "faces": {
        "down":  { "uv": [ 0, 0, 9.5, 16 ], "texture": "#texture", "cullface": "north" },
        "up":    { "uv": [ 0, 0, 9.5, 16 ], "texture": "#texture", "cullface": "north" },
        "west":  { "uv": [ 0, 4.5, 16, 6 ], "texture": "#texture", "cullface": "north" }
    }
},
{
    "from": [ 2, 10.5, -13 ],
    "to": [ 15, 12, 15 ],
    "faces": {
        "down":  { "uv": [ 6.5, 0, 16, 16 ], "texture": "#texture", "cullface": "north" },
        "up":    { "uv": [ 0, 0, 9.5, 16 ], "texture": "#texture", "cullface": "north" },
        "west":  { "uv": [ 0, 0, 16, 1.5 ], "texture": "#texture", "cullface": "north" }
    }
},
{
    "from": [ 2, 18.5, -13 ],
    "to": [ 15, 20, 15 ],
    "faces": {
        "down":  { "uv": [ 0, 0, 9, 16 ], "texture": "#texture", "cullface": "north" },
        "up":    { "uv": [ 3.5, 0, 12.5, 16 ], "texture": "#texture", "cullface": "north" },
        "west":  { "uv": [ 0, 6, 16, 7.5 ], "texture": "#texture", "cullface": "north" }
    }
},
{
    "from": [ 15, 10, 3 ],
    "to": [ 16, 26, 15 ],
    "faces": {
        "west":  { "uv": [ 0, 0, 16, 16 ], "texture": "#texture", "cullface": "north" },
        "east":  { "uv": [ 0, 0, 16, 16 ], "texture": "#texture", "cullface": "north" }
    }
},
{
    "from": [ 15, -3, -13 ],
    "to": [ 16, 10, 3 ],
    "faces": {
        "down":  { "uv": [ 0, 0, 1.5, 16 ], "texture": "#texture", "cullface": "north" },
        "west":  { "uv": [ 0, 0, 16, 16 ], "texture": "#texture", "cullface": "north" },
        "east":  { "uv": [ 0, 0, 16, 16 ], "texture": "#texture", "cullface": "north" }
    }
},
{
    "from": [ 15, -3, 3 ],
    "to": [ 16, 10, 15 ],
    "faces": {
        "west":  { "uv": [ 0, 0, 16, 16 ], "texture": "#texture", "cullface": "north" },
        "east":  { "uv": [ 0, 0, 16, 16 ], "texture": "#texture", "cullface": "north" }
    }
}
],
"display": {
	"firstperson_righthand": {
        "rotation": [ 0, 0, 0 ],
        "translation": [ 0, 0, 0 ],
        "scale": [ 0.19, 0.28, 0.35 ]
    },
    "gui": {
        "rotation": [ 45, 45, 0 ],
        "translation": [ 1.51, -0.57, -3.4 ],
        "scale": [ 0.3, 0.3, 0.3 ]
    }
}
}