{
"__comment": "Designed by Tomaxed44 with BDcraft Cubik PRO 0.95 Beta - http://bdcraft.net",
"ambientocclusion": false,
"textures": {
    "particle": "blocks/stone_diorite_smooth",
    "texture": "blocks/stone_diorite_smooth"
},
"elements": [ 
{
    "from": [ 0, 0, 15 ],
    "to": [ 16, 1, 16 ],
    "faces": {
        "down":  { "uv": [ 0, 15, 16, 16 ], "texture": "#texture" },
        "up":    { "uv": [ 0, 15, 16, 16 ], "texture": "#texture" },
        "north": { "uv": [ 0, 15, 16, 16 ], "texture": "#texture" },
        "south": { "uv": [ 0, 15, 16, 16 ], "texture": "#texture" },
        "west":  { "uv": [ 15, 15, 16, 16 ], "texture": "#texture" },
        "east":  { "uv": [ 15, 15, 16, 16 ], "texture": "#texture" }
    }
},
{
    "from": [ 16, 0, 15 ],
    "to": [ 32, 1, 16 ],
    "faces": {
        "down":  { "uv": [ 0, 15, 16, 16 ], "texture": "#texture" },
        "up":    { "uv": [ 0, 15, 16, 16 ], "texture": "#texture" },
        "north": { "uv": [ 0, 15, 16, 16 ], "texture": "#texture" },
        "south": { "uv": [ 0, 15, 16, 16 ], "texture": "#texture" },
        "west":  { "uv": [ 15, 15, 16, 16 ], "texture": "#texture" },
        "east":  { "uv": [ 15, 15, 16, 16 ], "texture": "#texture" }
    }
},
{
    "from": [ 16, 0, 0 ],
    "to": [ 30, 1, 1 ],
    "faces": {
        "down":  { "uv": [ 0, 15, 16, 16 ], "texture": "#texture" },
        "up":    { "uv": [ 0, 15, 16, 16 ], "texture": "#texture" },
        "north": { "uv": [ 0, 15, 16, 16 ], "texture": "#texture" },
        "south": { "uv": [ 0, 15, 16, 16 ], "texture": "#texture" },
        "west":  { "uv": [ 15, 15, 16, 16 ], "texture": "#texture" },
        "east":  { "uv": [ 15, 15, 16, 16 ], "texture": "#texture" }
    }
},
{
    "from": [ 0, 0, 0 ],
    "to": [ 16, 1, 1 ],
    "faces": {
        "down":  { "uv": [ 0, 15, 16, 16 ], "texture": "#texture" },
        "up":    { "uv": [ 0, 15, 16, 16 ], "texture": "#texture" },
        "north": { "uv": [ 0, 15, 16, 16 ], "texture": "#texture" },
        "south": { "uv": [ 0, 15, 16, 16 ], "texture": "#texture" },
        "west":  { "uv": [ 15, 15, 16, 16 ], "texture": "#texture" },
        "east":  { "uv": [ 15, 15, 16, 16 ], "texture": "#texture" }
    }
},
{
    "from": [ 15, 0, 1 ],
    "to": [ 16, 0.5, 15 ],
    "faces": {
        "down":  { "uv": [ 15, 1, 16, 15 ], "texture": "#texture" },
        "up":    { "uv": [ 15, 1, 16, 15 ], "texture": "#texture" },
        "north": { "uv": [ 15, 0, 16, 1 ], "texture": "#texture" },
        "south": { "uv": [ 15, 0, 16, 1 ], "texture": "#texture" },
        "west":  { "uv": [ 1, 0, 15, 1 ], "texture": "#texture" },
        "east":  { "uv": [ 1, 0, 15, 1 ], "texture": "#texture" }
    }
},
{
    "from": [ 15, 0.5, 3 ],
    "to": [ 16, 7, 4 ],
    "faces": {
        "down":  { "uv": [ 15, 3, 16, 4 ], "texture": "#texture" },
        "up":    { "uv": [ 15, 3, 16, 4 ], "texture": "#texture" },
        "north": { "uv": [ 15, 9, 16, 15.5 ], "texture": "#texture" },
        "south": { "uv": [ 15, 9, 16, 15.5 ], "texture": "#texture" },
        "west":  { "uv": [ 3, 9, 4, 15.5 ], "texture": "#texture" },
        "east":  { "uv": [ 3, 9, 4, 15.5 ], "texture": "#texture" }
    }
},
{
    "from": [ 15, 0.5, 12 ],
    "to": [ 16, 4, 13 ],
    "faces": {
        "down":  { "uv": [ 15, 12, 16, 13 ], "texture": "#texture" },
        "up":    { "uv": [ 15, 12, 16, 13 ], "texture": "#texture" },
        "north": { "uv": [ 15, 12, 16, 15.5 ], "texture": "#texture" },
        "south": { "uv": [ 15, 12, 16, 15.5 ], "texture": "#texture" },
        "west":  { "uv": [ 12, 12, 13, 15.5 ], "texture": "#texture" },
        "east":  { "uv": [ 12, 12, 13, 15.5 ], "texture": "#texture" }
    }
},
{
    "from": [ 15.8125, 3.8125, 12 ],
    "to": [ 16.8125, 5.8125, 13 ],
    "rotation": { "origin": [ 15.8125, 5.8125, 12 ], "axis": "z", "angle": -22.5 },
    "faces": {
        "down":  { "uv": [ 15, 12, 16, 13 ], "texture": "#texture" },
        "up":    { "uv": [ 15, 12, 16, 13 ], "texture": "#texture" },
        "north": { "uv": [ 15, 10, 16, 12 ], "texture": "#texture" },
        "south": { "uv": [ 15, 10, 16, 12 ], "texture": "#texture" },
        "west":  { "uv": [ 12, 10, 13, 12 ], "texture": "#texture" },
        "east":  { "uv": [ 12, 10, 13, 12 ], "texture": "#texture" }
    }
},
{
    "from": [ 18.5, 0, -14 ],
    "to": [ 19.5, 0.5, -9.5 ],
    "rotation": { "origin": [ 18.5, 0, -14 ], "axis": "y", "angle": -22.5 },
    "faces": {
        "down":  { "uv": [ 7, 7, 8, 13.5 ], "texture": "#texture" },
        "up":    { "uv": [ 7, 7, 8, 13.5 ], "texture": "#texture" },
        "north": { "uv": [ 7, 0, 8, 1 ], "texture": "#texture" },
        "south": { "uv": [ 7, 0, 8, 1 ], "texture": "#texture" },
        "west":  { "uv": [ 7, 0, 13.5, 1 ], "texture": "#texture" },
        "east":  { "uv": [ 7, 0, 13.5, 1 ], "texture": "#texture" }
    }
}
]
}