{
"__comment": "Designed by tomaxed with Cubik",
"ambientocclusion": false,
"textures": {
    "particle": "blocks/planks_spruce",
    "texture": "blocks/planks_spruce"
},
"elements": [ 
{
    "from": [ 2, 0, 2 ],
    "to": [ 14, 16, 3 ],
    "faces": {
        "down":  { "uv": [ 14, 3, 2, 2 ], "texture": "#texture" },
        "up":    { "uv": [ 2, 2, 14, 3 ], "texture": "#texture" },
        "north": { "uv": [ 2, 0, 14, 16 ], "texture": "#texture" },
        "south": { "uv": [ 2, 0, 14, 16 ], "texture": "#texture" },
        "west":  { "uv": [ 2, 0, 3, 16 ], "texture": "#texture" },
        "east":  { "uv": [ 13, 0, 14, 16 ], "texture": "#texture" }
    }
},
{
    "from": [ 2, 0, 13 ],
    "to": [ 14, 16, 14 ],
    "faces": {
        "down":  { "uv": [ 14, 14, 2, 13 ], "texture": "#texture" },
        "up":    { "uv": [ 2, 13, 14, 14 ], "texture": "#texture" },
        "north": { "uv": [ 2, 0, 14, 16 ], "texture": "#texture" },
        "south": { "uv": [ 2, 0, 14, 16 ], "texture": "#texture" },
        "west":  { "uv": [ 13, 0, 14, 16 ], "texture": "#texture" },
        "east":  { "uv": [ 2, 0, 3, 16 ], "texture": "#texture" }
    }
},
{
    "from": [ 2, 16, 2 ],
    "to": [ 14, 32, 3 ],
    "faces": {
        "down":  { "uv": [ 2, 4, 14, 5 ], "texture": "#texture" },
        "up":    { "uv": [ 2, 4, 14, 5 ], "texture": "#texture" },
        "north": { "uv": [ 2, 0, 14, 16 ], "texture": "#texture" },
        "south": { "uv": [ 2, 0, 14, 16 ], "texture": "#texture" },
        "west":  { "uv": [ 4, 0, 5, 16 ], "texture": "#texture" },
        "east":  { "uv": [ 4, 0, 5, 16 ], "texture": "#texture" }
    }
},
{
    "from": [ 2, 16, 13 ],
    "to": [ 14, 32, 14 ],
    "faces": {
        "down":  { "uv": [ 2, 6, 14, 7 ], "texture": "#texture" },
        "up":    { "uv": [ 2, 6, 14, 7 ], "texture": "#texture" },
        "north": { "uv": [ 2, 0, 14, 16 ], "texture": "#texture" },
        "south": { "uv": [ 2, 0, 14, 16 ], "texture": "#texture" },
        "west":  { "uv": [ 11.5, 0, 12.5, 16 ], "texture": "#texture" },
        "east":  { "uv": [ 11, 0, 12, 16 ], "texture": "#texture" }
    }
},
{
    "from": [ 2, 0, 3 ],
    "to": [ 3, 16, 13 ],
    "faces": {
        "down":  { "uv": [ 14, 13, 13, 3 ], "texture": "#texture" },
        "up":    { "uv": [ 2, 3, 3, 13 ], "texture": "#texture" },
        "north": { "uv": [ 13, 0, 14, 16 ], "texture": "#texture" },
        "south": { "uv": [ 2, 0, 3, 16 ], "texture": "#texture" },
        "west":  { "uv": [ 3, 0, 13, 16 ], "texture": "#texture" },
        "east":  { "uv": [ 3, 0, 13, 16 ], "texture": "#texture" }
    }
},
{
    "from": [ 2, 16, 3 ],
    "to": [ 3, 32, 13 ],
    "faces": {
        "down":  { "uv": [ 2, 6, 3, 16 ], "texture": "#texture" },
        "up":    { "uv": [ 2, 6, 3, 16 ], "texture": "#texture" },
        "north": { "uv": [ 2, 0, 3, 16 ], "texture": "#texture" },
        "south": { "uv": [ 2, 0, 3, 16 ], "texture": "#texture" },
        "west":  { "uv": [ 6, 0, 16, 16 ], "texture": "#texture" },
        "east":  { "uv": [ 6, 0, 16, 16 ], "texture": "#texture" }
    }
},
{
    "from": [ 3, 19, 3 ],
    "to": [ 14, 20, 13 ],
    "faces": {
        "down":  { "uv": [ 3, 3, 14, 13 ], "texture": "#texture" },
        "up":    { "uv": [ 3, 3, 14, 13 ], "texture": "#texture" },
        "north": { "uv": [ 3, 0, 14, 1 ], "texture": "#texture" },
        "south": { "uv": [ 3, 0, 14, 1 ], "texture": "#texture" },
        "west":  { "uv": [ 3, 0, 13, 1 ], "texture": "#texture" },
        "east":  { "uv": [ 3, 0, 13, 1 ], "texture": "#texture" }
    }
},
{
    "from": [ 3, 0, 3 ],
    "to": [ 14, 1, 13 ],
    "faces": {
        "down":  { "uv": [ 13, 13, 2, 3 ], "texture": "#texture" },
        "up":    { "uv": [ 3, 3, 14, 13 ], "texture": "#texture" },
        "north": { "uv": [ 2, 15, 13, 16 ], "texture": "#texture" },
        "south": { "uv": [ 3, 15, 14, 16 ], "texture": "#texture" },
        "west":  { "uv": [ 3, 15, 13, 16 ], "texture": "#texture" },
        "east":  { "uv": [ 3, 15, 13, 16 ], "texture": "#texture" }
    }
},
{
    "from": [ 3, 31, 3 ],
    "to": [ 14, 32, 13 ],
    "faces": {
        "down":  { "uv": [ 3, 3, 14, 13 ], "texture": "#texture" },
        "up":    { "uv": [ 3, 3, 14, 13 ], "texture": "#texture" },
        "north": { "uv": [ 3, 0, 14, 1 ], "texture": "#texture" },
        "south": { "uv": [ 3, 0, 14, 1 ], "texture": "#texture" },
        "west":  { "uv": [ 3, 0, 13, 1 ], "texture": "#texture" },
        "east":  { "uv": [ 3, 0, 13, 1 ], "texture": "#texture" }
    }
},
{
    "from": [ 3, 25, 3 ],
    "to": [ 14, 26, 13 ],
    "faces": {
        "down":  { "uv": [ 3, 3, 14, 13 ], "texture": "#texture" },
        "up":    { "uv": [ 3, 3, 14, 13 ], "texture": "#texture" },
        "north": { "uv": [ 3, 0, 14, 1 ], "texture": "#texture" },
        "south": { "uv": [ 3, 0, 14, 1 ], "texture": "#texture" },
        "west":  { "uv": [ 3, 0, 13, 1 ], "texture": "#texture" },
        "east":  { "uv": [ 3, 0, 13, 1 ], "texture": "#texture" }
    }
},
{
    "from": [ 3, 13, 3 ],
    "to": [ 14, 14, 13 ],
    "faces": {
        "down":  { "uv": [ 3, 3, 14, 13 ], "texture": "#texture" },
        "up":    { "uv": [ 3, 3, 14, 13 ], "texture": "#texture" },
        "north": { "uv": [ 3, 0, 14, 1 ], "texture": "#texture" },
        "south": { "uv": [ 3, 0, 14, 1 ], "texture": "#texture" },
        "west":  { "uv": [ 3, 0, 13, 1 ], "texture": "#texture" },
        "east":  { "uv": [ 3, 0, 13, 1 ], "texture": "#texture" }
    }
},
{
    "from": [ 13.25, 1, 2.75 ],
    "to": [ 14.25, 13, 12.75 ],
    "rotation": { "origin": [ 13.25, 1, 2.75 ], "axis": "y", "angle": 45 },
    "faces": {
        "down":  { "uv": [ 15, 4, 16, 14 ], "texture": "#texture" },
        "up":    { "uv": [ 15, 4, 16, 14 ], "texture": "#texture" },
        "north": { "uv": [ 15, 3, 16, 15 ], "texture": "#texture" },
        "south": { "uv": [ 15, 3, 16, 15 ], "texture": "#texture" },
        "west":  { "uv": [ 4, 3, 14, 15 ], "texture": "#texture" },
        "east":  { "uv": [ 4, 3, 14, 15 ], "texture": "#texture" }
    }
},
{
    "from": [ 17.75, 7, 5.9375 ],
    "to": [ 18.25, 8, 6.9375 ],
    "rotation": { "origin": [ 17.75, 7, 5.9375 ], "axis": "y", "angle": 45 },
    "faces": {
        "down":  { "uv": [ 14.25, 5.75, 14.75, 6.75 ], "texture": "#texture" },
        "up":    { "uv": [ 14.75, 5.75, 15.25, 6.75 ], "texture": "#texture" },
        "north": { "uv": [ 14.25, 8, 14.75, 9 ], "texture": "#texture" },
        "south": { "uv": [ 15.25, 8, 15.75, 9 ], "texture": "#texture" },
        "west":  { "uv": [ 5.75, 8, 6.75, 9 ], "texture": "#texture" },
        "east":  { "uv": [ 5.75, 8, 6.75, 9 ], "texture": "#texture" }
    }
}
]
}