{
"__comment": "Designed by Tomaxed44 with BDcraft Cubik PRO 0.95 Beta - http://bdcraft.net",
"ambientocclusion": false,
"textures": {
    "particle": "blocks/wool_colored_cyan",
    "texture": "blocks/wool_colored_cyan"
},
"elements": [ 
{
    "from": [ 0, 31, 0 ],
    "to": [ 1.5, 32, 16 ],
    "faces": {
        "down":  { "uv": [ 16, 16, 14.5, 0 ], "texture": "#texture" },
        "up":    { "uv": [ 0, 0, 1.5, 16 ], "texture": "#texture" },
        "north": { "uv": [ 14.5, 0, 16, 0 ], "texture": "#texture" },
        "south": { "uv": [ 0, 0, 1.5, 0 ], "texture": "#texture" },
        "west":  { "uv": [ 0, 0, 16, 0 ], "texture": "#texture" },
        "east":  { "uv": [ 0, 0, 16, 0 ], "texture": "#texture" }
    }
},
{
    "from": [ 0, 16, 0 ],
    "to": [ 1.5, 31, 1 ],
    "faces": {
        "down":  { "uv": [ 0, 0, 1.5, 1 ], "texture": "#texture" },
        "up":    { "uv": [ 0, 0, 1.5, 1 ], "texture": "#texture" },
        "north": { "uv": [ 0, 1, 1.5, 16 ], "texture": "#texture" },
        "south": { "uv": [ 0, 1, 1.5, 16 ], "texture": "#texture" },
        "west":  { "uv": [ 0, 1, 1, 16 ], "texture": "#texture" },
        "east":  { "uv": [ 0, 1, 1, 16 ], "texture": "#texture" }
    }
},
{
    "from": [ 0, 0, 0 ],
    "to": [ 1.5, 16, 1 ],
    "faces": {
        "down":  { "uv": [ 0, 3, 1, 4 ], "texture": "#texture" },
        "up":    { "uv": [ 0, 3, 1, 4 ], "texture": "#texture" },
        "north": { "uv": [ 0, 0, 1, 16 ], "texture": "#texture" },
        "south": { "uv": [ 0, 0, 1, 16 ], "texture": "#texture" },
        "west":  { "uv": [ 3, 0, 4, 16 ], "texture": "#texture" },
        "east":  { "uv": [ 3, 0, 4, 16 ], "texture": "#texture" }
    }
},
{
    "from": [ 0, 16, 15 ],
    "to": [ 1.5, 31, 16 ],
    "faces": {
        "down":  { "uv": [ 0, 15, 1.5, 16 ], "texture": "#texture" },
        "up":    { "uv": [ 0, 15, 1.5, 16 ], "texture": "#texture" },
        "north": { "uv": [ 0, 1, 1.5, 16 ], "texture": "#texture" },
        "south": { "uv": [ 0, 1, 1.5, 16 ], "texture": "#texture" },
        "west":  { "uv": [ 15, 1, 16, 16 ], "texture": "#texture" },
        "east":  { "uv": [ 15, 1, 16, 16 ], "texture": "#texture" }
    }
},
{
    "from": [ 0, 0, 15 ],
    "to": [ 1.5, 16, 16 ],
    "faces": {
        "down":  { "uv": [ 0, 3, 1, 4 ], "texture": "#texture" },
        "up":    { "uv": [ 0, 3, 1, 4 ], "texture": "#texture" },
        "north": { "uv": [ 0, 0, 1, 16 ], "texture": "#texture" },
        "south": { "uv": [ 0, 0, 1, 16 ], "texture": "#texture" },
        "west":  { "uv": [ 3, 0, 4, 16 ], "texture": "#texture" },
        "east":  { "uv": [ 3, 0, 4, 16 ], "texture": "#texture" }
    }
},
{
    "from": [ 0, 1, 0.5 ],
    "to": [ 1.5, 2.5, 16.5 ],
    "rotation": { "origin": [ 0, 2.5, 0.5 ], "axis": "x", "angle": -22.5 },
    "faces": {
        "down":  { "uv": [ 0, 0, 1.5, 16 ], "texture": "#texture" },
        "up":    { "uv": [ 0, 0, 1.5, 16 ], "texture": "#texture" },
        "north": { "uv": [ 0, 0.5, 2.5, 3 ], "texture": "#texture" },
        "south": { "uv": [ 0, 0.5, 2.5, 3 ], "texture": "#texture" },
        "west":  { "uv": [ 0, 0.5, 16, 2.5 ], "texture": "#texture" },
        "east":  { "uv": [ 0, 0.5, 16, 2.5 ], "texture": "#texture" }
    }
},
{
    "from": [ 0, 7.4375, 1 ],
    "to": [ 1.5, 8.9375, 17 ],
    "rotation": { "origin": [ 0, 8.9375, 1 ], "axis": "x", "angle": 22.5 },
    "faces": {
        "down":  { "uv": [ 0, 0, 1.5, 16 ], "texture": "#texture" },
        "up":    { "uv": [ 0, 0, 1.5, 16 ], "texture": "#texture" },
        "north": { "uv": [ 0, 1, 2.5, 4 ], "texture": "#texture" },
        "south": { "uv": [ 0, 1, 2.5, 4 ], "texture": "#texture" },
        "west":  { "uv": [ 0, 1, 16, 2.5 ], "texture": "#texture" },
        "east":  { "uv": [ 0, 1, 16, 2.5 ], "texture": "#texture" }
    }
},
{
    "from": [ 1.5, 0, -0.25 ],
    "to": [ 14, 1.5, 1.25 ],
    "faces": {
        "down":  { "uv": [ 1.5, 0, 14, 1.5 ], "texture": "#texture" },
        "up":    { "uv": [ 1.5, 0, 14, 1.5 ], "texture": "#texture" },
        "north": { "uv": [ 1.5, 14.5, 14, 16 ], "texture": "#texture" },
        "south": { "uv": [ 1.5, 14.5, 14, 16 ], "texture": "#texture" },
        "west":  { "uv": [ 0, 14.5, 1.5, 16 ], "texture": "#texture" },
        "east":  { "uv": [ 0, 14.5, 1.5, 16 ], "texture": "#texture" }
    }
},
{
    "from": [ 1.5, 0, 14.75 ],
    "to": [ 14, 1.5, 16.25 ],
    "faces": {
        "down":  { "uv": [ 1.5, 14.5, 14, 16 ], "texture": "#texture" },
        "up":    { "uv": [ 1.5, 14.5, 14, 16 ], "texture": "#texture" },
        "north": { "uv": [ 1.5, 14, 14, 15.5 ], "texture": "#texture" },
        "south": { "uv": [ 1.5, 14, 14, 15.5 ], "texture": "#texture" },
        "west":  { "uv": [ 14.5, 14.5, 16, 16 ], "texture": "#texture" },
        "east":  { "uv": [ 14.5, 14.5, 16, 16 ], "texture": "#texture" }
    }
},
{
    "from": [ -0.5, 16, 14.5 ],
    "to": [ 2, 18, 16.5 ],
    "faces": {
        "down":  { "uv": [ 0, 14, 2.5, 16 ], "texture": "#texture" },
        "up":    { "uv": [ 0, 14, 2.5, 16 ], "texture": "#texture" },
        "north": { "uv": [ 0, 14, 2.5, 16 ], "texture": "#texture" },
        "south": { "uv": [ 0, 14, 2.5, 16 ], "texture": "#texture" },
        "west":  { "uv": [ 14, 14, 16, 16 ], "texture": "#texture" },
        "east":  { "uv": [ 14, 14, 16, 16 ], "texture": "#texture" }
    }
},
{
    "from": [ -0.5, 16, -0.5 ],
    "to": [ 2, 18, 1.5 ],
    "faces": {
        "down":  { "uv": [ 0, 0, 2.5, 2 ], "texture": "#texture" },
        "up":    { "uv": [ 0, 0, 2.5, 2 ], "texture": "#texture" },
        "north": { "uv": [ 0, 14, 2.5, 16 ], "texture": "#texture" },
        "south": { "uv": [ 0, 14, 2.5, 16 ], "texture": "#texture" },
        "west":  { "uv": [ 0, 14, 2, 16 ], "texture": "#texture" },
        "east":  { "uv": [ 0, 14, 2, 16 ], "texture": "#texture" }
    }
},
{
    "from": [ 0.125, 16.5, 1.5 ],
    "to": [ 0.625, 17.5, 3 ],
    "faces": {
        "down":  { "uv": [ 15.875, 3, 15.375, 1.5 ], "texture": "#texture" },
        "up":    { "uv": [ 0.125, 1.5, 0.625, 3 ], "texture": "#texture" },
        "north": { "uv": [ 15.375, 0, 15.875, 0 ], "texture": "#texture" },
        "south": { "uv": [ 0.125, 0, 0.625, 0 ], "texture": "#texture" },
        "west":  { "uv": [ 1.5, 0, 3, 0 ], "texture": "#texture" },
        "east":  { "uv": [ 13, 0, 14.5, 0 ], "texture": "#texture" }
    }
},
{
    "from": [ 0.875, 16.5, 1.5 ],
    "to": [ 1.375, 17.5, 3 ],
    "faces": {
        "down":  { "uv": [ 15.125, 3, 14.625, 1.5 ], "texture": "#texture" },
        "up":    { "uv": [ 0.875, 1.5, 1.375, 3 ], "texture": "#texture" },
        "north": { "uv": [ 14.625, 0, 15.125, 0 ], "texture": "#texture" },
        "south": { "uv": [ 0.875, 0, 1.375, 0 ], "texture": "#texture" },
        "west":  { "uv": [ 1.5, 0, 3, 0 ], "texture": "#texture" },
        "east":  { "uv": [ 13, 0, 14.5, 0 ], "texture": "#texture" }
    }
},
{
    "from": [ 0.125, 16.5, 13 ],
    "to": [ 0.625, 17.5, 14.5 ],
    "faces": {
        "down":  { "uv": [ 15.875, 14.5, 15.375, 13 ], "texture": "#texture" },
        "up":    { "uv": [ 0.125, 13, 0.625, 14.5 ], "texture": "#texture" },
        "north": { "uv": [ 15.375, 0, 15.875, 0 ], "texture": "#texture" },
        "south": { "uv": [ 0.125, 0, 0.625, 0 ], "texture": "#texture" },
        "west":  { "uv": [ 13, 0, 14.5, 0 ], "texture": "#texture" },
        "east":  { "uv": [ 1.5, 0, 3, 0 ], "texture": "#texture" }
    }
},
{
    "from": [ 0.875, 16.5, 13 ],
    "to": [ 1.375, 17.5, 14.5 ],
    "faces": {
        "down":  { "uv": [ 15.125, 14.5, 14.625, 13 ], "texture": "#texture" },
        "up":    { "uv": [ 0.875, 13, 1.375, 14.5 ], "texture": "#texture" },
        "north": { "uv": [ 14.625, 0, 15.125, 0 ], "texture": "#texture" },
        "south": { "uv": [ 0.875, 0, 1.375, 0 ], "texture": "#texture" },
        "west":  { "uv": [ 13, 0, 14.5, 0 ], "texture": "#texture" },
        "east":  { "uv": [ 1.5, 0, 3, 0 ], "texture": "#texture" }
    }
},
{
    "from": [ 1, 9, 14.9375 ],
    "to": [ 14.5, 10.5, 15.9375 ],
    "rotation": { "origin": [ 1, 10.5, 14.9375 ], "axis": "z", "angle": -45 },
    "faces": {
        "down":  { "uv": [ 1, 15, 14.5, 16 ], "texture": "#texture" },
        "up":    { "uv": [ 1, 15, 14.5, 16 ], "texture": "#texture" },
        "north": { "uv": [ 1, 15, 14.5, 16 ], "texture": "#texture" },
        "south": { "uv": [ 1, 15, 14.5, 16 ], "texture": "#texture" },
        "west":  { "uv": [ 1, 15, 2.5, 16 ], "texture": "#texture" },
        "east":  { "uv": [ 1, 15, 2.5, 16 ], "texture": "#texture" }
    }
},
{
    "from": [ 1, 9, 0.0625 ],
    "to": [ 14.5, 10.5, 1.0625 ],
    "rotation": { "origin": [ 1, 10.5, 0.0625 ], "axis": "z", "angle": -45 },
    "faces": {
        "down":  { "uv": [ 1, 15, 14.5, 16 ], "texture": "#texture" },
        "up":    { "uv": [ 1, 15, 14.5, 16 ], "texture": "#texture" },
        "north": { "uv": [ 1, 15, 14.5, 16 ], "texture": "#texture" },
        "south": { "uv": [ 1, 15, 14.5, 16 ], "texture": "#texture" },
        "west":  { "uv": [ 1, 15, 2.5, 16 ], "texture": "#texture" },
        "east":  { "uv": [ 1, 15, 2.5, 16 ], "texture": "#texture" }
    }
},
{
    "from": [ 1.5, 31, 0 ],
    "to": [ 15, 32, 1.5 ],
    "faces": {
        "down":  { "uv": [ 1.5, 0, 15, 1.5 ], "texture": "#texture" },
        "up":    { "uv": [ 1.5, 0, 15, 1.5 ], "texture": "#texture" },
        "north": { "uv": [ 1.5, 0, 15, 1 ], "texture": "#texture" },
        "south": { "uv": [ 1.5, 0, 15, 1 ], "texture": "#texture" },
        "west":  { "uv": [ 0, 0, 1.5, 1 ], "texture": "#texture" },
        "east":  { "uv": [ 0, 0, 1.5, 1 ], "texture": "#texture" }
    }
},
{
    "from": [ 1.5, 31, 14.5 ],
    "to": [ 15, 32, 16 ],
    "faces": {
        "down":  { "uv": [ 1.5, 14.5, 15, 16 ], "texture": "#texture" },
        "up":    { "uv": [ 1.5, 14.5, 15, 16 ], "texture": "#texture" },
        "north": { "uv": [ 1.5, 0, 15, 1 ], "texture": "#texture" },
        "south": { "uv": [ 1.5, 0, 15, 1 ], "texture": "#texture" },
        "west":  { "uv": [ 14.5, 0, 16, 1 ], "texture": "#texture" },
        "east":  { "uv": [ 14.5, 0, 16, 1 ], "texture": "#texture" }
    }
},
{
    "from": [ 10.5, 31, 1.5 ],
    "to": [ 12, 32, 14.5 ],
    "faces": {
        "down":  { "uv": [ 10.5, 1.5, 12, 14.5 ], "texture": "#texture" },
        "up":    { "uv": [ 10.5, 1.5, 12, 14.5 ], "texture": "#texture" },
        "north": { "uv": [ 10.5, 0, 12, 1 ], "texture": "#texture" },
        "south": { "uv": [ 10.5, 0, 12, 1 ], "texture": "#texture" },
        "west":  { "uv": [ 1.5, 0, 14.5, 1 ], "texture": "#texture" },
        "east":  { "uv": [ 1.5, 0, 14.5, 1 ], "texture": "#texture" }
    }
}
]
}