{
"__comment": "Designed by tomaxed with Cubik",
"ambientocclusion": false,
"textures": {
    "particle": "blocks/planks_spruce",
    "texture": "blocks/planks_spruce",
    "misc": "items/misc"
},
"elements": [ 
{
    "from": [ 2, 0, 2 ],
    "to": [ 14, 16, 3 ],
    "faces": {
        "down":  { "uv": [ 14, 3, 2, 2 ], "texture": "#texture" },
        "up":    { "uv": [ 2, 2, 14, 3 ], "texture": "#texture" },
        "north": { "uv": [ 2, 0, 14, 16 ], "texture": "#texture" },
        "south": { "uv": [ 2, 0, 14, 16 ], "texture": "#texture" },
        "west":  { "uv": [ 2, 0, 3, 16 ], "texture": "#texture" },
        "east":  { "uv": [ 13, 0, 14, 16 ], "texture": "#texture" }
    }
},
{
    "from": [ 2, 0, 13 ],
    "to": [ 14, 16, 14 ],
    "faces": {
        "down":  { "uv": [ 14, 14, 2, 13 ], "texture": "#texture" },
        "up":    { "uv": [ 2, 13, 14, 14 ], "texture": "#texture" },
        "north": { "uv": [ 2, 0, 14, 16 ], "texture": "#texture" },
        "south": { "uv": [ 2, 0, 14, 16 ], "texture": "#texture" },
        "west":  { "uv": [ 13, 0, 14, 16 ], "texture": "#texture" },
        "east":  { "uv": [ 2, 0, 3, 16 ], "texture": "#texture" }
    }
},
{
    "from": [ 2, 16, 2 ],
    "to": [ 14, 32, 3 ],
    "faces": {
        "down":  { "uv": [ 2, 4, 14, 5 ], "texture": "#texture" },
        "up":    { "uv": [ 2, 4, 14, 5 ], "texture": "#texture" },
        "north": { "uv": [ 2, 0, 14, 16 ], "texture": "#texture" },
        "south": { "uv": [ 2, 0, 14, 16 ], "texture": "#texture" },
        "west":  { "uv": [ 4, 0, 5, 16 ], "texture": "#texture" },
        "east":  { "uv": [ 4, 0, 5, 16 ], "texture": "#texture" }
    }
},
{
    "from": [ 2, 16, 13 ],
    "to": [ 14, 32, 14 ],
    "faces": {
        "down":  { "uv": [ 2, 6, 14, 7 ], "texture": "#texture" },
        "up":    { "uv": [ 2, 6, 14, 7 ], "texture": "#texture" },
        "north": { "uv": [ 2, 0, 14, 16 ], "texture": "#texture" },
        "south": { "uv": [ 2, 0, 14, 16 ], "texture": "#texture" },
        "west":  { "uv": [ 11.5, 0, 12.5, 16 ], "texture": "#texture" },
        "east":  { "uv": [ 11, 0, 12, 16 ], "texture": "#texture" }
    }
},
{
    "from": [ 2, 0, 3 ],
    "to": [ 3, 16, 13 ],
    "faces": {
        "down":  { "uv": [ 14, 13, 13, 3 ], "texture": "#texture" },
        "up":    { "uv": [ 2, 3, 3, 13 ], "texture": "#texture" },
        "north": { "uv": [ 13, 0, 14, 16 ], "texture": "#texture" },
        "south": { "uv": [ 2, 0, 3, 16 ], "texture": "#texture" },
        "west":  { "uv": [ 3, 0, 13, 16 ], "texture": "#texture" },
        "east":  { "uv": [ 3, 0, 13, 16 ], "texture": "#texture" }
    }
},
{
    "from": [ 2, 16, 3 ],
    "to": [ 3, 32, 13 ],
    "faces": {
        "down":  { "uv": [ 2, 6, 3, 16 ], "texture": "#texture" },
        "up":    { "uv": [ 2, 6, 3, 16 ], "texture": "#texture" },
        "north": { "uv": [ 2, 0, 3, 16 ], "texture": "#texture" },
        "south": { "uv": [ 2, 0, 3, 16 ], "texture": "#texture" },
        "west":  { "uv": [ 6, 0, 16, 16 ], "texture": "#texture" },
        "east":  { "uv": [ 6, 0, 16, 16 ], "texture": "#texture" }
    }
},
{
    "from": [ 3, 19, 3 ],
    "to": [ 14, 20, 13 ],
    "faces": {
        "down":  { "uv": [ 3, 3, 14, 13 ], "texture": "#texture" },
        "up":    { "uv": [ 3, 3, 14, 13 ], "texture": "#texture" },
        "north": { "uv": [ 3, 0, 14, 1 ], "texture": "#texture" },
        "south": { "uv": [ 3, 0, 14, 1 ], "texture": "#texture" },
        "west":  { "uv": [ 3, 0, 13, 1 ], "texture": "#texture" },
        "east":  { "uv": [ 3, 0, 13, 1 ], "texture": "#texture" }
    }
},
{
    "from": [ 3, 0, 3 ],
    "to": [ 14, 1, 13 ],
    "faces": {
        "down":  { "uv": [ 13, 13, 2, 3 ], "texture": "#texture" },
        "up":    { "uv": [ 3, 3, 14, 13 ], "texture": "#texture" },
        "north": { "uv": [ 2, 15, 13, 16 ], "texture": "#texture" },
        "south": { "uv": [ 3, 15, 14, 16 ], "texture": "#texture" },
        "west":  { "uv": [ 3, 15, 13, 16 ], "texture": "#texture" },
        "east":  { "uv": [ 3, 15, 13, 16 ], "texture": "#texture" }
    }
},
{
    "from": [ 3, 31, 3 ],
    "to": [ 14, 32, 13 ],
    "faces": {
        "down":  { "uv": [ 3, 3, 14, 13 ], "texture": "#texture" },
        "up":    { "uv": [ 3, 3, 14, 13 ], "texture": "#texture" },
        "north": { "uv": [ 3, 0, 14, 1 ], "texture": "#texture" },
        "south": { "uv": [ 3, 0, 14, 1 ], "texture": "#texture" },
        "west":  { "uv": [ 3, 0, 13, 1 ], "texture": "#texture" },
        "east":  { "uv": [ 3, 0, 13, 1 ], "texture": "#texture" }
    }
},
{
    "from": [ 3, 25, 3 ],
    "to": [ 14, 26, 13 ],
    "faces": {
        "down":  { "uv": [ 3, 3, 14, 13 ], "texture": "#texture" },
        "up":    { "uv": [ 3, 3, 14, 13 ], "texture": "#texture" },
        "north": { "uv": [ 3, 0, 14, 1 ], "texture": "#texture" },
        "south": { "uv": [ 3, 0, 14, 1 ], "texture": "#texture" },
        "west":  { "uv": [ 3, 0, 13, 1 ], "texture": "#texture" },
        "east":  { "uv": [ 3, 0, 13, 1 ], "texture": "#texture" }
    }
},
{
    "from": [ 3, 13, 3 ],
    "to": [ 14, 14, 13 ],
    "faces": {
        "down":  { "uv": [ 3, 3, 14, 13 ], "texture": "#texture" },
        "up":    { "uv": [ 3, 3, 14, 13 ], "texture": "#texture" },
        "north": { "uv": [ 3, 0, 14, 1 ], "texture": "#texture" },
        "south": { "uv": [ 3, 0, 14, 1 ], "texture": "#texture" },
        "west":  { "uv": [ 3, 0, 13, 1 ], "texture": "#texture" },
        "east":  { "uv": [ 3, 0, 13, 1 ], "texture": "#texture" }
    }
},
{
    "from": [ 20.3125, 1, 6.125 ],
    "to": [ 21.3125, 13, 16.125 ],
    "rotation": { "origin": [ 20.3125, 1, 6.125 ], "axis": "y", "angle": -45 },
    "faces": {
        "down":  { "uv": [ 15, 4, 16, 14 ], "texture": "#texture" },
        "up":    { "uv": [ 15, 4, 16, 14 ], "texture": "#texture" },
        "north": { "uv": [ 15, 3, 16, 15 ], "texture": "#texture" },
        "south": { "uv": [ 15, 3, 16, 15 ], "texture": "#texture" },
        "west":  { "uv": [ 4, 3, 14, 15 ], "texture": "#texture" },
        "east":  { "uv": [ 4, 3, 14, 15 ], "texture": "#texture" }
    }
},
{
    "from": [ 19.8125, 7, 8 ],
    "to": [ 20.3125, 8, 9 ],
    "rotation": { "origin": [ 19.8125, 7, 8 ], "axis": "y", "angle": -45 },
    "faces": {
        "down":  { "uv": [ 14.25, 5.75, 14.75, 6.75 ], "texture": "#texture" },
        "up":    { "uv": [ 14.75, 5.75, 15.25, 6.75 ], "texture": "#texture" },
        "north": { "uv": [ 14.25, 8, 14.75, 9 ], "texture": "#texture" },
        "south": { "uv": [ 15.25, 8, 15.75, 9 ], "texture": "#texture" },
        "west":  { "uv": [ 5.75, 8, 6.75, 9 ], "texture": "#texture" },
        "east":  { "uv": [ 5.75, 8, 6.75, 9 ], "texture": "#texture" }
    }
},
{
    "from": [ 8, 1, 6 ],
    "to": [ 12.5, 3.5, 11 ],
    "rotation": { "origin": [ 8, 1, 6 ], "axis": "y", "angle": -22.5 },
    "faces": {
        "down":  { "uv": [ 7.5, 2, 12, 7 ], "texture": "#misc" },
        "up":    { "uv": [ 7.5, 2, 12, 7 ], "texture": "#misc" },
        "north": { "uv": [ 7, 3, 11.5, 5.5 ], "texture": "#misc" },
        "south": { "uv": [ 7.5, 0, 12, 2.5 ], "texture": "#misc" },
        "west":  { "uv": [ 6.5, 2.5, 11.5, 5 ], "texture": "#misc" },
        "east":  { "uv": [ 5, 0, 10, 2.5 ], "texture": "#misc" }
    }
},
{
    "from": [ 4, 14, 9 ],
    "to": [ 5.5, 15.5, 13 ],
    "rotation": { "origin": [ 4, 14, 9 ], "axis": "y", "angle": 22.5 },
    "faces": {
        "down":  { "uv": [ 10.5, 9.5, 15, 14.5 ], "texture": "#misc" },
        "up":    { "uv": [ 10.5, 9.5, 15, 14.5 ], "texture": "#misc" },
        "north": { "uv": [ 10, 10, 14.5, 12.5 ], "texture": "#misc" },
        "south": { "uv": [ 10, 10, 14.5, 12.5 ], "texture": "#misc" },
        "west":  { "uv": [ 10, 11.5, 15, 14 ], "texture": "#misc" },
        "east":  { "uv": [ 10, 11.5, 15, 14 ], "texture": "#misc" }
    }
},
{
    "from": [ 7.5, 14, 4.5 ],
    "to": [ 11, 17.5, 7.5 ],
    "faces": {
        "down":  { "uv": [ 3.5, 10, 8, 15 ], "texture": "#misc" },
        "up":    { "uv": [ 3.5, 10, 8, 15 ], "texture": "#misc" },
        "north": { "uv": [ 2, 12, 6.5, 14.5 ], "texture": "#misc" },
        "south": { "uv": [ 2, 12, 6.5, 14.5 ], "texture": "#misc" },
        "west":  { "uv": [ 3, 11, 8, 13.5 ], "texture": "#misc" },
        "east":  { "uv": [ 3, 11, 8, 13.5 ], "texture": "#misc" }
    }
},
{
    "from": [ 9.5, 26, 8 ],
    "to": [ 12, 27, 11.5 ],
    "rotation": { "origin": [ 9.5, 26, 8 ], "axis": "y", "angle": -22.5 },
    "faces": {
        "down":  { "uv": [ 13, 4, 15.5, 7.5 ], "texture": "#misc" },
        "up":    { "uv": [ 13, 4, 15.5, 7.5 ], "texture": "#misc" },
        "north": { "uv": [ 13, 5.5, 15.5, 6.5 ], "texture": "#misc" },
        "south": { "uv": [ 13, 5.5, 15.5, 6.5 ], "texture": "#misc" },
        "west":  { "uv": [ 13, 4.5, 16, 5.5 ], "texture": "#misc" },
        "east":  { "uv": [ 13, 4.5, 16, 5.5 ], "texture": "#misc" }
    }
}
]
}