{
"__comment": "Designed by Tomaxed44 with BDcraft Cubik PRO 0.95 Beta - http://bdcraft.net",
"textures": {
    "texture": "blocks/fridge"
},
"elements": [ 
{
    "from": [ 3.5, -16, 0.5 ],
    "to": [ 16, -10.5, 15.5 ],
    "faces": {
        "down":  { "uv": [ 3.5, 0.5, 16, 15.5 ], "texture": "#texture", "cullface": "down" },
        "up":    { "uv": [ 3.5, 0.5, 16, 15.5 ], "texture": "#texture" },
        "north": { "uv": [ 3.5, 10.5, 16, 16 ], "texture": "#texture" },
        "south": { "uv": [ 3.5, 10.5, 16, 16 ], "texture": "#texture" },
        "west":  { "uv": [ 0.5, 10.5, 15.5, 16 ], "texture": "#texture" },
        "east":  { "uv": [ 0.5, 10.5, 15.5, 16 ], "texture": "#texture", "cullface": "east" }
    }
},
{
    "from": [ 3.5, 12, 0.5 ],
    "to": [ 16, 16, 15.5 ],
    "faces": {
        "down":  { "uv": [ 3.5, 0.5, 16, 15.5 ], "texture": "#texture", "cullface": "up" },
        "up":    { "uv": [ 3.5, 0.5, 16, 15.5 ], "texture": "#texture", "cullface": "up" },
        "north": { "uv": [ 3.5, 0, 16, 4 ], "texture": "#texture", "cullface": "up" },
        "south": { "uv": [ 2.5, 7.5, 15, 11.5 ], "texture": "#texture", "cullface": "up" },
        "west":  { "uv": [ 1, 10.5, 16, 14.5 ], "texture": "#texture", "cullface": "up" },
        "east":  { "uv": [ 0.5, 9, 15.5, 13 ], "texture": "#texture", "cullface": "up" }
    }
},
{
    "from": [ -7, -16, 4.95711 ],
    "to": [ -6, 0, 19.9571 ],
    "rotation": { "origin": [ -7, -16, 4.95711 ], "axis": "y", "angle": 45 },
    "faces": {
        "down":  { "uv": [ 2, 0.5, 3, 15.5 ], "texture": "#texture", "cullface": "west" },
        "north": { "uv": [ 2, 0, 3, 16 ], "texture": "#texture", "cullface": "west" },
        "south": { "uv": [ 2, 0, 3, 16 ], "texture": "#texture", "cullface": "west" },
        "west":  { "uv": [ 0.5, 0, 15.5, 16 ], "texture": "#texture", "cullface": "west" },
        "east":  { "uv": [ 0.5, 0, 15.5, 16 ], "texture": "#texture", "cullface": "west" }
    }
},
{
    "from": [ -7, 0, 4.95711 ],
    "to": [ -6, 16, 19.9571 ],
    "rotation": { "origin": [ -7, 0, 4.95711 ], "axis": "y", "angle": 45 },
    "faces": {
        "up":    { "uv": [ 2, 0.5, 3, 15.5 ], "texture": "#texture", "cullface": "west" },
        "north": { "uv": [ 2, 0, 3, 16 ], "texture": "#texture", "cullface": "west" },
        "south": { "uv": [ 2, 0, 3, 16 ], "texture": "#texture", "cullface": "west" },
        "west":  { "uv": [ 0.5, 0, 15.5, 16 ], "texture": "#texture", "cullface": "west" },
        "east":  { "uv": [ 0.5, 0, 15.5, 16 ], "texture": "#texture", "cullface": "west" }
    }
},
{
    "from": [ 15, -10.5, 0.5 ],
    "to": [ 16, 0, 15.5 ],
    "faces": {
        "north": { "uv": [ 15, 0, 16, 12 ], "texture": "#texture" },
        "south": { "uv": [ 15, 0, 16, 12 ], "texture": "#texture" },
        "west":  { "uv": [ 0.5, 0, 15.5, 12 ], "texture": "#texture" },
        "east":  { "uv": [ 0.5, 0, 15.5, 12 ], "texture": "#texture", "cullface": "east" }
    }
},
{
    "from": [ 15, 0, 0.5 ],
    "to": [ 16, 12, 15.5 ],
    "faces": {
        "north": { "uv": [ 15, 0, 16, 12 ], "texture": "#texture", "cullface": "up" },
        "south": { "uv": [ 15, 0, 16, 12 ], "texture": "#texture", "cullface": "up" },
        "west":  { "uv": [ 0.5, 0, 15.5, 12 ], "texture": "#texture", "cullface": "up" },
        "east":  { "uv": [ 0.5, 0, 15.5, 12 ], "texture": "#texture", "cullface": "up" }
    }
},
{
    "from": [ 3.5, 0, 0.5 ],
    "to": [ 15, 12, 1.5 ],
    "faces": {
        "north": { "uv": [ 3.5, 0, 15, 12 ], "texture": "#texture", "cullface": "up" },
        "south": { "uv": [ 3.5, 0, 15, 12 ], "texture": "#texture", "cullface": "up" },
        "west":  { "uv": [ 4, 0, 5, 12 ], "texture": "#texture", "cullface": "up" }
    }
},
{
    "from": [ 3.5, -10.5, 14.5 ],
    "to": [ 15, 0, 15.5 ],
    "faces": {
        "down":  { "uv": [ 3.5, 4, 15, 5 ], "texture": "#texture" },
        "north": { "uv": [ 0, 4, 11.5, 16 ], "texture": "#texture" },
        "south": { "uv": [ 0, 4, 11.5, 16 ], "texture": "#texture" },
        "west":  { "uv": [ 4, 0, 5, 12 ], "texture": "#texture" },
        "east":  { "uv": [ 11, 4, 12, 16 ], "texture": "#texture" }
    }
},
{
    "from": [ 3.5, 0, 14.5 ],
    "to": [ 15, 12, 15.5 ],
    "faces": {
        "north": { "uv": [ 3.5, 0, 15, 12 ], "texture": "#texture", "cullface": "up" },
        "south": { "uv": [ 3.5, 0, 15, 12 ], "texture": "#texture", "cullface": "up" },
        "west":  { "uv": [ 4, 0, 5, 12 ], "texture": "#texture", "cullface": "up" }
    }
},
{
    "from": [ 3.5, -10.5, 0.5 ],
    "to": [ 15, 0, 1.5 ],
    "faces": {
        "down":  { "uv": [ 3.5, 4, 15, 5 ], "texture": "#texture" },
        "north": { "uv": [ 0, 4, 11.5, 16 ], "texture": "#texture" },
        "south": { "uv": [ 0, 4, 11.5, 16 ], "texture": "#texture" },
        "west":  { "uv": [ 4, 0, 5, 12 ], "texture": "#texture" },
        "east":  { "uv": [ 11, 4, 12, 16 ], "texture": "#texture" }
    }
},
{
    "from": [ 4.5, -5.5, 1.5 ],
    "to": [ 15, -4.5, 14.5 ],
    "faces": {
        "down":  { "uv": [ 0, 3, 10.5, 16 ], "texture": "#texture", "cullface": "up" },
        "up":    { "uv": [ 4.5, 1.5, 15, 14.5 ], "texture": "#texture", "cullface": "up" },
        "west":  { "uv": [ 1.5, 0, 14.5, 1 ], "texture": "#texture", "cullface": "up" }
    }
},
{
    "from": [ 4.5, 0.5, 1.5 ],
    "to": [ 15, 1.5, 14.5 ],
    "faces": {
        "down":  { "uv": [ 0, 3, 10.5, 16 ], "texture": "#texture", "cullface": "up" },
        "up":    { "uv": [ 4.5, 1.5, 15, 14.5 ], "texture": "#texture", "cullface": "up" },
        "north": { "uv": [ 4.5, 0, 15, 1 ], "texture": "#texture", "cullface": "up" },
        "south": { "uv": [ 4.5, 0, 15, 1 ], "texture": "#texture", "cullface": "up" },
        "west":  { "uv": [ 1.5, 0, 14.5, 1 ], "texture": "#texture", "cullface": "up" },
        "east":  { "uv": [ 1.5, 0, 14.5, 1 ], "texture": "#texture", "cullface": "up" }
    }
},
{
    "from": [ 4.5, 6.5, 1.5 ],
    "to": [ 15, 7.5, 14.5 ],
    "faces": {
        "down":  { "uv": [ 0, 3, 10.5, 16 ], "texture": "#texture" },
        "up":    { "uv": [ 4.5, 1.5, 15, 14.5 ], "texture": "#texture" },
        "west":  { "uv": [ 1.5, 0, 14.5, 1 ], "texture": "#texture" }
    }
},
{
    "from": [ -6.5, -1.5, 5 ],
    "to": [ -5.5, 1.5, 6 ],
    "rotation": { "origin": [ -6.5, -1.5, 5 ], "axis": "y", "angle": -45 },
    "faces": {
        "down":  { "uv": [ -6.5, 5, -5.5, 6 ], "texture": "#texture", "cullface": "west" },
        "up":    { "uv": [ 0, 5, 1, 6 ], "texture": "#texture", "cullface": "west" },
        "north": { "uv": [ 0, 0, 1, 3 ], "texture": "#texture", "cullface": "west" },
        "south": { "uv": [ 0, 0, 1, 3 ], "texture": "#texture", "cullface": "west" },
        "west":  { "uv": [ 5, 0, 6, 3 ], "texture": "#texture", "cullface": "west" },
        "east":  { "uv": [ 5, 0, 6, 3 ], "texture": "#texture", "cullface": "west" }
    }
}
],
"display": {
    "firstperson_righthand": {
        "rotation": [ 0, 0, 0 ],
        "translation": [ 0, 0, 0 ],
        "scale": [ 0.41, 0.38, 0.6 ]
    },
    "gui": {
        "rotation": [ 33, 125, 0 ],
        "translation": [ 0, -2.65, 0 ],
        "scale": [ 0.4, 0.4, 0.4 ]
    }
}
}