{
"__comment": "Designed by tomaxed with Cubik",
"textures": {
    "particle": "blocks/hardened_clay_stained_red",
    "texture": "blocks/hardened_clay_stained_red"
},
"elements": [ 
{
    "from": [ 10, 10, 0 ],
    "to": [ 13, 11, 16 ],
    "faces": {
        "down":  { "uv": [ 6, 16, 3, 0 ], "texture": "#texture" },
        "up":    { "uv": [ 10, 0, 13, 16 ], "texture": "#texture" },
        "north": { "uv": [ 3, 5, 6, 6 ], "texture": "#texture" },
        "south": { "uv": [ 10, 5, 13, 6 ], "texture": "#texture" },
        "west":  { "uv": [ 0, 5, 16, 6 ], "texture": "#texture" },
        "east":  { "uv": [ 0, 5, 16, 6 ], "texture": "#texture" }
    }
},
{
    "from": [ 10, 4, 0 ],
    "to": [ 13, 5, 16 ],
    "faces": {
        "down":  { "uv": [ 6, 16, 3, 0 ], "texture": "#texture" },
        "up":    { "uv": [ 10, 0, 13, 16 ], "texture": "#texture" },
        "north": { "uv": [ 3, 11, 6, 12 ], "texture": "#texture" },
        "south": { "uv": [ 10, 11, 13, 12 ], "texture": "#texture" },
        "west":  { "uv": [ 0, 11, 16, 12 ], "texture": "#texture" },
        "east":  { "uv": [ 0, 11, 16, 12 ], "texture": "#texture" }
    }
},
{
    "from": [ 8, 6, 0 ],
    "to": [ 9, 9, 16 ],
    "faces": {
        "down":  { "uv": [ 8, 16, 7, 0 ], "texture": "#texture" },
        "up":    { "uv": [ 8, 0, 9, 16 ], "texture": "#texture" },
        "north": { "uv": [ 7, 7, 8, 10 ], "texture": "#texture" },
        "south": { "uv": [ 8, 7, 9, 10 ], "texture": "#texture" },
        "west":  { "uv": [ 0, 7, 16, 10 ], "texture": "#texture" },
        "east":  { "uv": [ 0, 7, 16, 10 ], "texture": "#texture" }
    }
},
{
    "from": [ 14, 6, 0 ],
    "to": [ 15, 9, 16 ],
    "faces": {
        "down":  { "uv": [ 2, 16, 1, 0 ], "texture": "#texture" },
        "up":    { "uv": [ 14, 0, 15, 16 ], "texture": "#texture" },
        "north": { "uv": [ 1, 7, 2, 10 ], "texture": "#texture" },
        "south": { "uv": [ 14, 7, 15, 10 ], "texture": "#texture" },
        "west":  { "uv": [ 0, 7, 16, 10 ], "texture": "#texture" },
        "east":  { "uv": [ 0, 7, 16, 10 ], "texture": "#texture" }
    }
},
{
    "from": [ 8, 3.0625, 0 ],
    "to": [ 9, 6, 16 ],
    "rotation": { "origin": [ 8, 6, 0 ], "axis": "z", "angle": 45 },
    "faces": {
        "down":  { "uv": [ 8, 16, 7, 0 ], "texture": "#texture" },
        "up":    { "uv": [ 8, 0, 9, 16 ], "texture": "#texture" },
        "north": { "uv": [ 7, 10, 8, 13 ], "texture": "#texture" },
        "south": { "uv": [ 8, 10, 9, 13 ], "texture": "#texture" },
        "west":  { "uv": [ 0, 10, 16, 13 ], "texture": "#texture" },
        "east":  { "uv": [ 0, 10, 16, 13 ], "texture": "#texture" }
    }
},
{
    "from": [ 10, 8.0625, 0 ],
    "to": [ 11, 11, 16 ],
    "rotation": { "origin": [ 10, 11, 0 ], "axis": "z", "angle": -45 },
    "faces": {
        "down":  { "uv": [ 8, 16, 7, 0 ], "texture": "#texture" },
        "up":    { "uv": [ 8, 0, 9, 16 ], "texture": "#texture" },
        "north": { "uv": [ 7, 10, 8, 13 ], "texture": "#texture" },
        "south": { "uv": [ 8, 10, 9, 13 ], "texture": "#texture" },
        "west":  { "uv": [ 0, 10, 16, 13 ], "texture": "#texture" },
        "east":  { "uv": [ 0, 10, 16, 13 ], "texture": "#texture" }
    }
},
{
    "from": [ 12.25, 7.375, 0 ],
    "to": [ 13.25, 10.3125, 16 ],
    "rotation": { "origin": [ 12.25, 10.3125, 0 ], "axis": "z", "angle": 45 },
    "faces": {
        "down":  { "uv": [ 8, 16, 7, 0 ], "texture": "#texture" },
        "up":    { "uv": [ 8, 0, 9, 16 ], "texture": "#texture" },
        "north": { "uv": [ 7, 10, 8, 13 ], "texture": "#texture" },
        "south": { "uv": [ 8, 10, 9, 13 ], "texture": "#texture" },
        "west":  { "uv": [ 0, 10, 16, 13 ], "texture": "#texture" },
        "east":  { "uv": [ 0, 10, 16, 13 ], "texture": "#texture" }
    }
},
{
    "from": [ 14.375, 3.8125, 0 ],
    "to": [ 15.375, 6.75, 16 ],
    "rotation": { "origin": [ 14.375, 6.75, 0 ], "axis": "z", "angle": -45 },
    "faces": {
        "down":  { "uv": [ 8, 16, 7, 0 ], "texture": "#texture" },
        "up":    { "uv": [ 8, 0, 9, 16 ], "texture": "#texture" },
        "north": { "uv": [ 7, 10, 8, 13 ], "texture": "#texture" },
        "south": { "uv": [ 8, 10, 9, 13 ], "texture": "#texture" },
        "west":  { "uv": [ 0, 10, 16, 13 ], "texture": "#texture" },
        "east":  { "uv": [ 0, 10, 16, 13 ], "texture": "#texture" }
    }
},
{
    "from": [ 14.5, 2, 0 ],
    "to": [ 16, 3.5, 16 ],
    "rotation": { "origin": [ 14.5, 3.5, 0 ], "axis": "z", "angle": -22.5 },
    "faces": {
        "down":  { "uv": [ 14.5, 0, 16, 16 ], "texture": "#texture" },
        "up":    { "uv": [ 14.5, 0, 16, 16 ], "texture": "#texture" },
        "north": { "uv": [ 14.5, 12.5, 16, 14 ], "texture": "#texture" },
        "south": { "uv": [ 14.5, 12.5, 16, 14 ], "texture": "#texture" },
        "west":  { "uv": [ 0, 12.5, 16, 14 ], "texture": "#texture" },
        "east":  { "uv": [ 0, 12.5, 16, 14 ], "texture": "#texture" }
    }
},
{
    "from": [ 15, 12.5, 0 ],
    "to": [ 16, 13.5, 16 ],
    "rotation": { "origin": [ 15, 13.5, 0 ], "axis": "z", "angle": -22.5 },
    "faces": {
        "down":  { "uv": [ 15, 0, 16, 16 ], "texture": "#texture" },
        "up":    { "uv": [ 15, 0, 16, 16 ], "texture": "#texture" },
        "north": { "uv": [ 15, 2.5, 16, 3.5 ], "texture": "#texture" },
        "south": { "uv": [ 15, 2.5, 16, 3.5 ], "texture": "#texture" },
        "west":  { "uv": [ 0, 2.5, 16, 3.5 ], "texture": "#texture" },
        "east":  { "uv": [ 0, 2.5, 16, 3.5 ], "texture": "#texture" }
    }
},
{
    "from": [ 15.5, 9.5, 0 ],
    "to": [ 16, 10.5, 16 ],
    "rotation": { "origin": [ 15.5, 10.5, 0 ], "axis": "z", "angle": -22.5 },
    "faces": {
        "down":  { "uv": [ 15.5, 0, 16, 16 ], "texture": "#texture" },
        "up":    { "uv": [ 15.5, 0, 16, 16 ], "texture": "#texture" },
        "north": { "uv": [ 15.5, 5.5, 16, 6.5 ], "texture": "#texture" },
        "south": { "uv": [ 15.5, 5.5, 16, 6.5 ], "texture": "#texture" },
        "west":  { "uv": [ 0, 5.5, 16, 6.5 ], "texture": "#texture" },
        "east":  { "uv": [ 0, 5.5, 16, 6.5 ], "texture": "#texture" }
    }
},
{
    "from": [ 15, 9.5, 4 ],
    "to": [ 15.5, 13, 4.5 ],
    "rotation": { "origin": [ 15, 13, 4 ], "axis": "z", "angle": -45 },
    "faces": {
        "down":  { "uv": [ 8.5, 4.5, 8, 4 ], "texture": "#texture" },
        "up":    { "uv": [ 7.5, 4, 8, 4.5 ], "texture": "#texture" },
        "north": { "uv": [ 8, 3, 8.5, 6.5 ], "texture": "#texture" },
        "south": { "uv": [ 7.5, 3, 8, 6.5 ], "texture": "#texture" },
        "west":  { "uv": [ 4, 3, 4.5, 6.5 ], "texture": "#texture" },
        "east":  { "uv": [ 11.5, 3, 12, 6.5 ], "texture": "#texture" }
    }
},
{
    "from": [ 13, 2, 9.5 ],
    "to": [ 13.5, 5.5, 10 ],
    "rotation": { "origin": [ 13, 5.5, 9.5 ], "axis": "z", "angle": 22.5 },
    "faces": {
        "down":  { "uv": [ 8.5, 4.5, 8, 4 ], "texture": "#texture" },
        "up":    { "uv": [ 7.5, 4, 8, 4.5 ], "texture": "#texture" },
        "north": { "uv": [ 8, 3, 8.5, 6.5 ], "texture": "#texture" },
        "south": { "uv": [ 7.5, 3, 8, 6.5 ], "texture": "#texture" },
        "west":  { "uv": [ 4, 3, 4.5, 6.5 ], "texture": "#texture" },
        "east":  { "uv": [ 11.5, 3, 12, 6.5 ], "texture": "#texture" }
    }
}
]
}