{
"__comment": "Designed by tomaxed with Cubik",

"textures": {
    "particle": "blocks/purpur_block",
    "texture": "blocks/purpur_block",
    "brick": "blocks/brick"
},
"elements": [ 
{
    "from": [ 0, 0, 0 ],
    "to": [ 16, 16, 16 ],
	"shades": false,
    "faces": {
        "down":  { "uv": [ 0, 0, 16, 16 ], "texture": "#brick", "cullface": "down" },
        "north": { "uv": [ 0, 0, 16, 16 ], "texture": "#brick", "cullface": "north" },
        "south": { "uv": [ 0, 0, 16, 16 ], "texture": "#brick", "cullface": "south" },
        "west":  { "uv": [ 0, 0, 16, 16 ], "texture": "#brick", "cullface": "west" },
        "east":  { "uv": [ 0, 0, 16, 16 ], "texture": "#brick", "cullface": "east" }
    }
},
{
    "from": [ 0, 16, 0 ],
    "to": [ 16, 32, 16 ],
    "faces": {
        "up":    { "uv": [ 0, 0, 16, 16 ], "texture": "#texture", "cullface": "up" },
        "north": { "uv": [ 0, 0, 16, 16 ], "texture": "#brick", "cullface": "up" },
        "south": { "uv": [ 0, 0, 16, 16 ], "texture": "#brick", "cullface": "up" },
        "west":  { "uv": [ 0, 0, 16, 16 ], "texture": "#brick", "cullface": "up" },
        "east":  { "uv": [ 0, 0, 16, 16 ], "texture": "#brick", "cullface": "up" }
    }
}
],
"display": {
    "firstperson_righthand": {
        "rotation": [ 0, 0, 0 ],
        "translation": [ 0, 0, 0 ],
        "scale": [ 0.19, 0.28, 0.35 ]
    },
    "gui": {
        "rotation": [ 30, 225, 0 ],
        "translation": [ 0, -2.8, 0 ],
        "scale": [ 0.4, 0.4, 0.4 ]
    }
}
}