{
"__comment": "Designed by Tomaxed44 for Hexion with cubik http://hexionmc.com/",
"textures": {
    "particle": "blocks/stone_diorite_smooth",
    "texture": "blocks/stone_diorite_smooth"
},
"elements": [ 
{
    "from": [ 0, 7, 0 ],
    "to": [ 1, 8, 16 ],
    "faces": {
        "down":  { "uv": [ 16, 16, 15, 0 ], "texture": "#texture" },
        "up":    { "uv": [ 0, 0, 1, 16 ], "texture": "#texture" },
        "north": { "uv": [ 15, 8, 16, 9 ], "texture": "#texture", "cullface": "north" },
        "south": { "uv": [ 0, 8, 1, 9 ], "texture": "#texture", "cullface": "south" },
        "west":  { "uv": [ 0, 8, 16, 9 ], "texture": "#texture", "cullface": "west" },
        "east":  { "uv": [ 0, 8, 16, 9 ], "texture": "#texture" }
    }
},
{
    "from": [ 8, 15, 0 ],
    "to": [ 9, 16, 16 ],
    "faces": {
        "down":  { "uv": [ 8, 16, 7, 0 ], "texture": "#texture" },
        "up":    { "uv": [ 8, 0, 9, 16 ], "texture": "#texture", "cullface": "up" },
        "north": { "uv": [ 7, 0, 8, 1 ], "texture": "#texture", "cullface": "north" },
        "south": { "uv": [ 8, 0, 9, 1 ], "texture": "#texture", "cullface": "south" },
        "west":  { "uv": [ 0, 0, 16, 1 ], "texture": "#texture" },
        "east":  { "uv": [ 0, 0, 16, 1 ], "texture": "#texture" }
    }
},
{
    "from": [ 2, 7, 0 ],
    "to": [ 3, 8, 16 ],
    "faces": {
        "down":  { "uv": [ 14, 16, 13, 0 ], "texture": "#texture" },
        "up":    { "uv": [ 2, 0, 3, 16 ], "texture": "#texture" },
        "north": { "uv": [ 13, 8, 14, 9 ], "texture": "#texture", "cullface": "north" },
        "south": { "uv": [ 2, 8, 3, 9 ], "texture": "#texture", "cullface": "south" },
        "west":  { "uv": [ 0, 8, 16, 9 ], "texture": "#texture" },
        "east":  { "uv": [ 0, 8, 16, 9 ], "texture": "#texture" }
    }
},
{
    "from": [ 4, 7, 0 ],
    "to": [ 5, 8, 16 ],
    "faces": {
        "down":  { "uv": [ 12, 16, 11, 0 ], "texture": "#texture" },
        "up":    { "uv": [ 4, 0, 5, 16 ], "texture": "#texture" },
        "north": { "uv": [ 11, 8, 12, 9 ], "texture": "#texture", "cullface": "north" },
        "south": { "uv": [ 4, 8, 5, 9 ], "texture": "#texture", "cullface": "south" },
        "west":  { "uv": [ 0, 8, 16, 9 ], "texture": "#texture" },
        "east":  { "uv": [ 0, 8, 16, 9 ], "texture": "#texture" }
    }
},
{
    "from": [ 6, 7, 0 ],
    "to": [ 7, 8, 16 ],
    "faces": {
        "down":  { "uv": [ 10, 16, 9, 0 ], "texture": "#texture" },
        "up":    { "uv": [ 6, 0, 7, 16 ], "texture": "#texture" },
        "north": { "uv": [ 9, 8, 10, 9 ], "texture": "#texture", "cullface": "north" },
        "south": { "uv": [ 6, 8, 7, 9 ], "texture": "#texture", "cullface": "south" },
        "west":  { "uv": [ 0, 8, 16, 9 ], "texture": "#texture" },
        "east":  { "uv": [ 0, 8, 16, 9 ], "texture": "#texture" }
    }
},
{
    "from": [ 8, 7, 0 ],
    "to": [ 9, 8, 16 ],
    "faces": {
        "down":  { "uv": [ 8, 16, 7, 0 ], "texture": "#texture" },
        "up":    { "uv": [ 8, 0, 9, 16 ], "texture": "#texture" },
        "north": { "uv": [ 7, 8, 8, 9 ], "texture": "#texture", "cullface": "north" },
        "south": { "uv": [ 8, 8, 9, 9 ], "texture": "#texture", "cullface": "south" },
        "west":  { "uv": [ 0, 8, 16, 9 ], "texture": "#texture" },
        "east":  { "uv": [ 0, 8, 16, 9 ], "texture": "#texture" }
    }
},
{
    "from": [ 0, 7, 0 ],
    "to": [ 8, 8, 1 ],
    "faces": {
        "down":  { "uv": [ 16, 1, 8, 0 ], "texture": "#texture" },
        "up":    { "uv": [ 0, 0, 8, 1 ], "texture": "#texture" },
        "north": { "uv": [ 8, 8, 16, 9 ], "texture": "#texture", "cullface": "north" },
        "south": { "uv": [ 0, 8, 8, 9 ], "texture": "#texture" },
        "west":  { "uv": [ 0, 8, 1, 9 ], "texture": "#texture", "cullface": "west" }
    }
},
{
    "from": [ 0, 7, 2 ],
    "to": [ 8, 8, 3 ],
    "faces": {
        "down":  { "uv": [ 16, 3, 8, 2 ], "texture": "#texture" },
        "up":    { "uv": [ 0, 2, 8, 3 ], "texture": "#texture" },
        "north": { "uv": [ 8, 8, 16, 9 ], "texture": "#texture" },
        "south": { "uv": [ 0, 8, 8, 9 ], "texture": "#texture" },
        "west":  { "uv": [ 2, 8, 3, 9 ], "texture": "#texture", "cullface": "west" }
    }
},
{
    "from": [ 0, 7, 4 ],
    "to": [ 8, 8, 5 ],
    "faces": {
        "down":  { "uv": [ 16, 5, 8, 4 ], "texture": "#texture" },
        "up":    { "uv": [ 0, 4, 8, 5 ], "texture": "#texture" },
        "north": { "uv": [ 8, 8, 16, 9 ], "texture": "#texture" },
        "south": { "uv": [ 0, 8, 8, 9 ], "texture": "#texture" },
        "west":  { "uv": [ 4, 8, 5, 9 ], "texture": "#texture", "cullface": "west" }
    }
},
{
    "from": [ 0, 7, 6 ],
    "to": [ 8, 8, 7 ],
    "faces": {
        "down":  { "uv": [ 16, 7, 8, 6 ], "texture": "#texture" },
        "up":    { "uv": [ 0, 6, 8, 7 ], "texture": "#texture" },
        "north": { "uv": [ 8, 8, 16, 9 ], "texture": "#texture" },
        "south": { "uv": [ 0, 8, 8, 9 ], "texture": "#texture" },
        "west":  { "uv": [ 6, 8, 7, 9 ], "texture": "#texture", "cullface": "west" }
    }
},
{
    "from": [ 0, 7, 8 ],
    "to": [ 8, 8, 9 ],
    "faces": {
        "down":  { "uv": [ 16, 9, 8, 8 ], "texture": "#texture" },
        "up":    { "uv": [ 0, 8, 8, 9 ], "texture": "#texture" },
        "north": { "uv": [ 8, 8, 16, 9 ], "texture": "#texture" },
        "south": { "uv": [ 0, 8, 8, 9 ], "texture": "#texture" },
        "west":  { "uv": [ 8, 8, 9, 9 ], "texture": "#texture", "cullface": "west" }
    }
},
{
    "from": [ 0, 7, 10 ],
    "to": [ 8, 8, 11 ],
    "faces": {
        "down":  { "uv": [ 16, 11, 8, 10 ], "texture": "#texture" },
        "up":    { "uv": [ 0, 10, 8, 11 ], "texture": "#texture" },
        "north": { "uv": [ 8, 8, 16, 9 ], "texture": "#texture" },
        "south": { "uv": [ 0, 8, 8, 9 ], "texture": "#texture" },
        "west":  { "uv": [ 10, 8, 11, 9 ], "texture": "#texture", "cullface": "west" }
    }
},
{
    "from": [ 0, 7, 12 ],
    "to": [ 8, 8, 13 ],
    "faces": {
        "down":  { "uv": [ 16, 13, 8, 12 ], "texture": "#texture" },
        "up":    { "uv": [ 0, 12, 8, 13 ], "texture": "#texture" },
        "north": { "uv": [ 8, 8, 16, 9 ], "texture": "#texture" },
        "south": { "uv": [ 0, 8, 8, 9 ], "texture": "#texture" },
        "west":  { "uv": [ 12, 8, 13, 9 ], "texture": "#texture", "cullface": "west" }
    }
},
{
    "from": [ 0, 7, 14 ],
    "to": [ 8, 8, 15 ],
    "faces": {
        "down":  { "uv": [ 16, 15, 8, 14 ], "texture": "#texture" },
        "up":    { "uv": [ 0, 14, 8, 15 ], "texture": "#texture" },
        "north": { "uv": [ 8, 8, 16, 9 ], "texture": "#texture" },
        "south": { "uv": [ 0, 8, 8, 9 ], "texture": "#texture" },
        "west":  { "uv": [ 14, 8, 15, 9 ], "texture": "#texture", "cullface": "west" }
    }
},
{
    "from": [ 10, 15, 0 ],
    "to": [ 11, 16, 16 ],
    "faces": {
        "down":  { "uv": [ 6, 16, 5, 0 ], "texture": "#texture" },
        "up":    { "uv": [ 10, 0, 11, 16 ], "texture": "#texture", "cullface": "up" },
        "north": { "uv": [ 5, 0, 6, 1 ], "texture": "#texture", "cullface": "north" },
        "south": { "uv": [ 10, 0, 11, 1 ], "texture": "#texture", "cullface": "south" },
        "west":  { "uv": [ 0, 0, 16, 1 ], "texture": "#texture" },
        "east":  { "uv": [ 0, 0, 16, 1 ], "texture": "#texture" }
    }
},
{
    "from": [ 12, 15, 0 ],
    "to": [ 13, 16, 16 ],
    "faces": {
        "down":  { "uv": [ 4, 16, 3, 0 ], "texture": "#texture" },
        "up":    { "uv": [ 12, 0, 13, 16 ], "texture": "#texture", "cullface": "up" },
        "north": { "uv": [ 3, 0, 4, 1 ], "texture": "#texture", "cullface": "north" },
        "south": { "uv": [ 12, 0, 13, 1 ], "texture": "#texture", "cullface": "south" },
        "west":  { "uv": [ 0, 0, 16, 1 ], "texture": "#texture" },
        "east":  { "uv": [ 0, 0, 16, 1 ], "texture": "#texture" }
    }
},
{
    "from": [ 14, 15, 0 ],
    "to": [ 15, 16, 16 ],
    "faces": {
        "down":  { "uv": [ 2, 16, 1, 0 ], "texture": "#texture" },
        "up":    { "uv": [ 14, 0, 15, 16 ], "texture": "#texture", "cullface": "up" },
        "north": { "uv": [ 1, 0, 2, 1 ], "texture": "#texture", "cullface": "north" },
        "south": { "uv": [ 14, 0, 15, 1 ], "texture": "#texture", "cullface": "south" },
        "west":  { "uv": [ 0, 0, 16, 1 ], "texture": "#texture" },
        "east":  { "uv": [ 0, 0, 16, 1 ], "texture": "#texture" }
    }
},
{
    "from": [ 9, 15, 0 ],
    "to": [ 16, 16, 1 ],
    "faces": {
        "down":  { "uv": [ 7, 1, 0, 0 ], "texture": "#texture" },
        "up":    { "uv": [ 9, 0, 16, 1 ], "texture": "#texture", "cullface": "up" },
        "north": { "uv": [ 0, 0, 7, 1 ], "texture": "#texture", "cullface": "north" },
        "south": { "uv": [ 9, 0, 16, 1 ], "texture": "#texture" },
        "east":  { "uv": [ 15, 0, 16, 1 ], "texture": "#texture", "cullface": "east" }
    }
},
{
    "from": [ 9, 15, 2 ],
    "to": [ 16, 16, 3 ],
    "faces": {
        "down":  { "uv": [ 7, 3, 0, 2 ], "texture": "#texture" },
        "up":    { "uv": [ 9, 2, 16, 3 ], "texture": "#texture", "cullface": "up" },
        "north": { "uv": [ 0, 0, 7, 1 ], "texture": "#texture" },
        "south": { "uv": [ 9, 0, 16, 1 ], "texture": "#texture" },
        "east":  { "uv": [ 13, 0, 14, 1 ], "texture": "#texture", "cullface": "east" }
    }
},
{
    "from": [ 9, 15, 4 ],
    "to": [ 16, 16, 5 ],
    "faces": {
        "down":  { "uv": [ 7, 5, 0, 4 ], "texture": "#texture" },
        "up":    { "uv": [ 9, 4, 16, 5 ], "texture": "#texture", "cullface": "up" },
        "north": { "uv": [ 0, 0, 7, 1 ], "texture": "#texture" },
        "south": { "uv": [ 9, 0, 16, 1 ], "texture": "#texture" },
        "east":  { "uv": [ 11, 0, 12, 1 ], "texture": "#texture", "cullface": "east" }
    }
},
{
    "from": [ 9, 15, 6 ],
    "to": [ 16, 16, 7 ],
    "faces": {
        "down":  { "uv": [ 7, 7, 0, 6 ], "texture": "#texture" },
        "up":    { "uv": [ 9, 6, 16, 7 ], "texture": "#texture", "cullface": "up" },
        "north": { "uv": [ 0, 0, 7, 1 ], "texture": "#texture" },
        "south": { "uv": [ 9, 0, 16, 1 ], "texture": "#texture" },
        "east":  { "uv": [ 9, 0, 10, 1 ], "texture": "#texture", "cullface": "east" }
    }
},
{
    "from": [ 9, 15, 8 ],
    "to": [ 16, 16, 9 ],
    "faces": {
        "down":  { "uv": [ 7, 9, 0, 8 ], "texture": "#texture" },
        "up":    { "uv": [ 9, 8, 16, 9 ], "texture": "#texture", "cullface": "up" },
        "north": { "uv": [ 0, 0, 7, 1 ], "texture": "#texture" },
        "south": { "uv": [ 9, 0, 16, 1 ], "texture": "#texture" },
        "east":  { "uv": [ 7, 0, 8, 1 ], "texture": "#texture", "cullface": "east" }
    }
},
{
    "from": [ 9, 15, 10 ],
    "to": [ 16, 16, 11 ],
    "faces": {
        "down":  { "uv": [ 7, 11, 0, 10 ], "texture": "#texture" },
        "up":    { "uv": [ 9, 10, 16, 11 ], "texture": "#texture", "cullface": "up" },
        "north": { "uv": [ 0, 0, 7, 1 ], "texture": "#texture" },
        "south": { "uv": [ 9, 0, 16, 1 ], "texture": "#texture" },
        "east":  { "uv": [ 5, 0, 6, 1 ], "texture": "#texture", "cullface": "east" }
    }
},
{
    "from": [ 9, 15, 12 ],
    "to": [ 16, 16, 13 ],
    "faces": {
        "down":  { "uv": [ 7, 13, 0, 12 ], "texture": "#texture" },
        "up":    { "uv": [ 9, 12, 16, 13 ], "texture": "#texture", "cullface": "up" },
        "north": { "uv": [ 0, 0, 7, 1 ], "texture": "#texture" },
        "south": { "uv": [ 9, 0, 16, 1 ], "texture": "#texture" },
        "east":  { "uv": [ 3, 0, 4, 1 ], "texture": "#texture", "cullface": "east" }
    }
},
{
    "from": [ 9, 15, 14 ],
    "to": [ 16, 16, 15 ],
    "faces": {
        "down":  { "uv": [ 7, 15, 0, 14 ], "texture": "#texture" },
        "up":    { "uv": [ 9, 14, 16, 15 ], "texture": "#texture", "cullface": "up" },
        "north": { "uv": [ 0, 0, 7, 1 ], "texture": "#texture" },
        "south": { "uv": [ 9, 0, 16, 1 ], "texture": "#texture" },
        "east":  { "uv": [ 1, 0, 2, 1 ], "texture": "#texture", "cullface": "east" }
    }
},
{
    "from": [ 16, 14.9375, 0 ],
    "to": [ 17, 15.9375, 16 ],
    "faces": {
        "down":  { "uv": [ 15, 0, 16, 16 ], "texture": "#texture", "cullface": "east" },
        "up":    { "uv": [ 15, 0, 16, 16 ], "texture": "#texture", "cullface": "east" },
        "north": { "uv": [ 15, 0, 16, 1 ], "texture": "#texture", "cullface": "east" },
        "south": { "uv": [ 15, 0, 16, 1 ], "texture": "#texture", "cullface": "east" },
        "west":  { "uv": [ 0, 0, 16, 1 ], "texture": "#texture", "cullface": "east" },
        "east":  { "uv": [ 0, 0, 16, 1 ], "texture": "#texture", "cullface": "east" }
    }
},
{
    "from": [ 1.5625, -0.125, 7 ],
    "to": [ 23.5625, 0.875, 9 ],
    "rotation": { "origin": [ 1.5625, 0.875, 7 ], "axis": "z", "angle": 45 },
    "faces": {
        "down":  { "uv": [ 16, 7.5, 0, 6.5 ], "texture": "#texture" },
        "up":    { "uv": [ 0, 6.5, 16, 7.5 ], "texture": "#texture" },
        "north": { "uv": [ 0, 15, 16, 16 ], "texture": "#texture" },
        "south": { "uv": [ 0, 15, 16, 16 ], "texture": "#texture" },
        "west":  { "uv": [ 6.5, 15, 7.5, 16 ], "texture": "#texture" },
        "east":  { "uv": [ 8.5, 15, 9.5, 16 ], "texture": "#texture" }
    }
}
],
"display": {
    "gui": {
        "rotation": [ 30, 225, 0 ],
        "translation": [ 0, 0, 0 ],
        "scale": [ 0.625, 0.625, 0.625 ]
    }
}
}