{
"__comment": "Designed by Tomaxed44",
"textures": {
    "particle": "blocks/planks_spruce",
    "texture": "blocks/planks_spruce"
},
"elements": [ 
{
    "__comment": "rescaled element",
    "from": [ 0, -0.5, 0 ],
    "to": [ 22.5, 0, 16.006 ],
    "shade": false,
    "rotation": { "origin": [ 0, 0, 0 ], "axis": "z", "angle": 45 },
    "faces": {
        "down":  { "uv": [ 0, 0, 16, 16 ], "rotation": 90, "texture": "#texture" },
        "up":    { "uv": [ 0, 0, 16, 16 ], "rotation": 90, "texture": "#texture" },
        "north": { "uv": [ 0, 0, 16, 0.5 ], "texture": "#texture" },
        "south": { "uv": [ 0, 0, 16, 0.5 ], "texture": "#texture" },
        "west":  { "uv": [ 0, 0, 16, 0.5 ], "texture": "#texture" },
        "east":  { "uv": [ 0, 0, 16, 0.5 ], "texture": "#texture" }
    }
},
{
    "from": [ 0.5, 0, 0 ],
    "to": [ 16, 0.5, 16 ],
    "shade": false,
    "faces": {
        "down":  { "uv": [ 15.5, 16, 0, 0 ], "texture": "#texture" },
        "up":    { "uv": [ 0.5, 0, 16, 16 ], "texture": "#texture" },
        "north": { "uv": [ 0, 15.5, 15.5, 16 ], "texture": "#texture" },
        "south": { "uv": [ 0.5, 15.5, 16, 16 ], "texture": "#texture" },
        "west":  { "uv": [ 0, 15.5, 16, 16 ], "texture": "#texture" },
        "east":  { "uv": [ 0, 15.5, 16, 16 ], "texture": "#texture" }
    }
},
{
    "__comment": "rescaled element2",
    "from": [ 1.0625, -0.125, 0 ],
    "to": [ 22.0565, 0.375, 16.006 ],
    "shade": false,
    "rotation": { "origin": [ 1.0625, 0.375, 0 ], "axis": "z", "angle": 45 },
    "faces": {
        "north": { "uv": [ 1, 15.6875, 16, 16 ], "texture": "#texture" },
        "south": { "uv": [ 1, 15.6875, 16, 16 ], "texture": "#texture" },
        "west":  { "uv": [ 0, 15.6875, 16, 16 ], "texture": "#texture" },
        "east":  { "uv": [ 0, 15.6875, 16, 16 ], "texture": "#texture" }
    }
},
{
    "from": [ 1.5, 0.5, 0 ],
    "to": [ 16, 1.5, 16 ],
    "shade": false,
    "faces": {
        "up":    { "uv": [ 1.5, 0, 16, 16 ], "texture": "#texture" },
        "north": { "uv": [ 0, 14.5, 14.5, 15.5 ], "texture": "#texture" },
        "south": { "uv": [ 1.5, 14.5, 16, 15.5 ], "texture": "#texture" },
        "west":  { "uv": [ 0, 14.5, 16, 15.5 ], "texture": "#texture" },
        "east":  { "uv": [ 0, 14.5, 16, 15.5 ], "texture": "#texture" }
    }
},
{
    "from": [ 2.5, 1.5, 0 ],
    "to": [ 16, 2.5, 16 ],
    "shade": false,
    "faces": {
        "up":    { "uv": [ 2.5, 0, 16, 16 ], "texture": "#texture" },
        "north": { "uv": [ 0, 13.5, 13.5, 14.5 ], "texture": "#texture" },
        "south": { "uv": [ 2.5, 13.5, 16, 14.5 ], "texture": "#texture" },
        "west":  { "uv": [ 0, 13.5, 16, 14.5 ], "texture": "#texture" },
        "east":  { "uv": [ 0, 13.5, 16, 14.5 ], "texture": "#texture" }
    }
},
{
    "from": [ 3.5, 2.5, 0 ],
    "to": [ 16, 3.5, 16 ],
    "shade": false,
    "faces": {
        "up":    { "uv": [ 3.5, 0, 16, 16 ], "texture": "#texture" },
        "north": { "uv": [ 0, 12.5, 12.5, 13.5 ], "texture": "#texture" },
        "south": { "uv": [ 3.5, 12.5, 16, 13.5 ], "texture": "#texture" },
        "west":  { "uv": [ 0, 12.5, 16, 13.5 ], "texture": "#texture" },
        "east":  { "uv": [ 0, 12.5, 16, 13.5 ], "texture": "#texture" }
    }
},
{
    "from": [ 4.5, 3.5, 0 ],
    "to": [ 16, 4.5, 16 ],
    "shade": false,
    "faces": {
        "up":    { "uv": [ 4.5, 0, 16, 16 ], "texture": "#texture" },
        "north": { "uv": [ 0, 11.5, 11.5, 12.5 ], "texture": "#texture" },
        "south": { "uv": [ 4.5, 11.5, 16, 12.5 ], "texture": "#texture" },
        "west":  { "uv": [ 0, 11.5, 16, 12.5 ], "texture": "#texture" },
        "east":  { "uv": [ 0, 11.5, 16, 12.5 ], "texture": "#texture" }
    }
},
{
    "from": [ 5.5, 4.5, 0 ],
    "to": [ 16, 5.5, 16 ],
    "shade": false,
    "faces": {
        "up":    { "uv": [ 5.5, 0, 16, 16 ], "texture": "#texture" },
        "north": { "uv": [ 0, 10.5, 10.5, 11.5 ], "texture": "#texture" },
        "south": { "uv": [ 5.5, 10.5, 16, 11.5 ], "texture": "#texture" },
        "west":  { "uv": [ 0, 10.5, 16, 11.5 ], "texture": "#texture" },
        "east":  { "uv": [ 0, 10.5, 16, 11.5 ], "texture": "#texture" }
    }
},
{
    "from": [ 6.5, 5.5, 0 ],
    "to": [ 16, 6.5, 16 ],
    "shade": false,
    "faces": {
        "up":    { "uv": [ 6.5, 0, 16, 16 ], "texture": "#texture" },
        "north": { "uv": [ 0, 9.5, 9.5, 10.5 ], "texture": "#texture" },
        "south": { "uv": [ 6.5, 9.5, 16, 10.5 ], "texture": "#texture" },
        "west":  { "uv": [ 0, 9.5, 16, 10.5 ], "texture": "#texture" },
        "east":  { "uv": [ 0, 9.5, 16, 10.5 ], "texture": "#texture" }
    }
},
{
    "from": [ 7.5, 6.5, 0 ],
    "to": [ 16, 7.5, 16 ],
    "shade": false,
    "faces": {
        "up":    { "uv": [ 7.5, 0, 16, 16 ], "texture": "#texture" },
        "north": { "uv": [ 0, 8.5, 8.5, 9.5 ], "texture": "#texture" },
        "south": { "uv": [ 7.5, 8.5, 16, 9.5 ], "texture": "#texture" },
        "west":  { "uv": [ 0, 8.5, 16, 9.5 ], "texture": "#texture" },
        "east":  { "uv": [ 0, 8.5, 16, 9.5 ], "texture": "#texture" }
    }
},
{
    "from": [ 8.5, 7.5, 0 ],
    "to": [ 16, 8.5, 16 ],
    "shade": false,
    "faces": {
        "up":    { "uv": [ 8.5, 0, 16, 16 ], "texture": "#texture" },
        "north": { "uv": [ 0, 7.5, 7.5, 8.5 ], "texture": "#texture" },
        "south": { "uv": [ 8.5, 7.5, 16, 8.5 ], "texture": "#texture" },
        "west":  { "uv": [ 0, 7.5, 16, 8.5 ], "texture": "#texture" },
        "east":  { "uv": [ 0, 7.5, 16, 8.5 ], "texture": "#texture" }
    }
},
{
    "from": [ 9.5, 8.5, 0 ],
    "to": [ 16, 9.5, 16 ],
    "shade": false,
    "faces": {
        "up":    { "uv": [ 9.5, 0, 16, 16 ], "texture": "#texture" },
        "north": { "uv": [ 0, 6.5, 6.5, 7.5 ], "texture": "#texture" },
        "south": { "uv": [ 9.5, 6.5, 16, 7.5 ], "texture": "#texture" },
        "west":  { "uv": [ 0, 6.5, 16, 7.5 ], "texture": "#texture" },
        "east":  { "uv": [ 0, 6.5, 16, 7.5 ], "texture": "#texture" }
    }
},
{
    "from": [ 10.5, 9.5, 0 ],
    "to": [ 16, 10.5, 16 ],
    "shade": false,
    "faces": {
        "up":    { "uv": [ 10.5, 0, 16, 16 ], "texture": "#texture" },
        "north": { "uv": [ 0, 5.5, 5.5, 6.5 ], "texture": "#texture" },
        "south": { "uv": [ 10.5, 5.5, 16, 6.5 ], "texture": "#texture" },
        "west":  { "uv": [ 0, 5.5, 16, 6.5 ], "texture": "#texture" },
        "east":  { "uv": [ 0, 5.5, 16, 6.5 ], "texture": "#texture" }
    }
},
{
    "from": [ 11.5, 10.5, 0 ],
    "to": [ 16, 11.5, 16 ],
    "shade": false,
    "faces": {
        "up":    { "uv": [ 11.5, 0, 16, 16 ], "texture": "#texture" },
        "north": { "uv": [ 0, 4.5, 4.5, 5.5 ], "texture": "#texture" },
        "south": { "uv": [ 11.5, 4.5, 16, 5.5 ], "texture": "#texture" },
        "west":  { "uv": [ 0, 4.5, 16, 5.5 ], "texture": "#texture" },
        "east":  { "uv": [ 0, 4.5, 16, 5.5 ], "texture": "#texture" }
    }
},
{
    "from": [ 12.5, 11.5, 0 ],
    "to": [ 16, 12.5, 16 ],
    "shade": false,
    "faces": {
        "up":    { "uv": [ 12.5, 0, 16, 16 ], "texture": "#texture" },
        "north": { "uv": [ 0, 3.5, 3.5, 4.5 ], "texture": "#texture" },
        "south": { "uv": [ 12.5, 3.5, 16, 4.5 ], "texture": "#texture" },
        "west":  { "uv": [ 0, 3.5, 16, 4.5 ], "texture": "#texture" },
        "east":  { "uv": [ 0, 3.5, 16, 4.5 ], "texture": "#texture" }
    }
},
{
    "from": [ 13.5, 12.5, 0 ],
    "to": [ 16, 13.5, 16 ],
    "shade": false,
    "faces": {
        "up":    { "uv": [ 13.5, 0, 16, 16 ], "texture": "#texture" },
        "north": { "uv": [ 0, 2.5, 2.5, 3.5 ], "texture": "#texture" },
        "south": { "uv": [ 13.5, 2.5, 16, 3.5 ], "texture": "#texture" },
        "west":  { "uv": [ 0, 2.5, 16, 3.5 ], "texture": "#texture" },
        "east":  { "uv": [ 0, 2.5, 16, 3.5 ], "texture": "#texture" }
    }
},
{
    "from": [ 14.5, 13.5, 0 ],
    "to": [ 16, 14.5, 16 ],
    "shade": false,
    "faces": {
        "up":    { "uv": [ 14.5, 0, 16, 16 ], "texture": "#texture" },
        "north": { "uv": [ 0, 1.5, 1.5, 2.5 ], "texture": "#texture" },
        "south": { "uv": [ 14.5, 1.5, 16, 2.5 ], "texture": "#texture" },
        "west":  { "uv": [ 0, 1.5, 16, 2.5 ], "texture": "#texture" },
        "east":  { "uv": [ 0, 1.5, 16, 2.5 ], "texture": "#texture" }
    }
},
{
    "from": [ 15.5, 14.5, 0 ],
    "to": [ 16, 15.5, 16 ],
    "shade": false,
    "faces": {
        "up":    { "uv": [ 15.5, 0, 16, 16 ], "texture": "#texture" },
        "north": { "uv": [ 0, 0.5, 0.5, 1.5 ], "texture": "#texture" },
        "south": { "uv": [ 15.5, 0.5, 16, 1.5 ], "texture": "#texture" },
        "west":  { "uv": [ 0, 0.5, 16, 1.5 ], "texture": "#texture" },
        "east":  { "uv": [ 0, 0.5, 16, 1.5 ], "texture": "#texture" }
    }
}
],
"display": {
    "gui": {
        "rotation": [ 30, 225, 0 ],
        "translation": [ 0, 0, 0 ],
        "scale": [ 0.625, 0.625, 0.625 ]
    }
}
}