{
"__comment": "Designed by tomaxed with Cubik",
"textures": {
    "particle": "blocks/trapdoor",
    "texture": "blocks/trapdoor"
},
"elements": [ 
{
    "from": [ 0, 15, 0 ],
    "to": [ 16, 16, 2 ],
    "faces": {
        "down":  { "uv": [ 16, 2, 0, 0 ], "texture": "#texture" },
        "up":    { "uv": [ 0, 0, 16, 2 ], "texture": "#texture" },
        "north": { "uv": [ 0, 0, 16, 1 ], "texture": "#texture" },
        "south": { "uv": [ 0, 0, 16, 1 ], "texture": "#texture" },
        "west":  { "uv": [ 0, 0, 2, 1 ], "texture": "#texture" },
        "east":  { "uv": [ 14, 0, 16, 1 ], "texture": "#texture" }
    }
},
{
    "from": [ 0, 15, 14 ],
    "to": [ 16, 16, 16 ],
    "faces": {
        "down":  { "uv": [ 16, 16, 0, 14 ], "texture": "#texture" },
        "up":    { "uv": [ 0, 14, 16, 16 ], "texture": "#texture" },
        "north": { "uv": [ 0, 0, 16, 1 ], "texture": "#texture" },
        "south": { "uv": [ 0, 0, 16, 1 ], "texture": "#texture" },
        "west":  { "uv": [ 14, 0, 16, 1 ], "texture": "#texture" },
        "east":  { "uv": [ 0, 0, 2, 1 ], "texture": "#texture" }
    }
},
{
    "from": [ 0, 15, 2 ],
    "to": [ 2, 16, 14 ],
    "faces": {
        "down":  { "uv": [ 16, 14, 14, 2 ], "texture": "#texture" },
        "up":    { "uv": [ 0, 2, 2, 14 ], "texture": "#texture" },
        "north": { "uv": [ 14, 0, 16, 1 ], "texture": "#texture" },
        "south": { "uv": [ 0, 0, 2, 1 ], "texture": "#texture" },
        "west":  { "uv": [ 2, 0, 14, 1 ], "texture": "#texture" },
        "east":  { "uv": [ 2, 0, 14, 1 ], "texture": "#texture" }
    }
},
{
    "from": [ 14, 15, 2 ],
    "to": [ 16, 16, 14 ],
    "faces": {
        "down":  { "uv": [ 2, 14, 0, 2 ], "texture": "#texture" },
        "up":    { "uv": [ 14, 2, 16, 14 ], "texture": "#texture" },
        "north": { "uv": [ 0, 0, 2, 1 ], "texture": "#texture" },
        "south": { "uv": [ 14, 0, 16, 1 ], "texture": "#texture" },
        "west":  { "uv": [ 2, 0, 14, 1 ], "texture": "#texture" },
        "east":  { "uv": [ 2, 0, 14, 1 ], "texture": "#texture" }
    }
},
{
    "from": [ 2, 15, 13.5 ],
    "to": [ 6, 16, 14 ],
    "faces": {
        "down":  { "uv": [ 14, 14, 10, 13.5 ], "texture": "#texture" },
        "up":    { "uv": [ 2, 13.5, 6, 14 ], "texture": "#texture" },
        "north": { "uv": [ 10, 0, 14, 1 ], "texture": "#texture" },
        "south": { "uv": [ 2, 0, 6, 1 ], "texture": "#texture" },
        "west":  { "uv": [ 13.5, 0, 14, 1 ], "texture": "#texture" },
        "east":  { "uv": [ 2, 0, 2.5, 1 ], "texture": "#texture" }
    }
},
{
    "from": [ 2, 15, 13 ],
    "to": [ 4.5, 16, 13.5 ],
    "faces": {
        "down":  { "uv": [ 14, 13.5, 11.5, 13 ], "texture": "#texture" },
        "up":    { "uv": [ 2, 13, 4.5, 13.5 ], "texture": "#texture" },
        "north": { "uv": [ 11.5, 0, 14, 1 ], "texture": "#texture" },
        "south": { "uv": [ 2, 0, 4.5, 1 ], "texture": "#texture" },
        "west":  { "uv": [ 13, 0, 13.5, 1 ], "texture": "#texture" },
        "east":  { "uv": [ 2.5, 0, 3, 1 ], "texture": "#texture" }
    }
},
{
    "from": [ 2, 15, 12.5 ],
    "to": [ 3.5, 16, 13 ],
    "faces": {
        "down":  { "uv": [ 14, 13, 12.5, 12.5 ], "texture": "#texture" },
        "up":    { "uv": [ 2, 12.5, 3.5, 13 ], "texture": "#texture" },
        "north": { "uv": [ 12.5, 0, 14, 1 ], "texture": "#texture" },
        "south": { "uv": [ 2, 0, 3.5, 1 ], "texture": "#texture" },
        "west":  { "uv": [ 12.5, 0, 13, 1 ], "texture": "#texture" },
        "east":  { "uv": [ 3, 0, 3.5, 1 ], "texture": "#texture" }
    }
},
{
    "from": [ 10, 15, 13.5 ],
    "to": [ 14, 16, 14 ],
    "faces": {
        "down":  { "uv": [ 6, 14, 2, 13.5 ], "texture": "#texture" },
        "up":    { "uv": [ 10, 13.5, 14, 14 ], "texture": "#texture" },
        "north": { "uv": [ 2, 0, 6, 1 ], "texture": "#texture" },
        "south": { "uv": [ 10, 0, 14, 1 ], "texture": "#texture" },
        "west":  { "uv": [ 13.5, 0, 14, 1 ], "texture": "#texture" },
        "east":  { "uv": [ 2, 0, 2.5, 1 ], "texture": "#texture" }
    }
},
{
    "from": [ 2, 15, 11.5 ],
    "to": [ 3, 16, 12.5 ],
    "faces": {
        "down":  { "uv": [ 14, 12.5, 13, 11.5 ], "texture": "#texture" },
        "up":    { "uv": [ 2, 11.5, 3, 12.5 ], "texture": "#texture" },
        "north": { "uv": [ 13, 0, 14, 1 ], "texture": "#texture" },
        "south": { "uv": [ 2, 0, 3, 1 ], "texture": "#texture" },
        "west":  { "uv": [ 11.5, 0, 12.5, 1 ], "texture": "#texture" },
        "east":  { "uv": [ 3.5, 0, 4.5, 1 ], "texture": "#texture" }
    }
},
{
    "from": [ 2, 15, 10 ],
    "to": [ 2.5, 16, 11.5 ],
    "faces": {
        "down":  { "uv": [ 14, 11.5, 13.5, 10 ], "texture": "#texture" },
        "up":    { "uv": [ 2, 10, 2.5, 11.5 ], "texture": "#texture" },
        "north": { "uv": [ 13.5, 0, 14, 1 ], "texture": "#texture" },
        "south": { "uv": [ 2, 0, 2.5, 1 ], "texture": "#texture" },
        "west":  { "uv": [ 10, 0, 11.5, 1 ], "texture": "#texture" },
        "east":  { "uv": [ 4.5, 0, 6, 1 ], "texture": "#texture" }
    }
},
{
    "from": [ 13, 15, 11.5 ],
    "to": [ 14, 16, 12.5 ],
    "faces": {
        "down":  { "uv": [ 3, 12.5, 2, 11.5 ], "texture": "#texture" },
        "up":    { "uv": [ 13, 11.5, 14, 12.5 ], "texture": "#texture" },
        "north": { "uv": [ 2, 0, 3, 1 ], "texture": "#texture" },
        "south": { "uv": [ 13, 0, 14, 1 ], "texture": "#texture" },
        "west":  { "uv": [ 11.5, 0, 12.5, 1 ], "texture": "#texture" },
        "east":  { "uv": [ 3.5, 0, 4.5, 1 ], "texture": "#texture" }
    }
},
{
    "from": [ 12.5, 15, 12.5 ],
    "to": [ 14, 16, 13 ],
    "faces": {
        "down":  { "uv": [ 3.5, 13, 2, 12.5 ], "texture": "#texture" },
        "up":    { "uv": [ 12.5, 12.5, 14, 13 ], "texture": "#texture" },
        "north": { "uv": [ 2, 0, 3.5, 1 ], "texture": "#texture" },
        "south": { "uv": [ 12.5, 0, 14, 1 ], "texture": "#texture" },
        "west":  { "uv": [ 12.5, 0, 13, 1 ], "texture": "#texture" },
        "east":  { "uv": [ 3, 0, 3.5, 1 ], "texture": "#texture" }
    }
},
{
    "from": [ 11.5, 15, 13 ],
    "to": [ 14, 16, 13.5 ],
    "faces": {
        "down":  { "uv": [ 4.5, 13.5, 2, 13 ], "texture": "#texture" },
        "up":    { "uv": [ 11.5, 13, 14, 13.5 ], "texture": "#texture" },
        "north": { "uv": [ 2, 0, 4.5, 1 ], "texture": "#texture" },
        "south": { "uv": [ 11.5, 0, 14, 1 ], "texture": "#texture" },
        "west":  { "uv": [ 13, 0, 13.5, 1 ], "texture": "#texture" },
        "east":  { "uv": [ 2.5, 0, 3, 1 ], "texture": "#texture" }
    }
},
{
    "from": [ 10, 15, 2 ],
    "to": [ 14, 16, 2.5 ],
    "faces": {
        "down":  { "uv": [ 6, 2.5, 2, 2 ], "texture": "#texture" },
        "up":    { "uv": [ 10, 2, 14, 2.5 ], "texture": "#texture" },
        "north": { "uv": [ 2, 0, 6, 1 ], "texture": "#texture" },
        "south": { "uv": [ 10, 0, 14, 1 ], "texture": "#texture" },
        "west":  { "uv": [ 2, 0, 2.5, 1 ], "texture": "#texture" },
        "east":  { "uv": [ 13.5, 0, 14, 1 ], "texture": "#texture" }
    }
},
{
    "from": [ 2, 15, 2 ],
    "to": [ 6, 16, 2.5 ],
    "faces": {
        "down":  { "uv": [ 14, 2.5, 10, 2 ], "texture": "#texture" },
        "up":    { "uv": [ 2, 2, 6, 2.5 ], "texture": "#texture" },
        "north": { "uv": [ 10, 0, 14, 1 ], "texture": "#texture" },
        "south": { "uv": [ 2, 0, 6, 1 ], "texture": "#texture" },
        "west":  { "uv": [ 2, 0, 2.5, 1 ], "texture": "#texture" },
        "east":  { "uv": [ 13.5, 0, 14, 1 ], "texture": "#texture" }
    }
},
{
    "from": [ 13.5, 15, 10 ],
    "to": [ 14, 16, 11.5 ],
    "faces": {
        "down":  { "uv": [ 2.5, 11.5, 2, 10 ], "texture": "#texture" },
        "up":    { "uv": [ 13.5, 10, 14, 11.5 ], "texture": "#texture" },
        "north": { "uv": [ 2, 0, 2.5, 1 ], "texture": "#texture" },
        "south": { "uv": [ 13.5, 0, 14, 1 ], "texture": "#texture" },
        "west":  { "uv": [ 10, 0, 11.5, 1 ], "texture": "#texture" },
        "east":  { "uv": [ 4.5, 0, 6, 1 ], "texture": "#texture" }
    }
},
{
    "from": [ 2, 15, 2.5 ],
    "to": [ 4.5, 16, 3 ],
    "faces": {
        "down":  { "uv": [ 14, 3, 11.5, 2.5 ], "texture": "#texture" },
        "up":    { "uv": [ 2, 2.5, 4.5, 3 ], "texture": "#texture" },
        "north": { "uv": [ 11.5, 0, 14, 1 ], "texture": "#texture" },
        "south": { "uv": [ 2, 0, 4.5, 1 ], "texture": "#texture" },
        "west":  { "uv": [ 2.5, 0, 3, 1 ], "texture": "#texture" },
        "east":  { "uv": [ 13, 0, 13.5, 1 ], "texture": "#texture" }
    }
},
{
    "from": [ 11.5, 15, 2.5 ],
    "to": [ 14, 16, 3 ],
    "faces": {
        "down":  { "uv": [ 4.5, 3, 2, 2.5 ], "texture": "#texture" },
        "up":    { "uv": [ 11.5, 2.5, 14, 3 ], "texture": "#texture" },
        "north": { "uv": [ 2, 0, 4.5, 1 ], "texture": "#texture" },
        "south": { "uv": [ 11.5, 0, 14, 1 ], "texture": "#texture" },
        "west":  { "uv": [ 2.5, 0, 3, 1 ], "texture": "#texture" },
        "east":  { "uv": [ 13, 0, 13.5, 1 ], "texture": "#texture" }
    }
},
{
    "from": [ 2, 15, 3 ],
    "to": [ 3.5, 16, 3.5 ],
    "faces": {
        "down":  { "uv": [ 14, 3.5, 12.5, 3 ], "texture": "#texture" },
        "up":    { "uv": [ 2, 3, 3.5, 3.5 ], "texture": "#texture" },
        "north": { "uv": [ 12.5, 0, 14, 1 ], "texture": "#texture" },
        "south": { "uv": [ 2, 0, 3.5, 1 ], "texture": "#texture" },
        "west":  { "uv": [ 3, 0, 3.5, 1 ], "texture": "#texture" },
        "east":  { "uv": [ 12.5, 0, 13, 1 ], "texture": "#texture" }
    }
},
{
    "from": [ 12.5, 15, 3 ],
    "to": [ 14, 16, 3.5 ],
    "faces": {
        "down":  { "uv": [ 3.5, 3.5, 2, 3 ], "texture": "#texture" },
        "up":    { "uv": [ 12.5, 3, 14, 3.5 ], "texture": "#texture" },
        "north": { "uv": [ 2, 0, 3.5, 1 ], "texture": "#texture" },
        "south": { "uv": [ 12.5, 0, 14, 1 ], "texture": "#texture" },
        "west":  { "uv": [ 3, 0, 3.5, 1 ], "texture": "#texture" },
        "east":  { "uv": [ 12.5, 0, 13, 1 ], "texture": "#texture" }
    }
},
{
    "from": [ 2, 15, 3.5 ],
    "to": [ 3, 16, 4.5 ],
    "faces": {
        "down":  { "uv": [ 14, 4.5, 13, 3.5 ], "texture": "#texture" },
        "up":    { "uv": [ 2, 3.5, 3, 4.5 ], "texture": "#texture" },
        "north": { "uv": [ 13, 0, 14, 1 ], "texture": "#texture" },
        "south": { "uv": [ 2, 0, 3, 1 ], "texture": "#texture" },
        "west":  { "uv": [ 3.5, 0, 4.5, 1 ], "texture": "#texture" },
        "east":  { "uv": [ 11.5, 0, 12.5, 1 ], "texture": "#texture" }
    }
},
{
    "from": [ 13, 15, 3.5 ],
    "to": [ 14, 16, 4.5 ],
    "faces": {
        "down":  { "uv": [ 3, 4.5, 2, 3.5 ], "texture": "#texture" },
        "up":    { "uv": [ 13, 3.5, 14, 4.5 ], "texture": "#texture" },
        "north": { "uv": [ 2, 0, 3, 1 ], "texture": "#texture" },
        "south": { "uv": [ 13, 0, 14, 1 ], "texture": "#texture" },
        "west":  { "uv": [ 3.5, 0, 4.5, 1 ], "texture": "#texture" },
        "east":  { "uv": [ 11.5, 0, 12.5, 1 ], "texture": "#texture" }
    }
},
{
    "from": [ 2, 15, 4.5 ],
    "to": [ 2.5, 16, 6 ],
    "faces": {
        "down":  { "uv": [ 14, 6, 13.5, 4.5 ], "texture": "#texture" },
        "up":    { "uv": [ 2, 4.5, 2.5, 6 ], "texture": "#texture" },
        "north": { "uv": [ 13.5, 0, 14, 1 ], "texture": "#texture" },
        "south": { "uv": [ 2, 0, 2.5, 1 ], "texture": "#texture" },
        "west":  { "uv": [ 4.5, 0, 6, 1 ], "texture": "#texture" },
        "east":  { "uv": [ 10, 0, 11.5, 1 ], "texture": "#texture" }
    }
},
{
    "from": [ 13.5, 15, 4.5 ],
    "to": [ 14, 16, 6 ],
    "faces": {
        "down":  { "uv": [ 2.5, 6, 2, 4.5 ], "texture": "#texture" },
        "up":    { "uv": [ 13.5, 4.5, 14, 6 ], "texture": "#texture" },
        "north": { "uv": [ 2, 0, 2.5, 1 ], "texture": "#texture" },
        "south": { "uv": [ 13.5, 0, 14, 1 ], "texture": "#texture" },
        "west":  { "uv": [ 4.5, 0, 6, 1 ], "texture": "#texture" },
        "east":  { "uv": [ 10, 0, 11.5, 1 ], "texture": "#texture" }
    }
}
]
}