{
"__comment": "Designed by tomaxed with Cubik",
"textures": {
    "particle": "blocks/stone_slab_top",
    "texture": "blocks/stone_diorite",
    "sea_lantern": "blocks/wool_colored_black"
},
"elements": [ 
{
    "from": [ 0, 6, 4 ],
    "to": [ 0.5, 10, 12 ],
    "faces": {
        "down":  { "uv": [ 6.5, 4.5, 7.5, 12.5 ], "texture": "#texture" },
        "up":    { "uv": [ 5.5, 4, 6.5, 12 ], "texture": "#texture" },
        "north": { "uv": [ 8.5, 6, 9.5, 10 ], "texture": "#texture" },
        "south": { "uv": [ 8, 6, 9, 10 ], "texture": "#texture" },
        "west":  { "uv": [ 4, 6, 12, 10 ], "texture": "#texture" },
        "east":  { "uv": [ 4, 6, 12, 10 ], "texture": "#texture" }
    }
},
{
    "from": [ 0.5, 6, 3.5 ],
    "to": [ 1, 10, 12.5 ],
    "faces": {
        "down":  { "uv": [ 6.5, 4.5, 7.5, 12.5 ], "texture": "#texture" },
        "up":    { "uv": [ 5.5, 4, 6.5, 12 ], "texture": "#texture" },
        "north": { "uv": [ 8.5, 6, 9.5, 10 ], "texture": "#texture" },
        "south": { "uv": [ 8, 6, 9, 10 ], "texture": "#texture" },
        "west":  { "uv": [ 4, 6, 12, 10 ], "texture": "#texture" },
        "east":  { "uv": [ 4, 6, 12, 10 ], "texture": "#texture" }
    }
},
{
    "from": [ 1, 6.25, 4 ],
    "to": [ 1.5, 9.75, 12 ],
    "faces": {
        "down":  { "uv": [ 6, 4.5, 6.5, 12.5 ], "texture": "#sea_lantern" },
        "up":    { "uv": [ 6, 4.5, 6.5, 12.5 ], "texture": "#sea_lantern" },
        "north": { "uv": [ 6.5, 7, 7, 10.5 ], "texture": "#sea_lantern" },
        "south": { "uv": [ 6.5, 7, 7, 10.5 ], "texture": "#sea_lantern" },
        "west":  { "uv": [ 4, 6.25, 12, 9.75 ], "texture": "#sea_lantern" },
        "east":  { "uv": [ 4, 6.25, 12, 9.75 ], "texture": "#sea_lantern" }
    }
},
{
    "from": [ 2, 6, 4.5 ],
    "to": [ 2.125, 10, 4.875 ],
    "faces": {
        "down":  { "uv": [ 14, 4.875, 13.875, 4.5 ], "texture": "#texture" },
        "up":    { "uv": [ 2, 4.5, 2.125, 4.875 ], "texture": "#texture" },
        "north": { "uv": [ 13.875, 6, 14, 10 ], "texture": "#texture" },
        "south": { "uv": [ 2, 6, 2.125, 10 ], "texture": "#texture" },
        "west":  { "uv": [ 4.5, 6, 4.875, 10 ], "texture": "#texture" },
        "east":  { "uv": [ 11.125, 6, 11.5, 10 ], "texture": "#texture" }
    }
},
{
    "from": [ 2, 6, 11 ],
    "to": [ 2.125, 10, 11.375 ],
    "faces": {
        "down":  { "uv": [ 14, 11.375, 13.875, 11 ], "texture": "#texture" },
        "up":    { "uv": [ 2, 11, 2.125, 11.375 ], "texture": "#texture" },
        "north": { "uv": [ 13.875, 6, 14, 10 ], "texture": "#texture" },
        "south": { "uv": [ 2, 6, 2.125, 10 ], "texture": "#texture" },
        "west":  { "uv": [ 11, 6, 11.375, 10 ], "texture": "#texture" },
        "east":  { "uv": [ 4.625, 6, 5, 10 ], "texture": "#texture" }
    }
},
{
    "from": [ 2, 6, 9 ],
    "to": [ 2.125, 10, 9.375 ],
    "faces": {
        "down":  { "uv": [ 14, 9.375, 13.875, 9 ], "texture": "#texture" },
        "up":    { "uv": [ 2, 9, 2.125, 9.375 ], "texture": "#texture" },
        "north": { "uv": [ 13.875, 6, 14, 10 ], "texture": "#texture" },
        "south": { "uv": [ 2, 6, 2.125, 10 ], "texture": "#texture" },
        "west":  { "uv": [ 9, 6, 9.375, 10 ], "texture": "#texture" },
        "east":  { "uv": [ 6.625, 6, 7, 10 ], "texture": "#texture" }
    }
},
{
    "from": [ 2, 6, 6.6875 ],
    "to": [ 2.125, 10, 7.0625 ],
    "faces": {
        "down":  { "uv": [ 14, 7.0625, 13.875, 6.6875 ], "texture": "#texture" },
        "up":    { "uv": [ 2, 6.6875, 2.125, 7.0625 ], "texture": "#texture" },
        "north": { "uv": [ 13.875, 6, 14, 10 ], "texture": "#texture" },
        "south": { "uv": [ 2, 6, 2.125, 10 ], "texture": "#texture" },
        "west":  { "uv": [ 6.6875, 6, 7.0625, 10 ], "texture": "#texture" },
        "east":  { "uv": [ 8.9375, 6, 9.3125, 10 ], "texture": "#texture" }
    }
},
{
    "from": [ 1, 9.8125, 11 ],
    "to": [ 2, 10, 11.375 ],
    "faces": {
        "down":  { "uv": [ 15, 11.375, 14, 11 ], "texture": "#texture" },
        "up":    { "uv": [ 1, 11, 2, 11.375 ], "texture": "#texture" },
        "north": { "uv": [ 14, 6, 15, 6.1875 ], "texture": "#texture" },
        "south": { "uv": [ 1, 6, 2, 6.1875 ], "texture": "#texture" },
        "west":  { "uv": [ 11, 6, 11.375, 6.1875 ], "texture": "#texture" },
        "east":  { "uv": [ 4.625, 6, 5, 6.1875 ], "texture": "#texture" }
    }
},
{
    "from": [ 1, 9.8125, 9 ],
    "to": [ 2, 10, 9.375 ],
    "faces": {
        "down":  { "uv": [ 15, 9.375, 14, 9 ], "texture": "#texture" },
        "up":    { "uv": [ 1, 9, 2, 9.375 ], "texture": "#texture" },
        "north": { "uv": [ 14, 6, 15, 6.1875 ], "texture": "#texture" },
        "south": { "uv": [ 1, 6, 2, 6.1875 ], "texture": "#texture" },
        "west":  { "uv": [ 9, 6, 9.375, 6.1875 ], "texture": "#texture" },
        "east":  { "uv": [ 6.625, 6, 7, 6.1875 ], "texture": "#texture" }
    }
},
{
    "from": [ 1, 9.8125, 6.6875 ],
    "to": [ 2, 10, 7.0625 ],
    "faces": {
        "down":  { "uv": [ 15, 7.0625, 14, 6.6875 ], "texture": "#texture" },
        "up":    { "uv": [ 1, 6.6875, 2, 7.0625 ], "texture": "#texture" },
        "north": { "uv": [ 14, 6, 15, 6.1875 ], "texture": "#texture" },
        "south": { "uv": [ 1, 6, 2, 6.1875 ], "texture": "#texture" },
        "west":  { "uv": [ 6.6875, 6, 7.0625, 6.1875 ], "texture": "#texture" },
        "east":  { "uv": [ 8.9375, 6, 9.3125, 6.1875 ], "texture": "#texture" }
    }
},
{
    "from": [ 1, 9.8125, 4.5 ],
    "to": [ 2, 10, 4.875 ],
    "faces": {
        "down":  { "uv": [ 15, 4.875, 14, 4.5 ], "texture": "#texture" },
        "up":    { "uv": [ 1, 4.5, 2, 4.875 ], "texture": "#texture" },
        "north": { "uv": [ 14, 6, 15, 6.1875 ], "texture": "#texture" },
        "south": { "uv": [ 1, 6, 2, 6.1875 ], "texture": "#texture" },
        "west":  { "uv": [ 4.5, 6, 4.875, 6.1875 ], "texture": "#texture" },
        "east":  { "uv": [ 11.125, 6, 11.5, 6.1875 ], "texture": "#texture" }
    }
},
{
    "from": [ 1, 6, 6.6875 ],
    "to": [ 2, 6.1875, 7.0625 ],
    "faces": {
        "down":  { "uv": [ 15, 7.0625, 14, 6.6875 ], "texture": "#texture" },
        "up":    { "uv": [ 1, 6.6875, 2, 7.0625 ], "texture": "#texture" },
        "north": { "uv": [ 14, 9.8125, 15, 10 ], "texture": "#texture" },
        "south": { "uv": [ 1, 9.8125, 2, 10 ], "texture": "#texture" },
        "west":  { "uv": [ 6.6875, 9.8125, 7.0625, 10 ], "texture": "#texture" },
        "east":  { "uv": [ 8.9375, 9.8125, 9.3125, 10 ], "texture": "#texture" }
    }
},
{
    "from": [ 1, 6, 11 ],
    "to": [ 2, 6.1875, 11.375 ],
    "faces": {
        "down":  { "uv": [ 15, 11.375, 14, 11 ], "texture": "#texture" },
        "up":    { "uv": [ 1, 11, 2, 11.375 ], "texture": "#texture" },
        "north": { "uv": [ 14, 9.8125, 15, 10 ], "texture": "#texture" },
        "south": { "uv": [ 1, 9.8125, 2, 10 ], "texture": "#texture" },
        "west":  { "uv": [ 11, 9.8125, 11.375, 10 ], "texture": "#texture" },
        "east":  { "uv": [ 4.625, 9.8125, 5, 10 ], "texture": "#texture" }
    }
},
{
    "from": [ 1, 6, 9 ],
    "to": [ 2, 6.1875, 9.375 ],
    "faces": {
        "down":  { "uv": [ 15, 9.375, 14, 9 ], "texture": "#texture" },
        "up":    { "uv": [ 1, 9, 2, 9.375 ], "texture": "#texture" },
        "north": { "uv": [ 14, 9.8125, 15, 10 ], "texture": "#texture" },
        "south": { "uv": [ 1, 9.8125, 2, 10 ], "texture": "#texture" },
        "west":  { "uv": [ 9, 9.8125, 9.375, 10 ], "texture": "#texture" },
        "east":  { "uv": [ 6.625, 9.8125, 7, 10 ], "texture": "#texture" }
    }
},
{
    "from": [ 1, 6, 4.5 ],
    "to": [ 2, 6.1875, 4.875 ],
    "faces": {
        "down":  { "uv": [ 15, 4.875, 14, 4.5 ], "texture": "#texture" },
        "up":    { "uv": [ 1, 4.5, 2, 4.875 ], "texture": "#texture" },
        "north": { "uv": [ 14, 9.8125, 15, 10 ], "texture": "#texture" },
        "south": { "uv": [ 1, 9.8125, 2, 10 ], "texture": "#texture" },
        "west":  { "uv": [ 4.5, 9.8125, 4.875, 10 ], "texture": "#texture" },
        "east":  { "uv": [ 11.125, 9.8125, 11.5, 10 ], "texture": "#texture" }
    }
},
{
    "from": [ 1, 7.625, 3.8125 ],
    "to": [ 2, 8, 4.0625 ],
    "faces": {
        "down":  { "uv": [ 15, 4.0625, 14, 3.8125 ], "texture": "#texture" },
        "up":    { "uv": [ 1, 3.8125, 2, 4.0625 ], "texture": "#texture" },
        "north": { "uv": [ 14, 8, 15, 8.375 ], "texture": "#texture" },
        "south": { "uv": [ 1, 8, 2, 8.375 ], "texture": "#texture" },
        "west":  { "uv": [ 3.8125, 8, 4.0625, 8.375 ], "texture": "#texture" },
        "east":  { "uv": [ 11.9375, 8, 12.1875, 8.375 ], "texture": "#texture" }
    }
},
{
    "from": [ 1, 7.625, 12 ],
    "to": [ 2, 8, 12.125 ],
    "faces": {
        "down":  { "uv": [ 15, 12.125, 14, 12 ], "texture": "#texture" },
        "up":    { "uv": [ 1, 12, 2, 12.125 ], "texture": "#texture" },
        "north": { "uv": [ 14, 8, 15, 8.375 ], "texture": "#texture" },
        "south": { "uv": [ 1, 8, 2, 8.375 ], "texture": "#texture" },
        "west":  { "uv": [ 12, 8, 12.125, 8.375 ], "texture": "#texture" },
        "east":  { "uv": [ 3.875, 8, 4, 8.375 ], "texture": "#texture" }
    }
},
{
    "from": [ 2, 7.625, 3.8125 ],
    "to": [ 2.125, 8, 12.125 ],
    "faces": {
        "down":  { "uv": [ 14, 12.125, 13.875, 3.8125 ], "texture": "#texture" },
        "up":    { "uv": [ 2, 3.8125, 2.125, 12.125 ], "texture": "#texture" },
        "north": { "uv": [ 13.875, 8, 14, 8.375 ], "texture": "#texture" },
        "south": { "uv": [ 2, 8, 2.125, 8.375 ], "texture": "#texture" },
        "west":  { "uv": [ 3.8125, 8, 12.125, 8.375 ], "texture": "#texture" },
        "east":  { "uv": [ 3.875, 8, 12.1875, 8.375 ], "texture": "#texture" }
    }
}
]
}