{
"__comment": "Designed by Tomaxed44 with BDcraft Cubik PRO 0.95 Beta - http://bdcraft.net",
"textures": {
    "particle": "blocks/planks_jungle",
    "texture": "blocks/planks_jungle"
},
"elements": [ 
{
    "from": [ 0, 15, 0 ],
    "to": [ 16, 16, 16 ],
    "faces": {
        "down":  { "uv": [ 16, 16, 0, 0 ], "texture": "#texture" },
        "up":    { "uv": [ 0, 0, 16, 16 ], "texture": "#texture" },
        "north": { "uv": [ 0, 0, 16, 1 ], "texture": "#texture" },
        "south": { "uv": [ 0, 0, 16, 1 ], "texture": "#texture" },
        "west":  { "uv": [ 0, 0, 16, 1 ], "texture": "#texture" },
        "east":  { "uv": [ 0, 0, 16, 1 ], "texture": "#texture" }
    }
},
{
    "from": [ 0, 15, -16 ],
    "to": [ 16, 16, 0 ],
    "faces": {
        "down":  { "uv": [ 0, 0, 16, 16 ], "texture": "#texture" },
        "up":    { "uv": [ 0, 0, 16, 16 ], "texture": "#texture" },
        "north": { "uv": [ 0, 0, 16, 1 ], "texture": "#texture" },
        "south": { "uv": [ 0, 0, 16, 1 ], "texture": "#texture" },
        "west":  { "uv": [ 0, 0, 16, 1 ], "texture": "#texture" },
        "east":  { "uv": [ 0, 0, 16, 1 ], "texture": "#texture" }
    }
},
{
    "from": [ -16, 15, 0 ],
    "to": [ 0, 16, 16 ],
    "faces": {
        "down":  { "uv": [ 0, 0, 16, 16 ], "texture": "#texture" },
        "up":    { "uv": [ 0, 0, 16, 16 ], "texture": "#texture" },
        "north": { "uv": [ 0, 0, 16, 1 ], "texture": "#texture" },
        "south": { "uv": [ 0, 0, 16, 1 ], "texture": "#texture" },
        "west":  { "uv": [ 0, 0, 16, 1 ], "texture": "#texture" },
        "east":  { "uv": [ 0, 0, 16, 1 ], "texture": "#texture" }
    }
},
{
    "from": [ -16, 15, -16 ],
    "to": [ 0, 16, 0 ],
    "faces": {
        "down":  { "uv": [ 0, 0, 16, 16 ], "texture": "#texture" },
        "up":    { "uv": [ 0, 0, 16, 16 ], "texture": "#texture" },
        "north": { "uv": [ 0, 0, 16, 1 ], "texture": "#texture" },
        "south": { "uv": [ 0, 0, 16, 1 ], "texture": "#texture" },
        "west":  { "uv": [ 0, 0, 16, 1 ], "texture": "#texture" },
        "east":  { "uv": [ 0, 0, 16, 1 ], "texture": "#texture" }
    }
},
{
    "from": [ 13, 0, 13 ],
    "to": [ 15, 15, 15 ],
    "faces": {
        "down":  { "uv": [ 14.5, 0, 16, 1.5 ], "texture": "#texture" },
        "up":    { "uv": [ 14.5, 0, 16, 1.5 ], "texture": "#texture" },
        "north": { "uv": [ 14.5, 1, 16, 16 ], "texture": "#texture" },
        "south": { "uv": [ 14.5, 1, 16, 16 ], "texture": "#texture" },
        "west":  { "uv": [ 0, 1, 1.5, 16 ], "texture": "#texture" },
        "east":  { "uv": [ 0, 1, 1.5, 16 ], "texture": "#texture" }
    }
},
{
    "from": [ 13, 0, -15 ],
    "to": [ 15, 15, -13 ],
    "faces": {
        "down":  { "uv": [ 14.5, 0, 16, 1.5 ], "texture": "#texture" },
        "up":    { "uv": [ 14.5, 0, 16, 1.5 ], "texture": "#texture" },
        "north": { "uv": [ 14.5, 1, 16, 16 ], "texture": "#texture" },
        "south": { "uv": [ 14.5, 1, 16, 16 ], "texture": "#texture" },
        "west":  { "uv": [ 0, 1, 1.5, 16 ], "texture": "#texture" },
        "east":  { "uv": [ 0, 1, 1.5, 16 ], "texture": "#texture" }
    }
},
{
    "from": [ -15, 0, -15 ],
    "to": [ -13, 15, -13 ],
    "faces": {
        "down":  { "uv": [ 14.5, 0, 16, 1.5 ], "texture": "#texture" },
        "up":    { "uv": [ 14.5, 0, 16, 1.5 ], "texture": "#texture" },
        "north": { "uv": [ 14.5, 1, 16, 16 ], "texture": "#texture" },
        "south": { "uv": [ 14.5, 1, 16, 16 ], "texture": "#texture" },
        "west":  { "uv": [ 0, 1, 1.5, 16 ], "texture": "#texture" },
        "east":  { "uv": [ 0, 1, 1.5, 16 ], "texture": "#texture" }
    }
},
{
    "from": [ -15, 0, 13 ],
    "to": [ -13, 15, 15 ],
    "faces": {
        "down":  { "uv": [ 14.5, 0, 16, 1.5 ], "texture": "#texture" },
        "up":    { "uv": [ 14.5, 0, 16, 1.5 ], "texture": "#texture" },
        "north": { "uv": [ 14.5, 1, 16, 16 ], "texture": "#texture" },
        "south": { "uv": [ 14.5, 1, 16, 16 ], "texture": "#texture" },
        "west":  { "uv": [ 0, 1, 1.5, 16 ], "texture": "#texture" },
        "east":  { "uv": [ 0, 1, 1.5, 16 ], "texture": "#texture" }
    }
}
]
}