{
"__comment": "Designed by Tomaxed44 with BDcraft Cubik PRO 0.95 Beta - http://bdcraft.net",
"textures": {
    "particle": "blocks/stone_diorite_smooth",
    "texture": "blocks/stone_diorite_smooth"
},
"elements": [ 
{
    "from": [ 0, 15, 0 ],
    "to": [ 1, 16, 16 ],
    "faces": {
        "down":  { "uv": [ 16, 16, 15, 0 ], "texture": "#texture" },
        "up":    { "uv": [ 0, 0, 1, 16 ], "texture": "#texture" },
        "north": { "uv": [ 15, 0, 16, 1 ], "texture": "#texture" },
        "south": { "uv": [ 0, 0, 1, 1 ], "texture": "#texture" },
        "west":  { "uv": [ 0, 0, 16, 1 ], "texture": "#texture" },
        "east":  { "uv": [ 0, 0, 16, 1 ], "texture": "#texture" }
    }
},
{
    "from": [ 14, 15, 0 ],
    "to": [ 15, 16, 16 ],
    "faces": {
        "down":  { "uv": [ 2, 16, 1, 0 ], "texture": "#texture" },
        "up":    { "uv": [ 14, 0, 15, 16 ], "texture": "#texture" },
        "north": { "uv": [ 1, 0, 2, 1 ], "texture": "#texture" },
        "south": { "uv": [ 14, 0, 15, 1 ], "texture": "#texture" },
        "west":  { "uv": [ 0, 0, 16, 1 ], "texture": "#texture" },
        "east":  { "uv": [ 0, 0, 16, 1 ], "texture": "#texture" }
    }
},
{
    "from": [ 12, 15, 0 ],
    "to": [ 13, 16, 16 ],
    "faces": {
        "down":  { "uv": [ 4, 16, 3, 0 ], "texture": "#texture" },
        "up":    { "uv": [ 12, 0, 13, 16 ], "texture": "#texture" },
        "north": { "uv": [ 3, 0, 4, 1 ], "texture": "#texture" },
        "south": { "uv": [ 12, 0, 13, 1 ], "texture": "#texture" },
        "west":  { "uv": [ 0, 0, 16, 1 ], "texture": "#texture" },
        "east":  { "uv": [ 0, 0, 16, 1 ], "texture": "#texture" }
    }
},
{
    "from": [ 10, 15, 0 ],
    "to": [ 11, 16, 16 ],
    "faces": {
        "down":  { "uv": [ 6, 16, 5, 0 ], "texture": "#texture" },
        "up":    { "uv": [ 10, 0, 11, 16 ], "texture": "#texture" },
        "north": { "uv": [ 5, 0, 6, 1 ], "texture": "#texture" },
        "south": { "uv": [ 10, 0, 11, 1 ], "texture": "#texture" },
        "west":  { "uv": [ 0, 0, 16, 1 ], "texture": "#texture" },
        "east":  { "uv": [ 0, 0, 16, 1 ], "texture": "#texture" }
    }
},
{
    "from": [ 8, 15, 0 ],
    "to": [ 9, 16, 16 ],
    "faces": {
        "down":  { "uv": [ 8, 16, 7, 0 ], "texture": "#texture" },
        "up":    { "uv": [ 8, 0, 9, 16 ], "texture": "#texture" },
        "north": { "uv": [ 7, 0, 8, 1 ], "texture": "#texture" },
        "south": { "uv": [ 8, 0, 9, 1 ], "texture": "#texture" },
        "west":  { "uv": [ 0, 0, 16, 1 ], "texture": "#texture" },
        "east":  { "uv": [ 0, 0, 16, 1 ], "texture": "#texture" }
    }
},
{
    "from": [ 6, 15, 0 ],
    "to": [ 7, 16, 16 ],
    "faces": {
        "down":  { "uv": [ 10, 16, 9, 0 ], "texture": "#texture" },
        "up":    { "uv": [ 6, 0, 7, 16 ], "texture": "#texture" },
        "north": { "uv": [ 9, 0, 10, 1 ], "texture": "#texture" },
        "south": { "uv": [ 6, 0, 7, 1 ], "texture": "#texture" },
        "west":  { "uv": [ 0, 0, 16, 1 ], "texture": "#texture" },
        "east":  { "uv": [ 0, 0, 16, 1 ], "texture": "#texture" }
    }
},
{
    "from": [ 4, 15, 0 ],
    "to": [ 5, 16, 16 ],
    "faces": {
        "down":  { "uv": [ 12, 16, 11, 0 ], "texture": "#texture" },
        "up":    { "uv": [ 4, 0, 5, 16 ], "texture": "#texture" },
        "north": { "uv": [ 11, 0, 12, 1 ], "texture": "#texture" },
        "south": { "uv": [ 4, 0, 5, 1 ], "texture": "#texture" },
        "west":  { "uv": [ 0, 0, 16, 1 ], "texture": "#texture" },
        "east":  { "uv": [ 0, 0, 16, 1 ], "texture": "#texture" }
    }
},
{
    "from": [ 2, 15, 0 ],
    "to": [ 3, 16, 16 ],
    "faces": {
        "down":  { "uv": [ 14, 16, 13, 0 ], "texture": "#texture" },
        "up":    { "uv": [ 2, 0, 3, 16 ], "texture": "#texture" },
        "north": { "uv": [ 13, 0, 14, 1 ], "texture": "#texture" },
        "south": { "uv": [ 2, 0, 3, 1 ], "texture": "#texture" },
        "west":  { "uv": [ 0, 0, 16, 1 ], "texture": "#texture" },
        "east":  { "uv": [ 0, 0, 16, 1 ], "texture": "#texture" }
    }
},
{
    "from": [ 1, 15, 0 ],
    "to": [ 2, 16, 1 ],
    "faces": {
        "down":  { "uv": [ 15, 1, 14, 0 ], "texture": "#texture" },
        "up":    { "uv": [ 1, 0, 2, 1 ], "texture": "#texture" },
        "north": { "uv": [ 14, 0, 15, 1 ], "texture": "#texture" },
        "south": { "uv": [ 1, 0, 2, 1 ], "texture": "#texture" },
        "west":  { "uv": [ 0, 0, 1, 1 ], "texture": "#texture" },
        "east":  { "uv": [ 15, 0, 16, 1 ], "texture": "#texture" }
    }
},
{
    "from": [ 3, 15, 0 ],
    "to": [ 4, 16, 1 ],
    "faces": {
        "down":  { "uv": [ 13, 1, 12, 0 ], "texture": "#texture" },
        "up":    { "uv": [ 3, 0, 4, 1 ], "texture": "#texture" },
        "north": { "uv": [ 12, 0, 13, 1 ], "texture": "#texture" },
        "south": { "uv": [ 3, 0, 4, 1 ], "texture": "#texture" },
        "west":  { "uv": [ 0, 0, 1, 1 ], "texture": "#texture" },
        "east":  { "uv": [ 15, 0, 16, 1 ], "texture": "#texture" }
    }
},
{
    "from": [ 5, 15, 0 ],
    "to": [ 6, 16, 1 ],
    "faces": {
        "down":  { "uv": [ 11, 1, 10, 0 ], "texture": "#texture" },
        "up":    { "uv": [ 5, 0, 6, 1 ], "texture": "#texture" },
        "north": { "uv": [ 10, 0, 11, 1 ], "texture": "#texture" },
        "south": { "uv": [ 5, 0, 6, 1 ], "texture": "#texture" },
        "west":  { "uv": [ 0, 0, 1, 1 ], "texture": "#texture" },
        "east":  { "uv": [ 15, 0, 16, 1 ], "texture": "#texture" }
    }
},
{
    "from": [ 7, 15, 0 ],
    "to": [ 8, 16, 1 ],
    "faces": {
        "down":  { "uv": [ 9, 1, 8, 0 ], "texture": "#texture" },
        "up":    { "uv": [ 7, 0, 8, 1 ], "texture": "#texture" },
        "north": { "uv": [ 8, 0, 9, 1 ], "texture": "#texture" },
        "south": { "uv": [ 7, 0, 8, 1 ], "texture": "#texture" },
        "west":  { "uv": [ 0, 0, 1, 1 ], "texture": "#texture" },
        "east":  { "uv": [ 15, 0, 16, 1 ], "texture": "#texture" }
    }
},
{
    "from": [ 9, 15, 0 ],
    "to": [ 10, 16, 1 ],
    "faces": {
        "down":  { "uv": [ 7, 1, 6, 0 ], "texture": "#texture" },
        "up":    { "uv": [ 9, 0, 10, 1 ], "texture": "#texture" },
        "north": { "uv": [ 6, 0, 7, 1 ], "texture": "#texture" },
        "south": { "uv": [ 9, 0, 10, 1 ], "texture": "#texture" },
        "west":  { "uv": [ 0, 0, 1, 1 ], "texture": "#texture" },
        "east":  { "uv": [ 15, 0, 16, 1 ], "texture": "#texture" }
    }
},
{
    "from": [ 11, 15, 0 ],
    "to": [ 12, 16, 1 ],
    "faces": {
        "down":  { "uv": [ 5, 1, 4, 0 ], "texture": "#texture" },
        "up":    { "uv": [ 11, 0, 12, 1 ], "texture": "#texture" },
        "north": { "uv": [ 4, 0, 5, 1 ], "texture": "#texture" },
        "south": { "uv": [ 11, 0, 12, 1 ], "texture": "#texture" },
        "west":  { "uv": [ 0, 0, 1, 1 ], "texture": "#texture" },
        "east":  { "uv": [ 15, 0, 16, 1 ], "texture": "#texture" }
    }
},
{
    "from": [ 13, 15, 0 ],
    "to": [ 14, 16, 1 ],
    "faces": {
        "down":  { "uv": [ 3, 1, 2, 0 ], "texture": "#texture" },
        "up":    { "uv": [ 13, 0, 14, 1 ], "texture": "#texture" },
        "north": { "uv": [ 2, 0, 3, 1 ], "texture": "#texture" },
        "south": { "uv": [ 13, 0, 14, 1 ], "texture": "#texture" },
        "west":  { "uv": [ 0, 0, 1, 1 ], "texture": "#texture" },
        "east":  { "uv": [ 15, 0, 16, 1 ], "texture": "#texture" }
    }
},
{
    "from": [ 15, 15, 0 ],
    "to": [ 16, 16, 1 ],
    "faces": {
        "down":  { "uv": [ 1, 1, 0, 0 ], "texture": "#texture" },
        "up":    { "uv": [ 15, 0, 16, 1 ], "texture": "#texture" },
        "north": { "uv": [ 0, 0, 1, 1 ], "texture": "#texture" },
        "south": { "uv": [ 15, 0, 16, 1 ], "texture": "#texture" },
        "west":  { "uv": [ 0, 0, 1, 1 ], "texture": "#texture" },
        "east":  { "uv": [ 15, 0, 16, 1 ], "texture": "#texture" }
    }
},
{
    "from": [ 1, 15, 4 ],
    "to": [ 2, 16, 5 ],
    "faces": {
        "down":  { "uv": [ 15, 5, 14, 4 ], "texture": "#texture" },
        "up":    { "uv": [ 1, 4, 2, 5 ], "texture": "#texture" },
        "north": { "uv": [ 14, 0, 15, 1 ], "texture": "#texture" },
        "south": { "uv": [ 1, 0, 2, 1 ], "texture": "#texture" },
        "west":  { "uv": [ 4, 0, 5, 1 ], "texture": "#texture" },
        "east":  { "uv": [ 11, 0, 12, 1 ], "texture": "#texture" }
    }
},
{
    "from": [ 3, 15, 4 ],
    "to": [ 4, 16, 5 ],
    "faces": {
        "down":  { "uv": [ 13, 5, 12, 4 ], "texture": "#texture" },
        "up":    { "uv": [ 3, 4, 4, 5 ], "texture": "#texture" },
        "north": { "uv": [ 12, 0, 13, 1 ], "texture": "#texture" },
        "south": { "uv": [ 3, 0, 4, 1 ], "texture": "#texture" },
        "west":  { "uv": [ 4, 0, 5, 1 ], "texture": "#texture" },
        "east":  { "uv": [ 11, 0, 12, 1 ], "texture": "#texture" }
    }
},
{
    "from": [ 5, 15, 4 ],
    "to": [ 6, 16, 5 ],
    "faces": {
        "down":  { "uv": [ 11, 5, 10, 4 ], "texture": "#texture" },
        "up":    { "uv": [ 5, 4, 6, 5 ], "texture": "#texture" },
        "north": { "uv": [ 10, 0, 11, 1 ], "texture": "#texture" },
        "south": { "uv": [ 5, 0, 6, 1 ], "texture": "#texture" },
        "west":  { "uv": [ 4, 0, 5, 1 ], "texture": "#texture" },
        "east":  { "uv": [ 11, 0, 12, 1 ], "texture": "#texture" }
    }
},
{
    "from": [ 7, 15, 4 ],
    "to": [ 8, 16, 5 ],
    "faces": {
        "down":  { "uv": [ 9, 5, 8, 4 ], "texture": "#texture" },
        "up":    { "uv": [ 7, 4, 8, 5 ], "texture": "#texture" },
        "north": { "uv": [ 8, 0, 9, 1 ], "texture": "#texture" },
        "south": { "uv": [ 7, 0, 8, 1 ], "texture": "#texture" },
        "west":  { "uv": [ 4, 0, 5, 1 ], "texture": "#texture" },
        "east":  { "uv": [ 11, 0, 12, 1 ], "texture": "#texture" }
    }
},
{
    "from": [ 9, 15, 4 ],
    "to": [ 10, 16, 5 ],
    "faces": {
        "down":  { "uv": [ 7, 5, 6, 4 ], "texture": "#texture" },
        "up":    { "uv": [ 9, 4, 10, 5 ], "texture": "#texture" },
        "north": { "uv": [ 6, 0, 7, 1 ], "texture": "#texture" },
        "south": { "uv": [ 9, 0, 10, 1 ], "texture": "#texture" },
        "west":  { "uv": [ 4, 0, 5, 1 ], "texture": "#texture" },
        "east":  { "uv": [ 11, 0, 12, 1 ], "texture": "#texture" }
    }
},
{
    "from": [ 11, 15, 4 ],
    "to": [ 12, 16, 5 ],
    "faces": {
        "down":  { "uv": [ 5, 5, 4, 4 ], "texture": "#texture" },
        "up":    { "uv": [ 11, 4, 12, 5 ], "texture": "#texture" },
        "north": { "uv": [ 4, 0, 5, 1 ], "texture": "#texture" },
        "south": { "uv": [ 11, 0, 12, 1 ], "texture": "#texture" },
        "west":  { "uv": [ 4, 0, 5, 1 ], "texture": "#texture" },
        "east":  { "uv": [ 11, 0, 12, 1 ], "texture": "#texture" }
    }
},
{
    "from": [ 13, 15, 4 ],
    "to": [ 14, 16, 5 ],
    "faces": {
        "down":  { "uv": [ 3, 5, 2, 4 ], "texture": "#texture" },
        "up":    { "uv": [ 13, 4, 14, 5 ], "texture": "#texture" },
        "north": { "uv": [ 2, 0, 3, 1 ], "texture": "#texture" },
        "south": { "uv": [ 13, 0, 14, 1 ], "texture": "#texture" },
        "west":  { "uv": [ 4, 0, 5, 1 ], "texture": "#texture" },
        "east":  { "uv": [ 11, 0, 12, 1 ], "texture": "#texture" }
    }
},
{
    "from": [ 15, 15, 4 ],
    "to": [ 16, 16, 5 ],
    "faces": {
        "down":  { "uv": [ 1, 5, 0, 4 ], "texture": "#texture" },
        "up":    { "uv": [ 15, 4, 16, 5 ], "texture": "#texture" },
        "north": { "uv": [ 0, 0, 1, 1 ], "texture": "#texture" },
        "south": { "uv": [ 15, 0, 16, 1 ], "texture": "#texture" },
        "west":  { "uv": [ 4, 0, 5, 1 ], "texture": "#texture" },
        "east":  { "uv": [ 11, 0, 12, 1 ], "texture": "#texture" }
    }
},
{
    "from": [ 1, 15, 2 ],
    "to": [ 2, 16, 3 ],
    "faces": {
        "down":  { "uv": [ 15, 3, 14, 2 ], "texture": "#texture" },
        "up":    { "uv": [ 1, 2, 2, 3 ], "texture": "#texture" },
        "north": { "uv": [ 14, 0, 15, 1 ], "texture": "#texture" },
        "south": { "uv": [ 1, 0, 2, 1 ], "texture": "#texture" },
        "west":  { "uv": [ 2, 0, 3, 1 ], "texture": "#texture" },
        "east":  { "uv": [ 13, 0, 14, 1 ], "texture": "#texture" }
    }
},
{
    "from": [ 3, 15, 2 ],
    "to": [ 4, 16, 3 ],
    "faces": {
        "down":  { "uv": [ 13, 3, 12, 2 ], "texture": "#texture" },
        "up":    { "uv": [ 3, 2, 4, 3 ], "texture": "#texture" },
        "north": { "uv": [ 12, 0, 13, 1 ], "texture": "#texture" },
        "south": { "uv": [ 3, 0, 4, 1 ], "texture": "#texture" },
        "west":  { "uv": [ 2, 0, 3, 1 ], "texture": "#texture" },
        "east":  { "uv": [ 13, 0, 14, 1 ], "texture": "#texture" }
    }
},
{
    "from": [ 5, 15, 2 ],
    "to": [ 6, 16, 3 ],
    "faces": {
        "down":  { "uv": [ 11, 3, 10, 2 ], "texture": "#texture" },
        "up":    { "uv": [ 5, 2, 6, 3 ], "texture": "#texture" },
        "north": { "uv": [ 10, 0, 11, 1 ], "texture": "#texture" },
        "south": { "uv": [ 5, 0, 6, 1 ], "texture": "#texture" },
        "west":  { "uv": [ 2, 0, 3, 1 ], "texture": "#texture" },
        "east":  { "uv": [ 13, 0, 14, 1 ], "texture": "#texture" }
    }
},
{
    "from": [ 7, 15, 2 ],
    "to": [ 8, 16, 3 ],
    "faces": {
        "down":  { "uv": [ 9, 3, 8, 2 ], "texture": "#texture" },
        "up":    { "uv": [ 7, 2, 8, 3 ], "texture": "#texture" },
        "north": { "uv": [ 8, 0, 9, 1 ], "texture": "#texture" },
        "south": { "uv": [ 7, 0, 8, 1 ], "texture": "#texture" },
        "west":  { "uv": [ 2, 0, 3, 1 ], "texture": "#texture" },
        "east":  { "uv": [ 13, 0, 14, 1 ], "texture": "#texture" }
    }
},
{
    "from": [ 9, 15, 2 ],
    "to": [ 10, 16, 3 ],
    "faces": {
        "down":  { "uv": [ 7, 3, 6, 2 ], "texture": "#texture" },
        "up":    { "uv": [ 9, 2, 10, 3 ], "texture": "#texture" },
        "north": { "uv": [ 6, 0, 7, 1 ], "texture": "#texture" },
        "south": { "uv": [ 9, 0, 10, 1 ], "texture": "#texture" },
        "west":  { "uv": [ 2, 0, 3, 1 ], "texture": "#texture" },
        "east":  { "uv": [ 13, 0, 14, 1 ], "texture": "#texture" }
    }
},
{
    "from": [ 11, 15, 2 ],
    "to": [ 12, 16, 3 ],
    "faces": {
        "down":  { "uv": [ 5, 3, 4, 2 ], "texture": "#texture" },
        "up":    { "uv": [ 11, 2, 12, 3 ], "texture": "#texture" },
        "north": { "uv": [ 4, 0, 5, 1 ], "texture": "#texture" },
        "south": { "uv": [ 11, 0, 12, 1 ], "texture": "#texture" },
        "west":  { "uv": [ 2, 0, 3, 1 ], "texture": "#texture" },
        "east":  { "uv": [ 13, 0, 14, 1 ], "texture": "#texture" }
    }
},
{
    "from": [ 13, 15, 2 ],
    "to": [ 14, 16, 3 ],
    "faces": {
        "down":  { "uv": [ 3, 3, 2, 2 ], "texture": "#texture" },
        "up":    { "uv": [ 13, 2, 14, 3 ], "texture": "#texture" },
        "north": { "uv": [ 2, 0, 3, 1 ], "texture": "#texture" },
        "south": { "uv": [ 13, 0, 14, 1 ], "texture": "#texture" },
        "west":  { "uv": [ 2, 0, 3, 1 ], "texture": "#texture" },
        "east":  { "uv": [ 13, 0, 14, 1 ], "texture": "#texture" }
    }
},
{
    "from": [ 15, 15, 2 ],
    "to": [ 16, 16, 3 ],
    "faces": {
        "down":  { "uv": [ 1, 3, 0, 2 ], "texture": "#texture" },
        "up":    { "uv": [ 15, 2, 16, 3 ], "texture": "#texture" },
        "north": { "uv": [ 0, 0, 1, 1 ], "texture": "#texture" },
        "south": { "uv": [ 15, 0, 16, 1 ], "texture": "#texture" },
        "west":  { "uv": [ 2, 0, 3, 1 ], "texture": "#texture" },
        "east":  { "uv": [ 13, 0, 14, 1 ], "texture": "#texture" }
    }
},
{
    "from": [ 1, 15, 6 ],
    "to": [ 2, 16, 7 ],
    "faces": {
        "down":  { "uv": [ 15, 7, 14, 6 ], "texture": "#texture" },
        "up":    { "uv": [ 1, 6, 2, 7 ], "texture": "#texture" },
        "north": { "uv": [ 14, 0, 15, 1 ], "texture": "#texture" },
        "south": { "uv": [ 1, 0, 2, 1 ], "texture": "#texture" },
        "west":  { "uv": [ 6, 0, 7, 1 ], "texture": "#texture" },
        "east":  { "uv": [ 9, 0, 10, 1 ], "texture": "#texture" }
    }
},
{
    "from": [ 3, 15, 6 ],
    "to": [ 4, 16, 7 ],
    "faces": {
        "down":  { "uv": [ 13, 7, 12, 6 ], "texture": "#texture" },
        "up":    { "uv": [ 3, 6, 4, 7 ], "texture": "#texture" },
        "north": { "uv": [ 12, 0, 13, 1 ], "texture": "#texture" },
        "south": { "uv": [ 3, 0, 4, 1 ], "texture": "#texture" },
        "west":  { "uv": [ 6, 0, 7, 1 ], "texture": "#texture" },
        "east":  { "uv": [ 9, 0, 10, 1 ], "texture": "#texture" }
    }
},
{
    "from": [ 5, 15, 6 ],
    "to": [ 6, 16, 7 ],
    "faces": {
        "down":  { "uv": [ 11, 7, 10, 6 ], "texture": "#texture" },
        "up":    { "uv": [ 5, 6, 6, 7 ], "texture": "#texture" },
        "north": { "uv": [ 10, 0, 11, 1 ], "texture": "#texture" },
        "south": { "uv": [ 5, 0, 6, 1 ], "texture": "#texture" },
        "west":  { "uv": [ 6, 0, 7, 1 ], "texture": "#texture" },
        "east":  { "uv": [ 9, 0, 10, 1 ], "texture": "#texture" }
    }
},
{
    "from": [ 7, 15, 6 ],
    "to": [ 8, 16, 7 ],
    "faces": {
        "down":  { "uv": [ 9, 7, 8, 6 ], "texture": "#texture" },
        "up":    { "uv": [ 7, 6, 8, 7 ], "texture": "#texture" },
        "north": { "uv": [ 8, 0, 9, 1 ], "texture": "#texture" },
        "south": { "uv": [ 7, 0, 8, 1 ], "texture": "#texture" },
        "west":  { "uv": [ 6, 0, 7, 1 ], "texture": "#texture" },
        "east":  { "uv": [ 9, 0, 10, 1 ], "texture": "#texture" }
    }
},
{
    "from": [ 9, 15, 6 ],
    "to": [ 10, 16, 7 ],
    "faces": {
        "down":  { "uv": [ 7, 7, 6, 6 ], "texture": "#texture" },
        "up":    { "uv": [ 9, 6, 10, 7 ], "texture": "#texture" },
        "north": { "uv": [ 6, 0, 7, 1 ], "texture": "#texture" },
        "south": { "uv": [ 9, 0, 10, 1 ], "texture": "#texture" },
        "west":  { "uv": [ 6, 0, 7, 1 ], "texture": "#texture" },
        "east":  { "uv": [ 9, 0, 10, 1 ], "texture": "#texture" }
    }
},
{
    "from": [ 11, 15, 6 ],
    "to": [ 12, 16, 7 ],
    "faces": {
        "down":  { "uv": [ 5, 7, 4, 6 ], "texture": "#texture" },
        "up":    { "uv": [ 11, 6, 12, 7 ], "texture": "#texture" },
        "north": { "uv": [ 4, 0, 5, 1 ], "texture": "#texture" },
        "south": { "uv": [ 11, 0, 12, 1 ], "texture": "#texture" },
        "west":  { "uv": [ 6, 0, 7, 1 ], "texture": "#texture" },
        "east":  { "uv": [ 9, 0, 10, 1 ], "texture": "#texture" }
    }
},
{
    "from": [ 13, 15, 6 ],
    "to": [ 14, 16, 7 ],
    "faces": {
        "down":  { "uv": [ 3, 7, 2, 6 ], "texture": "#texture" },
        "up":    { "uv": [ 13, 6, 14, 7 ], "texture": "#texture" },
        "north": { "uv": [ 2, 0, 3, 1 ], "texture": "#texture" },
        "south": { "uv": [ 13, 0, 14, 1 ], "texture": "#texture" },
        "west":  { "uv": [ 6, 0, 7, 1 ], "texture": "#texture" },
        "east":  { "uv": [ 9, 0, 10, 1 ], "texture": "#texture" }
    }
},
{
    "from": [ 15, 15, 6 ],
    "to": [ 16, 16, 7 ],
    "faces": {
        "down":  { "uv": [ 1, 7, 0, 6 ], "texture": "#texture" },
        "up":    { "uv": [ 15, 6, 16, 7 ], "texture": "#texture" },
        "north": { "uv": [ 0, 0, 1, 1 ], "texture": "#texture" },
        "south": { "uv": [ 15, 0, 16, 1 ], "texture": "#texture" },
        "west":  { "uv": [ 6, 0, 7, 1 ], "texture": "#texture" },
        "east":  { "uv": [ 9, 0, 10, 1 ], "texture": "#texture" }
    }
},
{
    "from": [ 1, 15, 14 ],
    "to": [ 2, 16, 15 ],
    "faces": {
        "down":  { "uv": [ 15, 15, 14, 14 ], "texture": "#texture" },
        "up":    { "uv": [ 1, 14, 2, 15 ], "texture": "#texture" },
        "north": { "uv": [ 14, 0, 15, 1 ], "texture": "#texture" },
        "south": { "uv": [ 1, 0, 2, 1 ], "texture": "#texture" },
        "west":  { "uv": [ 14, 0, 15, 1 ], "texture": "#texture" },
        "east":  { "uv": [ 1, 0, 2, 1 ], "texture": "#texture" }
    }
},
{
    "from": [ 3, 15, 14 ],
    "to": [ 4, 16, 15 ],
    "faces": {
        "down":  { "uv": [ 13, 15, 12, 14 ], "texture": "#texture" },
        "up":    { "uv": [ 3, 14, 4, 15 ], "texture": "#texture" },
        "north": { "uv": [ 12, 0, 13, 1 ], "texture": "#texture" },
        "south": { "uv": [ 3, 0, 4, 1 ], "texture": "#texture" },
        "west":  { "uv": [ 14, 0, 15, 1 ], "texture": "#texture" },
        "east":  { "uv": [ 1, 0, 2, 1 ], "texture": "#texture" }
    }
},
{
    "from": [ 5, 15, 14 ],
    "to": [ 6, 16, 15 ],
    "faces": {
        "down":  { "uv": [ 11, 15, 10, 14 ], "texture": "#texture" },
        "up":    { "uv": [ 5, 14, 6, 15 ], "texture": "#texture" },
        "north": { "uv": [ 10, 0, 11, 1 ], "texture": "#texture" },
        "south": { "uv": [ 5, 0, 6, 1 ], "texture": "#texture" },
        "west":  { "uv": [ 14, 0, 15, 1 ], "texture": "#texture" },
        "east":  { "uv": [ 1, 0, 2, 1 ], "texture": "#texture" }
    }
},
{
    "from": [ 7, 15, 14 ],
    "to": [ 8, 16, 15 ],
    "faces": {
        "down":  { "uv": [ 9, 15, 8, 14 ], "texture": "#texture" },
        "up":    { "uv": [ 7, 14, 8, 15 ], "texture": "#texture" },
        "north": { "uv": [ 8, 0, 9, 1 ], "texture": "#texture" },
        "south": { "uv": [ 7, 0, 8, 1 ], "texture": "#texture" },
        "west":  { "uv": [ 14, 0, 15, 1 ], "texture": "#texture" },
        "east":  { "uv": [ 1, 0, 2, 1 ], "texture": "#texture" }
    }
},
{
    "from": [ 9, 15, 14 ],
    "to": [ 10, 16, 15 ],
    "faces": {
        "down":  { "uv": [ 7, 15, 6, 14 ], "texture": "#texture" },
        "up":    { "uv": [ 9, 14, 10, 15 ], "texture": "#texture" },
        "north": { "uv": [ 6, 0, 7, 1 ], "texture": "#texture" },
        "south": { "uv": [ 9, 0, 10, 1 ], "texture": "#texture" },
        "west":  { "uv": [ 14, 0, 15, 1 ], "texture": "#texture" },
        "east":  { "uv": [ 1, 0, 2, 1 ], "texture": "#texture" }
    }
},
{
    "from": [ 11, 15, 14 ],
    "to": [ 12, 16, 15 ],
    "faces": {
        "down":  { "uv": [ 5, 15, 4, 14 ], "texture": "#texture" },
        "up":    { "uv": [ 11, 14, 12, 15 ], "texture": "#texture" },
        "north": { "uv": [ 4, 0, 5, 1 ], "texture": "#texture" },
        "south": { "uv": [ 11, 0, 12, 1 ], "texture": "#texture" },
        "west":  { "uv": [ 14, 0, 15, 1 ], "texture": "#texture" },
        "east":  { "uv": [ 1, 0, 2, 1 ], "texture": "#texture" }
    }
},
{
    "from": [ 13, 15, 14 ],
    "to": [ 14, 16, 15 ],
    "faces": {
        "down":  { "uv": [ 3, 15, 2, 14 ], "texture": "#texture" },
        "up":    { "uv": [ 13, 14, 14, 15 ], "texture": "#texture" },
        "north": { "uv": [ 2, 0, 3, 1 ], "texture": "#texture" },
        "south": { "uv": [ 13, 0, 14, 1 ], "texture": "#texture" },
        "west":  { "uv": [ 14, 0, 15, 1 ], "texture": "#texture" },
        "east":  { "uv": [ 1, 0, 2, 1 ], "texture": "#texture" }
    }
},
{
    "from": [ 15, 15, 14 ],
    "to": [ 16, 16, 15 ],
    "faces": {
        "down":  { "uv": [ 1, 15, 0, 14 ], "texture": "#texture" },
        "up":    { "uv": [ 15, 14, 16, 15 ], "texture": "#texture" },
        "north": { "uv": [ 0, 0, 1, 1 ], "texture": "#texture" },
        "south": { "uv": [ 15, 0, 16, 1 ], "texture": "#texture" },
        "west":  { "uv": [ 14, 0, 15, 1 ], "texture": "#texture" },
        "east":  { "uv": [ 1, 0, 2, 1 ], "texture": "#texture" }
    }
},
{
    "from": [ 1, 15, 8 ],
    "to": [ 2, 16, 9 ],
    "faces": {
        "down":  { "uv": [ 15, 9, 14, 8 ], "texture": "#texture" },
        "up":    { "uv": [ 1, 8, 2, 9 ], "texture": "#texture" },
        "north": { "uv": [ 14, 0, 15, 1 ], "texture": "#texture" },
        "south": { "uv": [ 1, 0, 2, 1 ], "texture": "#texture" },
        "west":  { "uv": [ 8, 0, 9, 1 ], "texture": "#texture" },
        "east":  { "uv": [ 7, 0, 8, 1 ], "texture": "#texture" }
    }
},
{
    "from": [ 3, 15, 8 ],
    "to": [ 4, 16, 9 ],
    "faces": {
        "down":  { "uv": [ 13, 9, 12, 8 ], "texture": "#texture" },
        "up":    { "uv": [ 3, 8, 4, 9 ], "texture": "#texture" },
        "north": { "uv": [ 12, 0, 13, 1 ], "texture": "#texture" },
        "south": { "uv": [ 3, 0, 4, 1 ], "texture": "#texture" },
        "west":  { "uv": [ 8, 0, 9, 1 ], "texture": "#texture" },
        "east":  { "uv": [ 7, 0, 8, 1 ], "texture": "#texture" }
    }
},
{
    "from": [ 5, 15, 8 ],
    "to": [ 6, 16, 9 ],
    "faces": {
        "down":  { "uv": [ 11, 9, 10, 8 ], "texture": "#texture" },
        "up":    { "uv": [ 5, 8, 6, 9 ], "texture": "#texture" },
        "north": { "uv": [ 10, 0, 11, 1 ], "texture": "#texture" },
        "south": { "uv": [ 5, 0, 6, 1 ], "texture": "#texture" },
        "west":  { "uv": [ 8, 0, 9, 1 ], "texture": "#texture" },
        "east":  { "uv": [ 7, 0, 8, 1 ], "texture": "#texture" }
    }
},
{
    "from": [ 7, 15, 8 ],
    "to": [ 8, 16, 9 ],
    "faces": {
        "down":  { "uv": [ 9, 9, 8, 8 ], "texture": "#texture" },
        "up":    { "uv": [ 7, 8, 8, 9 ], "texture": "#texture" },
        "north": { "uv": [ 8, 0, 9, 1 ], "texture": "#texture" },
        "south": { "uv": [ 7, 0, 8, 1 ], "texture": "#texture" },
        "west":  { "uv": [ 8, 0, 9, 1 ], "texture": "#texture" },
        "east":  { "uv": [ 7, 0, 8, 1 ], "texture": "#texture" }
    }
},
{
    "from": [ 9, 15, 8 ],
    "to": [ 10, 16, 9 ],
    "faces": {
        "down":  { "uv": [ 7, 9, 6, 8 ], "texture": "#texture" },
        "up":    { "uv": [ 9, 8, 10, 9 ], "texture": "#texture" },
        "north": { "uv": [ 6, 0, 7, 1 ], "texture": "#texture" },
        "south": { "uv": [ 9, 0, 10, 1 ], "texture": "#texture" },
        "west":  { "uv": [ 8, 0, 9, 1 ], "texture": "#texture" },
        "east":  { "uv": [ 7, 0, 8, 1 ], "texture": "#texture" }
    }
},
{
    "from": [ 11, 15, 8 ],
    "to": [ 12, 16, 9 ],
    "faces": {
        "down":  { "uv": [ 5, 9, 4, 8 ], "texture": "#texture" },
        "up":    { "uv": [ 11, 8, 12, 9 ], "texture": "#texture" },
        "north": { "uv": [ 4, 0, 5, 1 ], "texture": "#texture" },
        "south": { "uv": [ 11, 0, 12, 1 ], "texture": "#texture" },
        "west":  { "uv": [ 8, 0, 9, 1 ], "texture": "#texture" },
        "east":  { "uv": [ 7, 0, 8, 1 ], "texture": "#texture" }
    }
},
{
    "from": [ 13, 15, 8 ],
    "to": [ 14, 16, 9 ],
    "faces": {
        "down":  { "uv": [ 3, 9, 2, 8 ], "texture": "#texture" },
        "up":    { "uv": [ 13, 8, 14, 9 ], "texture": "#texture" },
        "north": { "uv": [ 2, 0, 3, 1 ], "texture": "#texture" },
        "south": { "uv": [ 13, 0, 14, 1 ], "texture": "#texture" },
        "west":  { "uv": [ 8, 0, 9, 1 ], "texture": "#texture" },
        "east":  { "uv": [ 7, 0, 8, 1 ], "texture": "#texture" }
    }
},
{
    "from": [ 15, 15, 8 ],
    "to": [ 16, 16, 9 ],
    "faces": {
        "down":  { "uv": [ 1, 9, 0, 8 ], "texture": "#texture" },
        "up":    { "uv": [ 15, 8, 16, 9 ], "texture": "#texture" },
        "north": { "uv": [ 0, 0, 1, 1 ], "texture": "#texture" },
        "south": { "uv": [ 15, 0, 16, 1 ], "texture": "#texture" },
        "west":  { "uv": [ 8, 0, 9, 1 ], "texture": "#texture" },
        "east":  { "uv": [ 7, 0, 8, 1 ], "texture": "#texture" }
    }
},
{
    "from": [ 1, 15, 10 ],
    "to": [ 2, 16, 11 ],
    "faces": {
        "down":  { "uv": [ 15, 11, 14, 10 ], "texture": "#texture" },
        "up":    { "uv": [ 1, 10, 2, 11 ], "texture": "#texture" },
        "north": { "uv": [ 14, 0, 15, 1 ], "texture": "#texture" },
        "south": { "uv": [ 1, 0, 2, 1 ], "texture": "#texture" },
        "west":  { "uv": [ 10, 0, 11, 1 ], "texture": "#texture" },
        "east":  { "uv": [ 5, 0, 6, 1 ], "texture": "#texture" }
    }
},
{
    "from": [ 3, 15, 10 ],
    "to": [ 4, 16, 11 ],
    "faces": {
        "down":  { "uv": [ 13, 11, 12, 10 ], "texture": "#texture" },
        "up":    { "uv": [ 3, 10, 4, 11 ], "texture": "#texture" },
        "north": { "uv": [ 12, 0, 13, 1 ], "texture": "#texture" },
        "south": { "uv": [ 3, 0, 4, 1 ], "texture": "#texture" },
        "west":  { "uv": [ 10, 0, 11, 1 ], "texture": "#texture" },
        "east":  { "uv": [ 5, 0, 6, 1 ], "texture": "#texture" }
    }
},
{
    "from": [ 5, 15, 10 ],
    "to": [ 6, 16, 11 ],
    "faces": {
        "down":  { "uv": [ 11, 11, 10, 10 ], "texture": "#texture" },
        "up":    { "uv": [ 5, 10, 6, 11 ], "texture": "#texture" },
        "north": { "uv": [ 10, 0, 11, 1 ], "texture": "#texture" },
        "south": { "uv": [ 5, 0, 6, 1 ], "texture": "#texture" },
        "west":  { "uv": [ 10, 0, 11, 1 ], "texture": "#texture" },
        "east":  { "uv": [ 5, 0, 6, 1 ], "texture": "#texture" }
    }
},
{
    "from": [ 7, 15, 10 ],
    "to": [ 8, 16, 11 ],
    "faces": {
        "down":  { "uv": [ 9, 11, 8, 10 ], "texture": "#texture" },
        "up":    { "uv": [ 7, 10, 8, 11 ], "texture": "#texture" },
        "north": { "uv": [ 8, 0, 9, 1 ], "texture": "#texture" },
        "south": { "uv": [ 7, 0, 8, 1 ], "texture": "#texture" },
        "west":  { "uv": [ 10, 0, 11, 1 ], "texture": "#texture" },
        "east":  { "uv": [ 5, 0, 6, 1 ], "texture": "#texture" }
    }
},
{
    "from": [ 9, 15, 10 ],
    "to": [ 10, 16, 11 ],
    "faces": {
        "down":  { "uv": [ 7, 11, 6, 10 ], "texture": "#texture" },
        "up":    { "uv": [ 9, 10, 10, 11 ], "texture": "#texture" },
        "north": { "uv": [ 6, 0, 7, 1 ], "texture": "#texture" },
        "south": { "uv": [ 9, 0, 10, 1 ], "texture": "#texture" },
        "west":  { "uv": [ 10, 0, 11, 1 ], "texture": "#texture" },
        "east":  { "uv": [ 5, 0, 6, 1 ], "texture": "#texture" }
    }
},
{
    "from": [ 11, 15, 10 ],
    "to": [ 12, 16, 11 ],
    "faces": {
        "down":  { "uv": [ 5, 11, 4, 10 ], "texture": "#texture" },
        "up":    { "uv": [ 11, 10, 12, 11 ], "texture": "#texture" },
        "north": { "uv": [ 4, 0, 5, 1 ], "texture": "#texture" },
        "south": { "uv": [ 11, 0, 12, 1 ], "texture": "#texture" },
        "west":  { "uv": [ 10, 0, 11, 1 ], "texture": "#texture" },
        "east":  { "uv": [ 5, 0, 6, 1 ], "texture": "#texture" }
    }
},
{
    "from": [ 13, 15, 10 ],
    "to": [ 14, 16, 11 ],
    "faces": {
        "down":  { "uv": [ 3, 11, 2, 10 ], "texture": "#texture" },
        "up":    { "uv": [ 13, 10, 14, 11 ], "texture": "#texture" },
        "north": { "uv": [ 2, 0, 3, 1 ], "texture": "#texture" },
        "south": { "uv": [ 13, 0, 14, 1 ], "texture": "#texture" },
        "west":  { "uv": [ 10, 0, 11, 1 ], "texture": "#texture" },
        "east":  { "uv": [ 5, 0, 6, 1 ], "texture": "#texture" }
    }
},
{
    "from": [ 15, 15, 10 ],
    "to": [ 16, 16, 11 ],
    "faces": {
        "down":  { "uv": [ 1, 11, 0, 10 ], "texture": "#texture" },
        "up":    { "uv": [ 15, 10, 16, 11 ], "texture": "#texture" },
        "north": { "uv": [ 0, 0, 1, 1 ], "texture": "#texture" },
        "south": { "uv": [ 15, 0, 16, 1 ], "texture": "#texture" },
        "west":  { "uv": [ 10, 0, 11, 1 ], "texture": "#texture" },
        "east":  { "uv": [ 5, 0, 6, 1 ], "texture": "#texture" }
    }
},
{
    "from": [ 1, 15, 12 ],
    "to": [ 2, 16, 13 ],
    "faces": {
        "down":  { "uv": [ 15, 13, 14, 12 ], "texture": "#texture" },
        "up":    { "uv": [ 1, 12, 2, 13 ], "texture": "#texture" },
        "north": { "uv": [ 14, 0, 15, 1 ], "texture": "#texture" },
        "south": { "uv": [ 1, 0, 2, 1 ], "texture": "#texture" },
        "west":  { "uv": [ 12, 0, 13, 1 ], "texture": "#texture" },
        "east":  { "uv": [ 3, 0, 4, 1 ], "texture": "#texture" }
    }
},
{
    "from": [ 3, 15, 12 ],
    "to": [ 4, 16, 13 ],
    "faces": {
        "down":  { "uv": [ 13, 13, 12, 12 ], "texture": "#texture" },
        "up":    { "uv": [ 3, 12, 4, 13 ], "texture": "#texture" },
        "north": { "uv": [ 12, 0, 13, 1 ], "texture": "#texture" },
        "south": { "uv": [ 3, 0, 4, 1 ], "texture": "#texture" },
        "west":  { "uv": [ 12, 0, 13, 1 ], "texture": "#texture" },
        "east":  { "uv": [ 3, 0, 4, 1 ], "texture": "#texture" }
    }
},
{
    "from": [ 5, 15, 12 ],
    "to": [ 6, 16, 13 ],
    "faces": {
        "down":  { "uv": [ 11, 13, 10, 12 ], "texture": "#texture" },
        "up":    { "uv": [ 5, 12, 6, 13 ], "texture": "#texture" },
        "north": { "uv": [ 10, 0, 11, 1 ], "texture": "#texture" },
        "south": { "uv": [ 5, 0, 6, 1 ], "texture": "#texture" },
        "west":  { "uv": [ 12, 0, 13, 1 ], "texture": "#texture" },
        "east":  { "uv": [ 3, 0, 4, 1 ], "texture": "#texture" }
    }
},
{
    "from": [ 7, 15, 12 ],
    "to": [ 8, 16, 13 ],
    "faces": {
        "down":  { "uv": [ 9, 13, 8, 12 ], "texture": "#texture" },
        "up":    { "uv": [ 7, 12, 8, 13 ], "texture": "#texture" },
        "north": { "uv": [ 8, 0, 9, 1 ], "texture": "#texture" },
        "south": { "uv": [ 7, 0, 8, 1 ], "texture": "#texture" },
        "west":  { "uv": [ 12, 0, 13, 1 ], "texture": "#texture" },
        "east":  { "uv": [ 3, 0, 4, 1 ], "texture": "#texture" }
    }
},
{
    "from": [ 9, 15, 12 ],
    "to": [ 10, 16, 13 ],
    "faces": {
        "down":  { "uv": [ 7, 13, 6, 12 ], "texture": "#texture" },
        "up":    { "uv": [ 9, 12, 10, 13 ], "texture": "#texture" },
        "north": { "uv": [ 6, 0, 7, 1 ], "texture": "#texture" },
        "south": { "uv": [ 9, 0, 10, 1 ], "texture": "#texture" },
        "west":  { "uv": [ 12, 0, 13, 1 ], "texture": "#texture" },
        "east":  { "uv": [ 3, 0, 4, 1 ], "texture": "#texture" }
    }
},
{
    "from": [ 11, 15, 12 ],
    "to": [ 12, 16, 13 ],
    "faces": {
        "down":  { "uv": [ 5, 13, 4, 12 ], "texture": "#texture" },
        "up":    { "uv": [ 11, 12, 12, 13 ], "texture": "#texture" },
        "north": { "uv": [ 4, 0, 5, 1 ], "texture": "#texture" },
        "south": { "uv": [ 11, 0, 12, 1 ], "texture": "#texture" },
        "west":  { "uv": [ 12, 0, 13, 1 ], "texture": "#texture" },
        "east":  { "uv": [ 3, 0, 4, 1 ], "texture": "#texture" }
    }
},
{
    "from": [ 13, 15, 12 ],
    "to": [ 14, 16, 13 ],
    "faces": {
        "down":  { "uv": [ 3, 13, 2, 12 ], "texture": "#texture" },
        "up":    { "uv": [ 13, 12, 14, 13 ], "texture": "#texture" },
        "north": { "uv": [ 2, 0, 3, 1 ], "texture": "#texture" },
        "south": { "uv": [ 13, 0, 14, 1 ], "texture": "#texture" },
        "west":  { "uv": [ 12, 0, 13, 1 ], "texture": "#texture" },
        "east":  { "uv": [ 3, 0, 4, 1 ], "texture": "#texture" }
    }
},
{
    "from": [ 15, 15, 12 ],
    "to": [ 16, 16, 13 ],
    "faces": {
        "down":  { "uv": [ 1, 13, 0, 12 ], "texture": "#texture" },
        "up":    { "uv": [ 15, 12, 16, 13 ], "texture": "#texture" },
        "north": { "uv": [ 0, 0, 1, 1 ], "texture": "#texture" },
        "south": { "uv": [ 15, 0, 16, 1 ], "texture": "#texture" },
        "west":  { "uv": [ 12, 0, 13, 1 ], "texture": "#texture" },
        "east":  { "uv": [ 3, 0, 4, 1 ], "texture": "#texture" }
    }
}
]
}