{
"__comment": "Designed by tomaxed with Cubik",
"textures": {
	"particle": "blocks/metal_barrel1",
    "texture": "blocks/metal_barrel1"
},
"elements": [ 
{
    "from": [ 5, 0, 1.5 ],
    "to": [ 11, 16, 2.5 ],
    "faces": {
        "down":  { "uv": [ 11, 2.5, 5, 1.5 ], "texture": "#texture" },
        "up":    { "uv": [ 5, 1.5, 11, 2.5 ], "texture": "#texture" },
        "north": { "uv": [ 5, 0, 11, 16 ], "texture": "#texture" },
        "south": { "uv": [ 5, 0, 11, 16 ], "texture": "#texture" },
        "west":  { "uv": [ 1.5, 0, 2.5, 16 ], "texture": "#texture" },
        "east":  { "uv": [ 13.5, 0, 14.5, 16 ], "texture": "#texture" }
    }
},
{
    "from": [ 5, 0, 13.5 ],
    "to": [ 11, 16, 14.5 ],
    "faces": {
        "down":  { "uv": [ 11, 14.5, 5, 13.5 ], "texture": "#texture" },
        "up":    { "uv": [ 5, 13.5, 11, 14.5 ], "texture": "#texture" },
        "north": { "uv": [ 5, 0, 11, 16 ], "texture": "#texture" },
        "south": { "uv": [ 5, 0, 11, 16 ], "texture": "#texture" },
        "west":  { "uv": [ 13.5, 0, 14.5, 16 ], "texture": "#texture" },
        "east":  { "uv": [ 1.5, 0, 2.5, 16 ], "texture": "#texture" }
    }
},
{
    "from": [ 1.5, 0, 5 ],
    "to": [ 2.5, 16, 11 ],
    "faces": {
        "down":  { "uv": [ 14.5, 11, 13.5, 5 ], "texture": "#texture" },
        "up":    { "uv": [ 1.5, 5, 2.5, 11 ], "texture": "#texture" },
        "north": { "uv": [ 13.5, 0, 14.5, 16 ], "texture": "#texture" },
        "south": { "uv": [ 1.5, 0, 2.5, 16 ], "texture": "#texture" },
        "west":  { "uv": [ 5, 0, 11, 16 ], "texture": "#texture" },
        "east":  { "uv": [ 5, 0, 11, 16 ], "texture": "#texture" }
    }
},
{
    "from": [ 13.5, 0, 5 ],
    "to": [ 14.5, 16, 11 ],
    "faces": {
        "down":  { "uv": [ 2.5, 11, 1.5, 5 ], "texture": "#texture" },
        "up":    { "uv": [ 13.5, 5, 14.5, 11 ], "texture": "#texture" },
        "north": { "uv": [ 1.5, 0, 2.5, 16 ], "texture": "#texture" },
        "south": { "uv": [ 13.5, 0, 14.5, 16 ], "texture": "#texture" },
        "west":  { "uv": [ 5, 0, 11, 16 ], "texture": "#texture" },
        "east":  { "uv": [ 5, 0, 11, 16 ], "texture": "#texture" }
    }
},
{
    "from": [ 11, 0.0125, 1.5 ],
    "to": [ 16, 15.9975, 2.5 ],
    "rotation": { "origin": [ 11, 0, 1.5 ], "axis": "y", "angle": -45 },
    "faces": {
        "down":  { "uv": [ 11, 1.5, 16, 2.5 ], "texture": "#texture" },
        "up":    { "uv": [ 11, 1.5, 16, 2.5 ], "texture": "#texture" },
        "north": { "uv": [ 11, 0, 16, 16 ], "texture": "#texture" },
        "south": { "uv": [ 11, 0, 16, 16 ], "texture": "#texture" },
        "west":  { "uv": [ 1.5, 0, 2.5, 16 ], "texture": "#texture" },
        "east":  { "uv": [ 1.5, 0, 2.5, 16 ], "texture": "#texture" }
    }
},
{
    "from": [ 1.5, 0.0125, 5 ],
    "to": [ 6.5, 15.9975, 6 ],
    "rotation": { "origin": [ 1.5, 0, 5 ], "axis": "y", "angle": 45 },
    "faces": {
        "down":  { "uv": [ 1.5, 5, 6.5, 6 ], "texture": "#texture" },
        "up":    { "uv": [ 1.5, 5, 6.5, 6 ], "texture": "#texture" },
        "north": { "uv": [ 1.5, 0, 6.5, 16 ], "texture": "#texture" },
        "south": { "uv": [ 1.5, 0, 6.5, 16 ], "texture": "#texture" },
        "west":  { "uv": [ 5, 0, 6, 16 ], "texture": "#texture" },
        "east":  { "uv": [ 5, 0, 6, 16 ], "texture": "#texture" }
    }
},
{
    "from": [ 2.25, 0.0125, 10.3125 ],
    "to": [ 7.25, 15.9975, 11.3125 ],
    "rotation": { "origin": [ 2.25, 0, 10.3125 ], "axis": "y", "angle": -45 },
    "faces": {
        "down":  { "uv": [ 2.25, 10.3125, 7.25, 11.3125 ], "texture": "#texture" },
        "up":    { "uv": [ 2.25, 10.3125, 7.25, 11.3125 ], "texture": "#texture" },
        "north": { "uv": [ 2.25, 0, 7.25, 16 ], "texture": "#texture" },
        "south": { "uv": [ 2.25, 0, 7.25, 16 ], "texture": "#texture" },
        "west":  { "uv": [ 10.3125, 0, 11.3125, 16 ], "texture": "#texture" },
        "east":  { "uv": [ 10.3125, 0, 11.3125, 16 ], "texture": "#texture" }
    }
},
{
    "from": [ 10.25, 0.0125, 13.8125 ],
    "to": [ 15.25, 15.9975, 14.8125 ],
    "rotation": { "origin": [ 10.25, 0, 13.8125 ], "axis": "y", "angle": 45 },
    "faces": {
        "down":  { "uv": [ 10.25, 13.8125, 15.25, 14.8125 ], "texture": "#texture" },
        "up":    { "uv": [ 10.25, 13.8125, 15.25, 14.8125 ], "texture": "#texture" },
        "north": { "uv": [ 10.25, 0, 15.25, 16 ], "texture": "#texture" },
        "south": { "uv": [ 10.25, 0, 15.25, 16 ], "texture": "#texture" },
        "west":  { "uv": [ 13.8125, 0, 14.8125, 16 ], "texture": "#texture" },
        "east":  { "uv": [ 13.8125, 0, 14.8125, 16 ], "texture": "#texture" }
    }
},
{
    "from": [ 2.5, 0.5, 4.5 ],
    "to": [ 13.5, 1.5, 11.5 ],
    "faces": {
        "down":  { "uv": [ 13.5, 11.5, 2.5, 4.5 ], "texture": "#texture" },
        "up":    { "uv": [ 2.5, 4.5, 13.5, 11.5 ], "texture": "#texture" },
        "north": { "uv": [ 2.5, 14.5, 13.5, 15.5 ], "texture": "#texture" },
        "south": { "uv": [ 2.5, 14.5, 13.5, 15.5 ], "texture": "#texture" },
        "west":  { "uv": [ 4.5, 14.5, 11.5, 15.5 ], "texture": "#texture" },
        "east":  { "uv": [ 4.5, 14.5, 11.5, 15.5 ], "texture": "#texture" }
    }
},
{
    "from": [ 3, 0.5, 11.5 ],
    "to": [ 13, 1.5, 12 ],
    "faces": {
        "down":  { "uv": [ 13, 12, 3, 11.5 ], "texture": "#texture" },
        "up":    { "uv": [ 3, 11.5, 13, 12 ], "texture": "#texture" },
        "north": { "uv": [ 3, 14.5, 13, 15.5 ], "texture": "#texture" },
        "south": { "uv": [ 3, 14.5, 13, 15.5 ], "texture": "#texture" },
        "west":  { "uv": [ 11.5, 14.5, 12, 15.5 ], "texture": "#texture" },
        "east":  { "uv": [ 4, 14.5, 4.5, 15.5 ], "texture": "#texture" }
    }
},
{
    "from": [ 3.5, 0.5, 12 ],
    "to": [ 12.5, 1.5, 12.5 ],
    "faces": {
        "down":  { "uv": [ 12.5, 12.5, 3.5, 12 ], "texture": "#texture" },
        "up":    { "uv": [ 3.5, 12, 12.5, 12.5 ], "texture": "#texture" },
        "north": { "uv": [ 3.5, 14.5, 12.5, 15.5 ], "texture": "#texture" },
        "south": { "uv": [ 3.5, 14.5, 12.5, 15.5 ], "texture": "#texture" },
        "west":  { "uv": [ 12, 14.5, 12.5, 15.5 ], "texture": "#texture" },
        "east":  { "uv": [ 3.5, 14.5, 4, 15.5 ], "texture": "#texture" }
    }
},
{
    "from": [ 4, 0.5, 12.5 ],
    "to": [ 12, 1.5, 13 ],
    "faces": {
        "down":  { "uv": [ 12, 13, 4, 12.5 ], "texture": "#texture" },
        "up":    { "uv": [ 4, 12.5, 12, 13 ], "texture": "#texture" },
        "north": { "uv": [ 4, 14.5, 12, 15.5 ], "texture": "#texture" },
        "south": { "uv": [ 4, 14.5, 12, 15.5 ], "texture": "#texture" },
        "west":  { "uv": [ 12.5, 14.5, 13, 15.5 ], "texture": "#texture" },
        "east":  { "uv": [ 3, 14.5, 3.5, 15.5 ], "texture": "#texture" }
    }
},
{
    "from": [ 4.5, 0.5, 13 ],
    "to": [ 11.5, 1.5, 13.5 ],
    "faces": {
        "down":  { "uv": [ 11.5, 13.5, 4.5, 13 ], "texture": "#texture" },
        "up":    { "uv": [ 4.5, 13, 11.5, 13.5 ], "texture": "#texture" },
        "north": { "uv": [ 4.5, 14.5, 11.5, 15.5 ], "texture": "#texture" },
        "south": { "uv": [ 4.5, 14.5, 11.5, 15.5 ], "texture": "#texture" },
        "west":  { "uv": [ 13, 14.5, 13.5, 15.5 ], "texture": "#texture" },
        "east":  { "uv": [ 2.5, 14.5, 3, 15.5 ], "texture": "#texture" }
    }
},
{
    "from": [ 4.5, 0.5, 2.5 ],
    "to": [ 11.5, 1.5, 3 ],
    "faces": {
        "down":  { "uv": [ 11.5, 3, 4.5, 2.5 ], "texture": "#texture" },
        "up":    { "uv": [ 4.5, 2.5, 11.5, 3 ], "texture": "#texture" },
        "north": { "uv": [ 4.5, 14.5, 11.5, 15.5 ], "texture": "#texture" },
        "south": { "uv": [ 4.5, 14.5, 11.5, 15.5 ], "texture": "#texture" },
        "west":  { "uv": [ 2.5, 14.5, 3, 15.5 ], "texture": "#texture" },
        "east":  { "uv": [ 13, 14.5, 13.5, 15.5 ], "texture": "#texture" }
    }
},
{
    "from": [ 4, 0.5, 3 ],
    "to": [ 12, 1.5, 3.5 ],
    "faces": {
        "down":  { "uv": [ 12, 3.5, 4, 3 ], "texture": "#texture" },
        "up":    { "uv": [ 4, 3, 12, 3.5 ], "texture": "#texture" },
        "north": { "uv": [ 4, 14.5, 12, 15.5 ], "texture": "#texture" },
        "south": { "uv": [ 4, 14.5, 12, 15.5 ], "texture": "#texture" },
        "west":  { "uv": [ 3, 14.5, 3.5, 15.5 ], "texture": "#texture" },
        "east":  { "uv": [ 12.5, 14.5, 13, 15.5 ], "texture": "#texture" }
    }
},
{
    "from": [ 3.5, 0.5, 3.5 ],
    "to": [ 12.5, 1.5, 4 ],
    "faces": {
        "down":  { "uv": [ 12.5, 4, 3.5, 3.5 ], "texture": "#texture" },
        "up":    { "uv": [ 3.5, 3.5, 12.5, 4 ], "texture": "#texture" },
        "north": { "uv": [ 3.5, 14.5, 12.5, 15.5 ], "texture": "#texture" },
        "south": { "uv": [ 3.5, 14.5, 12.5, 15.5 ], "texture": "#texture" },
        "west":  { "uv": [ 3.5, 14.5, 4, 15.5 ], "texture": "#texture" },
        "east":  { "uv": [ 12, 14.5, 12.5, 15.5 ], "texture": "#texture" }
    }
},
{
    "from": [ 3, 0.5, 4 ],
    "to": [ 13, 1.5, 4.5 ],
    "faces": {
        "down":  { "uv": [ 13, 4.5, 3, 4 ], "texture": "#texture" },
        "up":    { "uv": [ 3, 4, 13, 4.5 ], "texture": "#texture" },
        "north": { "uv": [ 3, 14.5, 13, 15.5 ], "texture": "#texture" },
        "south": { "uv": [ 3, 14.5, 13, 15.5 ], "texture": "#texture" },
        "west":  { "uv": [ 4, 14.5, 4.5, 15.5 ], "texture": "#texture" },
        "east":  { "uv": [ 11.5, 14.5, 12, 15.5 ], "texture": "#texture" }
    }
},
{
    "from": [ 2.5, 14.5, 4.5 ],
    "to": [ 13.5, 15.5, 11.5 ],
    "faces": {
        "down":  { "uv": [ 13.5, 11.5, 2.5, 4.5 ], "texture": "#texture" },
        "up":    { "uv": [ 2.5, 4.5, 13.5, 11.5 ], "texture": "#texture" },
        "north": { "uv": [ 2.5, 0.5, 13.5, 1.5 ], "texture": "#texture" },
        "south": { "uv": [ 2.5, 0.5, 13.5, 1.5 ], "texture": "#texture" },
        "west":  { "uv": [ 4.5, 0.5, 11.5, 1.5 ], "texture": "#texture" },
        "east":  { "uv": [ 4.5, 0.5, 11.5, 1.5 ], "texture": "#texture" }
    }
},
{
    "from": [ 3, 14.5, 11.5 ],
    "to": [ 13, 15.5, 12 ],
    "faces": {
        "down":  { "uv": [ 13, 12, 3, 11.5 ], "texture": "#texture" },
        "up":    { "uv": [ 3, 11.5, 13, 12 ], "texture": "#texture" },
        "north": { "uv": [ 3, 0.5, 13, 1.5 ], "texture": "#texture" },
        "south": { "uv": [ 3, 0.5, 13, 1.5 ], "texture": "#texture" },
        "west":  { "uv": [ 11.5, 0.5, 12, 1.5 ], "texture": "#texture" },
        "east":  { "uv": [ 4, 0.5, 4.5, 1.5 ], "texture": "#texture" }
    }
},
{
    "from": [ 3.5, 14.5, 12 ],
    "to": [ 12.5, 15.5, 12.5 ],
    "faces": {
        "down":  { "uv": [ 12.5, 12.5, 3.5, 12 ], "texture": "#texture" },
        "up":    { "uv": [ 3.5, 12, 12.5, 12.5 ], "texture": "#texture" },
        "north": { "uv": [ 3.5, 0.5, 12.5, 1.5 ], "texture": "#texture" },
        "south": { "uv": [ 3.5, 0.5, 12.5, 1.5 ], "texture": "#texture" },
        "west":  { "uv": [ 12, 0.5, 12.5, 1.5 ], "texture": "#texture" },
        "east":  { "uv": [ 3.5, 0.5, 4, 1.5 ], "texture": "#texture" }
    }
},
{
    "from": [ 4, 14.5, 12.5 ],
    "to": [ 12, 15.5, 13 ],
    "faces": {
        "down":  { "uv": [ 12, 13, 4, 12.5 ], "texture": "#texture" },
        "up":    { "uv": [ 4, 12.5, 12, 13 ], "texture": "#texture" },
        "north": { "uv": [ 4, 0.5, 12, 1.5 ], "texture": "#texture" },
        "south": { "uv": [ 4, 0.5, 12, 1.5 ], "texture": "#texture" },
        "west":  { "uv": [ 12.5, 0.5, 13, 1.5 ], "texture": "#texture" },
        "east":  { "uv": [ 3, 0.5, 3.5, 1.5 ], "texture": "#texture" }
    }
},
{
    "from": [ 4.5, 14.5, 13 ],
    "to": [ 11.5, 15.5, 13.5 ],
    "faces": {
        "down":  { "uv": [ 11.5, 13.5, 4.5, 13 ], "texture": "#texture" },
        "up":    { "uv": [ 4.5, 13, 11.5, 13.5 ], "texture": "#texture" },
        "north": { "uv": [ 4.5, 0.5, 11.5, 1.5 ], "texture": "#texture" },
        "south": { "uv": [ 4.5, 0.5, 11.5, 1.5 ], "texture": "#texture" },
        "west":  { "uv": [ 13, 0.5, 13.5, 1.5 ], "texture": "#texture" },
        "east":  { "uv": [ 2.5, 0.5, 3, 1.5 ], "texture": "#texture" }
    }
},
{
    "from": [ 4.5, 14.5, 2.5 ],
    "to": [ 11.5, 15.5, 3 ],
    "faces": {
        "down":  { "uv": [ 11.5, 3, 4.5, 2.5 ], "texture": "#texture" },
        "up":    { "uv": [ 4.5, 2.5, 11.5, 3 ], "texture": "#texture" },
        "north": { "uv": [ 4.5, 0.5, 11.5, 1.5 ], "texture": "#texture" },
        "south": { "uv": [ 4.5, 0.5, 11.5, 1.5 ], "texture": "#texture" },
        "west":  { "uv": [ 2.5, 0.5, 3, 1.5 ], "texture": "#texture" },
        "east":  { "uv": [ 13, 0.5, 13.5, 1.5 ], "texture": "#texture" }
    }
},
{
    "from": [ 4, 14.5, 3 ],
    "to": [ 12, 15.5, 3.5 ],
    "faces": {
        "down":  { "uv": [ 12, 3.5, 4, 3 ], "texture": "#texture" },
        "up":    { "uv": [ 4, 3, 12, 3.5 ], "texture": "#texture" },
        "north": { "uv": [ 4, 0.5, 12, 1.5 ], "texture": "#texture" },
        "south": { "uv": [ 4, 0.5, 12, 1.5 ], "texture": "#texture" },
        "west":  { "uv": [ 3, 0.5, 3.5, 1.5 ], "texture": "#texture" },
        "east":  { "uv": [ 12.5, 0.5, 13, 1.5 ], "texture": "#texture" }
    }
},
{
    "from": [ 3.5, 14.5, 3.5 ],
    "to": [ 12.5, 15.5, 4 ],
    "faces": {
        "down":  { "uv": [ 12.5, 4, 3.5, 3.5 ], "texture": "#texture" },
        "up":    { "uv": [ 3.5, 3.5, 12.5, 4 ], "texture": "#texture" },
        "north": { "uv": [ 3.5, 0.5, 12.5, 1.5 ], "texture": "#texture" },
        "south": { "uv": [ 3.5, 0.5, 12.5, 1.5 ], "texture": "#texture" },
        "west":  { "uv": [ 3.5, 0.5, 4, 1.5 ], "texture": "#texture" },
        "east":  { "uv": [ 12, 0.5, 12.5, 1.5 ], "texture": "#texture" }
    }
},
{
    "from": [ 3, 14.5, 4 ],
    "to": [ 13, 15.5, 4.5 ],
    "faces": {
        "down":  { "uv": [ 13, 4.5, 3, 4 ], "texture": "#texture" },
        "up":    { "uv": [ 3, 4, 13, 4.5 ], "texture": "#texture" },
        "north": { "uv": [ 3, 0.5, 13, 1.5 ], "texture": "#texture" },
        "south": { "uv": [ 3, 0.5, 13, 1.5 ], "texture": "#texture" },
        "west":  { "uv": [ 4, 0.5, 4.5, 1.5 ], "texture": "#texture" },
        "east":  { "uv": [ 11.5, 0.5, 12, 1.5 ], "texture": "#texture" }
    }
}
]
}