{
"__comment": "Designed by Tomaxed44 with BDcraft Cubik PRO 0.95 Beta - http://bdcraft.net",
"textures": {
    "particle": "blocks/planks_jungle1",
    "texture": "blocks/planks_jungle1"
},
"elements": [ 
{
    "from": [ 16, 15, 0 ],
    "to": [ 32, 16, 16 ],
    "faces": {
        "down":  { "uv": [ 0, 0, 16, 16 ], "texture": "#texture" },
        "up":    { "uv": [ 0, 0, 16, 16 ], "texture": "#texture" },
        "east":  { "uv": [ 0, 5.5, 16, 6.5 ], "texture": "#texture" }
    }
},
{
    "from": [ 16, 15, 16 ],
    "to": [ 32, 16, 32 ],
    "faces": {
        "down":  { "uv": [ 0, 0, 16, 16 ], "texture": "#texture" },
        "up":    { "uv": [ 0, 0, 16, 16 ], "texture": "#texture" },
        "south": { "uv": [ 0, 10.5, 16, 11.5 ], "texture": "#texture" },
        "east":  { "uv": [ 0, 14, 16, 15 ], "texture": "#texture" }
    }
},
{
    "from": [ 0, 15, 0 ],
    "to": [ 16, 16, 16 ],
    "faces": {
        "down":  { "uv": [ 16, 16, 0, 0 ], "texture": "#texture" },
        "up":    { "uv": [ 0, 0, 16, 16 ], "texture": "#texture" }
    }
},
{
    "from": [ 0, 15, 16 ],
    "to": [ 16, 16, 32 ],
    "faces": {
        "down":  { "uv": [ 0, 0, 16, 16 ], "texture": "#texture" },
        "up":    { "uv": [ 0, 0, 16, 16 ], "texture": "#texture" },
        "south": { "uv": [ 0, 0, 16, 1 ], "texture": "#texture" }
    }
},
{
    "from": [ -16, 15, 0 ],
    "to": [ 0, 16, 16 ],
    "faces": {
        "down":  { "uv": [ 0, 0, 16, 16 ], "texture": "#texture" },
        "up":    { "uv": [ 0, 0, 16, 16 ], "texture": "#texture" },
        "west":  { "uv": [ 0, 0, 16, 1 ], "texture": "#texture" }
    }
},
{
    "from": [ 0, 15, -16 ],
    "to": [ 16, 16, 0 ],
    "faces": {
        "down":  { "uv": [ 0, 0, 16, 16 ], "texture": "#texture" },
        "up":    { "uv": [ 0, 0, 16, 16 ], "texture": "#texture" },
        "north": { "uv": [ 0, 0, 16, 1 ], "texture": "#texture" }
    }
},
{
    "from": [ -16, 15, 16 ],
    "to": [ 0, 16, 32 ],
    "faces": {
        "down":  { "uv": [ 0, 0, 16, 16 ], "texture": "#texture" },
        "up":    { "uv": [ 0, 0, 16, 16 ], "texture": "#texture" },
        "south": { "uv": [ 0, 6, 16, 7 ], "texture": "#texture" },
        "west":  { "uv": [ 0, 7, 16, 8 ], "texture": "#texture" }
    }
},
{
    "from": [ -16, 15, -16 ],
    "to": [ 0, 16, 0 ],
    "faces": {
        "down":  { "uv": [ 0, 0, 16, 16 ], "texture": "#texture" },
        "up":    { "uv": [ 0, 0, 16, 16 ], "texture": "#texture" },
        "north": { "uv": [ 0, 0, 16, 1 ], "texture": "#texture" },
        "west":  { "uv": [ 0, 0, 16, 1 ], "texture": "#texture" }
    }
},
{
    "from": [ 16, 15, -16 ],
    "to": [ 32, 16, 0 ],
    "faces": {
        "down":  { "uv": [ 0, 0, 16, 16 ], "texture": "#texture" },
        "up":    { "uv": [ 0, 0, 16, 16 ], "texture": "#texture" },
        "north": { "uv": [ 0, 0, 16, 1 ], "texture": "#texture" },
        "east":  { "uv": [ 0, 0, 16, 1 ], "texture": "#texture" }
    }
},
{
    "from": [ -15, 0, -15 ],
    "to": [ -12, 15, -12 ],
    "faces": {
        "down":  { "uv": [ -15, -15, -12, -12 ], "texture": "#texture" },
        "north": { "uv": [ 0, 1, 3, 16 ], "texture": "#texture" },
        "south": { "uv": [ 0, 1, 3, 16 ], "texture": "#texture" },
        "west":  { "uv": [ 0, 1, 3, 16 ], "texture": "#texture" },
        "east":  { "uv": [ 0, 1, 3, 16 ], "texture": "#texture" }
    }
},
{
    "from": [ -15, 0, 28 ],
    "to": [ -12, 15, 31 ],
    "faces": {
        "down":  { "uv": [ 3.5, 3, 6.5, 6 ], "texture": "#texture" },
        "north": { "uv": [ 0, 1, 3.5, 16 ], "texture": "#texture" },
        "south": { "uv": [ 0, 1, 3.5, 16 ], "texture": "#texture" },
        "west":  { "uv": [ 0, 1, 3.5, 16 ], "texture": "#texture" },
        "east":  { "uv": [ 0, 1, 3.5, 16 ], "texture": "#texture" }
    }
},
{
    "from": [ 28, 0, 28 ],
    "to": [ 31, 15, 31 ],
    "faces": {
        "down":  { "uv": [ 6, 4, 9, 7 ], "texture": "#texture" },
        "north": { "uv": [ 0, 1.5, 3.5, 16 ], "texture": "#texture" },
        "south": { "uv": [ 0, 1.5, 3.5, 16 ], "texture": "#texture" },
        "west":  { "uv": [ 0, 1.5, 3.5, 16 ], "texture": "#texture" },
        "east":  { "uv": [ 0, 1.5, 3.5, 16 ], "texture": "#texture" }
    }
},
{
    "from": [ 28, 0, -15 ],
    "to": [ 31, 15, -12 ],
    "faces": {
        "down":  { "uv": [ 4, 6, 7, 9 ], "texture": "#texture" },
        "north": { "uv": [ 0, 1, 3.5, 16 ], "texture": "#texture" },
        "south": { "uv": [ 0, 1, 3.5, 16 ], "texture": "#texture" },
        "west":  { "uv": [ 0, 1, 3, 16 ], "texture": "#texture" },
        "east":  { "uv": [ 0, 1, 3, 16 ], "texture": "#texture" }
    }
}
]
}