{
"__comment": "Designed by tomaxed with Cubik",
"textures": {
    "particle": "blocks/wool_colored_lime",
    "texture": "blocks/wool_colored_lime"
},
"elements": [ 
{
    "from": [ 1, 14.5, 0 ],
    "to": [ 2, 15, 10 ],
    "faces": {
        "down":  { "uv": [ 15, 10, 14, 0 ], "texture": "#texture" },
        "up":    { "uv": [ 1, 0, 2, 10 ], "texture": "#texture" },
        "north": { "uv": [ 14, 1, 15, 1.5 ], "texture": "#texture" },
        "south": { "uv": [ 1, 1, 2, 1.5 ], "texture": "#texture" },
        "west":  { "uv": [ 0, 1, 10, 1.5 ], "texture": "#texture" },
        "east":  { "uv": [ 6, 1, 16, 1.5 ], "texture": "#texture" }
    }
},
{
    "from": [ 7.5, 14.5, 0 ],
    "to": [ 8.5, 15, 16 ],
    "faces": {
        "down":  { "uv": [ 15, 16, 14, 10 ], "texture": "#texture" },
        "up":    { "uv": [ 1, 10, 2, 16 ], "texture": "#texture" },
        "north": { "uv": [ 14, 0, 15, 0.5 ], "texture": "#texture" },
        "south": { "uv": [ 1, 0, 2, 0.5 ], "texture": "#texture" },
        "west":  { "uv": [ 10, 0, 16, 0.5 ], "texture": "#texture" },
        "east":  { "uv": [ 0, 0, 6, 0.5 ], "texture": "#texture" }
    }
},
{
    "from": [ 13, 14.5, 0 ],
    "to": [ 14, 15, 5.5 ],
    "faces": {
        "down":  { "uv": [ 3, 5.5, 2, 0 ], "texture": "#texture" },
        "up":    { "uv": [ 13, 0, 14, 5.5 ], "texture": "#texture" },
        "north": { "uv": [ 2, 1, 3, 1.5 ], "texture": "#texture" },
        "south": { "uv": [ 13, 1, 14, 1.5 ], "texture": "#texture" },
        "west":  { "uv": [ 0, 1, 5.5, 1.5 ], "texture": "#texture" },
        "east":  { "uv": [ 10.5, 1, 16, 1.5 ], "texture": "#texture" }
    }
},
{
    "from": [ 12.9375, 14.5, 5.125 ],
    "to": [ 13.9375, 15, 7.625 ],
    "rotation": { "origin": [ 12.9375, 14.5, 5.125 ], "axis": "y", "angle": 22.5 },
    "faces": {
        "down":  { "uv": [ 3, 10.5, 2, 5 ], "texture": "#texture" },
        "up":    { "uv": [ 13, 5, 14, 10.5 ], "texture": "#texture" },
        "north": { "uv": [ 2, 0, 3, 0.5 ], "texture": "#texture" },
        "south": { "uv": [ 13, 0, 14, 0.5 ], "texture": "#texture" },
        "west":  { "uv": [ 5, 0, 10.5, 0.5 ], "texture": "#texture" },
        "east":  { "uv": [ 5.5, 0, 11, 0.5 ], "texture": "#texture" }
    }
},
{
    "from": [ 13, 14.5, 10 ],
    "to": [ 14, 15, 16 ],
    "faces": {
        "down":  { "uv": [ 3, 10.5, 2, 5 ], "texture": "#texture" },
        "up":    { "uv": [ 13, 5, 14, 10.5 ], "texture": "#texture" },
        "north": { "uv": [ 2, 0, 3, 0.5 ], "texture": "#texture" },
        "south": { "uv": [ 13, 0, 14, 0.5 ], "texture": "#texture" },
        "west":  { "uv": [ 5, 0, 10.5, 0.5 ], "texture": "#texture" },
        "east":  { "uv": [ 5.5, 0, 11, 0.5 ], "texture": "#texture" }
    }
},
{
    "from": [ 1, 14.5, 12 ],
    "to": [ 2, 15, 16 ],
    "faces": {
        "down":  { "uv": [ 15, 16, 14, 12 ], "texture": "#texture" },
        "up":    { "uv": [ 1, 12, 2, 16 ], "texture": "#texture" },
        "north": { "uv": [ 14, 1, 15, 1.5 ], "texture": "#texture" },
        "south": { "uv": [ 1, 1, 2, 1.5 ], "texture": "#texture" },
        "west":  { "uv": [ 12, 1, 16, 1.5 ], "texture": "#texture" },
        "east":  { "uv": [ 0, 1, 4, 1.5 ], "texture": "#texture" }
    }
},
{
    "from": [ 0, 14.45, 3 ],
    "to": [ 3, 14.95, 4 ],
    "faces": {
        "down":  { "uv": [ 16, 4, 13, 3 ], "texture": "#texture" },
        "up":    { "uv": [ 0, 3, 3, 4 ], "texture": "#texture" },
        "north": { "uv": [ 13, 1.05, 16, 1.55 ], "texture": "#texture" },
        "south": { "uv": [ 0, 1.05, 3, 1.55 ], "texture": "#texture" },
        "west":  { "uv": [ 3, 1.05, 4, 1.55 ], "texture": "#texture" },
        "east":  { "uv": [ 12, 1.05, 13, 1.55 ], "texture": "#texture" }
    }
},
{
    "from": [ 6.5, 14.45, 3 ],
    "to": [ 16, 14.95, 4 ],
    "faces": {
        "down":  { "uv": [ 9.5, 4, 0, 3 ], "texture": "#texture" },
        "up":    { "uv": [ 6.5, 3, 16, 4 ], "texture": "#texture" },
        "north": { "uv": [ 0, 1.05, 9.5, 1.55 ], "texture": "#texture" },
        "south": { "uv": [ 6.5, 1.05, 16, 1.55 ], "texture": "#texture" },
        "west":  { "uv": [ 3, 1.05, 4, 1.55 ], "texture": "#texture" },
        "east":  { "uv": [ 12, 1.05, 13, 1.55 ], "texture": "#texture" }
    }
},
{
    "from": [ 6.0625, 14.45, 2.25 ],
    "to": [ 7.5625, 14.95, 3.25 ],
    "rotation": { "origin": [ 6.0625, 14.45, 2.25 ], "axis": "y", "angle": -45 },
    "faces": {
        "down":  { "uv": [ 8.5, 4, 4.5, 3 ], "texture": "#texture" },
        "up":    { "uv": [ 7.5, 3, 11.5, 4 ], "texture": "#texture" },
        "north": { "uv": [ 4.5, 1, 8.5, 1.5 ], "texture": "#texture" },
        "south": { "uv": [ 7.5, 1, 11.5, 1.5 ], "texture": "#texture" },
        "west":  { "uv": [ 3, 1, 4, 1.5 ], "texture": "#texture" },
        "east":  { "uv": [ 12, 1, 13, 1.5 ], "texture": "#texture" }
    }
},
{
    "from": [ 2.5625, 14.45, 2.9375 ],
    "to": [ 4.0625, 14.95, 3.9375 ],
    "rotation": { "origin": [ 2.5625, 14.45, 2.9375 ], "axis": "y", "angle": -22.5 },
    "faces": {
        "down":  { "uv": [ 14.5, 4.5, 11.5, 3.5 ], "texture": "#texture" },
        "up":    { "uv": [ 1.5, 3.5, 4.5, 4.5 ], "texture": "#texture" },
        "north": { "uv": [ 11.5, 1, 14.5, 1.5 ], "texture": "#texture" },
        "south": { "uv": [ 1.5, 1, 4.5, 1.5 ], "texture": "#texture" },
        "west":  { "uv": [ 3.5, 1, 4.5, 1.5 ], "texture": "#texture" },
        "east":  { "uv": [ 11.5, 1, 12.5, 1.5 ], "texture": "#texture" }
    }
},
{
    "from": [ 0, 14.45, 8 ],
    "to": [ 16, 14.95, 9 ],
    "faces": {
        "down":  { "uv": [ 16, 9, 0, 8 ], "texture": "#texture" },
        "up":    { "uv": [ 0, 8, 16, 9 ], "texture": "#texture" },
        "north": { "uv": [ 0, 1.05, 16, 1.55 ], "texture": "#texture" },
        "south": { "uv": [ 0, 1.05, 16, 1.55 ], "texture": "#texture" },
        "west":  { "uv": [ 8, 1.05, 9, 1.55 ], "texture": "#texture" },
        "east":  { "uv": [ 7, 1.05, 8, 1.55 ], "texture": "#texture" }
    }
},
{
    "from": [ 6, 14.45, 14 ],
    "to": [ 16, 14.95, 15 ],
    "faces": {
        "down":  { "uv": [ 10, 15, 0, 14 ], "texture": "#texture" },
        "up":    { "uv": [ 6, 14, 16, 15 ], "texture": "#texture" },
        "north": { "uv": [ 0, 1.05, 10, 1.55 ], "texture": "#texture" },
        "south": { "uv": [ 6, 1.05, 16, 1.55 ], "texture": "#texture" },
        "west":  { "uv": [ 14, 1.05, 15, 1.55 ], "texture": "#texture" },
        "east":  { "uv": [ 1, 1.05, 2, 1.55 ], "texture": "#texture" }
    }
},
{
    "from": [ 4.25, 14.45, 14.6875 ],
    "to": [ 6.25, 14.95, 15.6875 ],
    "rotation": { "origin": [ 4.25, 14.45, 14.6875 ], "axis": "y", "angle": 22.5 },
    "faces": {
        "down":  { "uv": [ 16, 16, 14.5, 16 ], "texture": "#texture" },
        "up":    { "uv": [ 0, 16, 1.5, 16 ], "texture": "#texture" },
        "north": { "uv": [ 14.5, 1, 16, 1.5 ], "texture": "#texture" },
        "south": { "uv": [ 0, 1, 1.5, 1.5 ], "texture": "#texture" },
        "west":  { "uv": [ 16, 1, 16, 1.5 ], "texture": "#texture" },
        "east":  { "uv": [ 0, 1, 0, 1.5 ], "texture": "#texture" }
    }
},
{
    "from": [ 0, 14.45, 14 ],
    "to": [ 1.5, 14.95, 15 ],
    "faces": {
        "down":  { "uv": [ 16, 16, 14.5, 16 ], "texture": "#texture" },
        "up":    { "uv": [ 0, 16, 1.5, 16 ], "texture": "#texture" },
        "north": { "uv": [ 14.5, 1, 16, 1.5 ], "texture": "#texture" },
        "south": { "uv": [ 0, 1, 1.5, 1.5 ], "texture": "#texture" },
        "west":  { "uv": [ 16, 1, 16, 1.5 ], "texture": "#texture" },
        "east":  { "uv": [ 0, 1, 0, 1.5 ], "texture": "#texture" }
    }
}
]
}