{
"__comment": "Designed by Tomaxed44 with BDcraft Cubik PRO 0.95 Beta - http://bdcraft.net",
"textures": {
    "particle": "blocks/wool_colored_purple",
    "texture": "blocks/wool_colored_purple"
},
"elements": [ 
{
    "from": [ 7, 8.5, 7 ],
    "to": [ 9, 9, 9 ],
    "faces": {
        "down":  { "uv": [ 9, 9, 7, 7 ], "texture": "#texture" },
        "up":    { "uv": [ 7, 7, 9, 9 ], "texture": "#texture" },
        "north": { "uv": [ 7, 7, 9, 7.5 ], "texture": "#texture" },
        "south": { "uv": [ 7, 7, 9, 7.5 ], "texture": "#texture" },
        "west":  { "uv": [ 7, 7, 9, 7.5 ], "texture": "#texture" },
        "east":  { "uv": [ 7, 7, 9, 7.5 ], "texture": "#texture" }
    }
},
{
    "from": [ 7.5, 9, 7.5 ],
    "to": [ 8.5, 16, 8.5 ],
    "faces": {
        "down":  { "uv": [ 8.5, 8.5, 7.5, 7.5 ], "texture": "#texture" },
        "up":    { "uv": [ 7.5, 7.5, 8.5, 8.5 ], "texture": "#texture" },
        "north": { "uv": [ 7.5, 0, 8.5, 7 ], "texture": "#texture" },
        "south": { "uv": [ 7.5, 0, 8.5, 7 ], "texture": "#texture" },
        "west":  { "uv": [ 7.5, 0, 8.5, 7 ], "texture": "#texture" },
        "east":  { "uv": [ 7.5, 0, 8.5, 7 ], "texture": "#texture" }
    }
},
{
    "from": [ 2, 6, 13 ],
    "to": [ 14, 6.5, 14 ],
    "faces": {
        "down":  { "uv": [ 14, 14, 2, 13 ], "texture": "#texture" },
        "up":    { "uv": [ 2, 13, 14, 14 ], "texture": "#texture" },
        "north": { "uv": [ 2, 9.5, 14, 10 ], "texture": "#texture" },
        "south": { "uv": [ 2, 9.5, 14, 10 ], "texture": "#texture" },
        "west":  { "uv": [ 13, 9.5, 14, 10 ], "texture": "#texture" },
        "east":  { "uv": [ 2, 9.5, 3, 10 ], "texture": "#texture" }
    }
},
{
    "from": [ 6, 8, 9 ],
    "to": [ 10, 8.5, 10 ],
    "faces": {
        "down":  { "uv": [ 10, 10, 6, 9 ], "texture": "#texture" },
        "up":    { "uv": [ 6, 9, 10, 10 ], "texture": "#texture" },
        "north": { "uv": [ 6, 7.5, 10, 8 ], "texture": "#texture" },
        "south": { "uv": [ 6, 7.5, 10, 8 ], "texture": "#texture" },
        "west":  { "uv": [ 9, 7.5, 10, 8 ], "texture": "#texture" },
        "east":  { "uv": [ 6, 7.5, 7, 8 ], "texture": "#texture" }
    }
},
{
    "from": [ 5, 7.5, 10 ],
    "to": [ 11, 8, 11 ],
    "faces": {
        "down":  { "uv": [ 11, 11, 5, 10 ], "texture": "#texture" },
        "up":    { "uv": [ 5, 10, 11, 11 ], "texture": "#texture" },
        "north": { "uv": [ 5, 8, 11, 8.5 ], "texture": "#texture" },
        "south": { "uv": [ 5, 8, 11, 8.5 ], "texture": "#texture" },
        "west":  { "uv": [ 10, 8, 11, 8.5 ], "texture": "#texture" },
        "east":  { "uv": [ 5, 8, 6, 8.5 ], "texture": "#texture" }
    }
},
{
    "from": [ 4, 7, 11 ],
    "to": [ 12, 7.5, 12 ],
    "faces": {
        "down":  { "uv": [ 12, 12, 4, 11 ], "texture": "#texture" },
        "up":    { "uv": [ 4, 11, 12, 12 ], "texture": "#texture" },
        "north": { "uv": [ 4, 8.5, 12, 9 ], "texture": "#texture" },
        "south": { "uv": [ 4, 8.5, 12, 9 ], "texture": "#texture" },
        "west":  { "uv": [ 11, 8.5, 12, 9 ], "texture": "#texture" },
        "east":  { "uv": [ 4, 8.5, 5, 9 ], "texture": "#texture" }
    }
},
{
    "from": [ 3, 6.5, 12 ],
    "to": [ 13, 7, 13 ],
    "faces": {
        "down":  { "uv": [ 13, 13, 3, 12 ], "texture": "#texture" },
        "up":    { "uv": [ 3, 12, 13, 13 ], "texture": "#texture" },
        "north": { "uv": [ 3, 9, 13, 9.5 ], "texture": "#texture" },
        "south": { "uv": [ 3, 9, 13, 9.5 ], "texture": "#texture" },
        "west":  { "uv": [ 12, 9, 13, 9.5 ], "texture": "#texture" },
        "east":  { "uv": [ 3, 9, 4, 9.5 ], "texture": "#texture" }
    }
},
{
    "from": [ 2, 6, 2 ],
    "to": [ 14, 6.5, 3 ],
    "faces": {
        "down":  { "uv": [ 14, 3, 2, 2 ], "texture": "#texture" },
        "up":    { "uv": [ 2, 2, 14, 3 ], "texture": "#texture" },
        "north": { "uv": [ 2, 9.5, 14, 10 ], "texture": "#texture" },
        "south": { "uv": [ 2, 9.5, 14, 10 ], "texture": "#texture" },
        "west":  { "uv": [ 2, 9.5, 3, 10 ], "texture": "#texture" },
        "east":  { "uv": [ 13, 9.5, 14, 10 ], "texture": "#texture" }
    }
},
{
    "from": [ 6, 8, 6 ],
    "to": [ 10, 8.5, 7 ],
    "faces": {
        "down":  { "uv": [ 10, 7, 6, 6 ], "texture": "#texture" },
        "up":    { "uv": [ 6, 6, 10, 7 ], "texture": "#texture" },
        "north": { "uv": [ 6, 7.5, 10, 8 ], "texture": "#texture" },
        "south": { "uv": [ 6, 7.5, 10, 8 ], "texture": "#texture" },
        "west":  { "uv": [ 6, 7.5, 7, 8 ], "texture": "#texture" },
        "east":  { "uv": [ 9, 7.5, 10, 8 ], "texture": "#texture" }
    }
},
{
    "from": [ 5, 7.5, 5 ],
    "to": [ 11, 8, 6 ],
    "faces": {
        "down":  { "uv": [ 11, 6, 5, 5 ], "texture": "#texture" },
        "up":    { "uv": [ 5, 5, 11, 6 ], "texture": "#texture" },
        "north": { "uv": [ 5, 8, 11, 8.5 ], "texture": "#texture" },
        "south": { "uv": [ 5, 8, 11, 8.5 ], "texture": "#texture" },
        "west":  { "uv": [ 5, 8, 6, 8.5 ], "texture": "#texture" },
        "east":  { "uv": [ 10, 8, 11, 8.5 ], "texture": "#texture" }
    }
},
{
    "from": [ 4, 7, 4 ],
    "to": [ 12, 7.5, 5 ],
    "faces": {
        "down":  { "uv": [ 12, 5, 4, 4 ], "texture": "#texture" },
        "up":    { "uv": [ 4, 4, 12, 5 ], "texture": "#texture" },
        "north": { "uv": [ 4, 8.5, 12, 9 ], "texture": "#texture" },
        "south": { "uv": [ 4, 8.5, 12, 9 ], "texture": "#texture" },
        "west":  { "uv": [ 4, 8.5, 5, 9 ], "texture": "#texture" },
        "east":  { "uv": [ 11, 8.5, 12, 9 ], "texture": "#texture" }
    }
},
{
    "from": [ 3, 6.5, 3 ],
    "to": [ 13, 7, 4 ],
    "faces": {
        "down":  { "uv": [ 13, 4, 3, 3 ], "texture": "#texture" },
        "up":    { "uv": [ 3, 3, 13, 4 ], "texture": "#texture" },
        "north": { "uv": [ 3, 9, 13, 9.5 ], "texture": "#texture" },
        "south": { "uv": [ 3, 9, 13, 9.5 ], "texture": "#texture" },
        "west":  { "uv": [ 3, 9, 4, 9.5 ], "texture": "#texture" },
        "east":  { "uv": [ 12, 9, 13, 9.5 ], "texture": "#texture" }
    }
},
{
    "from": [ 6, 8, 7 ],
    "to": [ 7, 8.5, 9 ],
    "faces": {
        "down":  { "uv": [ 10, 9, 9, 7 ], "texture": "#texture" },
        "up":    { "uv": [ 6, 7, 7, 9 ], "texture": "#texture" },
        "north": { "uv": [ 9, 7.5, 10, 8 ], "texture": "#texture" },
        "south": { "uv": [ 6, 7.5, 7, 8 ], "texture": "#texture" },
        "west":  { "uv": [ 7, 7.5, 9, 8 ], "texture": "#texture" },
        "east":  { "uv": [ 7, 7.5, 9, 8 ], "texture": "#texture" }
    }
},
{
    "from": [ 5, 7.5, 6 ],
    "to": [ 6, 8, 10 ],
    "faces": {
        "down":  { "uv": [ 11, 10, 10, 6 ], "texture": "#texture" },
        "up":    { "uv": [ 5, 6, 6, 10 ], "texture": "#texture" },
        "north": { "uv": [ 10, 8, 11, 8.5 ], "texture": "#texture" },
        "south": { "uv": [ 5, 8, 6, 8.5 ], "texture": "#texture" },
        "west":  { "uv": [ 6, 8, 10, 8.5 ], "texture": "#texture" },
        "east":  { "uv": [ 6, 8, 10, 8.5 ], "texture": "#texture" }
    }
},
{
    "from": [ 4, 7, 5 ],
    "to": [ 5, 7.5, 11 ],
    "faces": {
        "down":  { "uv": [ 12, 11, 11, 5 ], "texture": "#texture" },
        "up":    { "uv": [ 4, 5, 5, 11 ], "texture": "#texture" },
        "north": { "uv": [ 11, 8.5, 12, 9 ], "texture": "#texture" },
        "south": { "uv": [ 4, 8.5, 5, 9 ], "texture": "#texture" },
        "west":  { "uv": [ 5, 8.5, 11, 9 ], "texture": "#texture" },
        "east":  { "uv": [ 5, 8.5, 11, 9 ], "texture": "#texture" }
    }
},
{
    "from": [ 3, 6.5, 4 ],
    "to": [ 4, 7, 12 ],
    "faces": {
        "down":  { "uv": [ 13, 12, 12, 4 ], "texture": "#texture" },
        "up":    { "uv": [ 3, 4, 4, 12 ], "texture": "#texture" },
        "north": { "uv": [ 12, 9, 13, 9.5 ], "texture": "#texture" },
        "south": { "uv": [ 3, 9, 4, 9.5 ], "texture": "#texture" },
        "west":  { "uv": [ 4, 9, 12, 9.5 ], "texture": "#texture" },
        "east":  { "uv": [ 4, 9, 12, 9.5 ], "texture": "#texture" }
    }
},
{
    "from": [ 2, 6, 3 ],
    "to": [ 3, 6.5, 13 ],
    "faces": {
        "down":  { "uv": [ 14, 13, 13, 3 ], "texture": "#texture" },
        "up":    { "uv": [ 2, 3, 3, 13 ], "texture": "#texture" },
        "north": { "uv": [ 13, 9.5, 14, 10 ], "texture": "#texture" },
        "south": { "uv": [ 2, 9.5, 3, 10 ], "texture": "#texture" },
        "west":  { "uv": [ 3, 9.5, 13, 10 ], "texture": "#texture" },
        "east":  { "uv": [ 3, 9.5, 13, 10 ], "texture": "#texture" }
    }
},
{
    "from": [ 13, 6, 3 ],
    "to": [ 14, 6.5, 13 ],
    "faces": {
        "down":  { "uv": [ 3, 13, 2, 3 ], "texture": "#texture" },
        "up":    { "uv": [ 13, 3, 14, 13 ], "texture": "#texture" },
        "north": { "uv": [ 2, 9.5, 3, 10 ], "texture": "#texture" },
        "south": { "uv": [ 13, 9.5, 14, 10 ], "texture": "#texture" },
        "west":  { "uv": [ 3, 9.5, 13, 10 ], "texture": "#texture" },
        "east":  { "uv": [ 3, 9.5, 13, 10 ], "texture": "#texture" }
    }
},
{
    "from": [ 12, 6.5, 4 ],
    "to": [ 13, 7, 12 ],
    "faces": {
        "down":  { "uv": [ 4, 12, 3, 4 ], "texture": "#texture" },
        "up":    { "uv": [ 12, 4, 13, 12 ], "texture": "#texture" },
        "north": { "uv": [ 3, 9, 4, 9.5 ], "texture": "#texture" },
        "south": { "uv": [ 12, 9, 13, 9.5 ], "texture": "#texture" },
        "west":  { "uv": [ 4, 9, 12, 9.5 ], "texture": "#texture" },
        "east":  { "uv": [ 4, 9, 12, 9.5 ], "texture": "#texture" }
    }
},
{
    "from": [ 11, 7, 5 ],
    "to": [ 12, 7.5, 11 ],
    "faces": {
        "down":  { "uv": [ 5, 11, 4, 5 ], "texture": "#texture" },
        "up":    { "uv": [ 11, 5, 12, 11 ], "texture": "#texture" },
        "north": { "uv": [ 4, 8.5, 5, 9 ], "texture": "#texture" },
        "south": { "uv": [ 11, 8.5, 12, 9 ], "texture": "#texture" },
        "west":  { "uv": [ 5, 8.5, 11, 9 ], "texture": "#texture" },
        "east":  { "uv": [ 5, 8.5, 11, 9 ], "texture": "#texture" }
    }
},
{
    "from": [ 10, 7.5, 6 ],
    "to": [ 11, 8, 10 ],
    "faces": {
        "down":  { "uv": [ 6, 10, 5, 6 ], "texture": "#texture" },
        "up":    { "uv": [ 10, 6, 11, 10 ], "texture": "#texture" },
        "north": { "uv": [ 5, 8, 6, 8.5 ], "texture": "#texture" },
        "south": { "uv": [ 10, 8, 11, 8.5 ], "texture": "#texture" },
        "west":  { "uv": [ 6, 8, 10, 8.5 ], "texture": "#texture" },
        "east":  { "uv": [ 6, 8, 10, 8.5 ], "texture": "#texture" }
    }
},
{
    "from": [ 9, 8, 7 ],
    "to": [ 10, 8.5, 9 ],
    "faces": {
        "down":  { "uv": [ 7, 9, 6, 7 ], "texture": "#texture" },
        "up":    { "uv": [ 9, 7, 10, 9 ], "texture": "#texture" },
        "north": { "uv": [ 6, 7.5, 7, 8 ], "texture": "#texture" },
        "south": { "uv": [ 9, 7.5, 10, 8 ], "texture": "#texture" },
        "west":  { "uv": [ 7, 7.5, 9, 8 ], "texture": "#texture" },
        "east":  { "uv": [ 7, 7.5, 9, 8 ], "texture": "#texture" }
    }
},
{
    "from": [ 7.5, 6.5, 7.5 ],
    "to": [ 8.5, 8, 8.5 ],
    "faces": {
        "down":  { "uv": [ 8.5, 8.5, 7.5, 7.5 ], "texture": "#texture" },
        "up":    { "uv": [ 7.5, 7.5, 8.5, 8.5 ], "texture": "#texture" },
        "north": { "uv": [ 7.5, 8, 8.5, 9.5 ], "texture": "#texture" },
        "south": { "uv": [ 7.5, 8, 8.5, 9.5 ], "texture": "#texture" },
        "west":  { "uv": [ 7.5, 8, 8.5, 9.5 ], "texture": "#texture" },
        "east":  { "uv": [ 7.5, 8, 8.5, 9.5 ], "texture": "#texture" }
    }
}
]
}