{
"__comment": "Designed by tomaxed with Cubik",
"textures": {
    "particle": "blocks/fuse_box",
    "texture": "blocks/fuse_box"
},
"elements": [ 
{
    "from": [ 5.5, 0, 2 ],
    "to": [ 13, 2, 14.5 ],
    "faces": {
        "down":  { "uv": [ 0, 0, 7.5, 12.5 ], "rotation": 180, "texture": "#texture" },
        "up":    { "uv": [ 0, 0, 7.5, 12.5 ], "rotation": 180, "texture": "#texture" },
        "north": { "uv": [ 0, 10.5, 7.5, 12.5 ], "texture": "#texture" },
        "south": { "uv": [ 0, 10.5, 7.5, 12.5 ], "texture": "#texture" },
        "west":  { "uv": [ 5.5, 0, 7.5, 12.5 ], "rotation": 90, "texture": "#texture" },
        "east":  { "uv": [ 5.5, 0, 7.5, 12.5 ], "rotation": 270, "texture": "#texture" }
    }
},
{
    "from": [ 0, 0, 3 ],
    "to": [ 4, 1.5, 8.5 ],
    "faces": {
        "down":  { "uv": [ 7.5, 9.5, 12, 16 ], "rotation": 180, "texture": "#texture" },
        "up":    { "uv": [ 7.5, 9.5, 12, 16 ], "rotation": 180, "texture": "#texture" },
        "north": { "uv": [ 8, 10, 11.5, 11 ], "texture": "#texture" },
        "south": { "uv": [ 8, 10, 11.5, 11 ], "texture": "#texture" },
        "west":  { "uv": [ 8, 10, 9, 15.5 ], "rotation": 90, "texture": "#texture" },
        "east":  { "uv": [ 8, 10, 9, 15.5 ], "rotation": 270, "texture": "#texture" }
    }
},
{
    "from": [ 4, 0.5, 6.5 ],
    "to": [ 5.5, 1, 7 ],
    "faces": {
        "down":  { "uv": [ 12.5, 10, 13, 11.5 ], "rotation": 270, "texture": "#texture" },
        "up":    { "uv": [ 12.5, 10, 13, 11.5 ], "rotation": 90, "texture": "#texture" },
        "north": { "uv": [ 12.5, 10.5, 13, 12 ], "rotation": 90, "texture": "#texture" },
        "south": { "uv": [ 12.5, 10.5, 13, 12 ], "rotation": 270, "texture": "#texture" },
        "west":  { "uv": [ 12.5, 10.5, 13, 11 ], "texture": "#texture" },
        "east":  { "uv": [ 12.5, 10.5, 13, 11 ], "texture": "#texture" }
    }
},
{
    "from": [ 4, 0.5, 4 ],
    "to": [ 5.5, 1, 4.5 ],
    "faces": {
        "down":  { "uv": [ 12.5, 10, 13, 11.5 ], "rotation": 270, "texture": "#texture" },
        "up":    { "uv": [ 12.5, 10, 13, 11.5 ], "rotation": 90, "texture": "#texture" },
        "north": { "uv": [ 12.5, 10.5, 13, 12 ], "rotation": 90, "texture": "#texture" },
        "south": { "uv": [ 12.5, 10.5, 13, 12 ], "rotation": 270, "texture": "#texture" },
        "west":  { "uv": [ 12.5, 10.5, 13, 11 ], "texture": "#texture" },
        "east":  { "uv": [ 12.5, 10.5, 13, 11 ], "texture": "#texture" }
    }
},
{
    "from": [ 7.5, 2, 6.5 ],
    "to": [ 10.5, 3, 9.5 ],
    "faces": {
        "down":  { "uv": [ 2.5, 5, 5.5, 8 ], "rotation": 180, "texture": "#texture" },
        "up":    { "uv": [ 2.5, 5, 5.5, 8 ], "rotation": 180, "texture": "#texture" },
        "north": { "uv": [ 3, 4, 6, 5 ], "texture": "#texture" },
        "south": { "uv": [ 3, 4, 6, 5 ], "texture": "#texture" },
        "west":  { "uv": [ 3.5, 3.5, 6.5, 4.5 ], "texture": "#texture" },
        "east":  { "uv": [ 3.5, 3.5, 6.5, 4.5 ], "texture": "#texture" }
    }
},
{
    "from": [ 1, 0, 10 ],
    "to": [ 5.5, 1.5, 10.5 ],
    "faces": {
        "down":  { "uv": [ 0.5, 6.5, 1, 10.5 ], "rotation": 270, "texture": "#texture" },
        "up":    { "uv": [ 0.5, 6.5, 1, 10.5 ], "rotation": 90, "texture": "#texture" },
        "north": { "uv": [ 0.5, 7, 1.5, 11 ], "rotation": 90, "texture": "#texture" },
        "south": { "uv": [ 0.5, 7, 1.5, 11 ], "rotation": 270, "texture": "#texture" },
        "west":  { "uv": [ 1, 8, 1.5, 9.5 ], "texture": "#texture" },
        "east":  { "uv": [ 1, 8, 1.5, 9.5 ], "texture": "#texture" }
    }
},
{
    "from": [ 5, 0, 10.5 ],
    "to": [ 5.5, 1.5, 13.5 ],
    "faces": {
        "down":  { "uv": [ 1, 7, 1.5, 10 ], "texture": "#texture" },
        "up":    { "uv": [ 1, 7, 1.5, 10 ], "texture": "#texture" },
        "north": { "uv": [ 1, 8.5, 1.5, 10 ], "texture": "#texture" },
        "south": { "uv": [ 1, 8.5, 1.5, 10 ], "texture": "#texture" },
        "west":  { "uv": [ 0.5, 7, 1.5, 9.5 ], "rotation": 90, "texture": "#texture" },
        "east":  { "uv": [ 0.5, 7, 1.5, 9.5 ], "rotation": 270, "texture": "#texture" }
    }
},
{
    "from": [ 1, 0, 10.5 ],
    "to": [ 1.5, 1.5, 13.5 ],
    "faces": {
        "down":  { "uv": [ 1, 7, 1.5, 10 ], "texture": "#texture" },
        "up":    { "uv": [ 1, 7, 1.5, 10 ], "texture": "#texture" },
        "north": { "uv": [ 1, 8.5, 1.5, 10 ], "texture": "#texture" },
        "south": { "uv": [ 1, 8.5, 1.5, 10 ], "texture": "#texture" },
        "west":  { "uv": [ 0.5, 7, 1.5, 9.5 ], "rotation": 90, "texture": "#texture" },
        "east":  { "uv": [ 0.5, 7, 1.5, 9.5 ], "rotation": 270, "texture": "#texture" }
    }
},
{
    "from": [ 1, 0, 13.5 ],
    "to": [ 5.5, 1.5, 14 ],
    "faces": {
        "down":  { "uv": [ 0.5, 6.5, 1, 10.5 ], "rotation": 270, "texture": "#texture" },
        "up":    { "uv": [ 0.5, 6.5, 1, 10.5 ], "rotation": 90, "texture": "#texture" },
        "north": { "uv": [ 0.5, 7, 1.5, 11 ], "rotation": 90, "texture": "#texture" },
        "south": { "uv": [ 0.5, 7, 1.5, 11 ], "rotation": 270, "texture": "#texture" },
        "west":  { "uv": [ 1, 8, 1.5, 9.5 ], "texture": "#texture" },
        "east":  { "uv": [ 1, 8, 1.5, 9.5 ], "texture": "#texture" }
    }
},
{
    "from": [ 1.5, 0.125, 10.5 ],
    "to": [ 5, 1.125, 13.5 ],
    "faces": {
        "down":  { "uv": [ 8, 0.5, 16, 8 ], "texture": "#texture" },
        "up":    { "uv": [ 8, 0.5, 16, 8 ], "texture": "#texture" },
        "north": { "uv": [ 3.5, 14.875, 7, 15.875 ], "texture": "#texture" },
        "south": { "uv": [ 3.5, 14.875, 7, 15.875 ], "texture": "#texture" },
        "west":  { "uv": [ 11.5, 14.875, 14.5, 15.875 ], "texture": "#texture" },
        "east":  { "uv": [ 11.5, 14.875, 14.5, 15.875 ], "texture": "#texture" }
    }
},
{
    "from": [ 1, 0.5, 8.5 ],
    "to": [ 1.5, 1, 10.5 ],
    "rotation": { "origin": [ 1, 0.5, 8.5 ], "axis": "y", "angle": 22.5 },
    "faces": {
        "down":  { "uv": [ 13.5, 10, 14, 12 ], "texture": "#texture" },
        "up":    { "uv": [ 13.5, 10, 14, 12 ], "texture": "#texture" },
        "north": { "uv": [ 13.5, 10.5, 14, 11 ], "texture": "#texture" },
        "south": { "uv": [ 13.5, 10.5, 14, 11 ], "texture": "#texture" },
        "west":  { "uv": [ 13.5, 10, 14, 12 ], "rotation": 90, "texture": "#texture" },
        "east":  { "uv": [ 13.5, 10, 14, 12 ], "rotation": 270, "texture": "#texture" }
    }
},
{
    "from": [ 2.5, 0.5, 8.5 ],
    "to": [ 3, 1, 10 ],
    "faces": {
        "down":  { "uv": [ 13.5, 10.5, 14, 12 ], "texture": "#texture" },
        "up":    { "uv": [ 13.5, 10.5, 14, 12 ], "texture": "#texture" },
        "north": { "uv": [ 13.5, 11, 14, 11.5 ], "texture": "#texture" },
        "south": { "uv": [ 13.5, 11, 14, 11.5 ], "texture": "#texture" },
        "west":  { "uv": [ 13.5, 10, 14, 12 ], "rotation": 90, "texture": "#texture" },
        "east":  { "uv": [ 13.5, 10, 14, 12 ], "rotation": 270, "texture": "#texture" }
    }
}
]
}