{
    "parent": "block/birch_button_inventory",
	"overrides": [
		{"predicate": {"custom_model_data":10000001}, "model": "item/handles/handles_off"},
		{"predicate": {"custom_model_data":10000002}, "model": "item/handles/handles_on"},
		{"predicate": {"custom_model_data":10000023}, "model": "item/bowtie/bowtie_white"},
		{"predicate": {"custom_model_data":10000024}, "model": "item/bowtie/bowtie_orange"},
		{"predicate": {"custom_model_data":10000025}, "model": "item/bowtie/bowtie_magenta"},
		{"predicate": {"custom_model_data":10000026}, "model": "item/bowtie/bowtie_light_blue"},
		{"predicate": {"custom_model_data":10000027}, "model": "item/bowtie/bowtie_yellow"},
		{"predicate": {"custom_model_data":10000028}, "model": "item/bowtie/bowtie_lime"},
		{"predicate": {"custom_model_data":10000029}, "model": "item/bowtie/bowtie_pink"},
		{"predicate": {"custom_model_data":10000030}, "model": "item/bowtie/bowtie_gray"},
		{"predicate": {"custom_model_data":10000031}, "model": "item/bowtie/bowtie_light_gray"},
		{"predicate": {"custom_model_data":10000032}, "model": "item/bowtie/bowtie_cyan"},
		{"predicate": {"custom_model_data":10000033}, "model": "item/bowtie/bowtie_purple"},
		{"predicate": {"custom_model_data":10000034}, "model": "item/bowtie/bowtie_blue"},
		{"predicate": {"custom_model_data":10000035}, "model": "item/bowtie/bowtie_brown"},
		{"predicate": {"custom_model_data":10000036}, "model": "item/bowtie/bowtie_green"},
		{"predicate": {"custom_model_data":10000037}, "model": "item/bowtie/bowtie_red"},
		{"predicate": {"custom_model_data":10000038}, "model": "item/bowtie/bowtie_black"},
		{"predicate": {"custom_model_data":10000039}, "model": "item/tardis/3d_glasses"},
		{"predicate": {"custom_model_data":10000040}, "model": "item/handles/communicator"}
	]
}
