{
   "parent": "minecraft:item/generated",
   "textures": {
      "layer0": "minecraft:item/blue_dye"
   },
   "overrides": [
      {"predicate": {"custom_model_data":1}, "model": "item/genetic/button_type"},
      {"predicate": {"custom_model_data":1001}, "model": "block/police_box/tardis_blue"},
      {"predicate": {"custom_model_data":1002}, "model": "block/police_box/tardis_blue_open"},
      {"predicate": {"custom_model_data":1003}, "model": "block/police_box/tardis_blue_stained"},
      {"predicate": {"custom_model_data":1004}, "model": "block/police_box/tardis_glass"}
   ]
}
