{
    "parent": "item/handheld",
    "textures": {
        "layer0": "item/bone"
    },
    "display": {
        "head": {
            "rotation": [ 0, 0, -45 ],
            "translation": [ 0, -4.5, -6.5],
            "scale":[ 1, 1, 1 ]
        }
    },
    "overrides": [
        {"predicate": {"custom_model_data":1}, "model": "item/monster/k9/k9"},
        {"predicate": {"custom_model_data":2}, "model": "item/monster/k9/k9_ears_1"},
        {"predicate": {"custom_model_data":3}, "model": "item/monster/k9/k9_ears_2"},
        {"predicate": {"custom_model_data":4}, "model": "item/monster/k9/k9_ears_3"},
        {"predicate": {"custom_model_data":5}, "model": "item/monster/k9/k9_ears_4"}
	]
}
