{
    "parent": "item/generated",
    "textures": {
        "layer0": "item/bowl"
    },
	"overrides": [
		{"predicate": {"custom_model_data":1}, "model": "item/gui/bowl/close"},
		{"predicate": {"custom_model_data":2}, "model": "item/gui/bowl/abort"},
		{"predicate": {"custom_model_data":3}, "model": "item/gui/bowl/alien"},
		{"predicate": {"custom_model_data":4}, "model": "item/gui/bowl/archive_consoles"},
		{"predicate": {"custom_model_data":5}, "model": "item/gui/bowl/archive_current_console"},
		{"predicate": {"custom_model_data":6}, "model": "item/tardis/artron_battery"},
		{"predicate": {"custom_model_data":7}, "model": "item/gui/bowl/atmosphere"},
		{"predicate": {"custom_model_data":8}, "model": "item/gui/bowl/back"},
		{"predicate": {"custom_model_data":9}, "model": "item/circuit/bio"},
		{"predicate": {"custom_model_data":10}, "model": "item/gui/bowl/button_abort"},
		{"predicate": {"custom_model_data":11}, "model": "item/gui/bowl/button_adapt"},
		{"predicate": {"custom_model_data":12}, "model": "item/gui/bowl/button_areas"},
		{"predicate": {"custom_model_data":13}, "model": "item/gui/bowl/button_ars"},
		{"predicate": {"custom_model_data":14}, "model": "item/gui/bowl/button_artron"},
		{"predicate": {"custom_model_data":15}, "model": "item/gui/bowl/button_back"},
		{"predicate": {"custom_model_data":16}, "model": "item/gui/bowl/button_cancel"},
		{"predicate": {"custom_model_data":17}, "model": "item/gui/bowl/button_chameleon"},
		{"predicate": {"custom_model_data":18}, "model": "item/gui/bowl/button_construct"},
		{"predicate": {"custom_model_data":19}, "model": "item/gui/bowl/button_direction"},
		{"predicate": {"custom_model_data":20}, "model": "item/gui/bowl/button_hide"},
		{"predicate": {"custom_model_data":21}, "model": "item/gui/bowl/button_info"},
		{"predicate": {"custom_model_data":22}, "model": "item/gui/bowl/button_invisible"},
		{"predicate": {"custom_model_data":23}, "model": "item/gui/bowl/button_prefs"},
		{"predicate": {"custom_model_data":24}, "model": "item/gui/bowl/button_random"},
		{"predicate": {"custom_model_data":25}, "model": "item/gui/bowl/button_rebuild"},
		{"predicate": {"custom_model_data":26}, "model": "item/gui/bowl/button_saves"},
		{"predicate": {"custom_model_data":27}, "model": "item/gui/bowl/button_scanner"},
		{"predicate": {"custom_model_data":28}, "model": "item/gui/bowl/button_short"},
		{"predicate": {"custom_model_data":29}, "model": "item/gui/bowl/button_temp"},
		{"predicate": {"custom_model_data":30}, "model": "item/gui/bowl/button_term"},
		{"predicate": {"custom_model_data":31}, "model": "item/gui/bowl/button_theme"},
		{"predicate": {"custom_model_data":32}, "model": "item/gui/bowl/button_zero"},
		{"predicate": {"custom_model_data":33}, "model": "item/gui/bowl/check_out_selected_program"},
		{"predicate": {"custom_model_data":34}, "model": "item/gui/bowl/clean"},
		{"predicate": {"custom_model_data":35}, "model": "item/gui/bowl/one"},
		{"predicate": {"custom_model_data":36}, "model": "item/gui/bowl/two"},
		{"predicate": {"custom_model_data":37}, "model": "item/gui/bowl/three"},
		{"predicate": {"custom_model_data":38}, "model": "item/gui/bowl/four"},
		{"predicate": {"custom_model_data":39}, "model": "item/gui/bowl/five"},
		{"predicate": {"custom_model_data":40}, "model": "item/gui/bowl/six"},
		{"predicate": {"custom_model_data":41}, "model": "item/gui/bowl/seven"},
		{"predicate": {"custom_model_data":42}, "model": "item/gui/bowl/eight"},
		{"predicate": {"custom_model_data":43}, "model": "item/gui/bowl/nine"},
		{"predicate": {"custom_model_data":44}, "model": "item/gui/bowl/command"},
		{"predicate": {"custom_model_data":45}, "model": "item/gui/bowl/companions_menu"},
		{"predicate": {"custom_model_data":46}, "model": "item/gui/bowl/computer"},
		{"predicate": {"custom_model_data":47}, "model": "item/gui/bowl/control"},
		{"predicate": {"custom_model_data":48}, "model": "item/gui/bowl/copper"},
		{"predicate": {"custom_model_data":49}, "model": "item/gui/bowl/coral"},
		{"predicate": {"custom_model_data":50}, "model": "item/circuit/diamond"},
		{"predicate": {"custom_model_data":51}, "model": "item/circuit/emerald"},
		{"predicate": {"custom_model_data":52}, "model": "item/gui/bowl/event"},
		{"predicate": {"custom_model_data":53}, "model": "item/gui/bowl/galaxy"},
		{"predicate": {"custom_model_data":54}, "model": "item/gui/bowl/generate_sonic_screwdriver"},
		{"predicate": {"custom_model_data":55}, "model": "item/gui/bowl/help"},
		{"predicate": {"custom_model_data":56}, "model": "item/circuit/ignite"},
		{"predicate": {"custom_model_data":57}, "model": "item/gui/bowl/info"},
		{"predicate": {"custom_model_data":58}, "model": "item/gui/bowl/interior_hum_sound"},
		{"predicate": {"custom_model_data":59}, "model": "item/gui/bowl/learning"},
		{"predicate": {"custom_model_data":60}, "model": "item/gui/bowl/left"},
		{"predicate": {"custom_model_data":61}, "model": "item/gui/bowl/load_selected_program_in_editor"},
		{"predicate": {"custom_model_data":62}, "model": "item/gui/bowl/medium"},
		{"predicate": {"custom_model_data":63}, "model": "item/gui/bowl/mind"},
		{"predicate": {"custom_model_data":64}, "model": "item/gui/bowl/neon"},
		{"predicate": {"custom_model_data":65}, "model": "item/gui/bowl/number"},
		{"predicate": {"custom_model_data":66}, "model": "item/gui/bowl/operator"},
		{"predicate": {"custom_model_data":67}, "model": "item/circuit/painter"},
		{"predicate": {"custom_model_data":68}, "model": "item/circuit/pickup"},
		{"predicate": {"custom_model_data":69}, "model": "item/disks/handles_disk"},
		{"predicate": {"custom_model_data":70}, "model": "item/gui/bowl/random"},
		{"predicate": {"custom_model_data":71}, "model": "item/circuit/redstone"},
		{"predicate": {"custom_model_data":72}, "model": "item/gui/bowl/repair_console"},
		{"predicate": {"custom_model_data":73}, "model": "item/gui/bowl/right"},
		{"predicate": {"custom_model_data":74}, "model": "item/gui/bowl/save"},
		{"predicate": {"custom_model_data":75}, "model": "item/gui/bowl/scan_console"},
		{"predicate": {"custom_model_data":76}, "model": "item/gui/bowl/selector"},
		{"predicate": {"custom_model_data":77}, "model": "item/gui/bowl/set_size"},
		{"predicate": {"custom_model_data":78}, "model": "item/gui/bowl/sleeping"},
		{"predicate": {"custom_model_data":79}, "model": "item/gui/bowl/small"},
		{"predicate": {"custom_model_data":80}, "model": "item/gui/bowl/standard_sonic"},
		{"predicate": {"custom_model_data":81}, "model": "item/gui/bowl/tall"},
		{"predicate": {"custom_model_data":82}, "model": "item/gui/bowl/use_last_saved_construct"},
		{"predicate": {"custom_model_data":83}, "model": "item/gui/bowl/var"},
		{"predicate": {"custom_model_data":84}, "model": "item/gui/bowl/view_temp"},
		{"predicate": {"custom_model_data":85}, "model": "item/gui/bowl/void"},
		{"predicate": {"custom_model_data":86}, "model": "item/gui/bowl/next"},
		{"predicate": {"custom_model_data":87}, "model": "item/gui/bowl/prev"},
		{"predicate": {"custom_model_data":88}, "model": "item/gui/bowl/play"},
		{"predicate": {"custom_model_data":89}, "model": "item/gui/bowl/check"},
		{"predicate": {"custom_model_data":90}, "model": "item/gui/bowl/craft"},
		{"predicate": {"custom_model_data":91}, "model": "item/gui/bowl/electrons"},
		{"predicate": {"custom_model_data":92}, "model": "item/gui/bowl/neutrons"},
		{"predicate": {"custom_model_data":93}, "model": "item/gui/bowl/protons"},
		{"predicate": {"custom_model_data":94}, "model": "item/gui/bowl/reduce"},
		{"predicate": {"custom_model_data":95}, "model": "item/gui/vortex_manipulator/percent_zero"},
		{"predicate": {"custom_model_data":96}, "model": "item/gui/vortex_manipulator/percent_ten"},
		{"predicate": {"custom_model_data":97}, "model": "item/gui/vortex_manipulator/percent_twenty"},
		{"predicate": {"custom_model_data":98}, "model": "item/gui/vortex_manipulator/percent_thirty"},
		{"predicate": {"custom_model_data":99}, "model": "item/gui/vortex_manipulator/percent_forty"},
		{"predicate": {"custom_model_data":100}, "model": "item/gui/vortex_manipulator/percent_fifty"},
		{"predicate": {"custom_model_data":101}, "model": "item/gui/vortex_manipulator/percent_sixty"},
		{"predicate": {"custom_model_data":102}, "model": "item/gui/vortex_manipulator/percent_seventy"},
		{"predicate": {"custom_model_data":103}, "model": "item/gui/vortex_manipulator/percent_eighty"},
		{"predicate": {"custom_model_data":104}, "model": "item/gui/vortex_manipulator/percent_ninety"},
		{"predicate": {"custom_model_data":105}, "model": "item/gui/vortex_manipulator/percent_hundred"},
		{"predicate": {"custom_model_data":106}, "model": "item/gui/vortex_manipulator/beacon"},
		{"predicate": {"custom_model_data":107}, "model": "item/gui/vortex_manipulator/delete"},
		{"predicate": {"custom_model_data":108}, "model": "item/gui/vortex_manipulator/display"},
		{"predicate": {"custom_model_data":109}, "model": "item/gui/vortex_manipulator/eight"},
		{"predicate": {"custom_model_data":110}, "model": "item/gui/vortex_manipulator/five"},
		{"predicate": {"custom_model_data":111}, "model": "item/gui/vortex_manipulator/four"},
		{"predicate": {"custom_model_data":112}, "model": "item/gui/vortex_manipulator/hash"},
		{"predicate": {"custom_model_data":113}, "model": "item/gui/vortex_manipulator/life"},
		{"predicate": {"custom_model_data":114}, "model": "item/gui/vortex_manipulator/load"},
		{"predicate": {"custom_model_data":115}, "model": "item/gui/vortex_manipulator/message"},
		{"predicate": {"custom_model_data":116}, "model": "item/gui/vortex_manipulator/next"},
		{"predicate": {"custom_model_data":117}, "model": "item/gui/vortex_manipulator/nine"},
		{"predicate": {"custom_model_data":118}, "model": "item/gui/vortex_manipulator/one"},
		{"predicate": {"custom_model_data":119}, "model": "item/gui/vortex_manipulator/page"},
		{"predicate": {"custom_model_data":120}, "model": "item/gui/vortex_manipulator/prev"},
		{"predicate": {"custom_model_data":121}, "model": "item/gui/vortex_manipulator/read"},
		{"predicate": {"custom_model_data":122}, "model": "item/gui/vortex_manipulator/seven"},
		{"predicate": {"custom_model_data":123}, "model": "item/gui/vortex_manipulator/six"},
		{"predicate": {"custom_model_data":124}, "model": "item/gui/vortex_manipulator/star"},
		{"predicate": {"custom_model_data":125}, "model": "item/gui/vortex_manipulator/three"},
		{"predicate": {"custom_model_data":126}, "model": "item/gui/vortex_manipulator/two"},
		{"predicate": {"custom_model_data":127}, "model": "item/gui/vortex_manipulator/warp"},
		{"predicate": {"custom_model_data":128}, "model": "item/gui/vortex_manipulator/world"},
		{"predicate": {"custom_model_data":129}, "model": "item/gui/vortex_manipulator/x"},
		{"predicate": {"custom_model_data":130}, "model": "item/gui/vortex_manipulator/y"},
		{"predicate": {"custom_model_data":131}, "model": "item/gui/vortex_manipulator/z"},
		{"predicate": {"custom_model_data":132}, "model": "item/gui/vortex_manipulator/zero"},
		{"predicate": {"custom_model_data":133}, "model": "item/gui/bowl/button_transmat"},
		{"predicate": {"custom_model_data":134}, "model": "item/circuit/knockback"},
		{"predicate": {"custom_model_data":135}, "model": "item/gui/bowl/button_sonic"},
		{"predicate": {"custom_model_data":136}, "model": "item/gui/bowl/wall"},
		{"predicate": {"custom_model_data":137}, "model": "item/gui/bowl/floor"}
	]
}
