{
    "parent": "item/generated",
    "textures": {
        "layer0": "item/brick"
    },
    "overrides": [
        {"predicate": {"custom_model_data":2}, "model": "item/monster/weeping_angel_arm"},
        {"predicate": {"custom_model_data":3}, "model": "item/monster/weeping_angel_head"},
        {"predicate": {"custom_model_data":4}, "model": "item/monster/weeping_angel_wings"},
        {"predicate": {"custom_model_data":5}, "model": "item/monster/weeping_angel_disguise"},
        {"predicate": {"custom_model_data":10000001}, "model": "item/tardis/biome_reader"}
    ]
}
