{
   "parent": "item/generated",
   "textures": {
      "layer0": "item/cyan_dye"
   },
   "overrides": [
      {"predicate": {"custom_model_data":1}, "model": "item/genetic/button_type"},
      {"predicate": {"custom_model_data":1001}, "model": "block/police_box/tardis_cyan"},
      {"predicate": {"custom_model_data":1002}, "model": "block/police_box/tardis_cyan_open"},
      {"predicate": {"custom_model_data":1003}, "model": "block/police_box/tardis_cyan_stained"},
      {"predicate": {"custom_model_data":1004}, "model": "block/police_box/tardis_glass"}
   ]
}
