{
	"credit": "Made with Blockbench",
	"elements": [
		{
			"from": [7.25, 1.83474, 14.5],
			"to": [8.75, 22.74383, 15],
			"rotation": {"angle": 0, "axis": "y", "origin": [8, 7.28929, 8]},
			"faces": {
				"east": {"uv": [0, 0, 1.5, 1.5], "texture": "#0"},
				"south": {"uv": [0, 0, 1.5, 1.5], "texture": "#0"},
				"west": {"uv": [0, 0, 0.625, 16], "texture": "#0"}
			}
		},
		{
			"from": [1, 1.83474, 14.45493],
			"to": [2.5, 23.65292, 15],
			"rotation": {"angle": 0, "axis": "y", "origin": [8, 7.28929, 8]},
			"faces": {
				"north": {"uv": [0, 0, 1.5, 16], "texture": "#0"},
				"east": {"uv": [0, 0, 1.5, 16], "texture": "#0"},
				"south": {"uv": [0, 0, 1.5, 16], "texture": "#0"},
				"west": {"uv": [0, 0, 1.875, 16], "texture": "#0"}
			}
		},
		{
			"from": [1, 1.83474, 1],
			"to": [2.5, 23.65292, 2.5],
			"rotation": {"angle": 0, "axis": "y", "origin": [8, 7.28929, 8]},
			"faces": {
				"north": {"uv": [0, 0, 1.5, 16], "texture": "#0"},
				"east": {"uv": [0, 0, 1.5, 16], "texture": "#0"},
				"south": {"uv": [0, 0, 1.5, 16], "texture": "#0"},
				"west": {"uv": [0, 0, 1.875, 16], "texture": "#0"}
			}
		},
		{
			"from": [13.5, 1.83474, 1],
			"to": [15, 23.65292, 2.5],
			"rotation": {"angle": 0, "axis": "y", "origin": [8, 7.28929, 8]},
			"faces": {
				"north": {"uv": [0, 0, 1.5, 16], "texture": "#0"},
				"east": {"uv": [0, 0, 1.5, 16], "texture": "#0"},
				"south": {"uv": [0, 0, 1.5, 16], "texture": "#0"},
				"west": {"uv": [0, 0, 1.875, 16], "texture": "#0"}
			}
		},
		{
			"from": [1, 1.83474, 7.25],
			"to": [1.5, 23.69876, 8.11338],
			"rotation": {"angle": 0, "axis": "y", "origin": [8, 7.28929, 8]},
			"faces": {
				"north": {"uv": [6, 0, 7.5, 16], "texture": "#0"},
				"east": {"uv": [6, 0, 7.5, 16], "texture": "#0"},
				"south": {"uv": [6, 0, 7.5, 16], "texture": "#0"},
				"west": {"uv": [6, 0, 7.3562, 16], "texture": "#0"}
			}
		},
		{
			"from": [1, 22.74383, 2.5],
			"to": [1.5, 23.65292, 7.77044],
			"rotation": {"angle": 0, "axis": "y", "origin": [8, 7.28929, 8]},
			"faces": {
				"west": {"uv": [0, 0, 13.75, 1.25], "texture": "#0"},
				"down": {"uv": [0, 0, 11, 1], "texture": "#0"}
			}
		},
		{
			"from": [2.5, 22.74383, 1],
			"to": [13.5, 23.65292, 1.5],
			"rotation": {"angle": 0, "axis": "y", "origin": [8, 7.28929, 8]},
			"faces": {
				"north": {"uv": [0, 0, 11, 1], "texture": "#0"},
				"down": {"uv": [0, 0, 11, 1], "texture": "#0"}
			}
		},
		{
			"from": [14.5, 22.74383, 2.5],
			"to": [15, 23.65292, 13.5],
			"rotation": {"angle": 0, "axis": "y", "origin": [8, 7.28929, 8]},
			"faces": {
				"east": {"uv": [0, 0, 11, 1], "texture": "#0"},
				"down": {"uv": [0, 0, 11, 1], "texture": "#0"}
			}
		},
		{
			"from": [2.5, 22.74383, 14.5],
			"to": [13.5, 23.65292, 15],
			"rotation": {"angle": 0, "axis": "y", "origin": [8, 7.28929, 8]},
			"faces": {
				"south": {"uv": [0, 0, 11, 0.5], "texture": "#0"},
				"down": {"uv": [0, 0, 11, 0.5], "texture": "#0"}
			}
		},
		{
			"from": [2.5, 20.13019, 14.5],
			"to": [7.25, 20.35747, 15],
			"rotation": {"angle": 0, "axis": "y", "origin": [8, 7.28929, 8]},
			"faces": {
				"south": {"uv": [0, 0, 4.75, 0.5], "texture": "#0"},
				"up": {"uv": [0, 0, 4.75, 0.5], "texture": "#0"},
				"down": {"uv": [0, 0, 4.75, 0.5], "texture": "#0"}
			}
		},
		{
			"from": [2.5, 16.83474, 14.5],
			"to": [7.25, 17.74383, 15],
			"rotation": {"angle": 0, "axis": "y", "origin": [8, 7.28929, 8]},
			"faces": {
				"south": {"uv": [0, 0, 4.75, 0.5], "texture": "#0"},
				"up": {"uv": [0, 0, 4.75, 0.5], "texture": "#0"},
				"down": {"uv": [0, 0, 4.75, 0.5], "texture": "#0"}
			}
		},
		{
			"from": [1, 20.13019, 2.5],
			"to": [1.5, 20.35747, 7.25],
			"rotation": {"angle": 0, "axis": "y", "origin": [8, 7.28929, 8]},
			"faces": {
				"west": {"uv": [0, 0, 5.9375, 0.3125], "texture": "#0"},
				"up": {"uv": [9.292, 0.125, 10.077, 7.586], "texture": "#0"},
				"down": {"uv": [0, 0, 4.75, 0.25], "texture": "#0"}
			}
		},
		{
			"from": [8.75, 20.13019, 1],
			"to": [13.5, 20.35747, 1.5],
			"rotation": {"angle": 0, "axis": "y", "origin": [8, 7.28929, 8]},
			"faces": {
				"north": {"uv": [0, 0, 4.75, 0.25], "texture": "#0"},
				"up": {"uv": [0, 0, 4.75, 0.25], "texture": "#0"},
				"down": {"uv": [0, 0, 4.75, 0.25], "texture": "#0"}
			}
		},
		{
			"from": [14.5, 20.13019, 8.75],
			"to": [15, 20.35747, 13.5],
			"rotation": {"angle": 0, "axis": "y", "origin": [8, 7.28929, 8]},
			"faces": {
				"east": {"uv": [0, 0, 4.75, 0.25], "texture": "#0"},
				"up": {"uv": [0, 0, 4.75, 0.25], "texture": "#0"},
				"down": {"uv": [0, 0, 4.75, 0.25], "texture": "#0"}
			}
		},
		{
			"from": [8.75, 20.13019, 14.5],
			"to": [13.5, 20.35747, 15],
			"rotation": {"angle": 0, "axis": "y", "origin": [8, 7.28929, 8]},
			"faces": {
				"south": {"uv": [0, 0, 4.75, 0.5], "texture": "#0"},
				"up": {"uv": [0, 0, 4.75, 0.5], "texture": "#0"},
				"down": {"uv": [0, 0, 4.75, 0.5], "texture": "#0"}
			}
		},
		{
			"name": "key",
			"from": [0.992, 12.38019, 8.3],
			"to": [1.07317, 12.74383, 8.66364],
			"rotation": {"angle": -45, "axis": "y", "origin": [0.8154, 13.82425, 14.88171]},
			"faces": {
				"north": {"uv": [2.667, 2.417, 2.917, 4.417], "texture": "#0"},
				"south": {"uv": [2.667, 2.417, 2.917, 4.417], "texture": "#0"},
				"west": {"uv": [8.458, 5.5, 8.8, 5.841], "texture": "#3"},
				"up": {"uv": [2.667, 2.417, 2.917, 3.417], "texture": "#0"},
				"down": {"uv": [2.667, 2.417, 2.917, 3.417], "texture": "#0"}
			}
		},
		{
			"name": "handle",
			"from": [0.992, 14.01656, 8.3],
			"to": [1.07317, 15.4711, 8.62468],
			"rotation": {"angle": -45, "axis": "y", "origin": [0.8154, 13.82425, 14.88171]},
			"faces": {
				"north": {"uv": [2.667, 2.417, 2.917, 4.417], "texture": "#0"},
				"south": {"uv": [2.667, 2.417, 2.917, 4.417], "texture": "#0"},
				"west": {"uv": [8.417, 3.333, 8.708, 4.667], "texture": "#3"},
				"up": {"uv": [2.667, 2.417, 2.917, 3.417], "texture": "#0"},
				"down": {"uv": [2.667, 2.417, 2.917, 3.417], "texture": "#0"}
			}
		},
		{
			"name": "stjohns",
			"from": [1.48329, 14.01656, 10.3],
			"to": [1.58037, 15.4711, 11.75455],
			"rotation": {"angle": -45, "axis": "y", "origin": [0.8154, 13.82425, 14.88171]},
			"faces": {
				"north": {"uv": [2.667, 2.417, 2.917, 4.417], "texture": "#0"},
				"east": {"uv": [0, 0, 10.2, 16], "texture": "#0"},
				"south": {"uv": [2.667, 2.417, 2.917, 4.417], "texture": "#0"},
				"west": {"uv": [12.35, 3.65, 13.475, 4.775], "texture": "#3"},
				"up": {"uv": [2.667, 2.417, 2.917, 3.417], "texture": "#0"},
				"down": {"uv": [2.667, 2.417, 2.917, 3.417], "texture": "#0"}
			}
		},
		{
			"from": [1, 22.74383, 7.91126],
			"to": [1.5, 23.65292, 13.5],
			"rotation": {"angle": -45, "axis": "y", "origin": [0.8154, 13.82425, 14.88171]},
			"faces": {
				"north": {"uv": [0, 0, 11, 1], "texture": "#0"},
				"east": {"uv": [0, 0, 11, 1], "texture": "#0"},
				"south": {"uv": [0, 0, 11, 1], "texture": "#0"},
				"west": {"uv": [0, 0, 13.75, 1.25], "texture": "#0"},
				"up": {"uv": [0, 0, 11, 1], "texture": "#0"},
				"down": {"uv": [0, 0, 11, 1], "texture": "#0"}
			}
		},
		{
			"from": [1, 16.83474, 8.75],
			"to": [1.5, 17.74383, 13.5],
			"rotation": {"angle": -45, "axis": "y", "origin": [0.8154, 13.82425, 14.88171]},
			"faces": {
				"south": {"uv": [0, 0, 4.75, 1], "texture": "#0"},
				"west": {"uv": [0, 0, 5.9375, 1.25], "texture": "#0"},
				"up": {"uv": [5.958, 6.75, 6.744, 14.211], "texture": "#0"},
				"down": {"uv": [4.125, 2.25, 4.91, 9.711], "texture": "#0"}
			}
		},
		{
			"from": [1, 20.13019, 8.75],
			"to": [1.5, 20.35747, 13.5],
			"rotation": {"angle": -45, "axis": "y", "origin": [0.8154, 13.82425, 14.88171]},
			"faces": {
				"south": {"uv": [0, 0, 4.75, 0.25], "texture": "#0"},
				"west": {"uv": [0, 0, 5.9375, 0.3125], "texture": "#0"},
				"up": {"uv": [7.542, 3.417, 8.327, 10.878], "texture": "#0"},
				"down": {"uv": [0, 0, 4.75, 0.25], "texture": "#0"}
			}
		},
		{
			"from": [1, 17.74383, 10.125],
			"to": [1.5, 22.74383, 10.375],
			"rotation": {"angle": -45, "axis": "y", "origin": [0.8154, 13.82425, 14.88171]},
			"faces": {
				"north": {"uv": [0, 0, 0.25, 5.5], "texture": "#0"},
				"south": {"uv": [0, 0, 0.25, 5.5], "texture": "#0"},
				"west": {"uv": [0, 0, 0.3125, 6.875], "texture": "#0"}
			}
		},
		{
			"from": [1, 17.74383, 11.875],
			"to": [1.5, 22.74383, 12.125],
			"rotation": {"angle": -45, "axis": "y", "origin": [0.8154, 13.82425, 14.88171]},
			"faces": {
				"north": {"uv": [0, 0, 0.25, 5.5], "texture": "#0"},
				"south": {"uv": [0, 0, 0.25, 5.5], "texture": "#0"},
				"west": {"uv": [0, 0, 0.3125, 6.875], "texture": "#0"}
			}
		},
		{
			"from": [1, 11.83474, 8.75],
			"to": [1.5, 12.74383, 13.5],
			"rotation": {"angle": -45, "axis": "y", "origin": [0.8154, 13.82425, 14.88171]},
			"faces": {
				"south": {"uv": [0, 0, 4.75, 1], "texture": "#0"},
				"west": {"uv": [0, 0, 5.9375, 1.25], "texture": "#0"},
				"up": {"uv": [12.417, 3.958, 13.202, 11.419], "texture": "#0"},
				"down": {"uv": [1.667, 0, 2.452, 7.461], "texture": "#0"}
			}
		},
		{
			"from": [1, 6.83474, 8.75],
			"to": [1.5, 7.74383, 13.5],
			"rotation": {"angle": -45, "axis": "y", "origin": [0.8154, 13.82425, 14.88171]},
			"faces": {
				"south": {"uv": [0, 0, 4.75, 1], "texture": "#0"},
				"west": {"uv": [0, 0, 5.9375, 1.25], "texture": "#0"},
				"up": {"uv": [5.167, 7.417, 5.952, 14.878], "texture": "#0"},
				"down": {"uv": [4.083, 5.25, 4.869, 12.711], "texture": "#0"}
			}
		},
		{
			"from": [1, 1.83474, 8.75],
			"to": [1.5, 2.74383, 13.5],
			"rotation": {"angle": -45, "axis": "y", "origin": [0.8154, 13.82425, 14.88171]},
			"faces": {
				"south": {"uv": [0, 0, 4.75, 1], "texture": "#0"},
				"west": {"uv": [0, 0, 5.9375, 1.25], "texture": "#0"},
				"up": {"uv": [4.125, 5.417, 4.91, 12.878], "texture": "#0"},
				"down": {"uv": [0, 0, 4.75, 1], "texture": "#0"}
			}
		},
		{
			"from": [1, 1.83474, 7.88662],
			"to": [1.5, 22.74383, 8.75],
			"rotation": {"angle": -45, "axis": "y", "origin": [0.8154, 13.82425, 14.88171]},
			"faces": {
				"north": {"uv": [6, 0, 7.5, 16], "texture": "#0"},
				"east": {"uv": [0, 0, 10.2, 16], "texture": "#0"},
				"south": {"uv": [6, 0, 7.5, 16], "texture": "#0"},
				"west": {"uv": [6, 0, 7.3562, 16], "texture": "#0"},
				"up": {"uv": [6, 0, 7.5, 16], "texture": "#0"},
				"down": {"uv": [6, 0, 7.5, 16], "texture": "#0"}
			}
		},
		{
			"from": [1, 1.83474, 13.5],
			"to": [1.38592, 23.65292, 15],
			"rotation": {"angle": -45, "axis": "y", "origin": [0.8154, 13.82425, 14.88171]},
			"faces": {
				"north": {"uv": [0, 0, 1.5, 16], "texture": "#0"},
				"east": {"uv": [0, 0, 10.2, 16], "texture": "#0"},
				"west": {"uv": [0, 0, 1.875, 16], "texture": "#0"},
				"up": {"uv": [0, 0, 1.5, 16], "texture": "#0"},
				"down": {"uv": [0, 0, 1.5, 16], "texture": "#0"}
			}
		},
		{
			"from": [1.5, 1.83474, 8.00649],
			"to": [1.56366, 23.65292, 14.5],
			"rotation": {"angle": -45, "axis": "y", "origin": [0.8154, 13.82425, 14.88171]},
			"faces": {
				"north": {"uv": [0, 0, 0.1, 16], "texture": "#0"},
				"east": {"uv": [0, 0, 10.2, 16], "texture": "#0"},
				"south": {"uv": [0, 0, 0.1, 16], "texture": "#0"},
				"west": {"uv": [6.334, 0, 13.281, 16], "texture": "#1"},
				"up": {"uv": [0.1, 10.2, 0, 0], "texture": "#0"},
				"down": {"uv": [0.1, 10.2, 0, 0], "texture": "#0"}
			}
		},
		{
			"name": "ceiling",
			"from": [1.45493, 23.65063, 1.77324],
			"to": [13.59015, 23.65063, 14.86338],
			"rotation": {"angle": 0, "axis": "y", "origin": [8, 7.28929, 8]},
			"faces": {
				"down": {"uv": [7, 0, 8.5, 1.5], "texture": "#4"}
			}
		},
		{
			"name": "floor",
			"from": [1.51859, 1.84645, 1.77324],
			"to": [13.59015, 1.84645, 14.86338],
			"rotation": {"angle": 0, "axis": "y", "origin": [8, -14.51489, 8]},
			"faces": {
				"up": {"uv": [0, 15.028, 6.851, 15.494], "rotation": 90, "texture": "#4"}
			}
		},
		{
			"from": [2.5, 20.13019, 1],
			"to": [7.25, 20.35747, 1.5],
			"rotation": {"angle": 0, "axis": "y", "origin": [8, 7.28929, 8]},
			"faces": {
				"north": {"uv": [0, 0, 4.75, 0.25], "texture": "#0"},
				"up": {"uv": [0, 0, 4.75, 0.25], "texture": "#0"},
				"down": {"uv": [0, 0, 4.75, 0.25], "texture": "#0"}
			}
		},
		{
			"from": [14.5, 20.13019, 2.5],
			"to": [15, 20.35747, 7.25],
			"rotation": {"angle": 0, "axis": "y", "origin": [8, 7.28929, 8]},
			"faces": {
				"east": {"uv": [0, 0, 4.75, 0.25], "texture": "#0"},
				"up": {"uv": [0, 0, 4.75, 0.25], "texture": "#0"},
				"down": {"uv": [0, 0, 4.75, 0.25], "texture": "#0"}
			}
		},
		{
			"from": [11.875, 17.74383, 14.5],
			"to": [12.125, 22.74383, 15],
			"rotation": {"angle": 0, "axis": "z", "origin": [8, 7.28929, 8]},
			"faces": {
				"east": {"uv": [0, 0, 0.5, 0.25], "rotation": 90, "texture": "#0"},
				"south": {"uv": [0, 0, 0.5, 0.25], "rotation": 90, "texture": "#0"},
				"west": {"uv": [0, 0, 6.875, 0.625], "rotation": 90, "texture": "#0"}
			}
		},
		{
			"from": [3.875, 17.74383, 1],
			"to": [4.125, 22.74383, 1.5],
			"rotation": {"angle": 0, "axis": "z", "origin": [8, 7.28929, 8]},
			"faces": {
				"north": {"uv": [0, 0, 5.5, 0.25], "rotation": 270, "texture": "#0"},
				"east": {"uv": [0, 0, 5.5, 0.25], "rotation": 270, "texture": "#0"},
				"west": {"uv": [0, 0, 6.875, 0.625], "rotation": 270, "texture": "#0"}
			}
		},
		{
			"from": [14.5, 17.74383, 3.875],
			"to": [15, 22.74383, 4.125],
			"rotation": {"angle": 0, "axis": "z", "origin": [8, 7.28929, 8]},
			"faces": {
				"north": {"uv": [0, 0, 0.25, 5.5], "rotation": 180, "texture": "#0"},
				"east": {"uv": [0, 0, 0.25, 5.5], "rotation": 180, "texture": "#0"},
				"south": {"uv": [0, 0, 0.25, 5.5], "rotation": 180, "texture": "#0"}
			}
		},
		{
			"from": [5.625, 17.74383, 14.5],
			"to": [5.875, 22.74383, 15],
			"rotation": {"angle": 0, "axis": "z", "origin": [2, 7.28929, 8]},
			"faces": {
				"east": {"uv": [0, 0, 0.5, 0.25], "rotation": 90, "texture": "#0"},
				"south": {"uv": [0, 0, 0.5, 0.25], "rotation": 90, "texture": "#0"},
				"west": {"uv": [0, 0, 6.875, 0.625], "rotation": 90, "texture": "#0"}
			}
		},
		{
			"from": [1, 17.74383, 5.625],
			"to": [1.5, 22.74383, 5.875],
			"rotation": {"angle": 0, "axis": "z", "origin": [8, 7.28929, 2]},
			"faces": {
				"north": {"uv": [0, 0, 0.25, 5.5], "texture": "#0"},
				"south": {"uv": [0, 0, 0.25, 5.5], "texture": "#0"},
				"west": {"uv": [0, 0, 0.3125, 6.875], "texture": "#0"}
			}
		},
		{
			"from": [10.125, 17.74383, 1],
			"to": [10.375, 22.74383, 1.5],
			"rotation": {"angle": 0, "axis": "z", "origin": [14, 7.28929, 8]},
			"faces": {
				"north": {"uv": [0, 0, 5.5, 0.25], "rotation": 270, "texture": "#0"},
				"east": {"uv": [0, 0, 5.5, 0.25], "rotation": 270, "texture": "#0"},
				"west": {"uv": [0, 0, 6.875, 0.625], "rotation": 270, "texture": "#0"}
			}
		},
		{
			"from": [14.5, 17.74383, 10.125],
			"to": [15, 22.74383, 10.375],
			"rotation": {"angle": 0, "axis": "z", "origin": [8, 7.28929, 14]},
			"faces": {
				"north": {"uv": [0, 0, 0.25, 5.5], "rotation": 180, "texture": "#0"},
				"east": {"uv": [0, 0, 0.25, 5.5], "rotation": 180, "texture": "#0"},
				"south": {"uv": [0, 0, 0.25, 5.5], "rotation": 180, "texture": "#0"}
			}
		},
		{
			"from": [10.125, 17.74383, 14.5],
			"to": [10.375, 22.74383, 15],
			"rotation": {"angle": 0, "axis": "z", "origin": [8, 7.28929, 8]},
			"faces": {
				"east": {"uv": [0, 0, 0.5, 0.25], "rotation": 90, "texture": "#0"},
				"south": {"uv": [0, 0, 0.5, 0.25], "rotation": 90, "texture": "#0"},
				"west": {"uv": [0, 0, 6.875, 0.625], "rotation": 90, "texture": "#0"}
			}
		},
		{
			"from": [5.625, 17.74383, 1],
			"to": [5.875, 22.74383, 1.5],
			"rotation": {"angle": 0, "axis": "z", "origin": [8, 7.28929, 8]},
			"faces": {
				"north": {"uv": [0, 0, 5.5, 0.25], "rotation": 270, "texture": "#0"},
				"east": {"uv": [0, 0, 5.5, 0.25], "rotation": 270, "texture": "#0"},
				"west": {"uv": [0, 0, 6.875, 0.625], "rotation": 270, "texture": "#0"}
			}
		},
		{
			"from": [14.5, 17.74383, 5.625],
			"to": [15, 22.74383, 5.875],
			"rotation": {"angle": 0, "axis": "z", "origin": [8, 7.28929, 8]},
			"faces": {
				"north": {"uv": [0, 0, 0.25, 5.5], "rotation": 180, "texture": "#0"},
				"east": {"uv": [0, 0, 0.25, 5.5], "rotation": 180, "texture": "#0"},
				"south": {"uv": [0, 0, 0.25, 5.5], "rotation": 180, "texture": "#0"}
			}
		},
		{
			"from": [4, 17.74383, 14.5],
			"to": [4.25, 22.74383, 15],
			"rotation": {"angle": 0, "axis": "z", "origin": [2, 7.28929, 8]},
			"faces": {
				"east": {"uv": [0, 0, 0.5, 0.25], "rotation": 90, "texture": "#0"},
				"south": {"uv": [0, 0, 0.5, 0.25], "rotation": 90, "texture": "#0"},
				"west": {"uv": [0, 0, 6.875, 0.625], "rotation": 90, "texture": "#0"}
			}
		},
		{
			"from": [1, 17.74383, 4],
			"to": [1.5, 22.74383, 4.25],
			"rotation": {"angle": 0, "axis": "z", "origin": [8, 7.28929, 2]},
			"faces": {
				"north": {"uv": [0, 0, 0.25, 5.5], "texture": "#0"},
				"south": {"uv": [0, 0, 0.25, 5.5], "texture": "#0"},
				"west": {"uv": [0, 0, 0.3125, 6.875], "texture": "#0"}
			}
		},
		{
			"from": [11.75, 17.74383, 1],
			"to": [12, 22.74383, 1.5],
			"rotation": {"angle": 0, "axis": "z", "origin": [14, 7.28929, 8]},
			"faces": {
				"north": {"uv": [0, 0, 5.5, 0.25], "rotation": 270, "texture": "#0"},
				"east": {"uv": [0, 0, 5.5, 0.25], "rotation": 270, "texture": "#0"},
				"west": {"uv": [0, 0, 6.875, 0.625], "rotation": 270, "texture": "#0"}
			}
		},
		{
			"from": [14.5, 17.74383, 11.75],
			"to": [15, 22.74383, 12],
			"rotation": {"angle": 0, "axis": "z", "origin": [8, 7.28929, 14]},
			"faces": {
				"north": {"uv": [0, 0, 0.25, 5.5], "rotation": 180, "texture": "#0"},
				"east": {"uv": [0, 0, 0.25, 5.5], "rotation": 180, "texture": "#0"},
				"south": {"uv": [0, 0, 0.25, 5.5], "rotation": 180, "texture": "#0"}
			}
		},
		{
			"from": [1, 16.83474, 2.5],
			"to": [1.5, 17.74383, 7.25],
			"rotation": {"angle": 0, "axis": "y", "origin": [8, 7.28929, 8]},
			"faces": {
				"west": {"uv": [0, 0, 5.9375, 1.25], "texture": "#0"},
				"up": {"uv": [3.417, 6.292, 4.202, 13.753], "texture": "#0"},
				"down": {"uv": [9.084, 5.583, 9.869, 13.044], "texture": "#0"}
			}
		},
		{
			"from": [8.75, 16.83474, 1],
			"to": [13.5, 17.74383, 1.5],
			"rotation": {"angle": 0, "axis": "y", "origin": [8, 7.28929, 8]},
			"faces": {
				"north": {"uv": [0, 0, 4.75, 1], "texture": "#0"},
				"up": {"uv": [0, 0, 4.75, 1], "texture": "#0"},
				"down": {"uv": [0, 0, 4.75, 1], "texture": "#0"}
			}
		},
		{
			"from": [14.5, 16.83474, 8.75],
			"to": [15, 17.74383, 13.5],
			"rotation": {"angle": 0, "axis": "y", "origin": [8, 7.28929, 8]},
			"faces": {
				"east": {"uv": [0, 0, 4.75, 1], "texture": "#0"},
				"up": {"uv": [0, 0, 4.75, 1], "texture": "#0"},
				"down": {"uv": [0, 0, 4.75, 1], "texture": "#0"}
			}
		},
		{
			"from": [2.5, 11.83474, 14.5],
			"to": [7.25, 12.74383, 15],
			"rotation": {"angle": 0, "axis": "y", "origin": [8, 2.74383, 8]},
			"faces": {
				"south": {"uv": [0, 0, 4.75, 0.5], "texture": "#0"},
				"up": {"uv": [0, 0, 4.75, 0.5], "texture": "#0"},
				"down": {"uv": [0, 0, 4.75, 0.5], "texture": "#0"}
			}
		},
		{
			"from": [1, 11.83474, 2.5],
			"to": [1.5, 12.74383, 7.25],
			"rotation": {"angle": 0, "axis": "y", "origin": [8, 2.74383, 8]},
			"faces": {
				"west": {"uv": [0, 0, 5.9375, 1.25], "texture": "#0"},
				"up": {"uv": [3.792, 0, 4.577, 7.461], "texture": "#0"},
				"down": {"uv": [3.583, 5.417, 4.369, 12.878], "texture": "#0"}
			}
		},
		{
			"from": [1.4, 12.92565, 2.7],
			"to": [1.48117, 16.56201, 6.33636],
			"rotation": {"angle": 0, "axis": "y", "origin": [8, 2.74383, 8]},
			"faces": {
				"north": {"uv": [0, 0, 0.25, 5], "texture": "#0"},
				"south": {"uv": [0, 0, 0.25, 5], "texture": "#0"},
				"west": {"uv": [2.667, 2.417, 5.667, 5.292], "texture": "#3"},
				"up": {"uv": [0, 0, 0.25, 5], "texture": "#0"},
				"down": {"uv": [0, 0, 0.25, 5], "texture": "#0"}
			}
		},
		{
			"name": "handle",
			"from": [1.4992, 14.01656, 6.7],
			"to": [1.58037, 15.4711, 7.02468],
			"rotation": {"angle": 0, "axis": "y", "origin": [8, 2.74383, 8]},
			"faces": {
				"north": {"uv": [2.667, 2.417, 2.917, 4.417], "texture": "#0"},
				"south": {"uv": [2.667, 2.417, 2.917, 4.417], "texture": "#0"},
				"west": {"uv": [8.417, 3.333, 8.708, 4.667], "texture": "#3"},
				"up": {"uv": [2.667, 2.417, 2.917, 3.417], "texture": "#0"},
				"down": {"uv": [2.667, 2.417, 2.917, 3.417], "texture": "#0"}
			}
		},
		{
			"from": [8.75, 11.83474, 1],
			"to": [13.5, 12.74383, 1.5],
			"rotation": {"angle": 0, "axis": "y", "origin": [8, 2.74383, 8]},
			"faces": {
				"north": {"uv": [0, 0, 4.75, 1], "texture": "#0"},
				"up": {"uv": [0, 0, 4.75, 1], "texture": "#0"},
				"down": {"uv": [0, 0, 4.75, 1], "texture": "#0"}
			}
		},
		{
			"from": [14.5, 11.83474, 8.75],
			"to": [15, 12.74383, 13.5],
			"rotation": {"angle": 0, "axis": "y", "origin": [8, 2.74383, 8]},
			"faces": {
				"east": {"uv": [0, 0, 4.75, 1], "texture": "#0"},
				"up": {"uv": [0, 0, 4.75, 1], "texture": "#0"},
				"down": {"uv": [0, 0, 4.75, 1], "texture": "#0"}
			}
		},
		{
			"from": [2.5, 6.83474, 14.5],
			"to": [7.25, 7.74383, 15],
			"rotation": {"angle": 0, "axis": "y", "origin": [8, -2.71071, 8]},
			"faces": {
				"south": {"uv": [0, 0, 4.75, 0.5], "texture": "#0"},
				"up": {"uv": [0, 0, 4.75, 0.5], "texture": "#0"},
				"down": {"uv": [0, 0, 4.75, 0.5], "texture": "#0"}
			}
		},
		{
			"from": [1, 6.83474, 2.5],
			"to": [1.5, 7.74383, 7.25],
			"rotation": {"angle": 0, "axis": "y", "origin": [8, -2.71071, 8]},
			"faces": {
				"west": {"uv": [0, 0, 5.9375, 1.25], "texture": "#0"},
				"up": {"uv": [0, 0, 0.7854, 7.4613], "texture": "#0"},
				"down": {"uv": [2.875, 6.208, 3.66, 13.67], "texture": "#0"}
			}
		},
		{
			"from": [8.75, 6.83474, 1],
			"to": [13.5, 7.74383, 1.5],
			"rotation": {"angle": 0, "axis": "y", "origin": [8, -2.71071, 8]},
			"faces": {
				"north": {"uv": [0, 0, 4.75, 1], "texture": "#0"},
				"up": {"uv": [0, 0, 4.75, 1], "texture": "#0"},
				"down": {"uv": [0, 0, 4.75, 1], "texture": "#0"}
			}
		},
		{
			"from": [14.5, 6.83474, 8.75],
			"to": [15, 7.74383, 13.5],
			"rotation": {"angle": 0, "axis": "y", "origin": [8, -2.71071, 8]},
			"faces": {
				"east": {"uv": [0, 0, 4.75, 1], "texture": "#0"},
				"up": {"uv": [0, 0, 4.75, 1], "texture": "#0"},
				"down": {"uv": [0, 0, 4.75, 1], "texture": "#0"}
			}
		},
		{
			"from": [2.5, 1.83474, 14.5],
			"to": [7.25, 2.74383, 15],
			"rotation": {"angle": 0, "axis": "y", "origin": [8, -8.16526, 8]},
			"faces": {
				"south": {"uv": [0, 0, 4.75, 0.5], "texture": "#0"},
				"up": {"uv": [0, 0, 4.75, 0.5], "texture": "#0"}
			}
		},
		{
			"from": [1, 1.83474, 2.5],
			"to": [1.5, 2.74383, 7.25],
			"rotation": {"angle": 0, "axis": "y", "origin": [8, -8.16526, 8]},
			"faces": {
				"west": {"uv": [0, 0, 5.9375, 1.25], "texture": "#0"},
				"up": {"uv": [0, 0, 4.75, 1], "texture": "#0"}
			}
		},
		{
			"from": [8.75, 1.83474, 1],
			"to": [13.5, 2.74383, 1.5],
			"rotation": {"angle": 0, "axis": "y", "origin": [8, -8.16526, 8]},
			"faces": {
				"north": {"uv": [0, 0, 4.75, 1], "texture": "#0"},
				"up": {"uv": [0, 0, 4.75, 1], "texture": "#0"}
			}
		},
		{
			"from": [14.5, 1.83474, 8.75],
			"to": [15, 2.74383, 13.5],
			"rotation": {"angle": 0, "axis": "y", "origin": [8, -8.16526, 8]},
			"faces": {
				"east": {"uv": [0, 0, 4.75, 1], "texture": "#0"},
				"up": {"uv": [0, 0, 4.75, 1], "texture": "#0"}
			}
		},
		{
			"from": [8.75, 16.83474, 14.5],
			"to": [13.5, 17.74383, 15],
			"rotation": {"angle": 0, "axis": "y", "origin": [8, 7.28929, 8]},
			"faces": {
				"south": {"uv": [0, 0, 4.75, 0.5], "texture": "#0"},
				"up": {"uv": [0, 0, 4.75, 0.5], "texture": "#0"},
				"down": {"uv": [0, 0, 4.75, 0.5], "texture": "#0"}
			}
		},
		{
			"from": [2.5, 16.83474, 1],
			"to": [7.25, 17.74383, 1.5],
			"rotation": {"angle": 0, "axis": "y", "origin": [8, 7.28929, 8]},
			"faces": {
				"north": {"uv": [0, 0, 4.75, 1], "texture": "#0"},
				"up": {"uv": [0, 0, 4.75, 1], "texture": "#0"},
				"down": {"uv": [0, 0, 4.75, 1], "texture": "#0"}
			}
		},
		{
			"from": [14.5, 16.83474, 2.5],
			"to": [15, 17.74383, 7.25],
			"rotation": {"angle": 0, "axis": "y", "origin": [8, 7.28929, 8]},
			"faces": {
				"east": {"uv": [0, 0, 4.75, 1], "texture": "#0"},
				"up": {"uv": [0, 0, 4.75, 1], "texture": "#0"},
				"down": {"uv": [0, 0, 4.75, 1], "texture": "#0"}
			}
		},
		{
			"from": [8.75, 11.83474, 14.5],
			"to": [13.5, 12.74383, 15],
			"rotation": {"angle": 0, "axis": "y", "origin": [8, 2.74383, 8]},
			"faces": {
				"south": {"uv": [0, 0, 4.75, 0.5], "texture": "#0"},
				"up": {"uv": [0, 0, 4.75, 0.5], "texture": "#0"},
				"down": {"uv": [0, 0, 4.75, 0.5], "texture": "#0"}
			}
		},
		{
			"from": [2.5, 11.83474, 1],
			"to": [7.25, 12.74383, 1.5],
			"rotation": {"angle": 0, "axis": "y", "origin": [8, 2.74383, 8]},
			"faces": {
				"north": {"uv": [0, 0, 4.75, 1], "texture": "#0"},
				"up": {"uv": [0, 0, 4.75, 1], "texture": "#0"},
				"down": {"uv": [0, 0, 4.75, 1], "texture": "#0"}
			}
		},
		{
			"from": [14.5, 11.83474, 2.5],
			"to": [15, 12.74383, 7.25],
			"rotation": {"angle": 0, "axis": "y", "origin": [8, 2.74383, 8]},
			"faces": {
				"east": {"uv": [0, 0, 4.75, 1], "texture": "#0"},
				"up": {"uv": [0, 0, 4.75, 1], "texture": "#0"},
				"down": {"uv": [0, 0, 4.75, 1], "texture": "#0"}
			}
		},
		{
			"from": [8.75, 6.83474, 14.5],
			"to": [13.5, 7.74383, 15],
			"rotation": {"angle": 0, "axis": "y", "origin": [8, -2.71071, 8]},
			"faces": {
				"south": {"uv": [0, 0, 4.75, 0.5], "texture": "#0"},
				"up": {"uv": [0, 0, 4.75, 0.5], "texture": "#0"},
				"down": {"uv": [0, 0, 4.75, 0.5], "texture": "#0"}
			}
		},
		{
			"from": [2.5, 6.83474, 1],
			"to": [7.25, 7.74383, 1.5],
			"rotation": {"angle": 0, "axis": "y", "origin": [8, -2.71071, 8]},
			"faces": {
				"north": {"uv": [0, 0, 4.75, 1], "texture": "#0"},
				"up": {"uv": [0, 0, 4.75, 1], "texture": "#0"},
				"down": {"uv": [0, 0, 4.75, 1], "texture": "#0"}
			}
		},
		{
			"from": [14.5, 6.83474, 2.5],
			"to": [15, 7.74383, 7.25],
			"rotation": {"angle": 0, "axis": "y", "origin": [8, -2.71071, 8]},
			"faces": {
				"east": {"uv": [0, 0, 4.75, 1], "texture": "#0"},
				"up": {"uv": [0, 0, 4.75, 1], "texture": "#0"},
				"down": {"uv": [0, 0, 4.75, 1], "texture": "#0"}
			}
		},
		{
			"from": [8.75, 1.83474, 14.5],
			"to": [13.5, 2.74383, 15],
			"rotation": {"angle": 0, "axis": "y", "origin": [8, -8.16526, 8]},
			"faces": {
				"south": {"uv": [0, 0, 4.75, 0.5], "texture": "#0"},
				"up": {"uv": [0, 0, 4.75, 0.5], "texture": "#0"}
			}
		},
		{
			"from": [2.5, 1.83474, 1],
			"to": [7.25, 2.74383, 1.5],
			"rotation": {"angle": 0, "axis": "y", "origin": [8, -8.16526, 8]},
			"faces": {
				"north": {"uv": [0, 0, 4.75, 1], "texture": "#0"},
				"up": {"uv": [0, 0, 4.75, 1], "texture": "#0"}
			}
		},
		{
			"from": [14.5, 1.83474, 2.5],
			"to": [15, 2.74383, 7.25],
			"rotation": {"angle": 0, "axis": "y", "origin": [8, -8.16526, 8]},
			"faces": {
				"east": {"uv": [0, 0, 4.75, 1], "texture": "#0"},
				"up": {"uv": [0, 0, 4.75, 1], "texture": "#0"}
			}
		},
		{
			"from": [7.25, 1.83474, 1],
			"to": [8.75, 22.74383, 1.5],
			"rotation": {"angle": 0, "axis": "y", "origin": [8, 7.28929, 8]},
			"faces": {
				"north": {"uv": [0, 0, 1.5, 16], "texture": "#0"},
				"east": {"uv": [0, 0, 1.5, 16], "texture": "#0"},
				"west": {"uv": [0, 0, 0.625, 16], "texture": "#0"}
			}
		},
		{
			"from": [14.5, 1.83474, 7.25],
			"to": [15, 22.74383, 8.75],
			"rotation": {"angle": 0, "axis": "y", "origin": [8, 7.28929, 8]},
			"faces": {
				"north": {"uv": [0, 0, 1.5, 16], "texture": "#0"},
				"east": {"uv": [0, 0, 1.5, 16], "texture": "#0"},
				"south": {"uv": [0, 0, 1.5, 16], "texture": "#0"}
			}
		},
		{
			"from": [13.5, 1.83474, 13.5],
			"to": [15, 23.65292, 15],
			"rotation": {"angle": 0, "axis": "y", "origin": [8, 7.28929, 8]},
			"faces": {
				"north": {"uv": [0, 0, 1.5, 16], "texture": "#0"},
				"east": {"uv": [0, 0, 1.5, 16], "texture": "#0"},
				"south": {"uv": [0, 0, 1.5, 16], "texture": "#0"},
				"west": {"uv": [0, 0, 1.875, 16], "texture": "#0"}
			}
		},
		{
			"from": [0, 24.56201, 0],
			"to": [16, 26.38019, 16],
			"rotation": {"angle": 0, "axis": "y", "origin": [8, 7.28929, 8]},
			"faces": {
				"north": {"uv": [0.459, 9.042, 15.415, 10.834], "texture": "#3"},
				"east": {"uv": [0.5, 9, 15.375, 10.875], "texture": "#3"},
				"south": {"uv": [0.5, 9, 15.375, 10.917], "texture": "#3"},
				"west": {"uv": [0.5, 9, 15.375, 10.917], "texture": "#3"},
				"up": {"uv": [0, 0, 16, 16], "texture": "#1"},
				"down": {"uv": [0, 0, 16, 16], "texture": "#1"}
			}
		},
		{
			"from": [0.5, 26.38019, 0.5],
			"to": [15.5, 27.28929, 15.5],
			"rotation": {"angle": 0, "axis": "y", "origin": [8, 7.28929, 8]},
			"faces": {
				"north": {"uv": [0, 5.042, 16, 7.042], "texture": "#1"},
				"east": {"uv": [0, 7.333, 16, 9.416], "texture": "#1"},
				"south": {"uv": [0, 6.833, 16, 8.833], "texture": "#1"},
				"west": {"uv": [0, 8.5, 16, 10.5], "texture": "#1"},
				"up": {"uv": [0, 0, 16, 16], "texture": "#1"}
			}
		},
		{
			"from": [1, 27.28929, 1],
			"to": [15, 28.19838, 15],
			"rotation": {"angle": 0, "axis": "y", "origin": [8, 7.28929, 8]},
			"faces": {
				"north": {"uv": [0, 8.292, 16, 10.292], "texture": "#1"},
				"east": {"uv": [0, 7.333, 16, 9.416], "texture": "#1"},
				"south": {"uv": [0, 6.833, 16, 8.833], "texture": "#1"},
				"west": {"uv": [0, 8.5, 16, 10.5], "texture": "#1"},
				"up": {"uv": [0, 4.5, 11.5, 15.917], "texture": "#1"}
			}
		},
		{
			"from": [7.25, 28.19838, 7.25],
			"to": [8.75, 29.70487, 8.75],
			"rotation": {"angle": 0, "axis": "y", "origin": [8, 7.28929, 8]},
			"faces": {
				"north": {"uv": [7.167, 12.167, 8.667, 14.167], "texture": "#3"},
				"east": {"uv": [7.167, 12.167, 8.667, 14.167], "texture": "#3"},
				"south": {"uv": [7.167, 12.167, 8.667, 14.167], "texture": "#3"},
				"west": {"uv": [7.167, 12.167, 8.667, 14.167], "texture": "#3"},
				"up": {"uv": [13.708, 13.708, 16, 16], "texture": "#3"}
			}
		},
		{
			"from": [0, 0.01656, 0],
			"to": [16, 0.92565, 16],
			"rotation": {"angle": 0, "axis": "y", "origin": [8, 7.28929, 8]},
			"faces": {
				"north": {"uv": [0, 4.875, 16, 5.875], "texture": "#1"},
				"east": {"uv": [0, 7.792, 16, 8.792], "texture": "#1"},
				"south": {"uv": [0, 6.833, 16, 8.833], "texture": "#1"},
				"west": {"uv": [0, 8.5, 16, 10.5], "texture": "#1"},
				"up": {"uv": [0, 0, 16, 16], "texture": "#1"},
				"down": {"uv": [0, 4.5, 11.5, 16], "texture": "#1"}
			}
		},
		{
			"from": [1.5, 1.83474, 1.5],
			"to": [14.5, 23.65292, 2.26394],
			"rotation": {"angle": 0, "axis": "z", "origin": [8, 7.28929, 8]},
			"faces": {
				"north": {"uv": [0, 0, 13, 16], "texture": "#1"},
				"south": {"uv": [7.868, 0, 14.868, 14.9], "texture": "#4"}
			}
		},
		{
			"from": [1.5, 1.83474, 1.5],
			"to": [1.76763, 23.65292, 7.99351],
			"rotation": {"angle": 0, "axis": "z", "origin": [8, 7.28929, 8]},
			"faces": {
				"east": {"uv": [0, 0, 7, 16], "texture": "#0"},
				"south": {"uv": [0, 0, 0.4204, 16], "texture": "#0"},
				"west": {"uv": [6.042, 0, 12.833, 16], "texture": "#1"}
			}
		},
		{
			"from": [13.43659, 1.83474, 1.64031],
			"to": [14.5, 23.65292, 14.5],
			"rotation": {"angle": 0, "axis": "z", "origin": [8, 7.28929, 8]},
			"faces": {
				"east": {"uv": [0, 0, 13, 16], "texture": "#1"},
				"west": {"uv": [0, 0, 8.5, 14.9], "texture": "#4"}
			}
		},
		{
			"from": [1.59549, 1.83474, 14.42042],
			"to": [14.45518, 23.65292, 14.54775],
			"rotation": {"angle": 0, "axis": "z", "origin": [1.57016, 7.28929, 8.04775]},
			"faces": {
				"north": {"uv": [7.912, 0, 14.912, 14.9], "texture": "#4"},
				"south": {"uv": [0, 0, 13, 16], "texture": "#1"}
			}
		},
		{
			"from": [14.5, 1.83474, 14.5],
			"to": [15.5, 23.65292, 15.5],
			"rotation": {"angle": 0, "axis": "y", "origin": [8, 7.28929, 8]},
			"faces": {
				"north": {"uv": [0, 0, 1, 16], "texture": "#0"},
				"east": {"uv": [0, 0, 1, 16], "texture": "#0"},
				"south": {"uv": [0, 0, 1, 16], "texture": "#0"},
				"west": {"uv": [0, 0, 1, 16], "texture": "#0"}
			}
		},
		{
			"from": [15, 1.83474, 7.75],
			"to": [15.5, 23.65292, 8.25],
			"rotation": {"angle": 0, "axis": "y", "origin": [8, 7.28929, 8]},
			"faces": {
				"north": {"uv": [0, 0, 0.5, 16], "texture": "#0"},
				"east": {"uv": [0, 0, 0.5, 16], "texture": "#0"},
				"south": {"uv": [0, 0, 0.5, 16], "texture": "#0"}
			}
		},
		{
			"from": [14.5, 1.83474, 0.5],
			"to": [15.5, 23.65292, 1.5],
			"rotation": {"angle": 0, "axis": "y", "origin": [8, 7.28929, 8]},
			"faces": {
				"north": {"uv": [0, 0, 1, 16], "texture": "#0"},
				"east": {"uv": [0, 0, 1, 16], "texture": "#0"},
				"south": {"uv": [0, 0, 1, 16], "texture": "#0"},
				"west": {"uv": [0, 0, 1, 16], "texture": "#0"}
			}
		},
		{
			"from": [0.5, 0.92565, 0.5],
			"to": [15.5, 1.83474, 15.5],
			"rotation": {"angle": 0, "axis": "y", "origin": [8, 7.28929, 8]},
			"faces": {
				"north": {"uv": [0, 0, 15, 1], "texture": "#0"},
				"east": {"uv": [0, 0, 15, 1], "texture": "#0"},
				"south": {"uv": [0, 0, 15, 1], "texture": "#0"},
				"west": {"uv": [0, 0, 15, 1], "texture": "#0"},
				"up": {"uv": [0, 0, 15, 15], "texture": "#0"}
			}
		},
		{
			"from": [0.5, 23.65292, 0.5],
			"to": [15.5, 24.56201, 15.5],
			"rotation": {"angle": 0, "axis": "y", "origin": [8, 7.28929, 8]},
			"faces": {
				"north": {"uv": [0, 0, 15, 1], "texture": "#0"},
				"east": {"uv": [0, 0, 15, 1], "texture": "#0"},
				"south": {"uv": [0, 0, 15, 1], "texture": "#0"},
				"west": {"uv": [0, 0, 15, 1], "texture": "#0"},
				"down": {"uv": [0, 0, 16, 16], "texture": "#0"}
			}
		},
		{
			"from": [0.5, 1.83474, 14.5],
			"to": [1.5, 23.65292, 15.5],
			"rotation": {"angle": 0, "axis": "y", "origin": [8, 7.28929, 8]},
			"faces": {
				"north": {"uv": [0, 0, 1, 16], "texture": "#0"},
				"east": {"uv": [0, 0, 1, 16], "texture": "#0"},
				"south": {"uv": [0, 0, 1, 16], "texture": "#0"},
				"west": {"uv": [0, 0, 1, 16], "texture": "#0"}
			}
		},
		{
			"from": [0.5, 1.83474, 7.75],
			"to": [1, 23.65292, 8.25],
			"rotation": {"angle": 0, "axis": "y", "origin": [8, 7.28929, 8]},
			"faces": {
				"north": {"uv": [0, 0, 0.5, 16], "texture": "#0"},
				"east": {"uv": [0, 0, 0.5, 16], "texture": "#0"},
				"south": {"uv": [0, 0, 0.5, 16], "texture": "#0"},
				"west": {"uv": [0, 0, 0.5, 16], "texture": "#0"}
			}
		},
		{
			"from": [0.5, 1.83474, 0.5],
			"to": [1.5, 23.65292, 1.5],
			"rotation": {"angle": 0, "axis": "y", "origin": [8, 7.28929, 8]},
			"faces": {
				"north": {"uv": [0, 0, 1, 16], "texture": "#0"},
				"east": {"uv": [0, 0, 1, 16], "texture": "#0"},
				"south": {"uv": [0, 0, 1, 16], "texture": "#0"},
				"west": {"uv": [0, 0, 1, 16], "texture": "#0"}
			}
		},
		{
			"from": [7.75, 1.83474, 0.5],
			"to": [8.25, 23.65292, 1],
			"rotation": {"angle": 0, "axis": "y", "origin": [8, 7.28929, 8]},
			"faces": {
				"north": {"uv": [0, 0, 0.5, 16], "texture": "#0"},
				"east": {"uv": [0, 0, 0.5, 16], "texture": "#0"},
				"west": {"uv": [0, 0, 0.5, 16], "texture": "#0"}
			}
		},
		{
			"from": [7.75, 1.83474, 15],
			"to": [8.25, 23.65292, 15.5],
			"rotation": {"angle": 0, "axis": "y", "origin": [8, 7.28929, 8]},
			"faces": {
				"east": {"uv": [0, 0, 0.5, 16], "texture": "#0"},
				"south": {"uv": [0, 0, 0.5, 16], "texture": "#0"},
				"west": {"uv": [0, 0, 0.5, 16], "texture": "#0"}
			}
		}
	],
	"display": {
		"thirdperson_righthand": {
			"rotation": [75, 45, 0],
			"translation": [0, 3.75, 2.25],
			"scale": [0.2, 0.2, 0.2]
		},
		"thirdperson_lefthand": {
			"rotation": [75, 45, 0],
			"translation": [0, 3.75, 2.25],
			"scale": [0.2, 0.2, 0.2]
		},
		"firstperson_righthand": {
			"rotation": [0, 45, 0],
			"translation": [0, 4.5, 0],
			"scale": [0.225, 0.225, 0.225]
		},
		"firstperson_lefthand": {
			"rotation": [0, -135, 0],
			"translation": [0, 4.5, 0],
			"scale": [0.225, 0.225, 0.225]
		},
		"ground": {
            "translation": [0, 3, 0],
			"scale": [0.25, 0.25, 0.25]
		},
		"gui": {
			"rotation": [30, 225, 0],
			"scale": [0.28, 0.28, 0.28]
		},
		"head": {
			"rotation": [0, -90, 0],
			"translation": [0, 13, 0],
			"scale": [0.3, 0.3, 0.3]
		},
		"fixed": {
			"rotation": [-90, 0, 0],
			"translation": [0, 0, -24.5],
			"scale": [3.18, 3.18, 3.18]
		}
	},
	"groups": [
		{
			"name": "mid_blue",
			"origin": [8, 8, 8],
			"children": [0, 1, 2, 3, 4, 5, 6, 7, 8, 9, 10, 11, 12, 13, 14,
				{
					"name": "door",
					"origin": [8, -3.5904, 8],
					"children": [15, 16, 17, 18, 19, 20, 21, 22, 23, 24, 25, 26, 27, 28]
				}, 29, 30, 31, 32, 33, 34, 35, 36, 37, 38, 39, 40, 41, 42, 43, 44, 45, 46, 47, 48, 49, 50, 51, 52, 53, 54, 55, 56, 57, 58, 59, 60, 61, 62, 63, 64, 65, 66, 67, 68, 69, 70, 71, 72, 73, 74, 75, 76, 77, 78]
		},
		{
			"name": "dark_blue",
			"origin": [8, 8, 8],
			"children": [79, 80, 81, 82, 83, 84, 85, 86, 87]
		},
		{
			"name": "blue",
			"origin": [8, 8, 8],
			"children": [88, 89, 90, 91, 92, 93, 94, 95, 96, 97]
		}
	]
}