{
	"credit": "Made with Blockbench",
	"elements": [
		{
			"from": [7.25, 1.80974, 14.5],
			"to": [8.75, 22.71883, 15],
			"rotation": {"angle": 0, "axis": "y", "origin": [8, 7.26429, 8]},
			"faces": {
				"east": {"uv": [0, 0, 1.5, 1.5], "texture": "#0"},
				"south": {"uv": [0, 0, 1.5, 1.5], "texture": "#0"},
				"west": {"uv": [0, 0, 0.625, 16], "texture": "#0"}
			}
		},
		{
			"from": [1, 1.80974, 13.5],
			"to": [2.5, 23.62792, 15],
			"rotation": {"angle": 0, "axis": "y", "origin": [8, 7.26429, 8]},
			"faces": {
				"north": {"uv": [0, 0, 1.5, 16], "texture": "#0"},
				"east": {"uv": [0, 0, 1.5, 16], "texture": "#0"},
				"south": {"uv": [0, 0, 1.5, 16], "texture": "#0"},
				"west": {"uv": [0, 0, 1.875, 16], "texture": "#0"}
			}
		},
		{
			"from": [1, 1.80974, 1],
			"to": [2.5, 23.62792, 2.5],
			"rotation": {"angle": 0, "axis": "y", "origin": [8, 7.26429, 8]},
			"faces": {
				"north": {"uv": [0, 0, 1.5, 16], "texture": "#0"},
				"east": {"uv": [0, 0, 2.3562, 16], "texture": "#0"},
				"south": {"uv": [0, 0, 1.5, 16], "texture": "#0"},
				"west": {"uv": [0, 0, 1.875, 16], "texture": "#0"}
			}
		},
		{
			"from": [13.5, 1.80974, 1],
			"to": [15, 23.62792, 2.5],
			"rotation": {"angle": 0, "axis": "y", "origin": [8, 7.26429, 8]},
			"faces": {
				"north": {"uv": [0, 0, 1.5, 16], "texture": "#0"},
				"east": {"uv": [0, 0, 1.5, 16], "texture": "#0"},
				"south": {"uv": [0, 0, 1.5, 16], "texture": "#0"},
				"west": {"uv": [0, 0, 1.875, 16], "texture": "#0"}
			}
		},
		{
			"from": [1, 1.80974, 7.25],
			"to": [1.5, 22.71883, 8.75],
			"rotation": {"angle": 0, "axis": "y", "origin": [8, 7.26429, 8]},
			"faces": {
				"north": {"uv": [6, 0, 7.5, 16], "texture": "#0"},
				"south": {"uv": [6, 0, 7.5, 16], "texture": "#0"},
				"west": {"uv": [6, 0, 7.875, 16], "texture": "#0"}
			}
		},
		{
			"from": [1, 22.71883, 2.5],
			"to": [1.5, 23.62792, 13.5],
			"rotation": {"angle": 0, "axis": "y", "origin": [8, 7.26429, 8]},
			"faces": {
				"west": {"uv": [0, 0, 13.75, 1.25], "texture": "#0"},
				"down": {"uv": [0, 0, 0.7854, 16], "texture": "#0"}
			}
		},
		{
			"from": [2.5, 22.71883, 1],
			"to": [13.5, 23.62792, 1.5],
			"rotation": {"angle": 0, "axis": "y", "origin": [8, 7.26429, 8]},
			"faces": {
				"north": {"uv": [0, 0, 11, 1], "texture": "#0"},
				"down": {"uv": [0, 0, 11, 1], "texture": "#0"}
			}
		},
		{
			"from": [14.5, 22.71883, 2.5],
			"to": [15, 23.62792, 13.5],
			"rotation": {"angle": 0, "axis": "y", "origin": [8, 7.26429, 8]},
			"faces": {
				"east": {"uv": [0, 0, 11, 1], "texture": "#0"},
				"down": {"uv": [0, 0, 0.7854, 16], "texture": "#0"}
			}
		},
		{
			"from": [2.5, 22.71883, 14.5],
			"to": [13.5, 23.62792, 15],
			"rotation": {"angle": 0, "axis": "y", "origin": [8, 7.26429, 8]},
			"faces": {
				"south": {"uv": [0, 0, 11, 0.5], "texture": "#0"},
				"down": {"uv": [0, 0, 11, 0.5], "texture": "#0"}
			}
		},
		{
			"from": [2.5, 20.10519, 14.5],
			"to": [7.25, 20.33247, 15],
			"rotation": {"angle": 0, "axis": "y", "origin": [8, 7.26429, 8]},
			"faces": {
				"south": {"uv": [0, 0, 4.75, 0.5], "texture": "#0"},
				"up": {"uv": [0, 0, 4.75, 0.5], "texture": "#0"},
				"down": {"uv": [0, 0, 4.75, 0.5], "texture": "#0"}
			}
		},
		{
			"from": [2.5, 16.80974, 14.5],
			"to": [7.25, 17.71883, 15],
			"rotation": {"angle": 0, "axis": "y", "origin": [8, 7.26429, 8]},
			"faces": {
				"south": {"uv": [0, 0, 4.75, 0.5], "texture": "#0"},
				"up": {"uv": [0, 0, 4.75, 0.5], "texture": "#0"},
				"down": {"uv": [0, 0, 4.75, 0.5], "texture": "#0"}
			}
		},
		{
			"from": [1, 20.10519, 2.5],
			"to": [1.5, 20.33247, 7.25],
			"rotation": {"angle": 0, "axis": "y", "origin": [8, 7.26429, 8]},
			"faces": {
				"west": {"uv": [0, 0, 5.9375, 0.3125], "texture": "#0"},
				"up": {"uv": [9, 0, 9.7854, 7.4613], "texture": "#0"},
				"down": {"uv": [0, 0, 4.75, 0.25], "texture": "#0"}
			}
		},
		{
			"from": [8.75, 20.10519, 1],
			"to": [13.5, 20.33247, 1.5],
			"rotation": {"angle": 0, "axis": "y", "origin": [8, 7.26429, 8]},
			"faces": {
				"north": {"uv": [0, 0, 4.75, 0.25], "texture": "#0"},
				"up": {"uv": [0, 0, 4.75, 0.25], "texture": "#0"},
				"down": {"uv": [0, 0, 4.75, 0.25], "texture": "#0"}
			}
		},
		{
			"from": [14.5, 20.10519, 8.75],
			"to": [15, 20.33247, 13.5],
			"rotation": {"angle": 0, "axis": "y", "origin": [8, 7.26429, 8]},
			"faces": {
				"east": {"uv": [0, 0, 4.75, 0.25], "texture": "#0"},
				"up": {"uv": [14, 0, 14.7854, 7.4613], "texture": "#0"},
				"down": {"uv": [14, 0, 14.7854, 7.4613], "texture": "#0"}
			}
		},
		{
			"from": [8.75, 20.10519, 14.5],
			"to": [13.5, 20.33247, 15],
			"rotation": {"angle": 0, "axis": "y", "origin": [8, 7.26429, 8]},
			"faces": {
				"south": {"uv": [0, 0, 4.75, 0.5], "texture": "#0"},
				"up": {"uv": [0, 0, 4.75, 0.5], "texture": "#0"},
				"down": {"uv": [0, 0, 4.75, 0.5], "texture": "#0"}
			}
		},
		{
			"from": [1, 20.10519, 8.75],
			"to": [1.5, 20.33247, 13.5],
			"rotation": {"angle": 0, "axis": "y", "origin": [8, 7.26429, 8]},
			"faces": {
				"west": {"uv": [0, 0, 5.9375, 0.3125], "texture": "#0"},
				"up": {"uv": [8, 0, 8.7854, 7.4613], "texture": "#0"},
				"down": {"uv": [0, 0, 4.75, 0.25], "texture": "#0"}
			}
		},
		{
			"from": [2.5, 20.10519, 1],
			"to": [7.25, 20.33247, 1.5],
			"rotation": {"angle": 0, "axis": "y", "origin": [8, 7.26429, 8]},
			"faces": {
				"north": {"uv": [0, 0, 4.75, 0.25], "texture": "#0"},
				"up": {"uv": [0, 0, 4.75, 0.25], "texture": "#0"},
				"down": {"uv": [0, 0, 4.75, 0.25], "texture": "#0"}
			}
		},
		{
			"from": [14.5, 20.10519, 2.5],
			"to": [15, 20.33247, 7.25],
			"rotation": {"angle": 0, "axis": "y", "origin": [8, 7.26429, 8]},
			"faces": {
				"east": {"uv": [0, 0, 4.75, 0.25], "texture": "#0"},
				"up": {"uv": [15, 0, 15.7854, 7.4613], "texture": "#0"},
				"down": {"uv": [15, 0, 15.7854, 7.4613], "texture": "#0"}
			}
		},
		{
			"from": [11.875, 17.71883, 14.5],
			"to": [12.125, 22.71883, 15],
			"rotation": {"angle": 0, "axis": "z", "origin": [8, 7.26429, 8]},
			"faces": {
				"east": {"uv": [0, 0, 0.5, 0.25], "rotation": 90, "texture": "#0"},
				"south": {"uv": [0, 0, 0.5, 0.25], "rotation": 90, "texture": "#0"},
				"west": {"uv": [0, 0, 6.875, 0.625], "rotation": 90, "texture": "#0"}
			}
		},
		{
			"from": [1, 17.71883, 11.875],
			"to": [1.5, 22.71883, 12.125],
			"rotation": {"angle": 0, "axis": "z", "origin": [8, 7.26429, 8]},
			"faces": {
				"north": {"uv": [0, 0, 0.25, 5.5], "texture": "#0"},
				"south": {"uv": [0, 0, 0.25, 5.5], "texture": "#0"},
				"west": {"uv": [0, 0, 0.3125, 6.875], "texture": "#0"}
			}
		},
		{
			"from": [3.875, 17.71883, 1],
			"to": [4.125, 22.71883, 1.5],
			"rotation": {"angle": 0, "axis": "z", "origin": [8, 7.26429, 8]},
			"faces": {
				"north": {"uv": [0, 0, 5.5, 0.25], "rotation": 270, "texture": "#0"},
				"east": {"uv": [0, 0, 5.5, 0.25], "rotation": 270, "texture": "#0"},
				"west": {"uv": [0, 0, 6.875, 0.625], "rotation": 270, "texture": "#0"}
			}
		},
		{
			"from": [14.5, 17.71883, 3.875],
			"to": [15, 22.71883, 4.125],
			"rotation": {"angle": 0, "axis": "z", "origin": [8, 7.26429, 8]},
			"faces": {
				"north": {"uv": [0, 0, 0.25, 5.5], "rotation": 180, "texture": "#0"},
				"east": {"uv": [0, 0, 0.25, 5.5], "rotation": 180, "texture": "#0"},
				"south": {"uv": [0, 0, 0.25, 5.5], "rotation": 180, "texture": "#0"}
			}
		},
		{
			"from": [5.625, 17.71883, 14.5],
			"to": [5.875, 22.71883, 15],
			"rotation": {"angle": 0, "axis": "z", "origin": [2, 7.26429, 8]},
			"faces": {
				"east": {"uv": [0, 0, 0.5, 0.25], "rotation": 90, "texture": "#0"},
				"south": {"uv": [0, 0, 0.5, 0.25], "rotation": 90, "texture": "#0"},
				"west": {"uv": [0, 0, 6.875, 0.625], "rotation": 90, "texture": "#0"}
			}
		},
		{
			"from": [1, 17.71883, 5.625],
			"to": [1.5, 22.71883, 5.875],
			"rotation": {"angle": 0, "axis": "z", "origin": [8, 7.26429, 2]},
			"faces": {
				"north": {"uv": [0, 0, 0.25, 5.5], "texture": "#0"},
				"south": {"uv": [0, 0, 0.25, 5.5], "texture": "#0"},
				"west": {"uv": [0, 0, 0.3125, 6.875], "texture": "#0"}
			}
		},
		{
			"from": [10.125, 17.71883, 1],
			"to": [10.375, 22.71883, 1.5],
			"rotation": {"angle": 0, "axis": "z", "origin": [14, 7.26429, 8]},
			"faces": {
				"north": {"uv": [0, 0, 5.5, 0.25], "rotation": 270, "texture": "#0"},
				"east": {"uv": [0, 0, 5.5, 0.25], "rotation": 270, "texture": "#0"},
				"west": {"uv": [0, 0, 6.875, 0.625], "rotation": 270, "texture": "#0"}
			}
		},
		{
			"from": [14.5, 17.71883, 10.125],
			"to": [15, 22.71883, 10.375],
			"rotation": {"angle": 0, "axis": "z", "origin": [8, 7.26429, 14]},
			"faces": {
				"north": {"uv": [0, 0, 0.25, 5.5], "rotation": 180, "texture": "#0"},
				"east": {"uv": [0, 0, 0.25, 5.5], "rotation": 180, "texture": "#0"},
				"south": {"uv": [0, 0, 0.25, 5.5], "rotation": 180, "texture": "#0"}
			}
		},
		{
			"from": [10.125, 17.71883, 14.5],
			"to": [10.375, 22.71883, 15],
			"rotation": {"angle": 0, "axis": "z", "origin": [8, 7.26429, 8]},
			"faces": {
				"east": {"uv": [0, 0, 0.5, 0.25], "rotation": 90, "texture": "#0"},
				"south": {"uv": [0, 0, 0.5, 0.25], "rotation": 90, "texture": "#0"},
				"west": {"uv": [0, 0, 6.875, 0.625], "rotation": 90, "texture": "#0"}
			}
		},
		{
			"from": [1, 17.71883, 10.125],
			"to": [1.5, 22.71883, 10.375],
			"rotation": {"angle": 0, "axis": "z", "origin": [8, 7.26429, 8]},
			"faces": {
				"north": {"uv": [0, 0, 0.25, 5.5], "texture": "#0"},
				"south": {"uv": [0, 0, 0.25, 5.5], "texture": "#0"},
				"west": {"uv": [0, 0, 0.3125, 6.875], "texture": "#0"}
			}
		},
		{
			"from": [5.625, 17.71883, 1],
			"to": [5.875, 22.71883, 1.5],
			"rotation": {"angle": 0, "axis": "z", "origin": [8, 7.26429, 8]},
			"faces": {
				"north": {"uv": [0, 0, 5.5, 0.25], "rotation": 270, "texture": "#0"},
				"east": {"uv": [0, 0, 5.5, 0.25], "rotation": 270, "texture": "#0"},
				"west": {"uv": [0, 0, 6.875, 0.625], "rotation": 270, "texture": "#0"}
			}
		},
		{
			"from": [14.5, 17.71883, 5.625],
			"to": [15, 22.71883, 5.875],
			"rotation": {"angle": 0, "axis": "z", "origin": [8, 7.26429, 8]},
			"faces": {
				"north": {"uv": [0, 0, 0.25, 5.5], "rotation": 180, "texture": "#0"},
				"east": {"uv": [0, 0, 0.25, 5.5], "rotation": 180, "texture": "#0"},
				"south": {"uv": [0, 0, 0.25, 5.5], "rotation": 180, "texture": "#0"}
			}
		},
		{
			"from": [4, 17.71883, 14.5],
			"to": [4.25, 22.71883, 15],
			"rotation": {"angle": 0, "axis": "z", "origin": [2, 7.26429, 8]},
			"faces": {
				"east": {"uv": [0, 0, 0.5, 0.25], "rotation": 90, "texture": "#0"},
				"south": {"uv": [0, 0, 0.5, 0.25], "rotation": 90, "texture": "#0"},
				"west": {"uv": [0, 0, 6.875, 0.625], "rotation": 90, "texture": "#0"}
			}
		},
		{
			"from": [1, 17.71883, 4],
			"to": [1.5, 22.71883, 4.25],
			"rotation": {"angle": 0, "axis": "z", "origin": [8, 7.26429, 2]},
			"faces": {
				"north": {"uv": [0, 0, 0.25, 5.5], "texture": "#0"},
				"south": {"uv": [0, 0, 0.25, 5.5], "texture": "#0"},
				"west": {"uv": [0, 0, 0.3125, 6.875], "texture": "#0"}
			}
		},
		{
			"from": [11.75, 17.71883, 1],
			"to": [12, 22.71883, 1.5],
			"rotation": {"angle": 0, "axis": "z", "origin": [14, 7.26429, 8]},
			"faces": {
				"north": {"uv": [0, 0, 5.5, 0.25], "rotation": 270, "texture": "#0"},
				"east": {"uv": [0, 0, 5.5, 0.25], "rotation": 270, "texture": "#0"},
				"west": {"uv": [0, 0, 6.875, 0.625], "rotation": 270, "texture": "#0"}
			}
		},
		{
			"from": [14.5, 17.71883, 11.75],
			"to": [15, 22.71883, 12],
			"rotation": {"angle": 0, "axis": "z", "origin": [8, 7.26429, 14]},
			"faces": {
				"north": {"uv": [0, 0, 0.25, 5.5], "rotation": 180, "texture": "#0"},
				"east": {"uv": [0, 0, 0.25, 5.5], "rotation": 180, "texture": "#0"},
				"south": {"uv": [0, 0, 0.25, 5.5], "rotation": 180, "texture": "#0"}
			}
		},
		{
			"from": [1, 16.80974, 2.5],
			"to": [1.5, 17.71883, 7.25],
			"rotation": {"angle": 0, "axis": "y", "origin": [8, 7.26429, 8]},
			"faces": {
				"west": {"uv": [0, 0, 5.9375, 1.25], "texture": "#0"},
				"up": {"uv": [6, 0, 6.7854, 7.4613], "texture": "#0"},
				"down": {"uv": [8, 0, 8.7854, 7.4613], "texture": "#0"}
			}
		},
		{
			"from": [8.75, 16.80974, 1],
			"to": [13.5, 17.71883, 1.5],
			"rotation": {"angle": 0, "axis": "y", "origin": [8, 7.26429, 8]},
			"faces": {
				"north": {"uv": [0, 0, 4.75, 1], "texture": "#0"},
				"up": {"uv": [0, 0, 4.75, 1], "texture": "#0"},
				"down": {"uv": [0, 0, 4.75, 1], "texture": "#0"}
			}
		},
		{
			"from": [14.5, 16.80974, 8.75],
			"to": [15, 17.71883, 13.5],
			"rotation": {"angle": 0, "axis": "y", "origin": [8, 7.26429, 8]},
			"faces": {
				"east": {"uv": [0, 0, 4.75, 1], "texture": "#0"},
				"up": {"uv": [0, 0, 0.7854, 7.4613], "texture": "#0"},
				"down": {"uv": [12, 0, 12.7854, 7.4613], "texture": "#0"}
			}
		},
		{
			"from": [2.5, 11.80974, 14.5],
			"to": [7.25, 12.71883, 15],
			"rotation": {"angle": 0, "axis": "y", "origin": [8, 2.71883, 8]},
			"faces": {
				"south": {"uv": [0, 0, 4.75, 0.5], "texture": "#0"},
				"up": {"uv": [0, 0, 4.75, 0.5], "texture": "#0"},
				"down": {"uv": [0, 0, 4.75, 0.5], "texture": "#0"}
			}
		},
		{
			"from": [1, 11.80974, 2.5],
			"to": [1.5, 12.71883, 7.25],
			"rotation": {"angle": 0, "axis": "y", "origin": [8, 2.71883, 8]},
			"faces": {
				"west": {"uv": [0, 0, 5.9375, 1.25], "texture": "#0"},
				"up": {"uv": [4, 0, 4.7854, 7.4613], "texture": "#0"},
				"down": {"uv": [10, 0, 10.7854, 7.4613], "texture": "#0"}
			}
		},
		{
			"from": [1.4, 12.90065, 2.7],
			"to": [1.48117, 16.53701, 6.33636],
			"rotation": {"angle": 0, "axis": "y", "origin": [8, 2.71883, 8]},
			"faces": {
				"north": {"uv": [0, 0, 0.25, 5], "texture": "#0"},
				"south": {"uv": [0, 0, 0.25, 5], "texture": "#0"},
				"west": {"uv": [2.667, 2.417, 5.667, 5.292], "texture": "#3"},
				"up": {"uv": [0, 0, 0.25, 5], "texture": "#0"},
				"down": {"uv": [0, 0, 0.25, 5], "texture": "#0"}
			}
		},
		{
			"name": "handle",
			"from": [0.992, 13.99156, 8.3],
			"to": [1.07317, 15.4461, 8.62468],
			"rotation": {"angle": 0, "axis": "y", "origin": [8, 2.71883, 8]},
			"faces": {
				"north": {"uv": [2.667, 2.417, 2.917, 4.417], "texture": "#0"},
				"south": {"uv": [2.667, 2.417, 2.917, 4.417], "texture": "#0"},
				"west": {"uv": [8.417, 3.333, 8.708, 4.667], "texture": "#3"},
				"up": {"uv": [2.667, 2.417, 2.917, 3.417], "texture": "#0"},
				"down": {"uv": [2.667, 2.417, 2.917, 3.417], "texture": "#0"}
			}
		},
		{
			"name": "key",
			"from": [0.992, 12.35519, 8.3],
			"to": [1.07317, 12.71883, 8.66364],
			"rotation": {"angle": 0, "axis": "y", "origin": [8, 2.71883, 8]},
			"faces": {
				"north": {"uv": [2.667, 2.417, 2.917, 4.417], "texture": "#0"},
				"south": {"uv": [2.667, 2.417, 2.917, 4.417], "texture": "#0"},
				"west": {"uv": [8.458, 5.5, 8.8, 5.841], "texture": "#3"},
				"up": {"uv": [2.667, 2.417, 2.917, 3.417], "texture": "#0"},
				"down": {"uv": [2.667, 2.417, 2.917, 3.417], "texture": "#0"}
			}
		},
		{
			"name": "handle",
			"from": [1.4992, 13.99156, 6.7],
			"to": [1.58037, 15.4461, 7.02468],
			"rotation": {"angle": 0, "axis": "y", "origin": [8, 2.71883, 8]},
			"faces": {
				"north": {"uv": [2.667, 2.417, 2.917, 4.417], "texture": "#0"},
				"south": {"uv": [2.667, 2.417, 2.917, 4.417], "texture": "#0"},
				"west": {"uv": [8.417, 3.333, 8.708, 4.667], "texture": "#3"},
				"up": {"uv": [2.667, 2.417, 2.917, 3.417], "texture": "#0"},
				"down": {"uv": [2.667, 2.417, 2.917, 3.417], "texture": "#0"}
			}
		},
		{
			"name": "stjohns",
			"from": [1.4992, 13.99156, 10.3],
			"to": [1.58037, 15.4461, 11.75455],
			"rotation": {"angle": 0, "axis": "y", "origin": [8, 2.71883, 8]},
			"faces": {
				"north": {"uv": [2.667, 2.417, 2.917, 4.417], "texture": "#0"},
				"south": {"uv": [2.667, 2.417, 2.917, 4.417], "texture": "#0"},
				"west": {"uv": [12.35, 3.65, 13.475, 4.775], "texture": "#3"},
				"up": {"uv": [2.667, 2.417, 2.917, 3.417], "texture": "#0"},
				"down": {"uv": [2.667, 2.417, 2.917, 3.417], "texture": "#0"}
			}
		},
		{
			"from": [8.75, 11.80974, 1],
			"to": [13.5, 12.71883, 1.5],
			"rotation": {"angle": 0, "axis": "y", "origin": [8, 2.71883, 8]},
			"faces": {
				"north": {"uv": [0, 0, 4.75, 1], "texture": "#0"},
				"up": {"uv": [0, 0, 4.75, 1], "texture": "#0"},
				"down": {"uv": [0, 0, 4.75, 1], "texture": "#0"}
			}
		},
		{
			"from": [14.5, 11.80974, 8.75],
			"to": [15, 12.71883, 13.5],
			"rotation": {"angle": 0, "axis": "y", "origin": [8, 2.71883, 8]},
			"faces": {
				"east": {"uv": [0, 0, 4.75, 1], "texture": "#0"},
				"up": {"uv": [2, 0, 2.7854, 7.4613], "texture": "#0"},
				"down": {"uv": [10, 0, 10.7854, 7.4613], "texture": "#0"}
			}
		},
		{
			"from": [2.5, 6.80974, 14.5],
			"to": [7.25, 7.71883, 15],
			"rotation": {"angle": 0, "axis": "y", "origin": [8, -2.73571, 8]},
			"faces": {
				"south": {"uv": [0, 0, 4.75, 0.5], "texture": "#0"},
				"up": {"uv": [0, 0, 4.75, 0.5], "texture": "#0"},
				"down": {"uv": [0, 0, 4.75, 0.5], "texture": "#0"}
			}
		},
		{
			"from": [1, 6.80974, 2.5],
			"to": [1.5, 7.71883, 7.25],
			"rotation": {"angle": 0, "axis": "y", "origin": [8, -2.73571, 8]},
			"faces": {
				"west": {"uv": [0, 0, 5.9375, 1.25], "texture": "#0"},
				"up": {"uv": [3, 0, 3.7854, 7.4613], "texture": "#0"},
				"down": {"uv": [12, 0, 12.7854, 7.4613], "texture": "#0"}
			}
		},
		{
			"from": [8.75, 6.80974, 1],
			"to": [13.5, 7.71883, 1.5],
			"rotation": {"angle": 0, "axis": "y", "origin": [8, -2.73571, 8]},
			"faces": {
				"north": {"uv": [0, 0, 4.75, 1], "texture": "#0"},
				"up": {"uv": [0, 0, 4.75, 1], "texture": "#0"},
				"down": {"uv": [0, 0, 4.75, 1], "texture": "#0"}
			}
		},
		{
			"from": [14.5, 6.80974, 8.75],
			"to": [15, 7.71883, 13.5],
			"rotation": {"angle": 0, "axis": "y", "origin": [8, -2.73571, 8]},
			"faces": {
				"east": {"uv": [0, 0, 4.75, 1], "texture": "#0"},
				"up": {"uv": [4, 0, 4.7854, 7.4613], "texture": "#0"},
				"down": {"uv": [8, 0, 8.7854, 7.4613], "texture": "#0"}
			}
		},
		{
			"from": [2.5, 1.80974, 14.5],
			"to": [7.25, 2.71883, 15],
			"rotation": {"angle": 0, "axis": "y", "origin": [8, -8.19026, 8]},
			"faces": {
				"south": {"uv": [0, 0, 4.75, 0.5], "texture": "#0"},
				"up": {"uv": [0, 0, 4.75, 0.5], "texture": "#0"}
			}
		},
		{
			"from": [1, 1.80974, 2.5],
			"to": [1.5, 2.71883, 7.25],
			"rotation": {"angle": 0, "axis": "y", "origin": [8, -8.19026, 8]},
			"faces": {
				"west": {"uv": [0, 0, 5.9375, 1.25], "texture": "#0"},
				"up": {"uv": [0, 0, 0.7854, 7.4613], "texture": "#0"}
			}
		},
		{
			"from": [8.75, 1.80974, 1],
			"to": [13.5, 2.71883, 1.5],
			"rotation": {"angle": 0, "axis": "y", "origin": [8, -8.19026, 8]},
			"faces": {
				"north": {"uv": [0, 0, 4.75, 1], "texture": "#0"},
				"up": {"uv": [0, 0, 4.75, 1], "texture": "#0"}
			}
		},
		{
			"from": [14.5, 1.80974, 8.75],
			"to": [15, 2.71883, 13.5],
			"rotation": {"angle": 0, "axis": "y", "origin": [8, -8.19026, 8]},
			"faces": {
				"east": {"uv": [0, 0, 4.75, 1], "texture": "#0"},
				"up": {"uv": [6, 0, 6.7854, 7.4613], "texture": "#0"}
			}
		},
		{
			"from": [8.75, 16.80974, 14.5],
			"to": [13.5, 17.71883, 15],
			"rotation": {"angle": 0, "axis": "y", "origin": [8, 7.26429, 8]},
			"faces": {
				"south": {"uv": [0, 0, 4.75, 0.5], "texture": "#0"},
				"up": {"uv": [0, 0, 4.75, 0.5], "texture": "#0"},
				"down": {"uv": [0, 0, 4.75, 0.5], "texture": "#0"}
			}
		},
		{
			"from": [1, 16.80974, 8.75],
			"to": [1.5, 17.71883, 13.5],
			"rotation": {"angle": 0, "axis": "y", "origin": [8, 7.26429, 8]},
			"faces": {
				"west": {"uv": [0, 0, 5.9375, 1.25], "texture": "#0"},
				"up": {"uv": [7, 0, 7.7854, 7.4613], "texture": "#0"},
				"down": {"uv": [9, 0, 9.7854, 7.4613], "texture": "#0"}
			}
		},
		{
			"from": [2.5, 16.80974, 1],
			"to": [7.25, 17.71883, 1.5],
			"rotation": {"angle": 0, "axis": "y", "origin": [8, 7.26429, 8]},
			"faces": {
				"north": {"uv": [0, 0, 4.75, 1], "texture": "#0"},
				"up": {"uv": [0, 0, 4.75, 1], "texture": "#0"},
				"down": {"uv": [0, 0, 4.75, 1], "texture": "#0"}
			}
		},
		{
			"from": [14.5, 16.80974, 2.5],
			"to": [15, 17.71883, 7.25],
			"rotation": {"angle": 0, "axis": "y", "origin": [8, 7.26429, 8]},
			"faces": {
				"east": {"uv": [0, 0, 4.75, 1], "texture": "#0"},
				"up": {"uv": [1, 0, 1.7854, 7.4613], "texture": "#0"},
				"down": {"uv": [13, 0, 13.7854, 7.4613], "texture": "#0"}
			}
		},
		{
			"from": [8.75, 11.80974, 14.5],
			"to": [13.5, 12.71883, 15],
			"rotation": {"angle": 0, "axis": "y", "origin": [8, 2.71883, 8]},
			"faces": {
				"south": {"uv": [0, 0, 4.75, 0.5], "texture": "#0"},
				"up": {"uv": [0, 0, 4.75, 0.5], "texture": "#0"},
				"down": {"uv": [0, 0, 4.75, 0.5], "texture": "#0"}
			}
		},
		{
			"from": [1, 11.80974, 8.75],
			"to": [1.5, 12.71883, 13.5],
			"rotation": {"angle": 0, "axis": "y", "origin": [8, 2.71883, 8]},
			"faces": {
				"west": {"uv": [0, 0, 5.9375, 1.25], "texture": "#0"},
				"up": {"uv": [5, 0, 5.7854, 7.4613], "texture": "#0"},
				"down": {"uv": [11, 0, 11.7854, 7.4613], "texture": "#0"}
			}
		},
		{
			"from": [2.5, 11.80974, 1],
			"to": [7.25, 12.71883, 1.5],
			"rotation": {"angle": 0, "axis": "y", "origin": [8, 2.71883, 8]},
			"faces": {
				"north": {"uv": [0, 0, 4.75, 1], "texture": "#0"},
				"up": {"uv": [0, 0, 4.75, 1], "texture": "#0"},
				"down": {"uv": [0, 0, 4.75, 1], "texture": "#0"}
			}
		},
		{
			"from": [14.5, 11.80974, 2.5],
			"to": [15, 12.71883, 7.25],
			"rotation": {"angle": 0, "axis": "y", "origin": [8, 2.71883, 8]},
			"faces": {
				"east": {"uv": [0, 0, 4.75, 1], "texture": "#0"},
				"up": {"uv": [3, 0, 3.7854, 7.4613], "texture": "#0"},
				"down": {"uv": [11, 0, 11.7854, 7.4613], "texture": "#0"}
			}
		},
		{
			"from": [8.75, 6.80974, 14.5],
			"to": [13.5, 7.71883, 15],
			"rotation": {"angle": 0, "axis": "y", "origin": [8, -2.73571, 8]},
			"faces": {
				"south": {"uv": [0, 0, 4.75, 0.5], "texture": "#0"},
				"up": {"uv": [0, 0, 4.75, 0.5], "texture": "#0"},
				"down": {"uv": [0, 0, 4.75, 0.5], "texture": "#0"}
			}
		},
		{
			"from": [1, 6.80974, 8.75],
			"to": [1.5, 7.71883, 13.5],
			"rotation": {"angle": 0, "axis": "y", "origin": [8, -2.73571, 8]},
			"faces": {
				"west": {"uv": [0, 0, 5.9375, 1.25], "texture": "#0"},
				"up": {"uv": [2, 0, 2.7854, 7.4613], "texture": "#0"},
				"down": {"uv": [13, 0, 13.7854, 7.4613], "texture": "#0"}
			}
		},
		{
			"from": [2.5, 6.80974, 1],
			"to": [7.25, 7.71883, 1.5],
			"rotation": {"angle": 0, "axis": "y", "origin": [8, -2.73571, 8]},
			"faces": {
				"north": {"uv": [0, 0, 4.75, 1], "texture": "#0"},
				"up": {"uv": [0, 0, 4.75, 1], "texture": "#0"},
				"down": {"uv": [0, 0, 4.75, 1], "texture": "#0"}
			}
		},
		{
			"from": [14.5, 6.80974, 2.5],
			"to": [15, 7.71883, 7.25],
			"rotation": {"angle": 0, "axis": "y", "origin": [8, -2.73571, 8]},
			"faces": {
				"east": {"uv": [0, 0, 4.75, 1], "texture": "#0"},
				"up": {"uv": [5, 0, 5.7854, 7.4613], "texture": "#0"},
				"down": {"uv": [9, 0, 9.7854, 7.4613], "texture": "#0"}
			}
		},
		{
			"from": [8.75, 1.80974, 14.5],
			"to": [13.5, 2.71883, 15],
			"rotation": {"angle": 0, "axis": "y", "origin": [8, -8.19026, 8]},
			"faces": {
				"south": {"uv": [0, 0, 4.75, 0.5], "texture": "#0"},
				"up": {"uv": [0, 0, 4.75, 0.5], "texture": "#0"}
			}
		},
		{
			"from": [1, 1.80974, 8.75],
			"to": [1.5, 2.71883, 13.5],
			"rotation": {"angle": 0, "axis": "y", "origin": [8, -8.19026, 8]},
			"faces": {
				"west": {"uv": [0, 0, 5.9375, 1.25], "texture": "#0"},
				"up": {"uv": [1, 0, 1.7854, 7.4613], "texture": "#0"}
			}
		},
		{
			"from": [2.5, 1.80974, 1],
			"to": [7.25, 2.71883, 1.5],
			"rotation": {"angle": 0, "axis": "y", "origin": [8, -8.19026, 8]},
			"faces": {
				"north": {"uv": [0, 0, 4.75, 1], "texture": "#0"},
				"up": {"uv": [0, 0, 4.75, 1], "texture": "#0"}
			}
		},
		{
			"from": [14.5, 1.80974, 2.5],
			"to": [15, 2.71883, 7.25],
			"rotation": {"angle": 0, "axis": "y", "origin": [8, -8.19026, 8]},
			"faces": {
				"east": {"uv": [0, 0, 4.75, 1], "texture": "#0"},
				"up": {"uv": [7, 0, 7.7854, 7.4613], "texture": "#0"}
			}
		},
		{
			"from": [7.25, 1.80974, 1],
			"to": [8.75, 22.71883, 1.5],
			"rotation": {"angle": 0, "axis": "y", "origin": [8, 7.26429, 8]},
			"faces": {
				"north": {"uv": [0, 0, 1.5, 16], "texture": "#0"},
				"east": {"uv": [0, 0, 1.5, 16], "texture": "#0"},
				"west": {"uv": [0, 0, 0.625, 16], "texture": "#0"}
			}
		},
		{
			"from": [14.5, 1.80974, 7.25],
			"to": [15, 22.71883, 8.75],
			"rotation": {"angle": 0, "axis": "y", "origin": [8, 7.26429, 8]},
			"faces": {
				"north": {"uv": [0, 0, 1.5, 16], "texture": "#0"},
				"east": {"uv": [0, 0, 1.5, 16], "texture": "#0"},
				"south": {"uv": [0, 0, 1.5, 16], "texture": "#0"}
			}
		},
		{
			"from": [13.5, 1.80974, 13.5],
			"to": [15, 23.62792, 15],
			"rotation": {"angle": 0, "axis": "y", "origin": [8, 7.26429, 8]},
			"faces": {
				"north": {"uv": [0, 0, 1.5, 16], "texture": "#0"},
				"east": {"uv": [0, 0, 1.5, 16], "texture": "#0"},
				"south": {"uv": [0, 0, 1.5, 16], "texture": "#0"},
				"west": {"uv": [0, 0, 1.875, 16], "texture": "#0"}
			}
		},
		{
			"from": [0, 24.53701, 0],
			"to": [16, 26.35519, 16],
			"rotation": {"angle": 0, "axis": "y", "origin": [8, 7.26429, 8]},
			"faces": {
				"north": {"uv": [0.459, 9.042, 15.415, 10.834], "texture": "#3"},
				"east": {"uv": [0.5, 9, 15.375, 10.875], "texture": "#3"},
				"south": {"uv": [0.5, 9, 15.375, 10.917], "texture": "#3"},
				"west": {"uv": [0.5, 9, 15.375, 10.917], "texture": "#3"},
				"up": {"uv": [0, 0, 16, 16], "texture": "#1"},
				"down": {"uv": [0, 0, 16, 16], "texture": "#1"}
			}
		},
		{
			"from": [0.5, 26.35519, 0.5],
			"to": [15.5, 27.26429, 15.5],
			"rotation": {"angle": 0, "axis": "y", "origin": [8, 7.26429, 8]},
			"faces": {
				"north": {"uv": [0, 5.042, 16, 7.042], "texture": "#1"},
				"east": {"uv": [0, 7.333, 16, 9.416], "texture": "#1"},
				"south": {"uv": [0, 6.833, 16, 8.833], "texture": "#1"},
				"west": {"uv": [0, 8.5, 16, 10.5], "texture": "#1"},
				"up": {"uv": [0, 0, 16, 16], "texture": "#1"}
			}
		},
		{
			"from": [1, 27.26429, 1],
			"to": [15, 28.17338, 15],
			"rotation": {"angle": 0, "axis": "y", "origin": [8, 7.26429, 8]},
			"faces": {
				"north": {"uv": [0, 8.292, 16, 10.292], "texture": "#1"},
				"east": {"uv": [0, 7.333, 16, 9.416], "texture": "#1"},
				"south": {"uv": [0, 6.833, 16, 8.833], "texture": "#1"},
				"west": {"uv": [0, 8.5, 16, 10.5], "texture": "#1"},
				"up": {"uv": [0, 4.5, 11.5, 15.917], "texture": "#1"}
			}
		},
		{
			"from": [7.25, 28.17338, 7.25],
			"to": [8.75, 29.67987, 8.75],
			"rotation": {"angle": 0, "axis": "y", "origin": [8, 7.26429, 8]},
			"faces": {
				"north": {"uv": [7.167, 12.167, 8.667, 14.167], "texture": "#3"},
				"east": {"uv": [7.167, 12.167, 8.667, 14.167], "texture": "#3"},
				"south": {"uv": [7.167, 12.167, 8.667, 14.167], "texture": "#3"},
				"west": {"uv": [7.167, 12.167, 8.667, 14.167], "texture": "#3"},
				"up": {"uv": [13.708, 13.708, 16, 16], "texture": "#3"}
			}
		},
		{
			"from": [0, -0.00844, 0],
			"to": [16, 0.90065, 16],
			"rotation": {"angle": 0, "axis": "y", "origin": [8, 7.26429, 8]},
			"faces": {
				"north": {"uv": [0, 4.875, 16, 5.875], "texture": "#1"},
				"east": {"uv": [0, 7.792, 16, 8.792], "texture": "#1"},
				"south": {"uv": [0, 6.833, 16, 8.833], "texture": "#1"},
				"west": {"uv": [0, 8.5, 16, 10.5], "texture": "#1"},
				"up": {"uv": [0, 0, 16, 16], "texture": "#1"},
				"down": {"uv": [0, 4.5, 11.5, 16], "texture": "#1"}
			}
		},
		{
			"from": [1.5, 1.80974, 1.5],
			"to": [14.5, 23.62792, 14.5],
			"rotation": {"angle": 0, "axis": "z", "origin": [8, 7.26429, 8]},
			"faces": {
				"north": {"uv": [0, 0, 13, 16], "texture": "#1"},
				"east": {"uv": [0, 0, 13, 16], "texture": "#1"},
				"south": {"uv": [0, 0, 13, 16], "texture": "#1"},
				"west": {"uv": [0, 0, 13, 16], "texture": "#1"}
			}
		},
		{
			"from": [14.5, 1.80974, 14.5],
			"to": [15.5, 23.62792, 15.5],
			"rotation": {"angle": 0, "axis": "y", "origin": [8, 7.26429, 8]},
			"faces": {
				"north": {"uv": [0, 0, 1, 16], "texture": "#0"},
				"east": {"uv": [0, 0, 1, 16], "texture": "#0"},
				"south": {"uv": [0, 0, 1, 16], "texture": "#0"},
				"west": {"uv": [0, 0, 1, 16], "texture": "#0"}
			}
		},
		{
			"from": [15, 1.80974, 7.75],
			"to": [15.5, 23.62792, 8.25],
			"rotation": {"angle": 0, "axis": "y", "origin": [8, 7.26429, 8]},
			"faces": {
				"north": {"uv": [0, 0, 0.5, 16], "texture": "#0"},
				"east": {"uv": [0, 0, 0.5, 16], "texture": "#0"},
				"south": {"uv": [0, 0, 0.5, 16], "texture": "#0"}
			}
		},
		{
			"from": [14.5, 1.80974, 0.5],
			"to": [15.5, 23.62792, 1.5],
			"rotation": {"angle": 0, "axis": "y", "origin": [8, 7.26429, 8]},
			"faces": {
				"north": {"uv": [0, 0, 1, 16], "texture": "#0"},
				"east": {"uv": [0, 0, 1, 16], "texture": "#0"},
				"south": {"uv": [0, 0, 1, 16], "texture": "#0"},
				"west": {"uv": [0, 0, 1, 16], "texture": "#0"}
			}
		},
		{
			"from": [0.5, 0.90065, 0.5],
			"to": [15.5, 1.80974, 15.5],
			"rotation": {"angle": 0, "axis": "y", "origin": [8, 7.26429, 8]},
			"faces": {
				"north": {"uv": [0, 0, 15, 1], "texture": "#0"},
				"east": {"uv": [0, 0, 15, 1], "texture": "#0"},
				"south": {"uv": [0, 0, 15, 1], "texture": "#0"},
				"west": {"uv": [0, 0, 15, 1], "texture": "#0"},
				"up": {"uv": [0, 0, 15, 15], "texture": "#0"}
			}
		},
		{
			"from": [0.5, 23.62792, 0.5],
			"to": [15.5, 24.53701, 15.5],
			"rotation": {"angle": 0, "axis": "y", "origin": [8, 7.26429, 8]},
			"faces": {
				"north": {"uv": [0, 0, 15, 1], "texture": "#0"},
				"east": {"uv": [0, 0, 15, 1], "texture": "#0"},
				"south": {"uv": [0, 0, 15, 1], "texture": "#0"},
				"west": {"uv": [0, 0, 15, 1], "texture": "#0"},
				"down": {"uv": [0, 0, 15, 15], "texture": "#0"}
			}
		},
		{
			"from": [0.5, 1.80974, 14.5],
			"to": [1.5, 23.62792, 15.5],
			"rotation": {"angle": 0, "axis": "y", "origin": [8, 7.26429, 8]},
			"faces": {
				"north": {"uv": [0, 0, 1, 16], "texture": "#0"},
				"east": {"uv": [0, 0, 1, 16], "texture": "#0"},
				"south": {"uv": [0, 0, 1, 16], "texture": "#0"},
				"west": {"uv": [0, 0, 1, 16], "texture": "#0"}
			}
		},
		{
			"from": [0.5, 1.80974, 7.75],
			"to": [1, 23.62792, 8.25],
			"rotation": {"angle": 0, "axis": "y", "origin": [8, 7.26429, 8]},
			"faces": {
				"north": {"uv": [0, 0, 0.5, 16], "texture": "#0"},
				"south": {"uv": [0, 0, 0.5, 16], "texture": "#0"},
				"west": {"uv": [0, 0, 0.5, 16], "texture": "#0"}
			}
		},
		{
			"from": [0.5, 1.80974, 0.5],
			"to": [1.5, 23.62792, 1.5],
			"rotation": {"angle": 0, "axis": "y", "origin": [8, 7.26429, 8]},
			"faces": {
				"north": {"uv": [0, 0, 1, 16], "texture": "#0"},
				"east": {"uv": [0, 0, 1, 16], "texture": "#0"},
				"south": {"uv": [0, 0, 1, 16], "texture": "#0"},
				"west": {"uv": [0, 0, 1, 16], "texture": "#0"}
			}
		},
		{
			"from": [7.75, 1.80974, 0.5],
			"to": [8.25, 23.62792, 1],
			"rotation": {"angle": 0, "axis": "y", "origin": [8, 7.26429, 8]},
			"faces": {
				"north": {"uv": [0, 0, 0.5, 16], "texture": "#0"},
				"east": {"uv": [0, 0, 0.5, 16], "texture": "#0"},
				"west": {"uv": [0, 0, 0.5, 16], "texture": "#0"}
			}
		},
		{
			"from": [7.75, 1.80974, 15],
			"to": [8.25, 23.62792, 15.5],
			"rotation": {"angle": 0, "axis": "y", "origin": [8, 7.26429, 8]},
			"faces": {
				"east": {"uv": [0, 0, 0.5, 16], "texture": "#0"},
				"south": {"uv": [0, 0, 0.5, 16], "texture": "#0"},
				"west": {"uv": [0, 0, 0.5, 16], "texture": "#0"}
			}
		}
	],
	"display": {
		"thirdperson_righthand": {
			"rotation": [75, 45, 0],
			"translation": [0, 3.75, 2.25],
			"scale": [0.2, 0.2, 0.2]
		},
		"thirdperson_lefthand": {
			"rotation": [75, 45, 0],
			"translation": [0, 3.75, 2.25],
			"scale": [0.2, 0.2, 0.2]
		},
		"firstperson_righthand": {
			"rotation": [0, 45, 0],
			"translation": [0, 4.5, 0],
			"scale": [0.225, 0.225, 0.225]
		},
		"firstperson_lefthand": {
			"rotation": [0, 45, 0],
			"translation": [0, 4.5, 0],
			"scale": [0.225, 0.225, 0.225]
		},
		"ground": {
            "translation": [0, 3, 0],
			"scale": [0.25, 0.25, 0.25]
		},
		"gui": {
			"rotation": [30, 225, 0],
			"scale": [0.28, 0.28, 0.28]
		},
		"head": {
			"rotation": [0, -90, 0],
			"translation": [0, 13, 0],
			"scale": [0.3, 0.3, 0.3]
		},
		"fixed": {
			"rotation": [-90, 0, 0],
			"translation": [0, 0, -24.5],
			"scale": [3.18, 3.18, 3.18]
		}
	},
	"groups": [
		{
			"name": "mid_blue",
			"origin": [8, 8, 8],
			"children": [0, 1, 2, 3, 4, 5, 6, 7, 8, 9, 10, 11, 12, 13, 14, 15, 16, 17, 18, 19, 20, 21, 22, 23, 24, 25, 26, 27, 28, 29, 30, 31, 32, 33, 34, 35, 36, 37, 38, 39, 40, 41, 42, 43, 44, 45, 46, 47, 48, 49, 50, 51, 52, 53, 54, 55, 56, 57, 58, 59, 60, 61, 62, 63, 64, 65, 66, 67, 68, 69, 70, 71, 72]
		},
		{
			"name": "dark_blue",
			"origin": [8, 8, 8],
			"children": [73, 74, 75, 76, 77, 78]
		},
		{
			"name": "blue",
			"origin": [8, 8, 8],
			"children": [79, 80, 81, 82, 83, 84, 85, 86, 87, 88]
		}
	]
}