{
	"credit": "Made with Blockbench",
	"elements": [
		{
			"from": [1, 8, 0],
			"to": [2, 8.5, 15],
			"rotation": {"angle": 0, "axis": "y", "origin": [8, 16, 8]},
			"faces": {
				"north": {"uv": [0, 0, 1, 15], "texture": "#0"},
				"east": {"uv": [0, 0, 1, 15], "texture": "#0"},
				"south": {"uv": [0, 0, 1, 15], "texture": "#0"},
				"west": {"uv": [0, 0, 1, 15], "texture": "#0"},
				"up": {"uv": [0, 0, 1, 15], "texture": "#0"},
				"down": {"uv": [0, 0, 1, 15], "texture": "#0"}
			}
		},
		{
			"from": [14, 8, 1],
			"to": [15, 8.5, 15],
			"rotation": {"angle": 0, "axis": "y", "origin": [8, 16, 8]},
			"faces": {
				"north": {"uv": [0, 0, 1, 14], "texture": "#0"},
				"east": {"uv": [0, 0, 1, 14], "texture": "#0"},
				"south": {"uv": [0, 0, 1, 14], "texture": "#0"},
				"west": {"uv": [0, 0, 1, 14], "texture": "#0"},
				"up": {"uv": [0, 0, 1, 14], "texture": "#0"},
				"down": {"uv": [0, 0, 1, 14], "texture": "#0"}
			}
		},
		{
			"from": [2.01224, 7.98953, 13.99821],
			"to": [3.01224, 8.48953, 14.99821],
			"rotation": {"angle": 0, "axis": "y", "origin": [8, 16, 8]},
			"faces": {
				"north": {"uv": [0, 0, 1, 12], "rotation": 270, "texture": "#0"},
				"east": {"uv": [0, 0, 1, 12], "rotation": 270, "texture": "#0"},
				"south": {"uv": [0, 0, 1, 12], "rotation": 270, "texture": "#0"},
				"west": {"uv": [0, 0, 1, 12], "rotation": 270, "texture": "#0"},
				"up": {"uv": [0, 0, 1, 12], "rotation": 270, "texture": "#0"},
				"down": {"uv": [0, 0, 1, 12], "rotation": 270, "texture": "#0"}
			}
		},
		{
			"from": [13, 8, 0],
			"to": [14, 8.5, 13],
			"rotation": {"angle": 0, "axis": "y", "origin": [8, 16, 8]},
			"faces": {
				"north": {"uv": [0, 0, 1, 10], "rotation": 270, "texture": "#0"},
				"east": {"uv": [0, 0, 1, 10], "rotation": 270, "texture": "#0"},
				"south": {"uv": [0, 0, 1, 10], "rotation": 270, "texture": "#0"},
				"west": {"uv": [0, 0, 1, 10], "rotation": 270, "texture": "#0"},
				"up": {"uv": [0, 0, 1, 10], "rotation": 180, "texture": "#0"},
				"down": {"uv": [0, 0, 1, 10], "texture": "#0"}
			}
		},
		{
			"from": [3, 8, 0],
			"to": [3.5, 8.5, 15],
			"rotation": {"angle": 0, "axis": "y", "origin": [8, 16, 8]},
			"faces": {
				"north": {"uv": [0, 0, 13, 12], "rotation": 270, "texture": "#0"},
				"east": {"uv": [0, 0, 13, 12], "rotation": 270, "texture": "#0"},
				"south": {"uv": [0, 0, 13, 12], "rotation": 270, "texture": "#0"},
				"west": {"uv": [0, 0, 13, 12], "rotation": 270, "texture": "#0"},
				"up": {"uv": [0, 0, 13, 12], "rotation": 270, "texture": "#0"},
				"down": {"uv": [0, 0, 13, 12], "rotation": 270, "texture": "#0"}
			}
		},
		{
			"from": [13.01224, 7.98953, 13.99821],
			"to": [14.01224, 8.48953, 14.99821],
			"rotation": {"angle": 0, "axis": "y", "origin": [8, 16, 8]},
			"faces": {
				"north": {"uv": [0, 0, 1, 12], "rotation": 270, "texture": "#0"},
				"east": {"uv": [0, 0, 1, 12], "rotation": 270, "texture": "#0"},
				"south": {"uv": [0, 0, 1, 12], "rotation": 270, "texture": "#0"},
				"west": {"uv": [0, 0, 1, 12], "rotation": 270, "texture": "#0"},
				"up": {"uv": [0, 0, 1, 12], "rotation": 270, "texture": "#0"},
				"down": {"uv": [0, 0, 1, 12], "rotation": 270, "texture": "#0"}
			}
		},
		{
			"from": [2, 8, 0],
			"to": [3, 8.5, 13],
			"rotation": {"angle": 0, "axis": "y", "origin": [8, 16, 8]},
			"faces": {
				"north": {"uv": [0, 0, 1, 10], "rotation": 270, "texture": "#0"},
				"east": {"uv": [0, 0, 1, 10], "rotation": 270, "texture": "#0"},
				"south": {"uv": [0, 0, 1, 10], "rotation": 270, "texture": "#0"},
				"west": {"uv": [0, 0, 1, 10], "rotation": 270, "texture": "#0"},
				"up": {"uv": [0, 0, 1, 10], "rotation": 180, "texture": "#0"},
				"down": {"uv": [0, 0, 1, 10], "texture": "#0"}
			}
		},
		{
			"from": [12.5, 8, 0],
			"to": [13, 8.5, 15],
			"rotation": {"angle": 0, "axis": "y", "origin": [8, 16, 8]},
			"faces": {
				"north": {"uv": [0, 0, 13, 12], "rotation": 270, "texture": "#0"},
				"east": {"uv": [0, 0, 13, 12], "rotation": 270, "texture": "#0"},
				"south": {"uv": [0, 0, 13, 12], "rotation": 270, "texture": "#0"},
				"west": {"uv": [0, 0, 13, 12], "rotation": 270, "texture": "#0"},
				"up": {"uv": [0, 0, 13, 12], "rotation": 270, "texture": "#0"},
				"down": {"uv": [0, 0, 13, 12], "rotation": 270, "texture": "#0"}
			}
		},
		{
			"from": [10.5, 8, 0],
			"to": [12.5, 8.5, 7],
			"rotation": {"angle": 0, "axis": "y", "origin": [8, 16, 8]},
			"faces": {
				"north": {"uv": [0, 0, 13, 12], "rotation": 270, "texture": "#0"},
				"east": {"uv": [0, 0, 13, 12], "rotation": 270, "texture": "#0"},
				"south": {"uv": [0, 0, 13, 12], "rotation": 270, "texture": "#0"},
				"west": {"uv": [0, 0, 13, 12], "rotation": 270, "texture": "#0"},
				"up": {"uv": [0, 0, 13, 12], "rotation": 270, "texture": "#0"},
				"down": {"uv": [0, 0, 13, 12], "rotation": 270, "texture": "#0"}
			}
		},
		{
			"from": [3.5, 8, 7],
			"to": [12.5, 8.5, 15],
			"rotation": {"angle": 0, "axis": "y", "origin": [8, 16, 8]},
			"faces": {
				"north": {"uv": [0, 0, 13, 12], "rotation": 270, "texture": "#1"},
				"east": {"uv": [0, 0, 13, 12], "rotation": 270, "texture": "#1"},
				"south": {"uv": [15, 0, 16, 12], "rotation": 270, "texture": "#1"},
				"west": {"uv": [0, 0, 13, 12], "rotation": 270, "texture": "#1"},
				"up": {"uv": [2.5, 7, 13.248, 15.873], "texture": "#4"},
				"down": {"uv": [0, 0, 13, 12], "rotation": 180, "texture": "#1"}
			}
		},
		{
			"from": [3.5, 8.1, 0.25],
			"to": [10.5, 8.4, 6],
			"rotation": {"angle": 0, "axis": "y", "origin": [8, 16, 8]},
			"faces": {
				"north": {"uv": [0, 0, 13, 12], "rotation": 180, "texture": "#3"},
				"east": {"uv": [0, 0, 13, 12], "rotation": 180, "texture": "#3"},
				"south": {"uv": [0, 0, 13, 12], "rotation": 180, "texture": "#3"},
				"west": {"uv": [0, 0, 13, 12], "rotation": 180, "texture": "#3"},
				"up": {"uv": [0, 0, 13, 12], "rotation": 180, "texture": "#3"},
				"down": {"uv": [0, 0, 13, 12], "rotation": 180, "texture": "#3"}
			}
		},
		{
			"from": [3.5, 8, 6],
			"to": [10.5, 8.5, 7],
			"rotation": {"angle": 0, "axis": "y", "origin": [8, 16, 8]},
			"faces": {
				"north": {"uv": [0, 0, 13, 12], "rotation": 270, "texture": "#0"},
				"east": {"uv": [0, 0, 13, 12], "rotation": 270, "texture": "#0"},
				"south": {"uv": [0, 0, 13, 12], "rotation": 270, "texture": "#0"},
				"west": {"uv": [0, 0, 13, 12], "rotation": 270, "texture": "#0"},
				"up": {"uv": [0, 0, 13, 12], "rotation": 180, "texture": "#0"},
				"down": {"uv": [0, 0, 13, 12], "texture": "#0"}
			}
		},
		{
			"from": [4, 8, 0],
			"to": [8, 8.5, 5],
			"rotation": {"angle": 0, "axis": "y", "origin": [8, 16, 8]},
			"faces": {
				"north": {"uv": [0, 0, 1, 1], "texture": "#2"},
				"east": {"uv": [0, 0, 1, 1], "texture": "#2"},
				"south": {"uv": [0, 0, 1, 1], "texture": "#2"},
				"west": {"uv": [0, 0, 1, 1], "texture": "#2"},
				"up": {"uv": [0, 0, 1, 1], "texture": "#2"},
				"down": {"uv": [0, 0, 1, 1], "texture": "#2"}
			}
		},
		{
			"from": [9, 8, 0],
			"to": [10, 8.5, 5],
			"rotation": {"angle": 0, "axis": "y", "origin": [8, 16, 8]},
			"faces": {
				"north": {"uv": [0, 0, 1, 1], "texture": "#2"},
				"east": {"uv": [0, 0, 1, 1], "texture": "#2"},
				"south": {"uv": [0, 0, 1, 1], "texture": "#2"},
				"west": {"uv": [0, 0, 1, 1], "texture": "#2"},
				"up": {"uv": [0, 0, 1, 1], "texture": "#2"},
				"down": {"uv": [0, 0, 1, 1], "texture": "#2"}
			}
		},
		{
			"from": [8, 8, 0],
			"to": [9, 8.5, 1],
			"rotation": {"angle": 0, "axis": "y", "origin": [8, 16, 8]},
			"faces": {
				"north": {"uv": [0, 0, 1, 1], "texture": "#2"},
				"east": {"uv": [0, 0, 1, 1], "texture": "#2"},
				"south": {"uv": [0, 0, 1, 1], "texture": "#2"},
				"west": {"uv": [0, 0, 1, 1], "texture": "#2"},
				"up": {"uv": [0, 0, 1, 1], "texture": "#2"},
				"down": {"uv": [0, 0, 1, 1], "texture": "#2"}
			}
		},
		{
			"from": [8, 8, 4.5],
			"to": [9, 8.5, 5],
			"rotation": {"angle": 0, "axis": "y", "origin": [8, 16, 8]},
			"faces": {
				"north": {"uv": [0, 0, 1, 1], "texture": "#2"},
				"east": {"uv": [0, 0, 1, 1], "texture": "#2"},
				"south": {"uv": [0, 0, 1, 1], "texture": "#2"},
				"west": {"uv": [0, 0, 1, 1], "texture": "#2"},
				"up": {"uv": [0, 0, 1, 1], "texture": "#2"},
				"down": {"uv": [0, 0, 1, 1], "texture": "#2"}
			}
		}
	],
	"gui_light": "front",
	"display": {
		"thirdperson_righthand": {
			"rotation": [48.5, 0, 0],
			"translation": [0, 1, -1],
			"scale": [0.25, 0.25, 0.25]
		},
		"thirdperson_lefthand": {
			"rotation": [48.5, 0, 0],
			"translation": [0, 1, -1],
			"scale": [0.25, 0.25, 0.25]
		},
		"firstperson_righthand": {
			"translation": [0, 1, 1],
			"scale": [0.33, 0.33, 0.2]
		},
		"firstperson_lefthand": {
			"translation": [0, 1, 1],
			"scale": [0.33, 0.33, 0.2]
		},
		"ground": {
			"rotation": [90, 0, 0],
			"translation": [0, 3, 0],
			"scale": [0.25, 0.25, 0.25]
		},
		"gui": {
			"rotation": [90, 0, 0],
			"translation": [0, -0.5, 0]
		},
		"head": {
			"rotation": [-90, 180, 0],
			"translation": [0, 10, 0],
			"scale": [0.5, 0.5, 0.5]
		},
		"fixed": {
			"rotation": [-90, 180, 0],
			"translation": [0, -0.5, 0]
		}
	}
}