{
"__comment": "Designed by Tomaxed44 with BDcraft Cubik PRO 0.95 Beta - http://bdcraft.net",
"textures": {
    "up": "blocks/elevator_door_up",
    "down": "blocks/elevator_door_bottom"
},
"elements": [ 
{
    "from": [ 0, 0, 0 ],
    "to": [ 1, 16, 16 ],
    "faces": {
        "north": { "uv": [ 14, 0, 15, 16 ], "texture": "#up" },
        "south": { "uv": [ 0, 0, 1, 16 ], "texture": "#up" },
        "west":  { "uv": [ 16, 0, 0, 16 ], "texture": "#up" },
        "east":  { "uv": [ 0, 0, 16, 16 ], "texture": "#up" }
    }
},
{
    "from": [ 0, -16, 0 ],
    "to": [ 1, 0, 16 ],
    "faces": {
        "down":  { "uv": [ 0, 0, 1, 16 ], "texture": "#down" },
        "up":    { "uv": [ 0, 0, 16, 16 ], "texture": "#up" },
        "north": { "uv": [ 2, 0, 3, 16 ], "texture": "#down" },
        "south": { "uv": [ 0, 0, 0.5, 16 ], "texture": "#down" },
        "west":  { "uv": [ 16, 0, 0, 16 ], "texture": "#down" },
        "east":  { "uv": [ 0, 0, 16, 16 ], "texture": "#down" }
    }
}
],
"display": {
    "head": {
        "rotation": [ 0, 0, 0 ],
        "translation": [ 11.91, -4.9, 0 ],
        "scale": [ 1.6, 1.6, 1.6 ]
    }
}
}