{
"__comment": "Designed by Tomaxed44 with BDcraft Cubik PRO 0.95 Beta - http://bdcraft.net",
"textures": {
    "particle": "items/bag",
    "texture": "items/bag",
    "detail": "blocks/detail"
},
"elements": [ 
{
    "from": [ 5, 0, 2 ],
    "to": [ 13, 1.5, 14 ],
    "faces": {
        "down":  { "uv": [ 5, 2, 13, 14 ], "texture": "#texture" },
        "north": { "uv": [ 5, 14.5, 13, 16 ], "texture": "#texture" },
        "south": { "uv": [ 5, 14.5, 13, 16 ], "texture": "#texture" },
        "west":  { "uv": [ 2, 14.5, 14, 16 ], "texture": "#texture" },
        "east":  { "uv": [ 2, 14.5, 14, 16 ], "texture": "#texture" }
    }
},
{
    "from": [ 5, 1.5, 1.5 ],
    "to": [ 13, 3, 14.5 ],
    "faces": {
        "down":  { "uv": [ 5, 1.5, 13, 14.5 ], "texture": "#texture" },
        "north": { "uv": [ 5, 13, 13, 14.5 ], "texture": "#texture" },
        "south": { "uv": [ 5, 13, 13, 14.5 ], "texture": "#texture" },
        "west":  { "uv": [ 1.5, 13, 14.5, 14.5 ], "texture": "#texture" },
        "east":  { "uv": [ 1.5, 13, 14.5, 14.5 ], "texture": "#texture" }
    }
},
{
    "from": [ 5, 3, 1 ],
    "to": [ 13, 7, 15 ],
    "faces": {
        "down":  { "uv": [ 5, 1, 13, 15 ], "texture": "#texture" },
        "up":    { "uv": [ 5, 1, 13, 15 ], "texture": "#texture" },
        "north": { "uv": [ 5, 9, 13, 13 ], "texture": "#texture" },
        "south": { "uv": [ 5, 9, 13, 13 ], "texture": "#texture" },
        "west":  { "uv": [ 1, 9, 15, 13 ], "texture": "#texture" },
        "east":  { "uv": [ 1, 9, 15, 13 ], "texture": "#texture" }
    }
},
{
    "from": [ 5, 7, 1.5 ],
    "to": [ 13, 13, 14.5 ],
    "faces": {
        "up":    { "uv": [ 5, 1.5, 13, 14.5 ], "texture": "#texture" },
        "north": { "uv": [ 5, 3, 13, 9 ], "texture": "#texture" },
        "south": { "uv": [ 5, 3, 13, 9 ], "texture": "#texture" },
        "west":  { "uv": [ 1.5, 3, 14.5, 9 ], "texture": "#texture" },
        "east":  { "uv": [ 1.5, 3, 14.5, 9 ], "texture": "#texture" }
    }
},
{
    "from": [ 5, 13, 2 ],
    "to": [ 13, 15.5, 14 ],
    "faces": {
        "up":    { "uv": [ 5, 2, 13, 14 ], "texture": "#texture" },
        "north": { "uv": [ 5, 0.5, 13, 3 ], "texture": "#texture" },
        "south": { "uv": [ 5, 0.5, 13, 3 ], "texture": "#texture" },
        "west":  { "uv": [ 2, 0.5, 14, 3 ], "texture": "#texture" },
        "east":  { "uv": [ 2, 0.5, 14, 3 ], "texture": "#texture" }
    }
},
{
    "from": [ 5, 15.5, 2.5 ],
    "to": [ 13, 16.5, 13.5 ],
    "faces": {
        "up":    { "uv": [ 0, 0, 5.5, 6 ], "texture": "#texture" },
        "north": { "uv": [ 5, 0, 13, 1 ], "texture": "#texture" },
        "south": { "uv": [ 5, 0, 13, 1 ], "texture": "#texture" },
        "east":  { "uv": [ 2.5, 0, 13.5, 1 ], "texture": "#texture" }
    }
},
{
    "from": [ 4.5, 15.5, 2.5 ],
    "to": [ 5, 16.5, 13.5 ],
    "faces": {
        "down":  { "uv": [ 4.5, 2.5, 5, 13.5 ], "texture": "#texture" },
        "up":    { "uv": [ 4.5, 2.5, 5, 13.5 ], "texture": "#texture" },
        "north": { "uv": [ 4.5, 0, 5, 1 ], "texture": "#texture" },
        "south": { "uv": [ 4.5, 0, 5, 1 ], "texture": "#texture" },
        "west":  { "uv": [ 2.5, 0, 13.5, 1 ], "texture": "#texture" }
    }
},
{
    "from": [ 4.375, 13, 2 ],
    "to": [ 4.875, 15.5, 14 ],
    "faces": {
        "down":  { "uv": [ 11.625, 14, 11.125, 2 ], "texture": "#texture" },
        "up":    { "uv": [ 4.375, 2, 4.875, 14 ], "texture": "#texture" },
        "north": { "uv": [ 11.125, 0.5, 11.625, 3 ], "texture": "#texture" },
        "south": { "uv": [ 4.375, 0.5, 4.875, 3 ], "texture": "#texture" },
        "west":  { "uv": [ 2, 0.5, 14, 3 ], "texture": "#texture" },
        "east":  { "uv": [ 2, 0.5, 14, 3 ], "texture": "#texture" }
    }
},
{
    "from": [ 4.25, 10.5, 1.5 ],
    "to": [ 4.75, 13, 14.5 ],
    "faces": {
        "down":  { "uv": [ 11.75, 14.5, 11.25, 1.5 ], "texture": "#texture" },
        "up":    { "uv": [ 4.25, 1.5, 4.75, 14.5 ], "texture": "#texture" },
        "north": { "uv": [ 11.25, 3, 11.75, 5.5 ], "texture": "#texture" },
        "south": { "uv": [ 4.25, 3, 4.75, 5.5 ], "texture": "#texture" },
        "west":  { "uv": [ 1.5, 3, 14.5, 5.5 ], "texture": "#texture" },
        "east":  { "uv": [ 1.5, 3, 14.5, 5.5 ], "texture": "#texture" }
    }
},
{
    "from": [ 4.5, 1, 3 ],
    "to": [ 5, 4.5, 13 ],
    "faces": {
        "down":  { "uv": [ 11.5, 13, 11, 3 ], "texture": "#texture" },
        "up":    { "uv": [ 4.5, 3, 5, 13 ], "texture": "#texture" },
        "north": { "uv": [ 11, 11.5, 11.5, 15 ], "texture": "#texture" },
        "south": { "uv": [ 4.5, 11.5, 5, 15 ], "texture": "#texture" },
        "west":  { "uv": [ 3, 11.5, 13, 15 ], "texture": "#texture" },
        "east":  { "uv": [ 3, 11.5, 13, 15 ], "texture": "#texture" }
    }
},
{
    "from": [ 4.1875, 3.5, 2.5 ],
    "to": [ 5, 5.5, 13.5 ],
    "faces": {
        "down":  { "uv": [ 11.8125, 13.5, 11, 2.5 ], "texture": "#texture" },
        "up":    { "uv": [ 4.1875, 2.5, 5, 13.5 ], "texture": "#texture" },
        "north": { "uv": [ 11, 10.5, 11.8125, 12.5 ], "texture": "#texture" },
        "south": { "uv": [ 4.1875, 10.5, 5, 12.5 ], "texture": "#texture" },
        "west":  { "uv": [ 2.5, 10.5, 13.5, 12.5 ], "texture": "#texture" }
    }
},
{
    "from": [ 4, 5.5, 4.5 ],
    "to": [ 5, 10.5, 5.5 ],
    "faces": {
        "down":  { "uv": [ 4, 4.5, 5, 5.5 ], "texture": "#detail" },
        "up":    { "uv": [ 4, 4.5, 5, 5.5 ], "texture": "#detail" },
        "north": { "uv": [ 3.5, 2.5, 4.5, 7.5 ], "texture": "#detail" },
        "south": { "uv": [ 3.5, 2.5, 4.5, 7.5 ], "texture": "#detail" },
        "west":  { "uv": [ 4, 2.5, 5, 7.5 ], "texture": "#detail" },
        "east":  { "uv": [ 4, 2.5, 5, 7.5 ], "texture": "#detail" }
    }
},
{
    "from": [ 4, 5.5, 10.5 ],
    "to": [ 5, 10.5, 11.5 ],
    "faces": {
        "down":  { "uv": [ 3, 6, 4, 7 ], "texture": "#detail" },
        "up":    { "uv": [ 3, 6, 4, 7 ], "texture": "#detail" },
        "north": { "uv": [ 3.5, 2.5, 4.5, 7.5 ], "texture": "#detail" },
        "south": { "uv": [ 3.5, 2.5, 4.5, 7.5 ], "texture": "#detail" },
        "west":  { "uv": [ 3.5, 2.5, 4.5, 7.5 ], "texture": "#detail" },
        "east":  { "uv": [ 3.5, 2.5, 4.5, 7.5 ], "texture": "#detail" }
    }
},
{
    "from": [ 3.8125, 9, 4.25 ],
    "to": [ 4.3125, 10, 5.75 ],
    "faces": {
        "down":  { "uv": [ 2.5, 11.5, 3, 13 ], "texture": "#detail" },
        "up":    { "uv": [ 2.5, 11.5, 3, 13 ], "texture": "#detail" },
        "north": { "uv": [ 1.5, 12.5, 2, 13.5 ], "texture": "#detail" },
        "south": { "uv": [ 1.5, 12.5, 2, 13.5 ], "texture": "#detail" },
        "west":  { "uv": [ 1, 12.5, 2.5, 13.5 ], "texture": "#detail" },
        "east":  { "uv": [ 1, 12.5, 2.5, 13.5 ], "texture": "#detail" }
    }
},
{
    "from": [ 3.8125, 9, 10.25 ],
    "to": [ 4.3125, 10, 11.75 ],
    "faces": {
        "down":  { "uv": [ 2, 11.5, 2.5, 13 ], "texture": "#detail" },
        "up":    { "uv": [ 2, 11.5, 2.5, 13 ], "texture": "#detail" },
        "north": { "uv": [ 3.5, 11.5, 4, 12.5 ], "texture": "#detail" },
        "south": { "uv": [ 3.5, 11.5, 4, 12.5 ], "texture": "#detail" },
        "west":  { "uv": [ 1.5, 12, 3, 13 ], "texture": "#detail" },
        "east":  { "uv": [ 1.5, 12, 3, 13 ], "texture": "#detail" }
    }
},
{
    "from": [ 5.9375, 19.5, 8 ],
    "to": [ 7, 20.5, 9.0625 ],
    "faces": {
        "down":  { "uv": [ 10.0625, 9.0625, 9, 8 ], "texture": "#texture" },
        "up":    { "uv": [ 5.9375, 8, 7, 9.0625 ], "texture": "#texture" },
        "north": { "uv": [ 9, 0, 10.0625, 0 ], "texture": "#texture" },
        "south": { "uv": [ 5.9375, 0, 7, 0 ], "texture": "#texture" },
        "west":  { "uv": [ 8, 0, 9.0625, 0 ], "texture": "#texture" },
        "east":  { "uv": [ 6.9375, 0, 8, 0 ], "texture": "#texture" }
    }
},
{
    "from": [ 6, 16, 8 ],
    "to": [ 7, 20.5, 9 ],
    "rotation": { "origin": [ 6, 20.5, 8 ], "axis": "x", "angle": 22.5 },
    "faces": {
        "down":  { "uv": [ 10, 7, 9, 6 ], "texture": "#texture" },
        "up":    { "uv": [ 6, 6, 7, 7 ], "texture": "#texture" },
        "north": { "uv": [ 9, 0, 10, 0 ], "texture": "#texture" },
        "south": { "uv": [ 6, 0, 7, 0 ], "texture": "#texture" },
        "west":  { "uv": [ 6, 0, 7, 0 ], "texture": "#texture" },
        "east":  { "uv": [ 9, 0, 10, 0 ], "texture": "#texture" }
    }
},
{
    "from": [ 6, 15.5, 8 ],
    "to": [ 7, 20, 9 ],
    "rotation": { "origin": [ 6, 20, 8 ], "axis": "x", "angle": -22.5 },
    "faces": {
        "up":    { "uv": [ 6, 6, 7, 7 ], "texture": "#texture" },
        "north": { "uv": [ 9, 0, 10, 0 ], "texture": "#texture" },
        "south": { "uv": [ 6, 0, 7, 0 ], "texture": "#texture" },
        "west":  { "uv": [ 6, 0, 7, 0 ], "texture": "#texture" },
        "east":  { "uv": [ 9, 0, 10, 0 ], "texture": "#texture" }
    }
}
],
"display": {
    "thirdperson_righthand": {
        "rotation": [ 65, 90, 0 ],
        "translation": [ -6.8, -9.26, 7.94 ],
        "scale": [ 0.72, 0.85, 0.76 ]
    },
    "firstperson_righthand": {
        "rotation": [ 11, 17, -7 ],
        "translation": [ 0, 4.16, 0 ],
        "scale": [ 0.63, 0.63, 0.5 ]
    },
    "gui": {
        "rotation": [ 9, 50, 0 ],
        "translation": [ 0, -1.25, 0 ],
        "scale": [ 0.75, 0.75, 0.75 ]
    }
}
}