{
"__comment": "Designed by Tomaxed44 with BDcraft Cubik PRO 0.95 Beta - http://bdcraft.net",
"textures": {
    "particle": "items/Misc_animated",
    "texture": "items/Misc_animated"
},
"elements": [ 
{
    "from": [ 3, -15, 0 ],
    "to": [ 13, -13.5, 16 ],
    "faces": {
        "down":  { "uv": [ 16, 3, 13, 8 ], "texture": "#texture" },
        "up":    { "uv": [ 13, 3, 16, 8 ], "texture": "#texture" },
        "north": { "uv": [ 12, 10, 15, 10.5 ], "texture": "#texture" },
        "south": { "uv": [ 11.5, 10.5, 14.5, 11 ], "texture": "#texture" },
        "west":  { "uv": [ 13.5, 6, 16, 6.5 ], "texture": "#texture" },
        "east":  { "uv": [ 10.5, 10.5, 15, 11 ], "texture": "#texture" }
    }
},
{
    "from": [ 3, -15.5, 0 ],
    "to": [ 13.5, -15, 16 ],
    "faces": {
        "down":  { "uv": [ 13, 3, 16, 8 ], "texture": "#texture" },
        "up":    { "uv": [ 13, 3, 16, 8 ], "texture": "#texture" },
        "north": { "uv": [ 13, 6, 16, 6.5 ], "texture": "#texture" },
        "south": { "uv": [ 13, 6, 16, 6.5 ], "texture": "#texture" },
        "west":  { "uv": [ 14, 6, 14.5, 6.5 ], "texture": "#texture" },
        "east":  { "uv": [ 14, 6, 14.5, 6.5 ], "texture": "#texture" }
    }
},
{
    "from": [ 3, -13.5, 0 ],
    "to": [ 13.5, -13, 16 ],
    "faces": {
        "down":  { "uv": [ 13, 3, 16, 8 ], "texture": "#texture" },
        "up":    { "uv": [ 13, 3, 16, 8 ], "texture": "#texture" },
        "north": { "uv": [ 13, 6, 16, 6.5 ], "texture": "#texture" },
        "south": { "uv": [ 13, 6, 16, 6.5 ], "texture": "#texture" },
        "west":  { "uv": [ 14, 6, 14.5, 6.5 ], "texture": "#texture" },
        "east":  { "uv": [ 14, 6, 14.5, 6.5 ], "texture": "#texture" }
    }
}
],
"display": {
    "head": {
        "rotation": [ 0, 0, 0 ],
        "translation": [ 0, -24, 0 ],
        "scale": [ 0.7, 0.8, 0.7 ]
    }
}
}