{
"__comment": "Designed by Tomaxed44 with BDcraft Cubik PRO 0.95 Beta - http://bdcraft.net",
"textures": {
    "particle": "items/Misc",
    "texture": "items/Misc",
    "detail": "blocks/desk_detail"
},
"elements": [ 
{
    "from": [ 3.5, -16, 8 ],
    "to": [ 10, -15, 9.5 ],
    "faces": {
        "down":  { "uv": [ 1.5, 11.5, 8, 13 ], "texture": "#texture" },
        "up":    { "uv": [ 1.5, 11.5, 8, 13 ], "texture": "#texture" },
        "north": { "uv": [ 1, 12, 7, 13.5 ], "texture": "#texture" },
        "south": { "uv": [ 1, 12, 7, 13.5 ], "texture": "#texture" },
        "west":  { "uv": [ 4, 11, 5.5, 13 ], "texture": "#texture" },
        "east":  { "uv": [ 4, 11, 5.5, 13 ], "texture": "#texture" }
    }
},
{
    "from": [ 10, -16, 8.25 ],
    "to": [ 11, -15.125, 9.3125 ],
    "faces": {
        "down":  { "uv": [ 4.5, 12.5, 5.5, 11.5 ], "texture": "#texture" },
        "up":    { "uv": [ 5.5, 11.5, 6.5, 12.5 ], "texture": "#texture" },
        "north": { "uv": [ 4, 11.5, 5, 12 ], "texture": "#texture" },
        "south": { "uv": [ 4, 11.5, 5, 12 ], "texture": "#texture" },
        "west":  { "uv": [ 4.5, 13.5, 5, 14 ], "texture": "#texture" },
        "east":  { "uv": [ 4.5, 13.5, 5, 14 ], "texture": "#texture" }
    }
},
{
    "from": [ 11, -15.875, 8.5 ],
    "to": [ 13, -15.1875, 9 ],
    "faces": {
        "down":  { "uv": [ 8.5, 5, 10.5, 5.5 ], "texture": "#texture" },
        "up":    { "uv": [ 8.5, 5, 10.5, 5.5 ], "texture": "#texture" },
        "north": { "uv": [ 6, 4, 8, 4.5 ], "texture": "#texture" },
        "south": { "uv": [ 6, 4, 8, 4.5 ], "texture": "#texture" },
        "west":  { "uv": [ 10.5, 4, 11, 4.5 ], "texture": "#texture" },
        "east":  { "uv": [ 10.5, 4, 11, 4.5 ], "texture": "#texture" }
    }
},
{
    "from": [ 15.5, -16, 13 ],
    "to": [ 22, -15, 14.5 ],
    "faces": {
        "down":  { "uv": [ 1.5, 11.5, 8, 13 ], "texture": "#texture" },
        "up":    { "uv": [ 1.5, 11.5, 8, 13 ], "texture": "#texture" },
        "north": { "uv": [ 1, 12, 7, 13.5 ], "texture": "#texture" },
        "south": { "uv": [ 1, 12, 7, 13.5 ], "texture": "#texture" },
        "west":  { "uv": [ 4, 11, 5.5, 13 ], "texture": "#texture" },
        "east":  { "uv": [ 4, 11, 5.5, 13 ], "texture": "#texture" }
    }
},
{
    "from": [ 22, -16, 13.25 ],
    "to": [ 23, -15.125, 14.3125 ],
    "faces": {
        "down":  { "uv": [ 4.5, 12.5, 5.5, 11.5 ], "texture": "#texture" },
        "up":    { "uv": [ 5.5, 11.5, 6.5, 12.5 ], "texture": "#texture" },
        "north": { "uv": [ 4, 11.5, 5, 12 ], "texture": "#texture" },
        "south": { "uv": [ 4, 11.5, 5, 12 ], "texture": "#texture" },
        "west":  { "uv": [ 4.5, 13.5, 5, 14 ], "texture": "#texture" },
        "east":  { "uv": [ 4.5, 13.5, 5, 14 ], "texture": "#texture" }
    }
},
{
    "from": [ 23, -15.875, 13.5 ],
    "to": [ 25, -15.1875, 14 ],
    "faces": {
        "down":  { "uv": [ 8.5, 5, 10.5, 5.5 ], "texture": "#texture" },
        "up":    { "uv": [ 8.5, 5, 10.5, 5.5 ], "texture": "#texture" },
        "north": { "uv": [ 6, 4, 8, 4.5 ], "texture": "#texture" },
        "south": { "uv": [ 6, 4, 8, 4.5 ], "texture": "#texture" },
        "west":  { "uv": [ 10.5, 4, 11, 4.5 ], "texture": "#texture" },
        "east":  { "uv": [ 10.5, 4, 11, 4.5 ], "texture": "#texture" }
    }
},
{
    "from": [ 6.5, -16, 2 ],
    "to": [ 13, -15, 3.5 ],
    "rotation": { "origin": [ 6.5, -16, 2 ], "axis": "y", "angle": -22.5 },
    "faces": {
        "down":  { "uv": [ 1.5, 11.5, 8, 13 ], "texture": "#texture" },
        "up":    { "uv": [ 1.5, 11.5, 8, 13 ], "texture": "#texture" },
        "north": { "uv": [ 1, 12, 7, 13.5 ], "texture": "#texture" },
        "south": { "uv": [ 1, 12, 7, 13.5 ], "texture": "#texture" },
        "west":  { "uv": [ 4, 11, 5.5, 13 ], "texture": "#texture" },
        "east":  { "uv": [ 4, 11, 5.5, 13 ], "texture": "#texture" }
    }
},
{
    "from": [ 5.5, -16, 1.8125 ],
    "to": [ 6.5, -15.125, 2.875 ],
    "rotation": { "origin": [ 5.5, -16, 1.8125 ], "axis": "y", "angle": -22.5 },
    "faces": {
        "down":  { "uv": [ 4.5, 12.5, 5.5, 11.5 ], "texture": "#texture" },
        "up":    { "uv": [ 5.5, 11.5, 6.5, 12.5 ], "texture": "#texture" },
        "north": { "uv": [ 4, 11.5, 5, 12 ], "texture": "#texture" },
        "south": { "uv": [ 4, 11.5, 5, 12 ], "texture": "#texture" },
        "west":  { "uv": [ 4.5, 13.5, 5, 14 ], "texture": "#texture" },
        "east":  { "uv": [ 4.5, 13.5, 5, 14 ], "texture": "#texture" }
    }
},
{
    "from": [ 3.625, -15.875, 1.25 ],
    "to": [ 5.625, -15.1875, 1.75 ],
    "rotation": { "origin": [ 3.625, -15.875, 1.25 ], "axis": "y", "angle": -22.5 },
    "faces": {
        "down":  { "uv": [ 8.5, 5, 10.5, 5.5 ], "texture": "#texture" },
        "up":    { "uv": [ 8.5, 5, 10.5, 5.5 ], "texture": "#texture" },
        "north": { "uv": [ 6, 4, 8, 4.5 ], "texture": "#texture" },
        "south": { "uv": [ 6, 4, 8, 4.5 ], "texture": "#texture" },
        "west":  { "uv": [ 10.5, 4, 11, 4.5 ], "texture": "#texture" },
        "east":  { "uv": [ 10.5, 4, 11, 4.5 ], "texture": "#texture" }
    }
}
],
"display": {
    "head": {
        "rotation": [ 0, 0, 0 ],
        "translation": [ 0, -24, 0 ],
        "scale": [ 0.4, 0.78, 0.4 ]
    },
    "ground": {
        "rotation": [ 0, 0, 0 ],
        "translation": [ 0, 11.15, 0 ],
        "scale": [ 0.5, 0.5, 0.5 ]
    },
    "gui": {
        "rotation": [ 33, 0, 0 ],
        "translation": [ -3.4, 10.58, -0.94 ],
        "scale": [ 0.6, 0.6, 0.6 ]
    }
}
}