{
"__comment": "Designed by Tomaxed44 with BDcraft Cubik PRO 0.95 Beta - http://bdcraft.net",
"textures": {
    "particle": "entity/car",
    "texture": "entity/car",
    "car_details": "entity/car_details",
    "canape": "blocks/canape"
},
"elements": [ 
{
    "from": [ 0, 1, 4 ],
    "to": [ 2.5, 7, 12 ],
    "faces": {
        "down":  { "uv": [ 16, 12, 13.5, 4 ], "texture": "#texture" },
        "up":    { "uv": [ 6.5, 5.5, 9, 13.5 ], "texture": "#texture" },
        "north": { "uv": [ 13.5, 9, 16, 15 ], "texture": "#texture" },
        "south": { "uv": [ 9, 7.5, 11.5, 13.5 ], "texture": "#texture" },
        "west":  { "uv": [ 4, 9, 12, 15 ], "texture": "#texture" },
        "east":  { "uv": [ 4, 9, 12, 15 ], "texture": "#texture" }
    }
},
{
    "from": [ -4, 2, 4 ],
    "to": [ 0, 6.5, 12 ],
    "faces": {
        "down":  { "uv": [ 6.5, 4.5, 10.5, 12.5 ], "texture": "#texture" },
        "up":    { "uv": [ 6.5, 4.5, 10.5, 12.5 ], "texture": "#texture" },
        "north": { "uv": [ 7, 6.5, 11, 11 ], "texture": "#texture" },
        "south": { "uv": [ 7, 6.5, 11, 11 ], "texture": "#texture" },
        "west":  { "uv": [ 4, 9.5, 12, 14 ], "texture": "#texture" },
        "east":  { "uv": [ 4, 9.5, 12, 14 ], "texture": "#texture" }
    }
},
{
    "from": [ -6, 4, 4 ],
    "to": [ -4, 6.5, 12 ],
    "faces": {
        "down":  { "uv": [ 11.5, 3, 13.5, 11 ], "texture": "#texture" },
        "up":    { "uv": [ 11.5, 3, 13.5, 11 ], "texture": "#texture" },
        "north": { "uv": [ 9, 7, 11, 9.5 ], "texture": "#texture" },
        "south": { "uv": [ 9, 7, 11, 9.5 ], "texture": "#texture" },
        "west":  { "uv": [ 4, 9.5, 12, 12 ], "texture": "#texture" },
        "east":  { "uv": [ 4, 9.5, 12, 12 ], "texture": "#texture" }
    }
},
{
    "from": [ 4.48744, 5.5, 4.25 ],
    "to": [ 4.98744, 12, 4.75 ],
    "rotation": { "origin": [ 4.48744, 12, 4.25 ], "axis": "z", "angle": -22.5 },
    "faces": {
        "down":  { "uv": [ 12, 5, 11.5, 4 ], "texture": "#texture" },
        "up":    { "uv": [ 4, 4, 4.5, 5 ], "texture": "#texture" },
        "north": { "uv": [ 11.5, 5, 12, 9 ], "texture": "#texture" },
        "south": { "uv": [ 4, 5, 4.5, 9 ], "texture": "#texture" },
        "west":  { "uv": [ 4, 5, 5, 9 ], "texture": "#texture" },
        "east":  { "uv": [ 11, 5, 12, 9 ], "texture": "#texture" }
    }
},
{
    "from": [ 4.5, 11.1875, 4.1875 ],
    "to": [ 15.5, 12, 11.6875 ],
    "faces": {
        "down":  { "uv": [ 11.5, 11.6875, 0.5, 4.1875 ], "texture": "#texture" },
        "up":    { "uv": [ 4.5, 4.1875, 15.5, 11.6875 ], "texture": "#texture" },
        "north": { "uv": [ 0.5, 4, 11.5, 4.8125 ], "texture": "#texture" },
        "south": { "uv": [ 4.5, 4, 15.5, 4.8125 ], "texture": "#texture" },
        "west":  { "uv": [ 4.1875, 4, 11.6875, 4.8125 ], "texture": "#texture" },
        "east":  { "uv": [ 4.3125, 4, 11.8125, 4.8125 ], "texture": "#texture" }
    }
},
{
    "from": [ 15.5, 7, 4.25 ],
    "to": [ 16, 12, 11.75 ],
    "faces": {
        "down":  { "uv": [ 0.5, 11.75, 0, 4.25 ], "texture": "#texture" },
        "up":    { "uv": [ 15.5, 4.25, 16, 11.75 ], "texture": "#texture" },
        "north": { "uv": [ 0, 4, 0.5, 9 ], "texture": "#texture" },
        "south": { "uv": [ 15.5, 4, 16, 9 ], "texture": "#texture" },
        "west":  { "uv": [ 4.25, 4, 11.75, 9 ], "texture": "#texture" },
        "east":  { "uv": [ 4.25, 4, 11.75, 9 ], "texture": "#texture" }
    }
},
{
    "from": [ 16, 2, 4 ],
    "to": [ 18.5, 7, 12 ],
    "faces": {
        "down":  { "uv": [ 4, 9, 7, 16 ], "texture": "#texture" },
        "up":    { "uv": [ 4, 9, 7, 16 ], "texture": "#texture" },
        "north": { "uv": [ 4, 9, 6.5, 14 ], "texture": "#texture" },
        "south": { "uv": [ 4, 9, 6.5, 14 ], "texture": "#texture" },
        "west":  { "uv": [ 4, 9, 12, 14 ], "texture": "#texture" },
        "east":  { "uv": [ 12, 9, 4, 14 ], "texture": "#texture" }
    }
},
{
    "from": [ 18.5, 1, 4 ],
    "to": [ 22.5, 7, 12 ],
    "faces": {
        "down":  { "uv": [ 4.5, 2, 9, 11 ], "texture": "#texture" },
        "up":    { "uv": [ 4.5, 2, 9, 11 ], "texture": "#texture" },
        "north": { "uv": [ 4, 9, 7.5, 15 ], "texture": "#texture" },
        "south": { "uv": [ 4, 9, 7.5, 15 ], "texture": "#texture" },
        "west":  { "uv": [ 4, 9, 12, 15 ], "texture": "#texture" },
        "east":  { "uv": [ 12, 9, 4, 15 ], "texture": "#texture" }
    }
},
{
    "from": [ -2, 0.5, 4.5625 ],
    "to": [ 1, 3.5, 11.6875 ],
    "rotation": { "origin": [ -2, 3.5, 4.5625 ], "axis": "z", "angle": -45 },
    "faces": {
        "north": { "uv": [ 1, 7.5, 4, 10.5 ], "texture": "#car_details" },
        "south": { "uv": [ 1, 7.5, 4, 10.5 ], "texture": "#car_details" }
    }
},
{
    "from": [ 16.5, 0.5, 4.5625 ],
    "to": [ 19.5, 3.5, 11.4375 ],
    "rotation": { "origin": [ 16.5, 3.5, 4.5625 ], "axis": "z", "angle": -45 },
    "faces": {
        "north": { "uv": [ 1, 7.5, 4, 10.5 ], "texture": "#car_details" },
        "south": { "uv": [ 1, 7.5, 4, 10.5 ], "texture": "#car_details" }
    }
},
{
    "from": [ 10, 7, 4.25 ],
    "to": [ 10.5, 11.5, 4.75 ],
    "faces": {
        "down":  { "uv": [ 6, 4.75, 5.5, 4.25 ], "texture": "#texture" },
        "up":    { "uv": [ 10, 4.25, 10.5, 4.75 ], "texture": "#texture" },
        "north": { "uv": [ 5.5, 4.5, 6, 9 ], "texture": "#texture" },
        "south": { "uv": [ 10, 4.5, 10.5, 9 ], "texture": "#texture" },
        "west":  { "uv": [ 4.25, 4.5, 4.75, 9 ], "texture": "#texture" },
        "east":  { "uv": [ 11.25, 4.5, 11.75, 9 ], "texture": "#texture" }
    }
},
{
    "from": [ -6.5, 1.5, 5 ],
    "to": [ -6, 3.5, 11 ],
    "faces": {
        "down":  { "uv": [ 1, 5, 6, 5.5 ], "rotation": 90, "texture": "#car_details" },
        "up":    { "uv": [ 1, 5, 6, 5.5 ], "rotation": 90, "texture": "#car_details" },
        "north": { "uv": [ 0, 4, 0.5, 6.5 ], "texture": "#car_details" },
        "south": { "uv": [ 0, 4, 0.5, 6.5 ], "texture": "#car_details" },
        "west":  { "uv": [ 0, 0, 16, 4 ], "texture": "#car_details" },
        "east":  { "uv": [ 0, 0, 16, 4 ], "texture": "#car_details" }
    }
},
{
    "from": [ 22.5, 1.5, 5 ],
    "to": [ 23, 3.5, 11 ],
    "faces": {
        "down":  { "uv": [ 5, 4.5, 10.5, 5 ], "rotation": 90, "texture": "#car_details" },
        "up":    { "uv": [ 5, 4.5, 10.5, 5 ], "rotation": 90, "texture": "#car_details" },
        "north": { "uv": [ 6.5, 4, 7, 6.5 ], "texture": "#car_details" },
        "south": { "uv": [ 6.5, 4, 7, 6.5 ], "texture": "#car_details" },
        "west":  { "uv": [ 16, 0, 0, 4 ], "texture": "#car_details" },
        "east":  { "uv": [ 0, 0, 16, 4 ], "texture": "#car_details" }
    }
},
{
    "from": [ -6.5, 4.5, 4.5 ],
    "to": [ -6, 6, 6 ],
    "faces": {
        "down":  { "uv": [ 6, 7.5, 6.5, 9 ], "texture": "#car_details" },
        "up":    { "uv": [ 6, 7.5, 6.5, 9 ], "texture": "#car_details" },
        "north": { "uv": [ 5.5, 8, 6, 9.5 ], "texture": "#car_details" },
        "south": { "uv": [ 5.5, 8, 6, 9.5 ], "texture": "#car_details" },
        "west":  { "uv": [ 5.5, 7.5, 8, 10 ], "texture": "#car_details" },
        "east":  { "uv": [ 5.5, 7.5, 8, 10 ], "texture": "#car_details" }
    }
},
{
    "from": [ -6.5, 4.5, 10 ],
    "to": [ -6, 6, 11.5 ],
    "faces": {
        "down":  { "uv": [ 6, 8, 6.5, 9.5 ], "texture": "#car_details" },
        "up":    { "uv": [ 6, 8, 6.5, 9.5 ], "texture": "#car_details" },
        "north": { "uv": [ 7, 8.5, 7.5, 10 ], "texture": "#car_details" },
        "south": { "uv": [ 7, 8.5, 7.5, 10 ], "texture": "#car_details" },
        "west":  { "uv": [ 5.5, 7.5, 8, 10 ], "texture": "#car_details" },
        "east":  { "uv": [ 5.5, 7.5, 8, 10 ], "texture": "#car_details" }
    }
},
{
    "from": [ -5.5, 1, 4 ],
    "to": [ -4, 4, 12 ],
    "faces": {
        "down":  { "uv": [ 11, 3.5, 12.5, 11.5 ], "texture": "#texture" },
        "up":    { "uv": [ 11, 3.5, 12.5, 11.5 ], "texture": "#texture" },
        "north": { "uv": [ 8.5, 7.5, 10, 10.5 ], "texture": "#texture" },
        "south": { "uv": [ 8.5, 7.5, 10, 10.5 ], "texture": "#texture" },
        "west":  { "uv": [ 4, 12, 12, 15 ], "texture": "#texture" },
        "east":  { "uv": [ 4, 12, 12, 15 ], "texture": "#texture" }
    }
},
{
    "from": [ -6, 1, 4 ],
    "to": [ -5.5, 3.5, 12 ],
    "faces": {
        "down":  { "uv": [ 13, 4, 13.5, 12 ], "texture": "#texture" },
        "up":    { "uv": [ 13, 4, 13.5, 12 ], "texture": "#texture" },
        "north": { "uv": [ 6.5, 8, 7, 10.5 ], "texture": "#texture" },
        "south": { "uv": [ 6.5, 8, 7, 10.5 ], "texture": "#texture" },
        "west":  { "uv": [ 4, 12.5, 12, 15 ], "texture": "#texture" },
        "east":  { "uv": [ 4, 12.5, 12, 15 ], "texture": "#texture" }
    }
},
{
    "from": [ -6.5, 2, 3.5 ],
    "to": [ -6, 3, 5 ],
    "faces": {
        "down":  { "uv": [ 1, 4.5, 1.5, 6 ], "texture": "#car_details" },
        "up":    { "uv": [ 1, 4.5, 1.5, 6 ], "texture": "#car_details" },
        "north": { "uv": [ 1.5, 5, 2, 6 ], "texture": "#car_details" },
        "south": { "uv": [ 1.5, 5, 2, 6 ], "texture": "#car_details" },
        "west":  { "uv": [ 2, 5, 3.5, 6 ], "texture": "#car_details" },
        "east":  { "uv": [ 2, 5, 3.5, 6 ], "texture": "#car_details" }
    }
},
{
    "from": [ -6.5, 2, 11 ],
    "to": [ -6, 3, 12.5 ],
    "faces": {
        "down":  { "uv": [ 2.5, 4.5, 3, 6 ], "texture": "#car_details" },
        "up":    { "uv": [ 2.5, 4.5, 3, 6 ], "texture": "#car_details" },
        "north": { "uv": [ 2, 5, 2.5, 6 ], "texture": "#car_details" },
        "south": { "uv": [ 2, 5, 2.5, 6 ], "texture": "#car_details" },
        "west":  { "uv": [ 2.5, 5, 4, 6 ], "texture": "#car_details" },
        "east":  { "uv": [ 2.5, 5, 4, 6 ], "texture": "#car_details" }
    }
},
{
    "from": [ -6, 1.5, 12 ],
    "to": [ -4, 2.5, 12.5 ],
    "faces": {
        "down":  { "uv": [ 1.5, 4.5, 3.5, 5 ], "texture": "#car_details" },
        "up":    { "uv": [ 1.5, 4.5, 3.5, 5 ], "texture": "#car_details" },
        "north": { "uv": [ 1, 5, 3, 6 ], "texture": "#car_details" },
        "south": { "uv": [ 1, 5, 3, 6 ], "texture": "#car_details" },
        "west":  { "uv": [ 5.5, 5, 6, 6 ], "texture": "#car_details" },
        "east":  { "uv": [ 5.5, 5, 6, 6 ], "texture": "#car_details" }
    }
},
{
    "from": [ -6, 1.5, 3.5 ],
    "to": [ -4, 2.5, 4 ],
    "faces": {
        "down":  { "uv": [ 0.5, 4.5, 2.5, 5 ], "texture": "#car_details" },
        "up":    { "uv": [ 0.5, 4.5, 2.5, 5 ], "texture": "#car_details" },
        "north": { "uv": [ 2.5, 5.5, 4.5, 6.5 ], "texture": "#car_details" },
        "south": { "uv": [ 2.5, 5.5, 4.5, 6.5 ], "texture": "#car_details" },
        "west":  { "uv": [ 3, 5.5, 3.5, 6.5 ], "texture": "#car_details" },
        "east":  { "uv": [ 3, 5.5, 3.5, 6.5 ], "texture": "#car_details" }
    }
},
{
    "from": [ 7.5, 5.5, 3.5 ],
    "to": [ 9, 6, 4 ],
    "faces": {
        "down":  { "uv": [ 8.5, 4, 7, 3.5 ], "texture": "#texture" },
        "up":    { "uv": [ 7.5, 3.5, 9, 4 ], "texture": "#texture" },
        "north": { "uv": [ 7, 10, 8.5, 10.5 ], "texture": "#texture" },
        "south": { "uv": [ 7.5, 10, 9, 10.5 ], "texture": "#texture" },
        "west":  { "uv": [ 3.5, 10, 4, 10.5 ], "texture": "#texture" },
        "east":  { "uv": [ 12, 10, 12.5, 10.5 ], "texture": "#texture" }
    }
},
{
    "from": [ 13.5, 5.5, 3.5 ],
    "to": [ 15, 6, 4 ],
    "faces": {
        "down":  { "uv": [ 2.5, 4, 1, 3.5 ], "texture": "#texture" },
        "up":    { "uv": [ 13.5, 3.5, 15, 4 ], "texture": "#texture" },
        "north": { "uv": [ 1, 10, 2.5, 10.5 ], "texture": "#texture" },
        "south": { "uv": [ 13.5, 10, 15, 10.5 ], "texture": "#texture" },
        "west":  { "uv": [ 3.5, 10, 4, 10.5 ], "texture": "#texture" },
        "east":  { "uv": [ 12, 10, 12.5, 10.5 ], "texture": "#texture" }
    }
},
{
    "from": [ 22.5, 2, 11 ],
    "to": [ 23, 2.5, 12.5 ],
    "faces": {
        "down":  { "uv": [ 12, 5, 12.5, 6.5 ], "texture": "#car_details" },
        "up":    { "uv": [ 12, 5, 12.5, 6.5 ], "texture": "#car_details" },
        "north": { "uv": [ 10, 5.5, 10.5, 6 ], "texture": "#car_details" },
        "south": { "uv": [ 10, 5.5, 10.5, 6 ], "texture": "#car_details" },
        "west":  { "uv": [ 9.5, 5.5, 11, 6 ], "texture": "#car_details" },
        "east":  { "uv": [ 9.5, 5.5, 11, 6 ], "texture": "#car_details" }
    }
},
{
    "from": [ 22.5, 2, 3.5 ],
    "to": [ 23, 2.5, 5 ],
    "faces": {
        "down":  { "uv": [ 9.5, 5, 10, 6.5 ], "texture": "#car_details" },
        "up":    { "uv": [ 9.5, 5, 10, 6.5 ], "texture": "#car_details" },
        "north": { "uv": [ 6.5, 5.5, 7, 6 ], "texture": "#car_details" },
        "south": { "uv": [ 6.5, 5.5, 7, 6 ], "texture": "#car_details" },
        "west":  { "uv": [ 8, 5.5, 9.5, 6 ], "texture": "#car_details" },
        "east":  { "uv": [ 8, 5.5, 9.5, 6 ], "texture": "#car_details" }
    }
},
{
    "from": [ 21.5, 2, 3.5 ],
    "to": [ 22.5, 2.5, 4 ],
    "faces": {
        "down":  { "uv": [ 8.5, 4.5, 9.5, 5 ], "texture": "#car_details" },
        "up":    { "uv": [ 8.5, 4.5, 9.5, 5 ], "texture": "#car_details" },
        "north": { "uv": [ 8, 5.5, 8.5, 6 ], "texture": "#car_details" },
        "south": { "uv": [ 8, 5.5, 8.5, 6 ], "texture": "#car_details" },
        "west":  { "uv": [ 7, 5, 8, 5.5 ], "texture": "#car_details" },
        "east":  { "uv": [ 7, 5, 8, 5.5 ], "texture": "#car_details" }
    }
},
{
    "from": [ 21.5, 2, 12 ],
    "to": [ 22.5, 2.5, 12.5 ],
    "faces": {
        "down":  { "uv": [ 11.5, 6, 12.5, 6.5 ], "texture": "#car_details" },
        "up":    { "uv": [ 11.5, 6, 12.5, 6.5 ], "texture": "#car_details" },
        "north": { "uv": [ 10.5, 5.5, 11.5, 6 ], "texture": "#car_details" },
        "south": { "uv": [ 10.5, 5.5, 11.5, 6 ], "texture": "#car_details" },
        "west":  { "uv": [ 10, 5, 10.5, 5.5 ], "texture": "#car_details" },
        "east":  { "uv": [ 10, 5, 10.5, 5.5 ], "texture": "#car_details" }
    }
},
{
    "from": [ 0.0625, 1.5, 3.5 ],
    "to": [ 14.4375, 2, 12.5 ],
    "faces": {
        "down":  { "uv": [ 0, 4, 9, 6.5 ], "texture": "#car_details" },
        "up":    { "uv": [ 0, 4, 9, 6.5 ], "texture": "#car_details" },
        "north": { "uv": [ 1, 5, 15.375, 5.5 ], "texture": "#car_details" },
        "south": { "uv": [ 1, 5, 15.375, 5.5 ], "texture": "#car_details" },
        "west":  { "uv": [ 4, 5.5, 13, 6 ], "texture": "#car_details" },
        "east":  { "uv": [ 4, 5.5, 13, 6 ], "texture": "#car_details" }
    }
},
{
    "from": [ 10.5, 1, 4 ],
    "to": [ 14.5, 7, 5 ],
    "faces": {
        "down":  { "uv": [ 5.5, 5, 1.5, 4 ], "texture": "#texture" },
        "up":    { "uv": [ 10.5, 4, 14.5, 5 ], "texture": "#texture" },
        "north": { "uv": [ 3, 8.5, 7, 14.5 ], "texture": "#texture" },
        "south": { "uv": [ 10.5, 9, 14.5, 15 ], "texture": "#texture" },
        "west":  { "uv": [ 4, 9, 5, 15 ], "texture": "#texture" },
        "east":  { "uv": [ 11, 9, 12, 15 ], "texture": "#texture" }
    }
},
{
    "from": [ 10, 1, 4.5 ],
    "to": [ 10.5, 7, 11.5 ],
    "faces": {
        "down":  { "uv": [ 6, 11.5, 5.5, 4.5 ], "texture": "#texture" },
        "up":    { "uv": [ 10, 4.5, 10.5, 11.5 ], "texture": "#texture" },
        "north": { "uv": [ 5.5, 9, 6, 15 ], "texture": "#texture" },
        "south": { "uv": [ 10, 9, 10.5, 15 ], "texture": "#texture" },
        "west":  { "uv": [ 4.5, 9, 11.5, 15 ], "texture": "#texture" },
        "east":  { "uv": [ 4.5, 9, 11.5, 15 ], "texture": "#texture" }
    }
},
{
    "from": [ 3, 1, 4 ],
    "to": [ 10, 7, 5 ],
    "faces": {
        "down":  { "uv": [ 13, 5, 6, 4 ], "texture": "#texture" },
        "up":    { "uv": [ 3, 4, 10, 5 ], "texture": "#texture" },
        "north": { "uv": [ 6, 9, 13, 15 ], "texture": "#texture" },
        "south": { "uv": [ 3, 9, 10, 15 ], "texture": "#texture" },
        "west":  { "uv": [ 4, 9, 5, 15 ], "texture": "#texture" },
        "east":  { "uv": [ 11, 9, 12, 15 ], "texture": "#texture" }
    }
},
{
    "from": [ 2.5, 1, 4.5 ],
    "to": [ 3, 7, 11.5 ],
    "faces": {
        "down":  { "uv": [ 13.5, 11.5, 13, 4.5 ], "texture": "#texture" },
        "up":    { "uv": [ 2.5, 4.5, 3, 11.5 ], "texture": "#texture" },
        "north": { "uv": [ 13, 9, 13.5, 15 ], "texture": "#texture" },
        "south": { "uv": [ 2.5, 9, 3, 15 ], "texture": "#texture" },
        "west":  { "uv": [ 4.5, 9, 11.5, 15 ], "texture": "#texture" },
        "east":  { "uv": [ 4.5, 9, 11.5, 15 ], "texture": "#texture" }
    }
},
{
    "from": [ 14.5, 2, 4 ],
    "to": [ 15.5, 7, 12 ],
    "faces": {
        "down":  { "uv": [ 1.5, 12, 0.5, 4 ], "texture": "#texture" },
        "up":    { "uv": [ 14.5, 4, 15.5, 12 ], "texture": "#texture" },
        "north": { "uv": [ 2, 9, 3, 14 ], "texture": "#texture" },
        "south": { "uv": [ 14.5, 9, 15.5, 14 ], "texture": "#texture" },
        "west":  { "uv": [ 4, 9, 12, 14 ], "texture": "#texture" },
        "east":  { "uv": [ 4, 9, 12, 14 ], "texture": "#texture" }
    }
},
{
    "from": [ 15.5, 2, 4.5 ],
    "to": [ 16, 7, 11.5 ],
    "faces": {
        "down":  { "uv": [ 0.5, 11.5, 0, 4.5 ], "texture": "#texture" },
        "up":    { "uv": [ 15.5, 4.5, 16, 11.5 ], "texture": "#texture" },
        "north": { "uv": [ 0, 9, 0.5, 14 ], "texture": "#texture" },
        "south": { "uv": [ 15.5, 9, 16, 14 ], "texture": "#texture" },
        "west":  { "uv": [ 4.5, 9, 11.5, 14 ], "texture": "#texture" },
        "east":  { "uv": [ 4.5, 9, 11.5, 14 ], "texture": "#texture" }
    }
},
{
    "from": [ 4.4375, 5.5, 11.125 ],
    "to": [ 4.9375, 12, 11.625 ],
    "rotation": { "origin": [ 4.4375, 12, 11.125 ], "axis": "z", "angle": -22.5 },
    "faces": {
        "down":  { "uv": [ 12, 5, 11.5, 4 ], "texture": "#texture" },
        "up":    { "uv": [ 4, 4, 4.5, 5 ], "texture": "#texture" },
        "north": { "uv": [ 11.5, 5, 12, 9 ], "texture": "#texture" },
        "south": { "uv": [ 4, 5, 4.5, 9 ], "texture": "#texture" },
        "west":  { "uv": [ 4, 5, 5, 9 ], "texture": "#texture" },
        "east":  { "uv": [ 11, 5, 12, 9 ], "texture": "#texture" }
    }
},
{
    "from": [ 10, 7, 11.125 ],
    "to": [ 10.5, 11.5, 11.625 ],
    "faces": {
        "down":  { "uv": [ 6, 11.625, 5.5, 11.125 ], "texture": "#texture" },
        "up":    { "uv": [ 10, 11.125, 10.5, 11.625 ], "texture": "#texture" },
        "north": { "uv": [ 5.5, 4.5, 6, 9 ], "texture": "#texture" },
        "south": { "uv": [ 10, 4.5, 10.5, 9 ], "texture": "#texture" },
        "west":  { "uv": [ 11.125, 4.5, 11.625, 9 ], "texture": "#texture" },
        "east":  { "uv": [ 4.375, 4.5, 4.875, 9 ], "texture": "#texture" }
    }
},
{
    "from": [ 3, 1, 11 ],
    "to": [ 10, 7, 12 ],
    "faces": {
        "down":  { "uv": [ 13, 12, 6, 11 ], "texture": "#texture" },
        "up":    { "uv": [ 3, 11, 10, 12 ], "texture": "#texture" },
        "north": { "uv": [ 6, 9, 13, 15 ], "texture": "#texture" },
        "south": { "uv": [ 3, 9, 10, 15 ], "texture": "#texture" },
        "west":  { "uv": [ 11, 9, 12, 15 ], "texture": "#texture" },
        "east":  { "uv": [ 4, 9, 5, 15 ], "texture": "#texture" }
    }
},
{
    "from": [ 10.5, 1, 11 ],
    "to": [ 14.5, 7, 12 ],
    "faces": {
        "down":  { "uv": [ 5.5, 12, 1.5, 11 ], "texture": "#texture" },
        "up":    { "uv": [ 10.5, 11, 14.5, 12 ], "texture": "#texture" },
        "north": { "uv": [ 1.5, 9, 5.5, 15 ], "texture": "#texture" },
        "south": { "uv": [ 10.5, 9, 14.5, 15 ], "texture": "#texture" },
        "west":  { "uv": [ 11, 9, 12, 15 ], "texture": "#texture" },
        "east":  { "uv": [ 4, 9, 5, 15 ], "texture": "#texture" }
    }
},
{
    "from": [ 7.5, 5.5, 12 ],
    "to": [ 9, 6, 12.5 ],
    "faces": {
        "down":  { "uv": [ 8.5, 12.5, 7, 12 ], "texture": "#texture" },
        "up":    { "uv": [ 7.5, 12, 9, 12.5 ], "texture": "#texture" },
        "north": { "uv": [ 7, 10, 8.5, 10.5 ], "texture": "#texture" },
        "south": { "uv": [ 7.5, 10, 9, 10.5 ], "texture": "#texture" },
        "west":  { "uv": [ 12, 10, 12.5, 10.5 ], "texture": "#texture" },
        "east":  { "uv": [ 3.5, 10, 4, 10.5 ], "texture": "#texture" }
    }
},
{
    "from": [ 13.5, 5.5, 12 ],
    "to": [ 15, 6, 12.5 ],
    "faces": {
        "down":  { "uv": [ 2.5, 12.5, 1, 12 ], "texture": "#texture" },
        "up":    { "uv": [ 13.5, 12, 15, 12.5 ], "texture": "#texture" },
        "north": { "uv": [ 1, 10, 2.5, 10.5 ], "texture": "#texture" },
        "south": { "uv": [ 13.5, 10, 15, 10.5 ], "texture": "#texture" },
        "west":  { "uv": [ 12, 10, 12.5, 10.5 ], "texture": "#texture" },
        "east":  { "uv": [ 3.5, 10, 4, 10.5 ], "texture": "#texture" }
    }
},
{
    "from": [ 9, 4.5, 8.5 ],
    "to": [ 10, 9, 11 ],
    "rotation": { "origin": [ 9, 9, 8.5 ], "axis": "z", "angle": -22.5 },
    "faces": {
        "down":  { "uv": [ 9.5, 11, 8.5, 8.5 ], "texture": "#canape" },
        "up":    { "uv": [ 6.5, 8.5, 7.5, 11 ], "texture": "#canape" },
        "north": { "uv": [ 8.5, 2, 9.5, 5.5 ], "texture": "#canape" },
        "south": { "uv": [ 6.5, 2, 7.5, 5.5 ], "texture": "#canape" },
        "west":  { "uv": [ 8.5, 2, 11, 5.5 ], "texture": "#canape" },
        "east":  { "uv": [ 5, 2, 7.5, 5.5 ], "texture": "#canape" }
    }
},
{
    "from": [ 9, 4.5, 5 ],
    "to": [ 10, 9, 7.5 ],
    "rotation": { "origin": [ 9, 9, 5 ], "axis": "z", "angle": -22.5 },
    "faces": {
        "down":  { "uv": [ 9.5, 11, 8.5, 8.5 ], "texture": "#canape" },
        "up":    { "uv": [ 6.5, 8.5, 7.5, 11 ], "texture": "#canape" },
        "north": { "uv": [ 8.5, 2, 9.5, 5.5 ], "texture": "#canape" },
        "south": { "uv": [ 6.5, 2, 7.5, 5.5 ], "texture": "#canape" },
        "west":  { "uv": [ 8.5, 2, 11, 5.5 ], "texture": "#canape" },
        "east":  { "uv": [ 5, 2, 7.5, 5.5 ], "texture": "#canape" }
    }
},
{
    "from": [ 4.5, 3.5, 5 ],
    "to": [ 8.5, 5, 7.5 ],
    "faces": {
        "down":  { "uv": [ 4.5, 5, 8.5, 7.5 ], "texture": "#canape" },
        "up":    { "uv": [ 4.5, 5, 8.5, 7.5 ], "texture": "#canape" },
        "north": { "uv": [ 4.5, 11, 8.5, 12.5 ], "texture": "#canape" },
        "south": { "uv": [ 4.5, 11, 8.5, 12.5 ], "texture": "#canape" },
        "west":  { "uv": [ 5, 11, 7.5, 12.5 ], "texture": "#canape" },
        "east":  { "uv": [ 5, 11, 7.5, 12.5 ], "texture": "#canape" }
    }
},
{
    "from": [ 4.5, 3.5, 8.5 ],
    "to": [ 8.5, 5, 11 ],
    "faces": {
        "down":  { "uv": [ 4.5, 8.5, 8.5, 11 ], "texture": "#canape" },
        "up":    { "uv": [ 4.5, 8.5, 8.5, 11 ], "texture": "#canape" },
        "north": { "uv": [ 4.5, 11, 8.5, 12.5 ], "texture": "#canape" },
        "south": { "uv": [ 4.5, 11, 8.5, 12.5 ], "texture": "#canape" },
        "west":  { "uv": [ 8.5, 11, 11, 12.5 ], "texture": "#canape" },
        "east":  { "uv": [ 8.5, 11, 11, 12.5 ], "texture": "#canape" }
    }
},
{
    "from": [ 5.5, 2, 5 ],
    "to": [ 7.5, 3.5, 11 ],
    "faces": {
        "down":  { "uv": [ 10.5, 11, 8.5, 5 ], "texture": "#texture" },
        "up":    { "uv": [ 5.5, 5, 7.5, 11 ], "texture": "#texture" },
        "north": { "uv": [ 8.5, 12.5, 10.5, 14 ], "texture": "#texture" },
        "south": { "uv": [ 5.5, 12.5, 7.5, 14 ], "texture": "#texture" },
        "west":  { "uv": [ 5, 12.5, 11, 14 ], "texture": "#texture" },
        "east":  { "uv": [ 5, 12.5, 11, 14 ], "texture": "#texture" }
    }
},
{
    "from": [ 15, 0, 4.625 ],
    "to": [ 18, 3, 11.375 ],
    "faces": {
        "down":  { "uv": [ 11, 8.5, 14, 15.25 ], "texture": "#car_details" },
        "up":    { "uv": [ 10, 8, 13, 14.75 ], "texture": "#car_details" },
        "north": { "uv": [ 1, 7.5, 4, 10.5 ], "texture": "#car_details" },
        "south": { "uv": [ 1, 7.5, 4, 10.5 ], "texture": "#car_details" },
        "west":  { "uv": [ 4.625, 13, 11.375, 16 ], "texture": "#car_details" },
        "east":  { "uv": [ 4.625, 13, 11.375, 16 ], "texture": "#car_details" }
    }
},
{
    "from": [ -3.5, 0, 4.625 ],
    "to": [ -0.5, 3, 11.5 ],
    "faces": {
        "down":  { "uv": [ 9, 9.125, 12, 16 ], "texture": "#car_details" },
        "up":    { "uv": [ 9, 9.125, 12, 16 ], "texture": "#car_details" },
        "north": { "uv": [ 1, 8, 4, 11 ], "texture": "#car_details" },
        "south": { "uv": [ 1, 8, 4, 11 ], "texture": "#car_details" },
        "west":  { "uv": [ 4.625, 13, 11.5, 16 ], "texture": "#car_details" },
        "east":  { "uv": [ 4.625, 13, 11.5, 16 ], "texture": "#car_details" }
    }
},
{
    "from": [ 3.0625, 6, 9 ],
    "to": [ 3.125, 7.5, 10.5 ],
    "faces": {
        "west":  { "uv": [ 0.5, 12, 4.5, 15.5 ], "texture": "#car_details" },
        "east":  { "uv": [ 0.5, 12, 4.5, 15.5 ], "texture": "#car_details" }
    }
}
],
"display": {
    "head": {
        "rotation": [ 0, -90, 0 ],
        "translation": [ 0, -13.23, 0 ],
        "scale": [ 3.59, 4, 4 ]
    },
    "firstperson_righthand": {
        "rotation": [ 10, -90, 0 ],
        "translation": [ -8.88, 7.18, 9.83 ],
        "scale": [ 1, 1, 1 ]
    },
    "gui": {
        "rotation": [ 23, 40, 0 ],
        "translation": [ 0, 1.13, 0 ],
        "scale": [ 0.5, 0.5, 0.5 ]
    }
}
}