{
"__comment": "Designed by Tomaxed44 with BDcraft Cubik PRO 0.95 Beta - http://bdcraft.net",
"textures": {
    "particle": "items/misc",
    "texture": "items/misc"
},
"elements": [ 
{
    "from": [ 2, 0, 4 ],
    "to": [ 14, 16, 12 ],
    "faces": {
        "down":  { "uv": [ 6.5, 0.5, 11.5, 5 ], "texture": "#texture" },
        "up":    { "uv": [ 6.5, 0.5, 11.5, 5 ], "texture": "#texture" },
        "north": { "uv": [ 6.5, 0.5, 11, 7 ], "texture": "#texture" },
        "south": { "uv": [ 7.5, 0.5, 12, 7 ], "texture": "#texture" },
        "west":  { "uv": [ 7.5, 0.5, 11, 7 ], "texture": "#texture" },
        "east":  { "uv": [ 7.5, 0.5, 11, 7 ], "texture": "#texture" }
    }
},
{
    "from": [ 4, 0, 2 ],
    "to": [ 12, 16, 4 ],
    "faces": {
        "down":  { "uv": [ 5.5, 3.5, 11.5, 5 ], "texture": "#texture" },
        "up":    { "uv": [ 5.5, 3.5, 11.5, 5 ], "texture": "#texture" },
        "north": { "uv": [ 7.5, 0, 11.5, 7.5 ], "texture": "#texture" },
        "south": { "uv": [ 7.5, 0, 11.5, 7.5 ], "texture": "#texture" },
        "west":  { "uv": [ 6.5, 0.5, 8, 7.5 ], "texture": "#texture" },
        "east":  { "uv": [ 10, 1, 11.5, 8 ], "texture": "#texture" }
    }
},
{
    "from": [ 4, 0, 12 ],
    "to": [ 12, 16, 14 ],
    "faces": {
        "down":  { "uv": [ 5.5, 6, 10.5, 7 ], "texture": "#texture" },
        "up":    { "uv": [ 5.5, 6, 10.5, 7 ], "texture": "#texture" },
        "north": { "uv": [ 8.5, 0.5, 12, 7.5 ], "texture": "#texture" },
        "south": { "uv": [ 8.5, 0.5, 12, 7.5 ], "texture": "#texture" },
        "west":  { "uv": [ 9.5, 0, 12, 8 ], "texture": "#texture" },
        "east":  { "uv": [ 9.5, 0, 12, 8 ], "texture": "#texture" }
    }
}
],
"display": {
    "thirdperson_righthand": {
        "rotation": [ 43, 90, -35 ],
        "translation": [ 0, 1.12, 3.21 ],
        "scale": [ 0.44, 0.41, 0.44 ]
    },
	"ground": {
        "rotation": [ 0, 0, 0 ],
        "translation": [ 0, 0.76, 0 ],
        "scale": [ 0.2, 0.2, 0.2 ]
    },
    "firstperson_righthand": {
        "rotation": [ 45, 74, -54 ],
        "translation": [ 0, 1.13, 2 ],
        "scale": [ 0.6, 0.6, 0.6 ]
    },
    "gui": {
        "rotation": [ -13, 139, 0 ],
        "translation": [ 0, -1.32, 0 ],
        "scale": [ 0.56, 0.63, 0.69 ]
    }
}
}