{
"__comment": "Designed by tomaxed with Cubik",
"textures": {
    "particle": "blocks/iron_block",
    "texture": "blocks/iron_block"
},
"elements": [ 
{
    "from": [ 6, 0, 2 ],
    "to": [ 10, 5, 2.5 ],
    "faces": {
        "down":  { "uv": [ 10, 2.5, 6, 2 ], "texture": "#texture" },
        "up":    { "uv": [ 6, 2, 10, 2.5 ], "texture": "#texture" },
        "north": { "uv": [ 6, 11, 10, 16 ], "texture": "#texture" },
        "south": { "uv": [ 6, 11, 10, 16 ], "texture": "#texture" },
        "west":  { "uv": [ 2, 11, 2.5, 16 ], "texture": "#texture" },
        "east":  { "uv": [ 13.5, 11, 14, 16 ], "texture": "#texture" }
    }
},
{
    "from": [ 12.5, 0, 5 ],
    "to": [ 13, 5, 9 ],
    "faces": {
        "down":  { "uv": [ 3.5, 9, 3, 5 ], "texture": "#texture" },
        "up":    { "uv": [ 12.5, 5, 13, 9 ], "texture": "#texture" },
        "north": { "uv": [ 3, 11, 3.5, 16 ], "texture": "#texture" },
        "south": { "uv": [ 12.5, 11, 13, 16 ], "texture": "#texture" },
        "west":  { "uv": [ 5, 11, 9, 16 ], "texture": "#texture" },
        "east":  { "uv": [ 7, 11, 11, 16 ], "texture": "#texture" }
    }
},
{
    "from": [ 10, 0, 2 ],
    "to": [ 14, 5, 2.5 ],
    "rotation": { "origin": [ 10, 0, 2 ], "axis": "y", "angle": -45 },
    "faces": {
        "down":  { "uv": [ 6.5, 3, 2.5, 2.5 ], "texture": "#texture" },
        "up":    { "uv": [ 9.5, 2.5, 13.5, 3 ], "texture": "#texture" },
        "north": { "uv": [ 2.5, 11, 6.5, 16 ], "texture": "#texture" },
        "south": { "uv": [ 9.5, 11, 13.5, 16 ], "texture": "#texture" },
        "west":  { "uv": [ 2.5, 11, 3, 16 ], "texture": "#texture" },
        "east":  { "uv": [ 13, 11, 13.5, 16 ], "texture": "#texture" }
    }
},
{
    "from": [ 3.1875, 0, 4.8125 ],
    "to": [ 7.1875, 5, 5.3125 ],
    "rotation": { "origin": [ 3.1875, 0, 4.8125 ], "axis": "y", "angle": 45 },
    "faces": {
        "down":  { "uv": [ 6.5, 3, 2.5, 2.5 ], "texture": "#texture" },
        "up":    { "uv": [ 9.5, 2.5, 13.5, 3 ], "texture": "#texture" },
        "north": { "uv": [ 2.5, 11, 6.5, 16 ], "texture": "#texture" },
        "south": { "uv": [ 9.5, 11, 13.5, 16 ], "texture": "#texture" },
        "west":  { "uv": [ 2.5, 11, 3, 16 ], "texture": "#texture" },
        "east":  { "uv": [ 13, 11, 13.5, 16 ], "texture": "#texture" }
    }
},
{
    "from": [ 3, 0, 5 ],
    "to": [ 3.5, 5, 9 ],
    "faces": {
        "down":  { "uv": [ 13, 9, 12.5, 5 ], "texture": "#texture" },
        "up":    { "uv": [ 3, 5, 3.5, 9 ], "texture": "#texture" },
        "north": { "uv": [ 12.5, 11, 13, 16 ], "texture": "#texture" },
        "south": { "uv": [ 3, 11, 3.5, 16 ], "texture": "#texture" },
        "west":  { "uv": [ 5, 11, 9, 16 ], "texture": "#texture" },
        "east":  { "uv": [ 7, 11, 11, 16 ], "texture": "#texture" }
    }
},
{
    "from": [ 3.375, 0, 8.8125 ],
    "to": [ 7.375, 5, 9.3125 ],
    "rotation": { "origin": [ 3.375, 0, 8.8125 ], "axis": "y", "angle": -45 },
    "faces": {
        "down":  { "uv": [ 6.5, 3, 2.5, 2.5 ], "texture": "#texture" },
        "up":    { "uv": [ 9.5, 2.5, 13.5, 3 ], "texture": "#texture" },
        "north": { "uv": [ 2.5, 11, 6.5, 16 ], "texture": "#texture" },
        "south": { "uv": [ 9.5, 11, 13.5, 16 ], "texture": "#texture" },
        "west":  { "uv": [ 2.5, 11, 3, 16 ], "texture": "#texture" },
        "east":  { "uv": [ 13, 11, 13.5, 16 ], "texture": "#texture" }
    }
},
{
    "from": [ 9.9375, 0, 11.625 ],
    "to": [ 13.9375, 5, 12.125 ],
    "rotation": { "origin": [ 9.9375, 0, 11.625 ], "axis": "y", "angle": 45 },
    "faces": {
        "down":  { "uv": [ 6.5, 3, 2.5, 2.5 ], "texture": "#texture" },
        "up":    { "uv": [ 9.5, 2.5, 13.5, 3 ], "texture": "#texture" },
        "north": { "uv": [ 2.5, 11, 6.5, 16 ], "texture": "#texture" },
        "south": { "uv": [ 9.5, 11, 13.5, 16 ], "texture": "#texture" },
        "west":  { "uv": [ 2.5, 11, 3, 16 ], "texture": "#texture" },
        "east":  { "uv": [ 13, 11, 13.5, 16 ], "texture": "#texture" }
    }
},
{
    "from": [ 6, 0, 11.5 ],
    "to": [ 10, 5, 12 ],
    "faces": {
        "down":  { "uv": [ 10, 12, 6, 11.5 ], "texture": "#texture" },
        "up":    { "uv": [ 6, 11.5, 10, 12 ], "texture": "#texture" },
        "north": { "uv": [ 6, 11, 10, 16 ], "texture": "#texture" },
        "south": { "uv": [ 6, 11, 10, 16 ], "texture": "#texture" },
        "west":  { "uv": [ 11.5, 11, 12, 16 ], "texture": "#texture" },
        "east":  { "uv": [ 4, 11, 4.5, 16 ], "texture": "#texture" }
    }
},
{
    "from": [ 7.5, 3.5, 12 ],
    "to": [ 8.5, 4.5, 18 ],
    "faces": {
        "down":  { "uv": [ 8.5, 16, 7.5, 12 ], "texture": "#texture" },
        "up":    { "uv": [ 7.5, 12, 8.5, 16 ], "texture": "#texture" },
        "north": { "uv": [ 7.5, 11.5, 8.5, 12.5 ], "texture": "#texture" },
        "south": { "uv": [ 7.5, 11.5, 8.5, 12.5 ], "texture": "#texture" },
        "west":  { "uv": [ 12, 11.5, 16, 12.5 ], "texture": "#texture" },
        "east":  { "uv": [ 0, 11.5, 4, 12.5 ], "texture": "#texture" }
    }
},
{
    "from": [ 3.5, 0, 5 ],
    "to": [ 12.5, 0.5, 9 ],
    "faces": {
        "down":  { "uv": [ 12.5, 9, 3.5, 5 ], "texture": "#texture" },
        "up":    { "uv": [ 3.5, 5, 12.5, 9 ], "texture": "#texture" },
        "north": { "uv": [ 3.5, 15.5, 12.5, 16 ], "texture": "#texture" },
        "south": { "uv": [ 3.5, 15.5, 12.5, 16 ], "texture": "#texture" },
        "west":  { "uv": [ 5, 15.5, 9, 16 ], "texture": "#texture" },
        "east":  { "uv": [ 7, 15.5, 11, 16 ], "texture": "#texture" }
    }
},
{
    "from": [ 3.5, 0, 9 ],
    "to": [ 12.5, 0.5, 9.5 ],
    "faces": {
        "down":  { "uv": [ 12.5, 9.5, 3.5, 9 ], "texture": "#texture" },
        "up":    { "uv": [ 3.5, 9, 12.5, 9.5 ], "texture": "#texture" },
        "north": { "uv": [ 3.5, 15.5, 12.5, 16 ], "texture": "#texture" },
        "south": { "uv": [ 3.5, 15.5, 12.5, 16 ], "texture": "#texture" },
        "west":  { "uv": [ 9, 15.5, 9.5, 16 ], "texture": "#texture" },
        "east":  { "uv": [ 6.5, 15.5, 7, 16 ], "texture": "#texture" }
    }
},
{
    "from": [ 4, 0, 9.5 ],
    "to": [ 12, 0.5, 10 ],
    "faces": {
        "down":  { "uv": [ 12, 10, 4, 9.5 ], "texture": "#texture" },
        "up":    { "uv": [ 4, 9.5, 12, 10 ], "texture": "#texture" },
        "north": { "uv": [ 4, 15.5, 12, 16 ], "texture": "#texture" },
        "south": { "uv": [ 4, 15.5, 12, 16 ], "texture": "#texture" },
        "west":  { "uv": [ 9.5, 15.5, 10, 16 ], "texture": "#texture" },
        "east":  { "uv": [ 6, 15.5, 6.5, 16 ], "texture": "#texture" }
    }
},
{
    "from": [ 4.5, 0, 10 ],
    "to": [ 11.5, 0.5, 10.5 ],
    "faces": {
        "down":  { "uv": [ 11.5, 10.5, 4.5, 10 ], "texture": "#texture" },
        "up":    { "uv": [ 4.5, 10, 11.5, 10.5 ], "texture": "#texture" },
        "north": { "uv": [ 4.5, 15.5, 11.5, 16 ], "texture": "#texture" },
        "south": { "uv": [ 4.5, 15.5, 11.5, 16 ], "texture": "#texture" },
        "west":  { "uv": [ 10, 15.5, 10.5, 16 ], "texture": "#texture" },
        "east":  { "uv": [ 5.5, 15.5, 6, 16 ], "texture": "#texture" }
    }
},
{
    "from": [ 5, 0, 10.5 ],
    "to": [ 11, 0.5, 11 ],
    "faces": {
        "down":  { "uv": [ 11, 11, 5, 10.5 ], "texture": "#texture" },
        "up":    { "uv": [ 5, 10.5, 11, 11 ], "texture": "#texture" },
        "north": { "uv": [ 5, 15.5, 11, 16 ], "texture": "#texture" },
        "south": { "uv": [ 5, 15.5, 11, 16 ], "texture": "#texture" },
        "west":  { "uv": [ 10.5, 15.5, 11, 16 ], "texture": "#texture" },
        "east":  { "uv": [ 5, 15.5, 5.5, 16 ], "texture": "#texture" }
    }
},
{
    "from": [ 5.5, 0, 11 ],
    "to": [ 10.5, 0.5, 11.5 ],
    "faces": {
        "down":  { "uv": [ 10.5, 11.5, 5.5, 11 ], "texture": "#texture" },
        "up":    { "uv": [ 5.5, 11, 10.5, 11.5 ], "texture": "#texture" },
        "north": { "uv": [ 5.5, 15.5, 10.5, 16 ], "texture": "#texture" },
        "south": { "uv": [ 5.5, 15.5, 10.5, 16 ], "texture": "#texture" },
        "west":  { "uv": [ 11, 15.5, 11.5, 16 ], "texture": "#texture" },
        "east":  { "uv": [ 4.5, 15.5, 5, 16 ], "texture": "#texture" }
    }
},
{
    "from": [ 3.5, 0, 4.5 ],
    "to": [ 12.5, 0.5, 5 ],
    "faces": {
        "down":  { "uv": [ 12.5, 5, 3.5, 4.5 ], "texture": "#texture" },
        "up":    { "uv": [ 3.5, 4.5, 12.5, 5 ], "texture": "#texture" },
        "north": { "uv": [ 3.5, 15.5, 12.5, 16 ], "texture": "#texture" },
        "south": { "uv": [ 3.5, 15.5, 12.5, 16 ], "texture": "#texture" },
        "west":  { "uv": [ 4.5, 15.5, 5, 16 ], "texture": "#texture" },
        "east":  { "uv": [ 11, 15.5, 11.5, 16 ], "texture": "#texture" }
    }
},
{
    "from": [ 4, 0, 4 ],
    "to": [ 12, 0.5, 4.5 ],
    "faces": {
        "down":  { "uv": [ 12, 4.5, 4, 4 ], "texture": "#texture" },
        "up":    { "uv": [ 4, 4, 12, 4.5 ], "texture": "#texture" },
        "north": { "uv": [ 4, 15.5, 12, 16 ], "texture": "#texture" },
        "south": { "uv": [ 4, 15.5, 12, 16 ], "texture": "#texture" },
        "west":  { "uv": [ 4, 15.5, 4.5, 16 ], "texture": "#texture" },
        "east":  { "uv": [ 11.5, 15.5, 12, 16 ], "texture": "#texture" }
    }
},
{
    "from": [ 4.5, 0, 3.5 ],
    "to": [ 11.5, 0.5, 4 ],
    "faces": {
        "down":  { "uv": [ 11.5, 4, 4.5, 3.5 ], "texture": "#texture" },
        "up":    { "uv": [ 4.5, 3.5, 11.5, 4 ], "texture": "#texture" },
        "north": { "uv": [ 4.5, 15.5, 11.5, 16 ], "texture": "#texture" },
        "south": { "uv": [ 4.5, 15.5, 11.5, 16 ], "texture": "#texture" },
        "west":  { "uv": [ 3.5, 15.5, 4, 16 ], "texture": "#texture" },
        "east":  { "uv": [ 12, 15.5, 12.5, 16 ], "texture": "#texture" }
    }
},
{
    "from": [ 5, 0, 3 ],
    "to": [ 11, 0.5, 3.5 ],
    "faces": {
        "down":  { "uv": [ 11, 3.5, 5, 3 ], "texture": "#texture" },
        "up":    { "uv": [ 5, 3, 11, 3.5 ], "texture": "#texture" },
        "north": { "uv": [ 5, 15.5, 11, 16 ], "texture": "#texture" },
        "south": { "uv": [ 5, 15.5, 11, 16 ], "texture": "#texture" },
        "west":  { "uv": [ 3, 15.5, 3.5, 16 ], "texture": "#texture" },
        "east":  { "uv": [ 12.5, 15.5, 13, 16 ], "texture": "#texture" }
    }
},
{
    "from": [ 5.5, 0, 2.5 ],
    "to": [ 10.5, 0.5, 3 ],
    "faces": {
        "down":  { "uv": [ 10.5, 3, 5.5, 2.5 ], "texture": "#texture" },
        "up":    { "uv": [ 5.5, 2.5, 10.5, 3 ], "texture": "#texture" },
        "north": { "uv": [ 5.5, 15.5, 10.5, 16 ], "texture": "#texture" },
        "south": { "uv": [ 5.5, 15.5, 10.5, 16 ], "texture": "#texture" },
        "west":  { "uv": [ 2.5, 15.5, 3, 16 ], "texture": "#texture" },
        "east":  { "uv": [ 13, 15.5, 13.5, 16 ], "texture": "#texture" }
    }
}
],
"display": {
    "thirdperson_righthand": {
        "rotation": [ 89, 0, 0 ],
        "translation": [ 0, 3.02, 4.16 ],
        "scale": [ 0.44, 0.41, 0.44 ]
    },
    "ground": {
        "rotation": [ 0, 0, 0 ],
        "translation": [ 0, 0.76, 0 ],
        "scale": [ 0.2, 0.2, 0.2 ]
    },
    "firstperson_righthand": {
        "rotation": [ 34, -52, 31 ],
        "translation": [ 19.84, -0.94, -14.55 ],
        "scale": [ 1, 1, 1 ]
    },
    "gui": {
        "rotation": [ 33, 142, 0 ],
        "translation": [ 0, 3.21, 0 ],
        "scale": [ 1, 1, 1 ]
    }
}
}