{
"__comment": "Designed by Tomaxed44 with BDcraft Cubik PRO 0.95 Beta - http://bdcraft.net",
"textures": {
    "particle": "items/Misc",
    "texture": "items/Misc"
},
"elements": [ 
{
    "from": [ 2.83211, 1, 2.375 ],
    "to": [ 4.83211, 2, 14.0625 ],
    "rotation": { "origin": [ 2.83211, 2, 2.375 ], "axis": "z", "angle": -45 },
    "faces": {
        "down":  { "uv": [ 14.5, 0, 15, 3 ], "texture": "#texture" },
        "up":    { "uv": [ 14.5, 0, 15, 3 ], "texture": "#texture" },
        "north": { "uv": [ 14, 1, 15, 1.5 ], "texture": "#texture" },
        "south": { "uv": [ 14, 1, 15, 1.5 ], "texture": "#texture" },
        "west":  { "uv": [ 13, 1, 16, 1.5 ], "texture": "#texture" },
        "east":  { "uv": [ 13, 1, 16, 1.5 ], "texture": "#texture" }
    }
},
{
    "from": [ 3, 0, 3 ],
    "to": [ 12.5, 1, 12.5 ],
    "faces": {
        "down":  { "uv": [ 13, 0, 16, 3 ], "texture": "#texture" },
        "up":    { "uv": [ 13, 0, 16, 3 ], "texture": "#texture" },
        "north": { "uv": [ 13, 1, 16, 1.5 ], "texture": "#texture" },
        "south": { "uv": [ 13, 1, 16, 1.5 ], "texture": "#texture" },
        "west":  { "uv": [ 13.5, 1.5, 15.5, 2 ], "texture": "#texture" },
        "east":  { "uv": [ 13.5, 1.5, 15.5, 2 ], "texture": "#texture" }
    }
},
{
    "from": [ 11.8125, -0.5, 2.625 ],
    "to": [ 13.8125, 0.5, 13.9375 ],
    "rotation": { "origin": [ 11.8125, 0.5, 2.625 ], "axis": "z", "angle": 45 },
    "faces": {
        "down":  { "uv": [ 14.5, 0, 15, 3 ], "texture": "#texture" },
        "up":    { "uv": [ 14.5, 0, 15, 3 ], "texture": "#texture" },
        "north": { "uv": [ 13.5, 1.5, 14.5, 2 ], "texture": "#texture" },
        "south": { "uv": [ 13.5, 1.5, 14.5, 2 ], "texture": "#texture" },
        "west":  { "uv": [ 13, 1, 16, 1.5 ], "texture": "#texture" },
        "east":  { "uv": [ 13, 1, 16, 1.5 ], "texture": "#texture" }
    }
},
{
    "from": [ 3, 1, 2.5 ],
    "to": [ 13, 2, 4.5 ],
    "rotation": { "origin": [ 3, 2, 2.5 ], "axis": "x", "angle": 45 },
    "faces": {
        "down":  { "uv": [ 13, 1.5, 16, 2 ], "texture": "#texture" },
        "up":    { "uv": [ 13, 1.5, 16, 2 ], "texture": "#texture" },
        "north": { "uv": [ 13, 1, 16, 1.5 ], "texture": "#texture" },
        "south": { "uv": [ 13, 1, 16, 1.5 ], "texture": "#texture" },
        "west":  { "uv": [ 14, 0, 15, 0.5 ], "texture": "#texture" },
        "east":  { "uv": [ 14, 0, 15, 0.5 ], "texture": "#texture" }
    }
},
{
    "from": [ 3, -0.4375, 12.3125 ],
    "to": [ 13, 0.5625, 14.3125 ],
    "rotation": { "origin": [ 3, 0.5625, 12.3125 ], "axis": "x", "angle": -45 },
    "faces": {
        "down":  { "uv": [ 13, 1.5, 16, 2 ], "texture": "#texture" },
        "up":    { "uv": [ 13, 1.5, 16, 2 ], "texture": "#texture" },
        "north": { "uv": [ 13, 1, 16, 1.5 ], "texture": "#texture" },
        "south": { "uv": [ 13, 1, 16, 1.5 ], "texture": "#texture" },
        "west":  { "uv": [ 14, 1, 15, 1.5 ], "texture": "#texture" },
        "east":  { "uv": [ 14, 1, 15, 1.5 ], "texture": "#texture" }
    }
}
],
"display": {
    "thirdperson_righthand": {
        "rotation": [ 180, 120, -101 ],
        "translation": [ -1.32, 2.27, 5.29 ],
        "scale": [ 0.6, 0.6, 0.6 ]
    },
    "ground": {
        "rotation": [ 0, 0, 0 ],
        "translation": [ 0, 2.65, 0 ],
        "scale": [ 0.5, 0.5, 0.5 ]
    },
    "firstperson_righthand": {
        "rotation": [ 9, 17, 0 ],
        "translation": [ 4.16, 6.24, 0.94 ],
        "scale": [ 1, 1, 1 ]
    },
    "gui": {
        "rotation": [ -45, 119, 0 ],
        "translation": [ 0, 3.59, 0 ],
        "scale": [ 0.9, 0.9, 0.9 ]
    }
}
}