{
"__comment": "Designed by tomaxed with Cubik",
"textures": {
    "particle": "items/glasses",
    "texture": "items/glasses"
},
"elements": [ 
{
    "from": [ 3, 6, 0.5 ],
    "to": [ 11, 7, 1.5 ],
    "faces": {
        "down":  { "uv": [ 13, 1.5, 5, 0.5 ], "texture": "#texture" },
        "up":    { "uv": [ 3, 0.5, 11, 1.5 ], "texture": "#texture" },
        "north": { "uv": [ 5, 9, 13, 10 ], "texture": "#texture" },
        "south": { "uv": [ 3, 9, 11, 10 ], "texture": "#texture" },
        "west":  { "uv": [ 0.5, 9, 1.5, 10 ], "texture": "#texture" },
        "east":  { "uv": [ 14.5, 9, 15.5, 10 ], "texture": "#texture" }
    }
},
{
    "from": [ 11, 6, 0.5 ],
    "to": [ 15, 7, 1.5 ],
    "rotation": { "origin": [ 11, 7, 0.5 ], "axis": "z", "angle": -22.5 },
    "faces": {
        "down":  { "uv": [ 8, 1.5, 4, 0.5 ], "texture": "#texture" },
        "up":    { "uv": [ 8, 0.5, 12, 1.5 ], "texture": "#texture" },
        "north": { "uv": [ 4, 9, 8, 10 ], "texture": "#texture" },
        "south": { "uv": [ 8, 9, 12, 10 ], "texture": "#texture" },
        "west":  { "uv": [ 0.5, 9, 1.5, 10 ], "texture": "#texture" },
        "east":  { "uv": [ 14.5, 9, 15.5, 10 ], "texture": "#texture" }
    }
},
{
    "from": [ 3, 6, 14.5 ],
    "to": [ 11, 7, 15.5 ],
    "faces": {
        "down":  { "uv": [ 13, 15.5, 5, 14.5 ], "texture": "#texture" },
        "up":    { "uv": [ 3, 14.5, 11, 15.5 ], "texture": "#texture" },
        "north": { "uv": [ 5, 9, 13, 10 ], "texture": "#texture" },
        "south": { "uv": [ 3, 9, 11, 10 ], "texture": "#texture" },
        "west":  { "uv": [ 14.5, 9, 15.5, 10 ], "texture": "#texture" },
        "east":  { "uv": [ 0.5, 9, 1.5, 10 ], "texture": "#texture" }
    }
},
{
    "from": [ 11, 6, 14.5 ],
    "to": [ 15, 7, 15.5 ],
    "rotation": { "origin": [ 11, 7, 14.5 ], "axis": "z", "angle": -22.5 },
    "faces": {
        "down":  { "uv": [ 8, 1.5, 4, 0.5 ], "texture": "#texture" },
        "up":    { "uv": [ 8, 0.5, 12, 1.5 ], "texture": "#texture" },
        "north": { "uv": [ 4, 9, 8, 10 ], "texture": "#texture" },
        "south": { "uv": [ 8, 9, 12, 10 ], "texture": "#texture" },
        "west":  { "uv": [ 0.5, 9, 1.5, 10 ], "texture": "#texture" },
        "east":  { "uv": [ 14.5, 9, 15.5, 10 ], "texture": "#texture" }
    }
},
{
    "from": [ 3, 6, 1.5 ],
    "to": [ 4, 7, 2.5 ],
    "faces": {
        "down":  { "uv": [ 13, 2.5, 12, 1.5 ], "texture": "#texture" },
        "up":    { "uv": [ 3, 1.5, 4, 2.5 ], "texture": "#texture" },
        "north": { "uv": [ 12, 9, 13, 10 ], "texture": "#texture" },
        "south": { "uv": [ 3, 9, 4, 10 ], "texture": "#texture" },
        "west":  { "uv": [ 1.5, 9, 2.5, 10 ], "texture": "#texture" },
        "east":  { "uv": [ 13.5, 9, 14.5, 10 ], "texture": "#texture" }
    }
},
{
    "from": [ 3, 6, 13.5 ],
    "to": [ 4, 7, 14.5 ],
    "faces": {
        "down":  { "uv": [ 13, 14.5, 12, 13.5 ], "texture": "#texture" },
        "up":    { "uv": [ 3, 13.5, 4, 14.5 ], "texture": "#texture" },
        "north": { "uv": [ 12, 9, 13, 10 ], "texture": "#texture" },
        "south": { "uv": [ 3, 9, 4, 10 ], "texture": "#texture" },
        "west":  { "uv": [ 13.5, 9, 14.5, 10 ], "texture": "#texture" },
        "east":  { "uv": [ 1.5, 9, 2.5, 10 ], "texture": "#texture" }
    }
},
{
    "from": [ 3, 6, 7 ],
    "to": [ 4, 7, 9 ],
    "faces": {
        "down":  { "uv": [ 13, 9, 12, 7 ], "texture": "#texture" },
        "up":    { "uv": [ 3, 7, 4, 9 ], "texture": "#texture" },
        "north": { "uv": [ 12, 9, 13, 10 ], "texture": "#texture" },
        "south": { "uv": [ 3, 9, 4, 10 ], "texture": "#texture" },
        "west":  { "uv": [ 7, 9, 9, 10 ], "texture": "#texture" },
        "east":  { "uv": [ 7, 9, 9, 10 ], "texture": "#texture" }
    }
},
{
    "from": [ 3, 6.5, 2.5 ],
    "to": [ 4, 7.5, 7 ],
    "faces": {
        "down":  { "uv": [ 13, 7, 12, 2.5 ], "texture": "#texture" },
        "up":    { "uv": [ 3, 2.5, 4, 7 ], "texture": "#texture" },
        "north": { "uv": [ 12, 8.5, 13, 9.5 ], "texture": "#texture" },
        "south": { "uv": [ 3, 8.5, 4, 9.5 ], "texture": "#texture" },
        "west":  { "uv": [ 2.5, 8.5, 7, 9.5 ], "texture": "#texture" },
        "east":  { "uv": [ 9, 8.5, 13.5, 9.5 ], "texture": "#texture" }
    }
},
{
    "from": [ 3, 6.5, 9 ],
    "to": [ 4, 7.5, 13.5 ],
    "faces": {
        "down":  { "uv": [ 13, 13.5, 12, 9 ], "texture": "#texture" },
        "up":    { "uv": [ 3, 9, 4, 13.5 ], "texture": "#texture" },
        "north": { "uv": [ 12, 8.5, 13, 9.5 ], "texture": "#texture" },
        "south": { "uv": [ 3, 8.5, 4, 9.5 ], "texture": "#texture" },
        "west":  { "uv": [ 9, 8.5, 13.5, 9.5 ], "texture": "#texture" },
        "east":  { "uv": [ 2.5, 8.5, 7, 9.5 ], "texture": "#texture" }
    }
},
{
    "from": [ 3, 3, 3 ],
    "to": [ 4, 4, 6.5 ],
    "faces": {
        "down":  { "uv": [ 13, 8, 12, 3 ], "texture": "#texture" },
        "up":    { "uv": [ 3, 3, 4, 8 ], "texture": "#texture" },
        "north": { "uv": [ 12, 12, 13, 13 ], "texture": "#texture" },
        "south": { "uv": [ 3, 12, 4, 13 ], "texture": "#texture" },
        "west":  { "uv": [ 3, 12, 8, 13 ], "texture": "#texture" },
        "east":  { "uv": [ 8, 12, 13, 13 ], "texture": "#texture" }
    }
},
{
    "from": [ 3, 3, 9.5 ],
    "to": [ 4, 4, 13 ],
    "faces": {
        "down":  { "uv": [ 13, 8, 12, 3 ], "texture": "#texture" },
        "up":    { "uv": [ 3, 3, 4, 8 ], "texture": "#texture" },
        "north": { "uv": [ 12, 12, 13, 13 ], "texture": "#texture" },
        "south": { "uv": [ 3, 12, 4, 13 ], "texture": "#texture" },
        "west":  { "uv": [ 3, 12, 8, 13 ], "texture": "#texture" },
        "east":  { "uv": [ 8, 12, 13, 13 ], "texture": "#texture" }
    }
},
{
    "from": [ 3, 3, 8 ],
    "to": [ 4, 6, 9 ],
    "rotation": { "origin": [ 3, 6, 8 ], "axis": "x", "angle": -22.5 },
    "faces": {
        "down":  { "uv": [ 3, 8, 4, 9 ], "texture": "#texture" },
        "up":    { "uv": [ 3, 8, 4, 9 ], "texture": "#texture" },
        "north": { "uv": [ 3, 10, 4, 13 ], "texture": "#texture" },
        "south": { "uv": [ 3, 10, 4, 13 ], "texture": "#texture" },
        "west":  { "uv": [ 8, 10, 9, 13 ], "texture": "#texture" },
        "east":  { "uv": [ 8, 10, 9, 13 ], "texture": "#texture" }
    }
},
{
    "from": [ 3, 3.5, 7 ],
    "to": [ 4, 6.5, 8 ],
    "rotation": { "origin": [ 3, 6.5, 7 ], "axis": "x", "angle": 22.5 },
    "faces": {
        "down":  { "uv": [ 3, 7, 4, 8 ], "texture": "#texture" },
        "up":    { "uv": [ 3, 7, 4, 8 ], "texture": "#texture" },
        "north": { "uv": [ 3, 9.5, 4, 12.5 ], "texture": "#texture" },
        "south": { "uv": [ 3, 9.5, 4, 12.5 ], "texture": "#texture" },
        "west":  { "uv": [ 7, 9.5, 8, 12.5 ], "texture": "#texture" },
        "east":  { "uv": [ 7, 9.5, 8, 12.5 ], "texture": "#texture" }
    }
},
{
    "from": [ 3, 3, 1.5 ],
    "to": [ 4, 6, 2.5 ],
    "rotation": { "origin": [ 3, 6, 1.5 ], "axis": "x", "angle": -22.5 },
    "faces": {
        "down":  { "uv": [ 3, 1.5, 4, 2.5 ], "texture": "#texture" },
        "up":    { "uv": [ 3, 1.5, 4, 2.5 ], "texture": "#texture" },
        "north": { "uv": [ 3, 10, 4, 13 ], "texture": "#texture" },
        "south": { "uv": [ 3, 10, 4, 13 ], "texture": "#texture" },
        "west":  { "uv": [ 1.5, 10, 2.5, 13 ], "texture": "#texture" },
        "east":  { "uv": [ 1.5, 10, 2.5, 13 ], "texture": "#texture" }
    }
},
{
    "from": [ 3, 3.5, 13.5 ],
    "to": [ 4, 6.5, 14.5 ],
    "rotation": { "origin": [ 3, 6.5, 13.5 ], "axis": "x", "angle": 22.5 },
    "faces": {
        "down":  { "uv": [ 3, 13.5, 4, 14.5 ], "texture": "#texture" },
        "up":    { "uv": [ 3, 13.5, 4, 14.5 ], "texture": "#texture" },
        "north": { "uv": [ 3, 9.5, 4, 12.5 ], "texture": "#texture" },
        "south": { "uv": [ 3, 9.5, 4, 12.5 ], "texture": "#texture" },
        "west":  { "uv": [ 13.5, 9.5, 14.5, 12.5 ], "texture": "#texture" },
        "east":  { "uv": [ 13.5, 9.5, 14.5, 12.5 ], "texture": "#texture" }
    }
}
],
"display": {
    "thirdperson_righthand": {
        "rotation": [ 43, -132, -35 ],
        "translation": [ 0, 1.12, 3.21 ],
        "scale": [ 0.44, 0.41, 0.44 ]
    },
    "ground": {
        "rotation": [ 0, 0, 0 ],
        "translation": [ 0, 0.76, 0 ],
        "scale": [ 0.2, 0.2, 0.2 ]
    },
    "firstperson_righthand": {
        "rotation": [ 13, -140, 0 ],
        "translation": [ 8.5, -2.08, -8.5 ],
        "scale": [ 1, 1, 1 ]
    },
    "gui": {
        "rotation": [ 35, 45, 0 ],
        "translation": [ 0, 0, 0 ],
        "scale": [ 0.7, 0.7, 0.7 ]
    }
}
}