{
"__comment": "Designed by tomaxed with Cubik",
"textures": {
    "particle": "items/misc",
    "texture": "items/misc"
},
"elements": [ 
{
    "from": [ 2.5, 0, 3 ],
    "to": [ 5.5, 1, 6 ],
    "faces": {
        "down":  { "uv": [ 0.5, 2.5, 3.5, 5.5 ], "texture": "#texture" },
        "up":    { "uv": [ 0.5, 2.5, 3.5, 5.5 ], "texture": "#texture" },
        "north": { "uv": [ 1.5, 4, 4.5, 5 ], "texture": "#texture" },
        "west":  { "uv": [ 1.5, 4, 4.5, 5 ], "texture": "#texture" },
        "east":  { "uv": [ 1.5, 4, 4.5, 5 ], "texture": "#texture" }
    }
},
{
    "from": [ 2.5, 0, 6 ],
    "to": [ 8, 1, 7 ],
    "faces": {
        "down":  { "uv": [ 0, 4, 5, 5 ], "texture": "#texture" },
        "up":    { "uv": [ 0, 4, 5, 5 ], "texture": "#texture" },
        "north": { "uv": [ 0, 3.5, 5, 4.5 ], "texture": "#texture" },
        "south": { "uv": [ 0, 3.5, 5, 4.5 ], "texture": "#texture" },
        "west":  { "uv": [ 2, 3, 3, 4 ], "texture": "#texture" },
        "east":  { "uv": [ 2, 3, 3, 4 ], "texture": "#texture" }
    }
},
{
    "from": [ 10.5, 0, 7.5 ],
    "to": [ 13.5, 1, 10.5 ],
    "rotation": { "origin": [ 10.5, 0, 7.5 ], "axis": "y", "angle": 45 },
    "faces": {
        "down":  { "uv": [ 1, 2.5, 4, 5.5 ], "texture": "#texture" },
        "up":    { "uv": [ 1, 2.5, 4, 5.5 ], "texture": "#texture" },
        "north": { "uv": [ 1, 3.5, 4, 4.5 ], "texture": "#texture" },
        "south": { "uv": [ 1, 3.5, 4, 4.5 ], "texture": "#texture" },
        "west":  { "uv": [ 0.5, 3, 3.5, 4 ], "texture": "#texture" },
        "east":  { "uv": [ 0.5, 3, 3.5, 4 ], "texture": "#texture" }
    }
},
{
    "from": [ 3.5, 0, 10 ],
    "to": [ 5.5, 1, 12.5 ],
    "rotation": { "origin": [ 3.5, 0, 10 ], "axis": "y", "angle": 22.5 },
    "faces": {
        "down":  { "uv": [ 1.5, 1.5, 4.5, 4.5 ], "texture": "#texture" },
        "up":    { "uv": [ 1.5, 1.5, 4.5, 4.5 ], "texture": "#texture" },
        "north": { "uv": [ 2, 4.5, 5, 5.5 ], "texture": "#texture" },
        "south": { "uv": [ 2, 4.5, 5, 5.5 ], "texture": "#texture" },
        "west":  { "uv": [ 1, 3.5, 4, 4.5 ], "texture": "#texture" },
        "east":  { "uv": [ 1, 3.5, 4, 4.5 ], "texture": "#texture" }
    }
},
{
    "from": [ 6.5, 0, 8 ],
    "to": [ 8, 1, 10.5 ],
    "faces": {
        "down":  { "uv": [ 1, 1.5, 4, 4.5 ], "texture": "#texture" },
        "up":    { "uv": [ 1, 1.5, 4, 4.5 ], "texture": "#texture" },
        "north": { "uv": [ 0.5, 4, 3.5, 5 ], "texture": "#texture" },
        "south": { "uv": [ 0.5, 4, 3.5, 5 ], "texture": "#texture" },
        "west":  { "uv": [ 1.5, 5, 4.5, 6 ], "texture": "#texture" },
        "east":  { "uv": [ 1.5, 5, 4.5, 6 ], "texture": "#texture" }
    }
},
{
    "from": [ 9.5, 0, 10.5 ],
    "to": [ 12, 1, 14 ],
    "rotation": { "origin": [ 9.5, 0, 10.5 ], "axis": "y", "angle": -22.5 },
    "faces": {
        "down":  { "uv": [ 1.5, 2.5, 4.5, 5.5 ], "texture": "#texture" },
        "up":    { "uv": [ 1.5, 2.5, 4.5, 5.5 ], "texture": "#texture" },
        "north": { "uv": [ 0, 5, 3, 6 ], "texture": "#texture" },
        "south": { "uv": [ 0, 5, 3, 6 ], "texture": "#texture" },
        "west":  { "uv": [ 1, 5, 4, 6 ], "texture": "#texture" },
        "east":  { "uv": [ 1, 5, 4, 6 ], "texture": "#texture" }
    }
},
{
    "from": [ 11.5, 0, 1.5 ],
    "to": [ 13, 1, 3 ],
    "faces": {
        "down":  { "uv": [ 2, 2.5, 3.5, 4 ], "texture": "#texture" },
        "up":    { "uv": [ 2, 2.5, 3.5, 4 ], "texture": "#texture" },
        "north": { "uv": [ 3, 5, 4.5, 6 ], "texture": "#texture" },
        "south": { "uv": [ 3, 5, 4.5, 6 ], "texture": "#texture" },
        "west":  { "uv": [ 2, 5, 3.5, 6 ], "texture": "#texture" },
        "east":  { "uv": [ 2, 5, 3.5, 6 ], "texture": "#texture" }
    }
},
{
    "from": [ 12, 0, 13 ],
    "to": [ 13, 1, 14.5 ],
    "faces": {
        "down":  { "uv": [ 1.5, 1.5, 4.5, 4.5 ], "texture": "#texture" },
        "up":    { "uv": [ 1.5, 1.5, 4.5, 4.5 ], "texture": "#texture" },
        "north": { "uv": [ 2, 4, 5, 5 ], "texture": "#texture" },
        "south": { "uv": [ 2, 4, 5, 5 ], "texture": "#texture" },
        "west":  { "uv": [ 1.5, 3.5, 4.5, 4.5 ], "texture": "#texture" },
        "east":  { "uv": [ 1.5, 3.5, 4.5, 4.5 ], "texture": "#texture" }
    }
},
{
    "from": [ 2.5, 0, 13 ],
    "to": [ 4, 1, 13.5 ],
    "faces": {
        "down":  { "uv": [ 1, 2, 4, 5 ], "texture": "#texture" },
        "up":    { "uv": [ 1, 2, 4, 5 ], "texture": "#texture" },
        "north": { "uv": [ 1, 4, 4, 5 ], "texture": "#texture" },
        "south": { "uv": [ 1, 4, 4, 5 ], "texture": "#texture" },
        "west":  { "uv": [ 1, 2.5, 4, 3.5 ], "texture": "#texture" },
        "east":  { "uv": [ 1, 2.5, 4, 3.5 ], "texture": "#texture" }
    }
},
{
    "from": [ 1.5, 0, 8.5 ],
    "to": [ 2.5, 1, 9.5 ],
    "faces": {
        "down":  { "uv": [ 1.5, 3, 2.5, 4 ], "texture": "#texture" },
        "up":    { "uv": [ 1.5, 3, 2.5, 4 ], "texture": "#texture" },
        "north": { "uv": [ 2.5, 4, 3.5, 5 ], "texture": "#texture" },
        "south": { "uv": [ 2.5, 4, 3.5, 5 ], "texture": "#texture" },
        "west":  { "uv": [ 2.5, 4, 3.5, 5 ], "texture": "#texture" },
        "east":  { "uv": [ 2.5, 4, 3.5, 5 ], "texture": "#texture" }
    }
},
{
    "from": [ 3, 0, 12.5 ],
    "to": [ 3.5, 1, 13 ],
    "faces": {
        "down":  { "uv": [ 3.5, 3.5, 4, 4 ], "texture": "#texture" },
        "up":    { "uv": [ 3.5, 3.5, 4, 4 ], "texture": "#texture" },
        "north": { "uv": [ 3.5, 2, 4, 3 ], "texture": "#texture" },
        "west":  { "uv": [ 3, 3.5, 3.5, 4.5 ], "texture": "#texture" },
        "east":  { "uv": [ 3, 3.5, 3.5, 4.5 ], "texture": "#texture" }
    }
},
{
    "from": [ 13, 0, 13.5 ],
    "to": [ 13.5, 1, 14.5 ],
    "faces": {
        "down":  { "uv": [ 0.5, 3, 3.5, 6 ], "texture": "#texture" },
        "up":    { "uv": [ 0.5, 3, 3.5, 6 ], "texture": "#texture" },
        "north": { "uv": [ 0.5, 4, 3.5, 5 ], "texture": "#texture" },
        "south": { "uv": [ 0.5, 4, 3.5, 5 ], "texture": "#texture" },
        "east":  { "uv": [ 1.5, 4, 4.5, 5 ], "texture": "#texture" }
    }
},
{
    "from": [ 11, 0, 2 ],
    "to": [ 11.5, 1, 3 ],
    "faces": {
        "down":  { "uv": [ 2.5, 3, 3, 4 ], "texture": "#texture" },
        "up":    { "uv": [ 2.5, 3, 3, 4 ], "texture": "#texture" },
        "north": { "uv": [ 2.5, 3.5, 3, 4.5 ], "texture": "#texture" },
        "south": { "uv": [ 2.5, 3.5, 3, 4.5 ], "texture": "#texture" },
        "west":  { "uv": [ 3.5, 4, 4.5, 5 ], "texture": "#texture" }
    }
},
{
    "from": [ 8, 0, 9 ],
    "to": [ 8.5, 1, 10 ],
    "faces": {
        "down":  { "uv": [ 0.5, 2.5, 3.5, 5.5 ], "texture": "#texture" },
        "up":    { "uv": [ 0.5, 2.5, 3.5, 5.5 ], "texture": "#texture" },
        "north": { "uv": [ 1, 5, 4, 6 ], "texture": "#texture" },
        "south": { "uv": [ 1, 5, 4, 6 ], "texture": "#texture" },
        "east":  { "uv": [ 2, 4.5, 5, 5.5 ], "texture": "#texture" }
    }
},
{
    "from": [ 1.5, 0, 4 ],
    "to": [ 2.5, 1, 6 ],
    "faces": {
        "down":  { "uv": [ 1, 2, 4, 5 ], "texture": "#texture" },
        "up":    { "uv": [ 1, 2, 4, 5 ], "texture": "#texture" },
        "north": { "uv": [ 2, 3, 5, 4 ], "texture": "#texture" },
        "south": { "uv": [ 2, 3, 5, 4 ], "texture": "#texture" },
        "west":  { "uv": [ 0.5, 4, 3.5, 5 ], "texture": "#texture" }
    }
},
{
    "from": [ 5.5, 0, 4 ],
    "to": [ 7, 1, 6 ],
    "faces": {
        "down":  { "uv": [ 1, 3.5, 4, 6.5 ], "texture": "#texture" },
        "up":    { "uv": [ 1, 3.5, 4, 6.5 ], "texture": "#texture" },
        "north": { "uv": [ 2, 3.5, 5, 4.5 ], "texture": "#texture" },
        "east":  { "uv": [ 1, 5, 4, 6 ], "texture": "#texture" }
    }
}
],
"display": {
    "thirdperson_righthand": {
        "rotation": [ 89, 0, 0 ],
        "translation": [ 0, 3.02, 4.16 ],
        "scale": [ 0.44, 0.41, 0.44 ]
    },
    "ground": {
        "rotation": [ 0, 0, 0 ],
        "translation": [ 0, 0.76, 0 ],
        "scale": [ 0.2, 0.2, 0.2 ]
    },
    "firstperson_righthand": {
        "rotation": [ 34, -52, 31 ],
        "translation": [ 19.84, -0.94, -14.55 ],
        "scale": [ 1, 1, 1 ]
    },
    "gui": {
        "rotation": [ 47, -34, 0 ],
        "translation": [ 0, 3.21, 0 ],
        "scale": [ 0.8, 0.8, 0.8 ]
    }
}
}