{
"__comment": "Designed by tomaxed with Cubik",
"textures": {
    "particle": "blocks/planks_jungle",
    "texture": "blocks/planks_jungle"
},
"elements": [ 
{
    "from": [ 1.5, 0, 2.5 ],
    "to": [ 15, 1, 6 ],
    "rotation": { "origin": [ 1.5, 0, 2.5 ], "axis": "y", "angle": -22.5 },
    "faces": {
        "down":  { "uv": [ 1.5, 2.5, 15, 6 ], "texture": "#texture" },
        "up":    { "uv": [ 1.5, 2.5, 15, 6 ], "texture": "#texture" },
        "north": { "uv": [ 1.5, 15, 15, 16 ], "texture": "#texture" },
        "south": { "uv": [ 1.5, 15, 15, 16 ], "texture": "#texture" },
        "west":  { "uv": [ 2.5, 15, 6, 16 ], "texture": "#texture" },
        "east":  { "uv": [ 2.5, 15, 6, 16 ], "texture": "#texture" }
    }
},
{
    "from": [ 4, 1, 10.5 ],
    "to": [ 15, 2, 14.5 ],
    "rotation": { "origin": [ 4, 2, 10.5 ], "axis": "x", "angle": 22.5 },
    "faces": {
        "down":  { "uv": [ 3.5, 2, 14.5, 6 ], "texture": "#texture" },
        "up":    { "uv": [ 3.5, 2, 14.5, 6 ], "texture": "#texture" },
        "north": { "uv": [ 4, 14, 15, 15 ], "texture": "#texture" },
        "south": { "uv": [ 4, 14, 15, 15 ], "texture": "#texture" },
        "west":  { "uv": [ 10.5, 14, 14.5, 15 ], "texture": "#texture" },
        "east":  { "uv": [ 10.5, 14, 14.5, 15 ], "texture": "#texture" }
    }
},
{
    "from": [ 5.5, 1, 1 ],
    "to": [ 9.5, 2, 11.5 ],
    "rotation": { "origin": [ 5.5, 1, 1 ], "axis": "y", "angle": 22.5 },
    "faces": {
        "down":  { "uv": [ 2, 4.5, 11.5, 8 ], "rotation": 270, "texture": "#texture" },
        "up":    { "uv": [ 11.5, 4.5, 2, 8 ], "rotation": 90, "texture": "#texture" },
        "north": { "uv": [ 5.5, 14, 9.5, 15 ], "texture": "#texture" },
        "south": { "uv": [ 5.5, 14, 9.5, 15 ], "texture": "#texture" },
        "west":  { "uv": [ 1, 14, 11.5, 15 ], "texture": "#texture" },
        "east":  { "uv": [ 1, 14, 11.5, 15 ], "texture": "#texture" }
    }
}
],
"display": {
    "thirdperson_righthand": {
        "rotation": [ 74, -58, 0 ],
        "translation": [ 0.94, 3.21, 6.99 ],
        "scale": [ 1, 1, 1 ]
    },
    "ground": {
        "rotation": [ 0, 0, 0 ],
        "translation": [ 0, 0.76, 0 ],
        "scale": [ 0.2, 0.2, 0.2 ]
    },
    "firstperson_righthand": {
        "rotation": [ -38, 55, 55 ],
        "translation": [ 0, 4.16, 0 ],
        "scale": [ 0.4, 0.4, 0.4 ]
    },
    "gui": {
        "rotation": [ 31, 120, 0 ],
        "translation": [ 0, 5.1, 0 ],
        "scale": [ 1, 1, 1 ]
    }
}
}