{
"__comment": "Designed by Tomaxed44 with BDcraft Cubik PRO 0.95 Beta - http://bdcraft.net",
"textures": {
    "particle": "blocks/stone_slab_top",
    "texture": "items/Misc"
},
"elements": [ 
{
    "from": [ 7.5, 7.5, 7.5 ],
    "to": [ 8.5, 8.5, 8.5 ],
    "faces": {
        "down":  { "uv": [ 5.5, 12.5, 6.5, 13.5 ], "texture": "#texture" },
        "up":    { "uv": [ 5.5, 12.5, 6.5, 13.5 ], "texture": "#texture" },
        "north": { "uv": [ 4, 11.5, 5, 12.5 ], "texture": "#texture" },
        "south": { "uv": [ 4, 11.5, 5, 12.5 ], "texture": "#texture" },
        "west":  { "uv": [ 5, 12.5, 6, 13.5 ], "texture": "#texture" },
        "east":  { "uv": [ 5, 12.5, 6, 13.5 ], "texture": "#texture" }
    }
}
],
"display": {
    "thirdperson_lefthand": {
        "rotation": [ 0, 0, 0 ],
        "translation": [ 0, 0, 0 ],
        "scale": [ 0, 0, 0 ]
    },
    "firstperson_lefthand": {
        "rotation": [ 0, 0, 0 ],
        "translation": [ 0, 0, 0 ],
        "scale": [ 0, 0, 0 ]
    },
    "gui": {
        "rotation": [ 0, 0, 0 ],
        "translation": [ 0, 0, 0 ],
        "scale": [ 0, 0, 0 ]
    }
}
}