{
"__comment": "Designed by Tomaxed44 with BDcraft Cubik PRO 0.95 Beta - http://bdcraft.net",
"textures": {
    "texture": "items/Misc"
},
"elements": [ 
{
    "from": [ 0, 12, 0 ],
    "to": [ 16, 16, 4 ],
    "faces": {
        "down":  { "uv": [ 10, 11, 16, 14 ], "texture": "#texture" },
        "up":    { "uv": [ 10, 11, 16, 14 ], "texture": "#texture" },
        "north": { "uv": [ 10, 11, 16, 14.5 ], "texture": "#texture" },
        "south": { "uv": [ 10, 11, 16, 14.5 ], "texture": "#texture" },
        "west":  { "uv": [ 12, 11, 16, 15 ], "texture": "#texture" },
        "east":  { "uv": [ 12, 11, 16, 15 ], "texture": "#texture" }
    }
},
{
    "from": [ 0, 12, 12 ],
    "to": [ 16, 16, 16 ],
    "faces": {
        "down":  { "uv": [ 10, 12.5, 16, 16 ], "texture": "#texture" },
        "up":    { "uv": [ 10, 12.5, 16, 16 ], "texture": "#texture" },
        "north": { "uv": [ 10, 12.5, 16, 16 ], "texture": "#texture" },
        "south": { "uv": [ 10, 12.5, 16, 16 ], "texture": "#texture" },
        "west":  { "uv": [ 11.5, 12, 15.5, 16 ], "texture": "#texture" },
        "east":  { "uv": [ 11.5, 12, 15.5, 16 ], "texture": "#texture" }
    }
},
{
    "from": [ 12, 12, 4 ],
    "to": [ 16, 16, 12 ],
    "faces": {
        "down":  { "uv": [ 12, 8, 16, 16 ], "texture": "#texture" },
        "up":    { "uv": [ 12, 8, 16, 16 ], "texture": "#texture" },
        "west":  { "uv": [ 10, 10, 16, 14 ], "texture": "#texture" },
        "east":  { "uv": [ 10, 10, 16, 14 ], "texture": "#texture" }
    }
},
{
    "from": [ 0, 12, 4 ],
    "to": [ 4, 16, 12 ],
    "faces": {
        "down":  { "uv": [ 12, 8, 16, 16 ], "texture": "#texture" },
        "up":    { "uv": [ 12, 8, 16, 16 ], "texture": "#texture" },
        "west":  { "uv": [ 10, 10, 16, 14 ], "texture": "#texture" },
        "east":  { "uv": [ 10, 10, 16, 14 ], "texture": "#texture" }
    }
}
],
"display": {
    "ground": {
        "rotation": [ 38, 37, 35 ],
        "translation": [ 0, -2.65, 0 ],
        "scale": [ 0.2, 0.2, 0.2 ]
    },
    "firstperson_righthand": {
        "rotation": [ 69, -28, 57 ],
        "translation": [ 3.78, 0.76, 0 ],
        "scale": [ 0.4, 0.4, 0.4 ]
    },
    "gui": {
        "rotation": [ 122, 145, -44 ],
        "translation": [ 2.08, 0.38, 0 ],
        "scale": [ 0.6, 0.6, 0.6 ]
    }
}
}