{
"__comment": "Designed by Tomaxed44 with BDcraft Cubik PRO 0.95 Beta - http://bdcraft.net",
"textures": {
    "particle": "items/mask",
    "texture": "items/mask"
},
"elements": [ 
{
    "from": [ 3, -16, 5 ],
    "to": [ 13, -14, 11 ],
    "faces": {
        "down":  { "uv": [ 3, 5, 13, 11 ], "texture": "#texture" },
        "up":    { "uv": [ 3, 5, 13, 11 ], "texture": "#texture" },
        "north": { "uv": [ 3, 14, 13, 16 ], "texture": "#texture" },
        "south": { "uv": [ 3, 14, 13, 16 ], "texture": "#texture" },
        "west":  { "uv": [ 5, 14, 11, 16 ], "texture": "#texture" },
        "east":  { "uv": [ 5, 14, 11, 16 ], "texture": "#texture" }
    }
},
{
    "from": [ 5, -16, 3 ],
    "to": [ 11, -14, 5 ],
    "faces": {
        "down":  { "uv": [ 5, 3, 11, 5 ], "texture": "#texture" },
        "up":    { "uv": [ 5, 3, 11, 5 ], "texture": "#texture" },
        "north": { "uv": [ 5, 14, 11, 16 ], "texture": "#texture" },
        "south": { "uv": [ 5, 14, 11, 16 ], "texture": "#texture" },
        "west":  { "uv": [ 3, 14, 5, 16 ], "texture": "#texture" },
        "east":  { "uv": [ 3, 14, 5, 16 ], "texture": "#texture" }
    }
},
{
    "from": [ 5, -16, 11 ],
    "to": [ 11, -14, 13 ],
    "faces": {
        "down":  { "uv": [ 5, 11, 11, 13 ], "texture": "#texture" },
        "up":    { "uv": [ 5, 11, 11, 13 ], "texture": "#texture" },
        "north": { "uv": [ 5, 14, 11, 16 ], "texture": "#texture" },
        "south": { "uv": [ 5, 14, 11, 16 ], "texture": "#texture" },
        "west":  { "uv": [ 11, 14, 13, 16 ], "texture": "#texture" },
        "east":  { "uv": [ 11, 14, 13, 16 ], "texture": "#texture" }
    }
},
{
    "from": [ 4, -16, 4 ],
    "to": [ 5, -14, 5 ],
    "faces": {
        "down":  { "uv": [ 4, 4, 5, 5 ], "texture": "#texture" },
        "up":    { "uv": [ 4, 4, 5, 5 ], "texture": "#texture" },
        "north": { "uv": [ 4, 14, 5, 16 ], "texture": "#texture" },
        "south": { "uv": [ 4, 14, 5, 16 ], "texture": "#texture" },
        "west":  { "uv": [ 4, 14, 5, 16 ], "texture": "#texture" },
        "east":  { "uv": [ 4, 14, 5, 16 ], "texture": "#texture" }
    }
},
{
    "from": [ 11, -16, 4 ],
    "to": [ 12, -14, 5 ],
    "faces": {
        "down":  { "uv": [ 11, 4, 12, 5 ], "texture": "#texture" },
        "up":    { "uv": [ 11, 4, 12, 5 ], "texture": "#texture" },
        "north": { "uv": [ 11, 14, 12, 16 ], "texture": "#texture" },
        "south": { "uv": [ 11, 14, 12, 16 ], "texture": "#texture" },
        "west":  { "uv": [ 4, 14, 5, 16 ], "texture": "#texture" },
        "east":  { "uv": [ 4, 14, 5, 16 ], "texture": "#texture" }
    }
},
{
    "from": [ 11, -16, 11 ],
    "to": [ 12, -14, 12 ],
    "faces": {
        "down":  { "uv": [ 11, 11, 12, 12 ], "texture": "#texture" },
        "up":    { "uv": [ 11, 11, 12, 12 ], "texture": "#texture" },
        "north": { "uv": [ 11, 14, 12, 16 ], "texture": "#texture" },
        "south": { "uv": [ 11, 14, 12, 16 ], "texture": "#texture" },
        "west":  { "uv": [ 11, 14, 12, 16 ], "texture": "#texture" },
        "east":  { "uv": [ 11, 14, 12, 16 ], "texture": "#texture" }
    }
},
{
    "from": [ 4, -16, 11 ],
    "to": [ 5, -14, 12 ],
    "faces": {
        "down":  { "uv": [ 4, 11, 5, 12 ], "texture": "#texture" },
        "up":    { "uv": [ 4, 11, 5, 12 ], "texture": "#texture" },
        "north": { "uv": [ 4, 14, 5, 16 ], "texture": "#texture" },
        "south": { "uv": [ 4, 14, 5, 16 ], "texture": "#texture" },
        "west":  { "uv": [ 11, 14, 12, 16 ], "texture": "#texture" },
        "east":  { "uv": [ 11, 14, 12, 16 ], "texture": "#texture" }
    }
},
{
    "from": [ 3, -13.5, 5 ],
    "to": [ 13, -11.5, 11 ],
    "faces": {
        "down":  { "uv": [ 3, 5, 13, 11 ], "texture": "#texture" },
        "up":    { "uv": [ 3, 5, 13, 11 ], "texture": "#texture" },
        "north": { "uv": [ 3, 11.5, 13, 13.5 ], "texture": "#texture" },
        "south": { "uv": [ 3, 11.5, 13, 13.5 ], "texture": "#texture" },
        "west":  { "uv": [ 5, 11.5, 11, 13.5 ], "texture": "#texture" },
        "east":  { "uv": [ 5, 11.5, 11, 13.5 ], "texture": "#texture" }
    }
},
{
    "from": [ 4, -13.5, 4 ],
    "to": [ 5, -11.5, 5 ],
    "faces": {
        "down":  { "uv": [ 4, 4, 5, 5 ], "texture": "#texture" },
        "up":    { "uv": [ 4, 4, 5, 5 ], "texture": "#texture" },
        "north": { "uv": [ 4, 11.5, 5, 13.5 ], "texture": "#texture" },
        "south": { "uv": [ 4, 11.5, 5, 13.5 ], "texture": "#texture" },
        "west":  { "uv": [ 4, 11.5, 5, 13.5 ], "texture": "#texture" },
        "east":  { "uv": [ 4, 11.5, 5, 13.5 ], "texture": "#texture" }
    }
},
{
    "from": [ 5, -13.5, 3 ],
    "to": [ 11, -11.5, 5 ],
    "faces": {
        "down":  { "uv": [ 5, 3, 11, 5 ], "texture": "#texture" },
        "up":    { "uv": [ 5, 3, 11, 5 ], "texture": "#texture" },
        "north": { "uv": [ 5, 11.5, 11, 13.5 ], "texture": "#texture" },
        "south": { "uv": [ 5, 11.5, 11, 13.5 ], "texture": "#texture" },
        "west":  { "uv": [ 3, 11.5, 5, 13.5 ], "texture": "#texture" },
        "east":  { "uv": [ 3, 11.5, 5, 13.5 ], "texture": "#texture" }
    }
},
{
    "from": [ 5, -13.5, 11 ],
    "to": [ 11, -11.5, 13 ],
    "faces": {
        "down":  { "uv": [ 5, 11, 11, 13 ], "texture": "#texture" },
        "up":    { "uv": [ 5, 11, 11, 13 ], "texture": "#texture" },
        "north": { "uv": [ 5, 11.5, 11, 13.5 ], "texture": "#texture" },
        "south": { "uv": [ 5, 11.5, 11, 13.5 ], "texture": "#texture" },
        "west":  { "uv": [ 11, 11.5, 13, 13.5 ], "texture": "#texture" },
        "east":  { "uv": [ 11, 11.5, 13, 13.5 ], "texture": "#texture" }
    }
},
{
    "from": [ 4, -13.5, 11 ],
    "to": [ 5, -11.5, 12 ],
    "faces": {
        "down":  { "uv": [ 4, 11, 5, 12 ], "texture": "#texture" },
        "up":    { "uv": [ 4, 11, 5, 12 ], "texture": "#texture" },
        "north": { "uv": [ 4, 11.5, 5, 13.5 ], "texture": "#texture" },
        "south": { "uv": [ 4, 11.5, 5, 13.5 ], "texture": "#texture" },
        "west":  { "uv": [ 11, 11.5, 12, 13.5 ], "texture": "#texture" },
        "east":  { "uv": [ 11, 11.5, 12, 13.5 ], "texture": "#texture" }
    }
},
{
    "from": [ 11, -13.5, 4 ],
    "to": [ 12, -11.5, 5 ],
    "faces": {
        "down":  { "uv": [ 11, 4, 12, 5 ], "texture": "#texture" },
        "up":    { "uv": [ 11, 4, 12, 5 ], "texture": "#texture" },
        "north": { "uv": [ 11, 11.5, 12, 13.5 ], "texture": "#texture" },
        "south": { "uv": [ 11, 11.5, 12, 13.5 ], "texture": "#texture" },
        "west":  { "uv": [ 4, 11.5, 5, 13.5 ], "texture": "#texture" },
        "east":  { "uv": [ 4, 11.5, 5, 13.5 ], "texture": "#texture" }
    }
},
{
    "from": [ 11, -13.5, 11 ],
    "to": [ 12, -11.5, 12 ],
    "faces": {
        "down":  { "uv": [ 11, 11, 12, 12 ], "texture": "#texture" },
        "up":    { "uv": [ 11, 11, 12, 12 ], "texture": "#texture" },
        "north": { "uv": [ 11, 11.5, 12, 13.5 ], "texture": "#texture" },
        "south": { "uv": [ 11, 11.5, 12, 13.5 ], "texture": "#texture" },
        "west":  { "uv": [ 11, 11.5, 12, 13.5 ], "texture": "#texture" },
        "east":  { "uv": [ 11, 11.5, 12, 13.5 ], "texture": "#texture" }
    }
},
{
    "from": [ 5, -14, 4 ],
    "to": [ 11, -13.5, 12 ],
    "faces": {
        "down":  { "uv": [ 11, 12, 5, 4 ], "texture": "#texture" },
        "up":    { "uv": [ 5, 4, 11, 12 ], "texture": "#texture" },
        "north": { "uv": [ 5, 16, 11, 16 ], "texture": "#texture" },
        "south": { "uv": [ 5, 16, 11, 16 ], "texture": "#texture" },
        "west":  { "uv": [ 4, 16, 12, 16 ], "texture": "#texture" },
        "east":  { "uv": [ 4, 16, 12, 16 ], "texture": "#texture" }
    }
},
{
    "from": [ 4, -14, 5 ],
    "to": [ 5, -13.5, 11 ],
    "faces": {
        "down":  { "uv": [ 12, 11, 11, 5 ], "texture": "#texture" },
        "up":    { "uv": [ 4, 5, 5, 11 ], "texture": "#texture" },
        "north": { "uv": [ 11, 16, 12, 16 ], "texture": "#texture" },
        "south": { "uv": [ 4, 16, 5, 16 ], "texture": "#texture" },
        "west":  { "uv": [ 5, 16, 11, 16 ], "texture": "#texture" },
        "east":  { "uv": [ 5, 16, 11, 16 ], "texture": "#texture" }
    }
},
{
    "from": [ 11, -14, 5 ],
    "to": [ 12, -13.5, 11 ],
    "faces": {
        "down":  { "uv": [ 5, 11, 4, 5 ], "texture": "#texture" },
        "up":    { "uv": [ 11, 5, 12, 11 ], "texture": "#texture" },
        "north": { "uv": [ 4, 16, 5, 16 ], "texture": "#texture" },
        "south": { "uv": [ 11, 16, 12, 16 ], "texture": "#texture" },
        "west":  { "uv": [ 5, 16, 11, 16 ], "texture": "#texture" },
        "east":  { "uv": [ 5, 16, 11, 16 ], "texture": "#texture" }
    }
},
{
    "from": [ 5, -11.5, 5 ],
    "to": [ 11, -11, 11 ],
    "faces": {
        "down":  { "uv": [ 5, 5, 11, 11 ], "texture": "#texture" },
        "up":    { "uv": [ 5, 5, 11, 11 ], "texture": "#texture" },
        "north": { "uv": [ 5, 11, 11, 11.5 ], "texture": "#texture" },
        "south": { "uv": [ 5, 11, 11, 11.5 ], "texture": "#texture" },
        "west":  { "uv": [ 5, 11, 11, 11.5 ], "texture": "#texture" },
        "east":  { "uv": [ 5, 11, 11, 11.5 ], "texture": "#texture" }
    }
},
{
    "from": [ 7, -11, 7 ],
    "to": [ 9, -10.5, 9 ],
    "faces": {
        "down":  { "uv": [ 7, 7, 9, 9 ], "texture": "#texture" },
        "up":    { "uv": [ 7, 7, 9, 9 ], "texture": "#texture" },
        "north": { "uv": [ 7, 10.5, 9, 11 ], "texture": "#texture" },
        "south": { "uv": [ 7, 10.5, 9, 11 ], "texture": "#texture" },
        "west":  { "uv": [ 7, 10.5, 9, 11 ], "texture": "#texture" },
        "east":  { "uv": [ 7, 10.5, 9, 11 ], "texture": "#texture" }
    }
},
{
    "from": [ 6, -10.5, 6 ],
    "to": [ 10, -9.5, 10 ],
    "faces": {
        "down":  { "uv": [ 6, 6, 10, 10 ], "texture": "#texture" },
        "up":    { "uv": [ 6, 6, 10, 10 ], "texture": "#texture" },
        "north": { "uv": [ 6, 9.5, 10, 10.5 ], "texture": "#texture" },
        "south": { "uv": [ 6, 9.5, 10, 10.5 ], "texture": "#texture" },
        "west":  { "uv": [ 6, 9.5, 10, 10.5 ], "texture": "#texture" },
        "east":  { "uv": [ 6, 9.5, 10, 10.5 ], "texture": "#texture" }
    }
},
{
    "from": [ 6.5, -9.5, 6.5 ],
    "to": [ 9.5625, -9.25, 9.5625 ],
    "faces": {
        "down":  { "uv": [ 6.5, 6.5, 9.5625, 9.5625 ], "texture": "#texture" },
        "up":    { "uv": [ 6.5, 6.5, 9.5625, 9.5625 ], "texture": "#texture" },
        "north": { "uv": [ 6.5, 9.25, 9.5625, 9.5 ], "texture": "#texture" },
        "south": { "uv": [ 6.5, 9.25, 9.5625, 9.5 ], "texture": "#texture" },
        "west":  { "uv": [ 6.5, 9.25, 9.5625, 9.5 ], "texture": "#texture" },
        "east":  { "uv": [ 6.5, 9.25, 9.5625, 9.5 ], "texture": "#texture" }
    }
}
],
"display": {
    "head": {
        "rotation": [ 0, 0, 0 ],
        "translation": [ 0, -24, 0 ],
        "scale": [ 0.4, 0.7, 0.4 ]
    },
    "ground": {
        "rotation": [ 5, 0, 0 ],
        "translation": [ 0, 6.8, 0 ],
        "scale": [ 0.3, 0.3, 0.3 ]
    },
    "firstperson_righthand": {
        "rotation": [ 21, -20, 16 ],
        "translation": [ 4.35, 24, 0.57 ],
        "scale": [ 1.2, 1.2, 1.2 ]
    },
    "gui": {
        "rotation": [ 21, 45, 0 ],
        "translation": [ 0, 22.8, 0 ],
        "scale": [ 1.17, 1.17, 1.17 ]
    }
}
}