{
"__comment": "Designed by Tomaxed44 with BDcraft Cubik PRO 0.95 Beta - http://bdcraft.net",
"textures": {
    "particle": "items/Misc",
    "texture": "items/Misc",
    "detail": "blocks/desk_detail"
},
"elements": [ 
{
    "from": [ 4, -15, 4 ],
    "to": [ 12, 1, 12 ],
    "faces": {
        "down":  { "uv": [ 0, 0, 4, 6 ], "texture": "#texture" },
        "up":    { "uv": [ 0, 0, 4, 6 ], "texture": "#texture" },
        "north": { "uv": [ 0, 0, 3.5, 6.5 ], "texture": "#texture" },
        "south": { "uv": [ 0, 0, 3.5, 6.5 ], "texture": "#texture" },
        "west":  { "uv": [ 1.5, 0, 4.5, 6.5 ], "texture": "#texture" },
        "east":  { "uv": [ 1.5, 0, 4.5, 6.5 ], "texture": "#texture" }
    }
},
{
    "from": [ 5, 1, 5 ],
    "to": [ 11, 2, 11 ],
    "faces": {
        "up":    { "uv": [ 2, 1, 5, 5.5 ], "texture": "#texture" },
        "north": { "uv": [ 0, 1.5, 5, 2.5 ], "texture": "#texture" },
        "south": { "uv": [ 0, 1.5, 5, 2.5 ], "texture": "#texture" },
        "west":  { "uv": [ 0, 1.5, 5, 2.5 ], "texture": "#texture" },
        "east":  { "uv": [ 0, 1.5, 5, 2.5 ], "texture": "#texture" }
    }
},
{
    "from": [ 7, 3, 7 ],
    "to": [ 9, 3.5, 9 ],
    "faces": {
        "north": { "uv": [ 2, 1.5, 4, 2 ], "texture": "#texture" },
        "south": { "uv": [ 3, 2, 5, 2.5 ], "texture": "#texture" },
        "west":  { "uv": [ 1, 1, 3, 1.5 ], "texture": "#texture" },
        "east":  { "uv": [ 0, 2, 2, 2.5 ], "texture": "#texture" }
    }
},
{
    "from": [ 6.5, 3.5, 6.5 ],
    "to": [ 9.5, 5, 9.5 ],
    "faces": {
        "down":  { "uv": [ 15, 2.5, 16, 3.5 ], "texture": "#detail" },
        "up":    { "uv": [ 15, 2.5, 16, 3.5 ], "texture": "#detail" },
        "north": { "uv": [ 14, 2.5, 15, 3 ], "texture": "#detail" },
        "south": { "uv": [ 14, 2.5, 15, 3 ], "texture": "#detail" },
        "west":  { "uv": [ 14.5, 2.5, 15.5, 3 ], "texture": "#detail" },
        "east":  { "uv": [ 14.5, 2.5, 15.5, 3 ], "texture": "#detail" }
    }
},
{
    "from": [ 6, 2, 6 ],
    "to": [ 10, 3, 10 ],
    "faces": {
        "up":    { "uv": [ 0, 0.5, 4, 4.5 ], "texture": "#texture" },
        "north": { "uv": [ 0, 1, 4, 2 ], "texture": "#texture" },
        "south": { "uv": [ 0, 1, 4, 2 ], "texture": "#texture" },
        "west":  { "uv": [ 0, 1, 4, 2 ], "texture": "#texture" },
        "east":  { "uv": [ 0, 1, 4, 2 ], "texture": "#texture" }
    }
}
],
"display": {
    "head": {
        "rotation": [ 0, 0, 0 ],
        "translation": [ 0, -24, 0 ],
        "scale": [ 0.5, 0.5, 0.5 ]
    },
    "gui": {
        "rotation": [ 16, 125, 0 ],
        "translation": [ 0, 7.75, 0 ],
        "scale": [ 0.6, 0.6, 0.6 ]
    }
}
}