{
"__comment": "Designed by Tomaxed44 with BDcraft Cubik PRO 0.95 Beta - http://bdcraft.net",
"textures": {
    "particle": "items/Misc",
    "texture": "items/Misc"
},
"elements": [ 
{
    "from": [ 7, 0, 7 ],
    "to": [ 9, 5, 9 ],
    "faces": {
        "down":  { "uv": [ 5.5, 10.5, 7.5, 12.5 ], "texture": "#texture" },
        "north": { "uv": [ 7, 11, 9, 16 ], "texture": "#texture" },
        "south": { "uv": [ 7, 11, 9, 16 ], "texture": "#texture" },
        "west":  { "uv": [ 7, 11, 9, 16 ], "texture": "#texture" },
        "east":  { "uv": [ 7, 11, 9, 16 ], "texture": "#texture" }
    }
},
{
    "from": [ 5, 4, 5 ],
    "to": [ 11, 5, 11 ],
    "faces": {
        "up":    { "uv": [ 10, 9.5, 16, 15.5 ], "texture": "#texture" },
        "north": { "uv": [ 10, 13.5, 16, 14.5 ], "texture": "#texture" },
        "south": { "uv": [ 10, 13.5, 16, 14.5 ], "texture": "#texture" },
        "west":  { "uv": [ 10, 13, 16, 14 ], "texture": "#texture" },
        "east":  { "uv": [ 10, 13, 16, 14 ], "texture": "#texture" }
    }
},
{
    "from": [ 5.5, 5, 5.5 ],
    "to": [ 10.5, 6, 10.5 ],
    "faces": {
        "up":    { "uv": [ 11, 11, 16, 16 ], "texture": "#texture" },
        "north": { "uv": [ 10, 11.5, 15, 12.5 ], "texture": "#texture" },
        "south": { "uv": [ 10, 11.5, 15, 12.5 ], "texture": "#texture" },
        "west":  { "uv": [ 11, 11, 16, 12 ], "texture": "#texture" },
        "east":  { "uv": [ 11, 11, 16, 12 ], "texture": "#texture" }
    }
},
{
    "from": [ 6, 6, 6 ],
    "to": [ 10, 7, 10 ],
    "faces": {
        "up":    { "uv": [ 10.5, 12, 14.5, 16 ], "texture": "#texture" },
        "north": { "uv": [ 12, 11, 16, 12 ], "texture": "#texture" },
        "south": { "uv": [ 12, 11, 16, 12 ], "texture": "#texture" },
        "west":  { "uv": [ 11.5, 11, 15.5, 12 ], "texture": "#texture" },
        "east":  { "uv": [ 11.5, 11, 15.5, 12 ], "texture": "#texture" }
    }
},
{
    "from": [ 6.5, 7, 6.5 ],
    "to": [ 9.5, 8, 9.5 ],
    "faces": {
        "up":    { "uv": [ 10.5, 11, 13.5, 14 ], "texture": "#texture" },
        "north": { "uv": [ 12.5, 11.5, 15.5, 12.5 ], "texture": "#texture" },
        "south": { "uv": [ 12.5, 11.5, 15.5, 12.5 ], "texture": "#texture" },
        "west":  { "uv": [ 11.5, 11, 14.5, 12 ], "texture": "#texture" },
        "east":  { "uv": [ 11.5, 11, 14.5, 12 ], "texture": "#texture" }
    }
},
{
    "from": [ 5.0625, 4, 5 ],
    "to": [ 5.125, 5, 11 ],
    "faces": {
        "west":  { "uv": [ 10, 12.5, 16, 13.5 ], "texture": "#texture" },
        "east":  { "uv": [ 10, 12.5, 16, 13.5 ], "texture": "#texture" }
    }
},
{
    "from": [ 5, 4, 5.0625 ],
    "to": [ 11, 5, 5.125 ],
    "faces": {
        "north": { "uv": [ 10, 13.5, 16, 14.5 ], "texture": "#texture" },
        "south": { "uv": [ 10, 13.5, 16, 14.5 ], "texture": "#texture" }
    }
}
],
"display": {
    "thirdperson_righthand": {
        "rotation": [ 0, 0, 0 ],
        "translation": [ 0, 8.31, 3.21 ],
        "scale": [ 1, 1, 1 ]
    },
    "ground": {
        "rotation": [ 0, 0, 0 ],
        "translation": [ 0, 0.76, 0 ],
        "scale": [ 0.6, 0.6, 0.6 ]
    },
    "firstperson_righthand": {
        "rotation": [ 1, -20, 1 ],
        "translation": [ 0.76, 9.45, 2 ],
        "scale": [ 1, 1, 1 ]
    },
    "gui": {
        "rotation": [ -10, -34, 0 ],
        "translation": [ 0, 5.86, 0 ],
        "scale": [ 1.6, 1.6, 1.6 ]
    }
}
}