{
"__comment": "Designed by Tomaxed44 with BDcraft Cubik PRO 0.95 Beta - http://bdcraft.net",
"textures": {
    "particle": "items/coin",
    "texture": "items/coin"
},
"elements": [ 
{
    "from": [ 2.5, -16, 2.5 ],
    "to": [ 3.5, -15.5, 3.5 ],
    "rotation": { "origin": [ 2.5, -16, 2.5 ], "axis": "y", "angle": -22.5 },
    "faces": {
        "down":  { "uv": [ 0, 0, 16, 16 ], "texture": "#texture" },
        "up":    { "uv": [ 0, 0, 16, 16 ], "texture": "#texture" },
        "north": { "uv": [ 1, 10.5, 15, 13.5 ], "texture": "#texture" },
        "south": { "uv": [ 1, 10.5, 15, 13.5 ], "texture": "#texture" },
        "west":  { "uv": [ 1, 10.5, 15, 13.5 ], "texture": "#texture" },
        "east":  { "uv": [ 1, 10.5, 15, 13.5 ], "texture": "#texture" }
    }
},
{
    "from": [ 9.5, -16, 3.5 ],
    "to": [ 10.5, -15.5, 4.5 ],
    "rotation": { "origin": [ 9.5, -16, 3.5 ], "axis": "y", "angle": 22.5 },
    "faces": {
        "down":  { "uv": [ 0, 0, 16, 16 ], "texture": "#texture" },
        "up":    { "uv": [ 0, 0, 16, 16 ], "texture": "#texture" },
        "north": { "uv": [ 1, 10.5, 15, 13.5 ], "texture": "#texture" },
        "south": { "uv": [ 1, 10.5, 15, 13.5 ], "texture": "#texture" },
        "west":  { "uv": [ 1, 10.5, 15, 13.5 ], "texture": "#texture" },
        "east":  { "uv": [ 1, 10.5, 15, 13.5 ], "texture": "#texture" }
    }
},
{
    "from": [ 8, -16, 8.5 ],
    "to": [ 9, -15.5, 9.5 ],
    "rotation": { "origin": [ 8, -16, 8.5 ], "axis": "y", "angle": -45 },
    "faces": {
        "down":  { "uv": [ 0, 0, 16, 16 ], "texture": "#texture" },
        "up":    { "uv": [ 0, 0, 16, 16 ], "texture": "#texture" },
        "north": { "uv": [ 1, 10.5, 15, 13.5 ], "texture": "#texture" },
        "south": { "uv": [ 1, 10.5, 15, 13.5 ], "texture": "#texture" },
        "west":  { "uv": [ 1, 10.5, 15, 13.5 ], "texture": "#texture" },
        "east":  { "uv": [ 1, 10.5, 15, 13.5 ], "texture": "#texture" }
    }
}
],
"display": {
    "head": {
        "rotation": [ 0, 0, 0 ],
        "translation": [ 0, -18.5, 0 ],
        "scale": [ 1, 1, 1 ]
    },
    "gui": {
        "rotation": [ 89, 0, 0 ],
        "translation": [ 2.83, -3.02, 24 ],
        "scale": [ 1.6, 1.6, 1.6 ]
    }
}
}