{
	"parent": "item/handheld",
	"textures": {
		"layer0": "items/golden_axe"
	},
	"overrides": [
		{ "predicate": {"damaged": 0, "damaged": 0, "damage": 0}, "model": "item/gold_axe"},
		{ "predicate": {"damaged": 0, "damage": 0.030303030303030304}, "model": "misc/sign1"},
		{ "predicate": {"damaged": 0, "damage": 0.06060606060606061}, "model": "misc/sign2"},
		{ "predicate": {"damaged": 0, "damage": 0.09090909090909091}, "model": "misc/sign3"},
		{ "predicate": {"damaged": 0, "damage": 0.12121212121212122}, "model": "misc/sign4"},
		{ "predicate": {"damaged": 0, "damage": 0.15151515151515152}, "model": "misc/sign5"},
		{ "predicate": {"damaged": 0, "damage": 0.18181818181818182}, "model": "misc/sign6"},
		{ "predicate": {"damaged": 0, "damage": 0.21212121212121213}, "model": "misc/sign7"},
		{ "predicate": {"damaged": 0, "damage": 0.24242424242424243}, "model": "misc/sign8"},
		{ "predicate": {"damaged": 0, "damage": 0.2727272727272727}, "model": "misc/sign9"},
		{ "predicate": {"damaged": 0, "damage": 0.30303030303030304}, "model": "misc/sign10"},
		{ "predicate": {"damaged": 0, "damage": 0.33333333333333337}, "model": "misc/sign11"},
		{ "predicate": {"damaged": 0, "damage": 0.36363636363636365}, "model": "misc/sign12"},
		{ "predicate": {"damaged": 0, "damage": 0.3939393939393939}, "model": "item/golden_axe12"},
		{ "predicate": {"damaged": 0, "damage": 0.42424242424242425}, "model": "item/golden_axe13"},
		{ "predicate": {"damaged": 0, "damage": 0.4545454545454546}, "model": "item/golden_axe14"},
		{ "predicate": {"damaged": 0, "damage": 0.48484848484848486}, "model": "item/golden_axe15"},
		{ "predicate": {"damaged": 0, "damage": 0.5151515151515151}, "model": "item/golden_axe16"},
		{ "predicate": {"damaged": 0, "damage": 0.5454545454545454}, "model": "item/golden_axe17"},
		{ "predicate": {"damaged": 0, "damage": 0.5757575757575758}, "model": "item/golden_axe18"},
		{ "predicate": {"damaged": 0, "damage": 0.6060606060606061}, "model": "item/golden_axe19"},
		{ "predicate": {"damaged": 0, "damage": 0.6363636363636364}, "model": "item/golden_axe20"},
		{ "predicate": {"damaged": 0, "damage": 0.6666666666666667}, "model": "item/golden_axe21"},
		{ "predicate": {"damaged": 0, "damage": 0.696969696969697}, "model": "item/golden_axe22"},
		{ "predicate": {"damaged": 0, "damage": 0.7272727272727273}, "model": "item/golden_axe23"},
		{ "predicate": {"damaged": 0, "damage": 0.7575757575757576}, "model": "item/golden_axe24"},
		{ "predicate": {"damaged": 0, "damage": 0.7878787878787878}, "model": "item/golden_axe25"},
		{ "predicate": {"damaged": 0, "damage": 0.8181818181818182}, "model": "item/golden_axe26"},
		{ "predicate": {"damaged": 0, "damage": 0.8484848484848485}, "model": "item/golden_axe27"},
		{ "predicate": {"damaged": 0, "damage": 0.8787878787878788}, "model": "item/golden_axe28"},
		{ "predicate": {"damaged": 0, "damage": 0.9090909090909092}, "model": "item/golden_axe29"},
		{ "predicate": {"damaged": 0, "damage": 0.9393939393939394}, "model": "item/golden_axe30"},
		{ "predicate": {"damaged": 0, "damage": 0.9696969696969697}, "model": "item/golden_axe31"}
	]
}