{
"__comment": "Designed by Tomaxed44 with cubik http://hexionmc.com/",
"textures": {
    "particle": "blocks/wool_colored_cyan",
    "texture": "blocks/wool_colored_cyan"
},
"elements": [ 
{
    "from": [ -7, 2, 2 ],
    "to": [ -4, 7, 14 ],
    "faces": {
        "down":  { "uv": [ 0, 2, 3, 14 ], "texture": "#texture", "cullface": "west" },
        "up":    { "uv": [ 0, 2, 3, 14 ], "texture": "#texture", "cullface": "west" },
        "north": { "uv": [ 0, 9, 3, 14 ], "texture": "#texture", "cullface": "west" },
        "south": { "uv": [ 0, 9, 3, 14 ], "texture": "#texture", "cullface": "west" },
        "west":  { "uv": [ 2, 9, 14, 14 ], "texture": "#texture", "cullface": "west" }
    }
},
{
    "from": [ -4, 1, 2.5 ],
    "to": [ 10.5, 7, 13.5 ],
    "faces": {
        "down":  { "uv": [ 16, 13.5, 5.5, 2.5 ], "texture": "#texture", "cullface": "west" },
        "north": { "uv": [ 5.5, 9, 16, 15 ], "texture": "#texture", "cullface": "west" },
        "south": { "uv": [ 0, 9, 10.5, 15 ], "texture": "#texture", "cullface": "west" },
        "west":  { "uv": [ 2.5, 9, 13.5, 15 ], "texture": "#texture", "cullface": "west" },
        "east":  { "uv": [ 2.5, 9, 13.5, 15 ], "texture": "#texture", "cullface": "west" }
    }
},
{
    "from": [ 10.5, 2, 2.5 ],
    "to": [ 17, 7, 13.5 ],
    "faces": {
        "down":  { "uv": [ 9.5, 2.5, 16, 13.5 ], "texture": "#texture", "cullface": "east" },
        "up":    { "uv": [ 9.5, 2.5, 16, 13.5 ], "texture": "#texture", "cullface": "east" },
        "north": { "uv": [ 9.5, 9, 16, 14 ], "texture": "#texture", "cullface": "east" },
        "south": { "uv": [ 9.5, 9, 16, 14 ], "texture": "#texture", "cullface": "east" },
        "east":  { "uv": [ 2.5, 9, 13.5, 14 ], "texture": "#texture", "cullface": "east" }
    }
},
{
    "from": [ 22.5, 3, 4 ],
    "to": [ 25, 6.5, 12 ],
    "faces": {
        "down":  { "uv": [ 4.5, 3.5, 9, 13 ], "texture": "#texture", "cullface": "east" },
        "up":    { "uv": [ 4.5, 3.5, 9, 13 ], "texture": "#texture", "cullface": "east" },
        "north": { "uv": [ 4, 9.5, 8.5, 13 ], "texture": "#texture", "cullface": "east" },
        "south": { "uv": [ 4, 9.5, 8.5, 13 ], "texture": "#texture", "cullface": "east" },
        "east":  { "uv": [ 12, 9.5, 4, 13 ], "texture": "#texture", "cullface": "east" }
    }
},
{
    "from": [ 17, 2, 3 ],
    "to": [ 20.5, 7, 13 ],
    "faces": {
        "down":  { "uv": [ 3.5, 4.5, 8.5, 16 ], "texture": "#texture", "cullface": "east" },
        "up":    { "uv": [ 3.5, 4.5, 8.5, 16 ], "texture": "#texture", "cullface": "east" },
        "north": { "uv": [ 3, 9, 5.5, 14.5 ], "texture": "#texture", "cullface": "east" },
        "south": { "uv": [ 3, 9, 5.5, 14.5 ], "texture": "#texture", "cullface": "east" },
        "east":  { "uv": [ 13, 9, 3, 14 ], "texture": "#texture", "cullface": "east" }
    }
},
{
    "from": [ 17, 2.5, 2.5 ],
    "to": [ 19, 6.5, 13.5 ],
    "faces": {
        "down":  { "uv": [ 7.5, 0, 10.5, 16 ], "texture": "#texture", "cullface": "east" },
        "up":    { "uv": [ 7.5, 0, 10.5, 16 ], "texture": "#texture", "cullface": "east" },
        "north": { "uv": [ 2.5, 9.5, 5.5, 14 ], "texture": "#texture", "cullface": "east" },
        "south": { "uv": [ 2.5, 9.5, 5.5, 14 ], "texture": "#texture", "cullface": "east" },
        "east":  { "uv": [ 13.5, 9.5, 2.5, 13.5 ], "texture": "#texture", "cullface": "east" }
    }
},
{
    "from": [ 19, 3, 2.5 ],
    "to": [ 20.5, 6, 13.5 ],
    "faces": {
        "down":  { "uv": [ 4, 2, 6, 15 ], "texture": "#texture", "cullface": "east" },
        "up":    { "uv": [ 4, 2, 6, 15 ], "texture": "#texture", "cullface": "east" },
        "north": { "uv": [ 2.5, 10, 5, 13 ], "texture": "#texture", "cullface": "east" },
        "south": { "uv": [ 2.5, 10, 5, 13 ], "texture": "#texture", "cullface": "east" },
        "east":  { "uv": [ 13.5, 10, 2.5, 13 ], "texture": "#texture", "cullface": "east" }
    }
},
{
    "from": [ 20.5, 3.5, 2.5 ],
    "to": [ 22.5, 5.5, 13.5 ],
    "faces": {
        "down":  { "uv": [ 4.5, 0, 7.5, 16 ], "texture": "#texture", "cullface": "east" },
        "up":    { "uv": [ 4.5, 0, 7.5, 16 ], "texture": "#texture", "cullface": "east" },
        "north": { "uv": [ 2.5, 10.5, 5.5, 12.5 ], "texture": "#texture", "cullface": "east" },
        "south": { "uv": [ 2.5, 10.5, 5.5, 12.5 ], "texture": "#texture", "cullface": "east" },
        "east":  { "uv": [ 13.5, 10.5, 2.5, 12.5 ], "texture": "#texture", "cullface": "east" }
    }
},
{
    "from": [ 25.5, 4.25, 3.5 ],
    "to": [ 27, 5.25, 12.5 ],
    "faces": {
        "down":  { "uv": [ 4.5, 0, 7, 15 ], "texture": "#texture", "cullface": "east" },
        "up":    { "uv": [ 4.5, 0, 7, 15 ], "texture": "#texture", "cullface": "east" },
        "north": { "uv": [ 3.5, 10.75, 5.5, 11.75 ], "texture": "#texture", "cullface": "east" },
        "south": { "uv": [ 3.5, 10.75, 5.5, 11.75 ], "texture": "#texture", "cullface": "east" },
        "east":  { "uv": [ 12.5, 10.75, 3.5, 11.75 ], "texture": "#texture", "cullface": "east" }
    }
},
{
    "from": [ 22.5, 3.5, 3 ],
    "to": [ 24, 6, 13 ],
    "faces": {
        "down":  { "uv": [ 5, 0, 8, 16 ], "texture": "#texture", "cullface": "east" },
        "up":    { "uv": [ 5, 0, 8, 16 ], "texture": "#texture", "cullface": "east" },
        "north": { "uv": [ 8.5, 4, 11.5, 7 ], "texture": "#texture", "cullface": "east" },
        "south": { "uv": [ 8.5, 4, 11.5, 7 ], "texture": "#texture", "cullface": "east" },
        "east":  { "uv": [ 13, 10, 3, 12.5 ], "texture": "#texture", "cullface": "east" }
    }
},
{
    "from": [ 24, 4, 3 ],
    "to": [ 25.5, 5.5, 13 ],
    "faces": {
        "down":  { "uv": [ 8.5, 0, 12, 15.5 ], "texture": "#texture", "cullface": "east" },
        "up":    { "uv": [ 8.5, 0, 12, 15.5 ], "texture": "#texture", "cullface": "east" },
        "north": { "uv": [ 3, 10.5, 6, 12.5 ], "texture": "#texture", "cullface": "east" },
        "south": { "uv": [ 3, 10.5, 6, 12.5 ], "texture": "#texture", "cullface": "east" },
        "east":  { "uv": [ 13, 10.5, 3, 12 ], "texture": "#texture", "cullface": "east" }
    }
},
{
    "from": [ 10.5, 1.5, 2 ],
    "to": [ 12.5, 6.5, 14 ],
    "faces": {
        "down":  { "uv": [ 5.5, 14, 3.5, 2 ], "texture": "#texture" },
        "up":    { "uv": [ 10.5, 2, 12.5, 14 ], "texture": "#texture" },
        "north": { "uv": [ 3.5, 9.5, 5.5, 14.5 ], "texture": "#texture" },
        "south": { "uv": [ 10.5, 9.5, 12.5, 14.5 ], "texture": "#texture" },
        "west":  { "uv": [ 2, 9.5, 14, 14.5 ], "texture": "#texture" },
        "east":  { "uv": [ 2, 9.5, 14, 14.5 ], "texture": "#texture" }
    }
},
{
    "from": [ 12.5, 2, 2 ],
    "to": [ 14, 6, 14 ],
    "faces": {
        "down":  { "uv": [ 3.5, 14, 2, 2 ], "texture": "#texture" },
        "up":    { "uv": [ 12.5, 2, 14, 14 ], "texture": "#texture" },
        "north": { "uv": [ 2, 10, 3.5, 14 ], "texture": "#texture" },
        "south": { "uv": [ 12.5, 10, 14, 14 ], "texture": "#texture" },
        "east":  { "uv": [ 2, 10, 14, 14 ], "texture": "#texture" }
    }
},
{
    "from": [ 14, 2.5, 2 ],
    "to": [ 16.5, 5.5, 14 ],
    "faces": {
        "down":  { "uv": [ 13.5, 2, 16, 14 ], "texture": "#texture", "cullface": "east" },
        "up":    { "uv": [ 13.5, 2, 16, 14 ], "texture": "#texture", "cullface": "east" },
        "north": { "uv": [ 13.5, 10.5, 16, 13.5 ], "texture": "#texture", "cullface": "east" },
        "south": { "uv": [ 13.5, 10.5, 16, 13.5 ], "texture": "#texture", "cullface": "east" },
        "east":  { "uv": [ 2, 10.5, 14, 13.5 ], "texture": "#texture", "cullface": "east" }
    }
},
{
    "from": [ 16.5, 3, 2 ],
    "to": [ 18, 5, 14 ],
    "faces": {
        "down":  { "uv": [ 5.5, 0, 8.5, 16 ], "texture": "#texture", "cullface": "east" },
        "up":    { "uv": [ 5.5, 0, 8.5, 16 ], "texture": "#texture", "cullface": "east" },
        "north": { "uv": [ 2, 11, 4, 13 ], "texture": "#texture", "cullface": "east" },
        "south": { "uv": [ 2, 11, 4, 13 ], "texture": "#texture", "cullface": "east" },
        "east":  { "uv": [ 14, 11, 2, 13 ], "texture": "#texture", "cullface": "east" }
    }
},
{
    "from": [ 18, 3.5, 1.5 ],
    "to": [ 20, 4.5, 14.5 ],
    "faces": {
        "down":  { "uv": [ 2.5, 0.5, 4.5, 16 ], "texture": "#texture", "cullface": "east" },
        "up":    { "uv": [ 2.5, 0.5, 4.5, 16 ], "texture": "#texture", "cullface": "east" },
        "north": { "uv": [ 1.5, 11.5, 4.5, 13 ], "texture": "#texture", "cullface": "east" },
        "south": { "uv": [ 1.5, 11.5, 4.5, 13 ], "texture": "#texture", "cullface": "east" },
        "west":  { "uv": [ 1.5, 11.5, 14.5, 12.5 ], "texture": "#texture", "cullface": "east" },
        "east":  { "uv": [ 14.5, 11.5, 1.5, 12.5 ], "texture": "#texture", "cullface": "east" }
    }
},
{
    "from": [ 20.5, 3.9375, 2 ],
    "to": [ 22, 4.9375, 14 ],
    "faces": {
        "down":  { "uv": [ 4, 0, 6, 14 ], "texture": "#texture", "cullface": "east" },
        "up":    { "uv": [ 4, 0, 6, 14 ], "texture": "#texture", "cullface": "east" },
        "north": { "uv": [ 2, 11.0625, 5.5, 12.5625 ], "texture": "#texture", "cullface": "east" },
        "south": { "uv": [ 2, 11.0625, 5.5, 12.5625 ], "texture": "#texture", "cullface": "east" },
        "west":  { "uv": [ 2, 11.0625, 14, 12.0625 ], "texture": "#texture", "cullface": "east" },
        "east":  { "uv": [ 14, 11.0625, 2, 12.0625 ], "texture": "#texture", "cullface": "east" }
    }
},
{
    "from": [ 22.5, 6.5, 7.5 ],
    "to": [ 27.5, 10, 8.5 ],
    "faces": {
        "down":  { "uv": [ 7.5, 6, 12.5, 7.5 ], "texture": "#texture", "cullface": "east" },
        "up":    { "uv": [ 7.5, 6, 12.5, 7.5 ], "texture": "#texture", "cullface": "east" },
        "north": { "uv": [ 7.5, 6, 13.5, 9.5 ], "texture": "#texture", "cullface": "east" },
        "south": { "uv": [ 7.5, 6, 13.5, 9.5 ], "texture": "#texture", "cullface": "east" },
        "west":  { "uv": [ 7.5, 6, 8.5, 9.5 ], "texture": "#texture", "cullface": "east" },
        "east":  { "uv": [ 8.5, 6, 7.5, 9.5 ], "texture": "#texture", "cullface": "east" }
    }
},
{
    "from": [ 23.5, 10, 7.5 ],
    "to": [ 27, 11, 8.5 ],
    "faces": {
        "up":    { "uv": [ 7.5, 5, 12.5, 6 ], "texture": "#texture", "cullface": "east" },
        "north": { "uv": [ 7.5, 5, 12.5, 6.5 ], "texture": "#texture", "cullface": "east" },
        "south": { "uv": [ 7.5, 5, 12.5, 6.5 ], "texture": "#texture", "cullface": "east" },
        "west":  { "uv": [ 7.5, 5, 8.5, 6 ], "texture": "#texture", "cullface": "east" },
        "east":  { "uv": [ 8.5, 5, 7.5, 6 ], "texture": "#texture", "cullface": "east" }
    }
},
{
    "from": [ 21.5, 6.5, 7.5 ],
    "to": [ 22.5, 9, 8.5 ],
    "faces": {
        "up":    { "uv": [ 7.5, 7, 8.5, 10.5 ], "texture": "#texture", "cullface": "east" },
        "north": { "uv": [ 7.5, 7, 8.5, 9.5 ], "texture": "#texture", "cullface": "east" },
        "south": { "uv": [ 8.5, 7, 8, 9.5 ], "texture": "#texture", "cullface": "east" },
        "west":  { "uv": [ 7.5, 7, 8.5, 9.5 ], "texture": "#texture", "cullface": "east" }
    }
},
{
    "from": [ 20, 6.5, 7.5 ],
    "to": [ 21.5, 8.5, 8.5 ],
    "faces": {
        "down":  { "uv": [ 7.5, 7.5, 9, 8.5 ], "texture": "#texture", "cullface": "east" },
        "up":    { "uv": [ 7.5, 7.5, 9, 8.5 ], "texture": "#texture", "cullface": "east" },
        "north": { "uv": [ 7.5, 7.5, 8.5, 9.5 ], "texture": "#texture", "cullface": "east" },
        "south": { "uv": [ 7.5, 7.5, 8.5, 9.5 ], "texture": "#texture", "cullface": "east" },
        "west":  { "uv": [ 7.5, 7.5, 8.5, 9.5 ], "texture": "#texture", "cullface": "east" }
    }
},
{
    "from": [ 18.5, 6, 7.5 ],
    "to": [ 20, 8, 8.5 ],
    "faces": {
        "down":  { "uv": [ 7.5, 8, 9, 9 ], "texture": "#texture", "cullface": "east" },
        "up":    { "uv": [ 7.5, 8, 9, 9 ], "texture": "#texture", "cullface": "east" },
        "north": { "uv": [ 7.5, 8, 8.5, 10 ], "texture": "#texture", "cullface": "east" },
        "south": { "uv": [ 7.5, 8, 8.5, 10 ], "texture": "#texture", "cullface": "east" },
        "west":  { "uv": [ 7.5, 8, 8.5, 10 ], "texture": "#texture", "cullface": "east" },
        "east":  { "uv": [ 8.5, 8, 7.5, 10 ], "texture": "#texture", "cullface": "east" }
    }
},
{
    "from": [ 21.5, 5.5, 2.5 ],
    "to": [ 27.5, 6.5, 4 ],
    "faces": {
        "down":  { "uv": [ 2.5, 9.5, 8, 11 ], "texture": "#texture", "cullface": "east" },
        "up":    { "uv": [ 2.5, 9.5, 8, 11 ], "texture": "#texture", "cullface": "east" },
        "north": { "uv": [ 2.5, 9.5, 7.5, 11.5 ], "texture": "#texture", "cullface": "east" },
        "south": { "uv": [ 2.5, 9.5, 7.5, 11.5 ], "texture": "#texture", "cullface": "east" },
        "west":  { "uv": [ 2.5, 9.5, 4, 10.5 ], "texture": "#texture", "cullface": "east" },
        "east":  { "uv": [ 4, 9.5, 2.5, 10.5 ], "texture": "#texture", "cullface": "east" }
    }
},
{
    "from": [ 21.8125, 5.5, 0.5 ],
    "to": [ 27.3125, 6.5, 2.5 ],
    "faces": {
        "down":  { "uv": [ 0.5, 9.5, 5.5, 12 ], "texture": "#texture", "cullface": "east" },
        "up":    { "uv": [ 0.5, 9.5, 5.5, 12 ], "texture": "#texture", "cullface": "east" },
        "north": { "uv": [ 0.5, 9.5, 7, 10.5 ], "texture": "#texture", "cullface": "east" },
        "west":  { "uv": [ 0.5, 9.5, 2.5, 10.5 ], "texture": "#texture", "cullface": "east" },
        "east":  { "uv": [ 2.5, 9.5, 0.5, 10.5 ], "texture": "#texture", "cullface": "east" }
    }
},
{
    "from": [ 22.5, 5.5, -2 ],
    "to": [ 27, 6.5, -0.5 ],
    "faces": {
        "down":  { "uv": [ 2.5, 0.5, 7.5, 2.5 ], "texture": "#texture", "cullface": "east" },
        "up":    { "uv": [ 2.5, 0.5, 7.5, 2.5 ], "texture": "#texture", "cullface": "east" },
        "north": { "uv": [ 6, 9.5, 9.5, 10.5 ], "texture": "#texture", "cullface": "east" },
        "west":  { "uv": [ 0, 9.5, 1.5, 10.5 ], "texture": "#texture", "cullface": "east" },
        "east":  { "uv": [ 1.5, 9.5, 0, 10.5 ], "texture": "#texture", "cullface": "east" }
    }
},
{
    "from": [ 23, 5.5, -2.5 ],
    "to": [ 26.5, 6.5, -2 ],
    "faces": {
        "down":  { "uv": [ 6.5, 3, 10.5, 4 ], "texture": "#texture", "cullface": "east" },
        "up":    { "uv": [ 6.5, 3, 10.5, 4 ], "texture": "#texture", "cullface": "east" },
        "north": { "uv": [ 4.5, 6.5, 8, 8 ], "texture": "#texture", "cullface": "east" },
        "west":  { "uv": [ 0, 9.5, 0.5, 10.5 ], "texture": "#texture", "cullface": "east" },
        "east":  { "uv": [ 0.5, 9.5, 0, 10.5 ], "texture": "#texture", "cullface": "east" }
    }
},
{
    "from": [ 22.25, 5.5, -0.5 ],
    "to": [ 27.25, 6.5, 0.5 ],
    "faces": {
        "down":  { "uv": [ 8.5, 4.5, 14, 7 ], "texture": "#texture", "cullface": "east" },
        "up":    { "uv": [ 8.5, 4.5, 14, 7 ], "texture": "#texture", "cullface": "east" },
        "north": { "uv": [ 4, 9, 9.5, 10.5 ], "texture": "#texture", "cullface": "east" },
        "west":  { "uv": [ 0, 9.5, 1, 10.5 ], "texture": "#texture", "cullface": "east" },
        "east":  { "uv": [ 1, 9.5, 0, 10.5 ], "texture": "#texture", "cullface": "east" }
    }
},
{
    "from": [ 21.5, 5.5, 12 ],
    "to": [ 27.5, 6.5, 13.5 ],
    "faces": {
        "down":  { "uv": [ 0.5, 11, 10.5, 13.5 ], "texture": "#texture", "cullface": "east" },
        "up":    { "uv": [ 0.5, 11, 10.5, 13.5 ], "texture": "#texture", "cullface": "east" },
        "north": { "uv": [ 12, 9.5, 15.5, 10.5 ], "texture": "#texture", "cullface": "east" },
        "south": { "uv": [ 12, 9.5, 15.5, 10.5 ], "texture": "#texture", "cullface": "east" },
        "west":  { "uv": [ 12, 9.5, 13.5, 10.5 ], "texture": "#texture", "cullface": "east" },
        "east":  { "uv": [ 13.5, 9.5, 12, 10.5 ], "texture": "#texture", "cullface": "east" }
    }
},
{
    "from": [ 21.75, 5.5, 13.5 ],
    "to": [ 27.25, 6.5, 15.5 ],
    "faces": {
        "down":  { "uv": [ 4, 7, 13, 10 ], "texture": "#texture", "cullface": "east" },
        "up":    { "uv": [ 4, 7, 13, 10 ], "texture": "#texture", "cullface": "east" },
        "south": { "uv": [ 3.5, 6, 8.5, 8 ], "texture": "#texture", "cullface": "east" },
        "west":  { "uv": [ 13.5, 9.5, 15.5, 10.5 ], "texture": "#texture", "cullface": "east" },
        "east":  { "uv": [ 15.5, 9.5, 13.5, 10.5 ], "texture": "#texture", "cullface": "east" }
    }
},
{
    "from": [ 22.1875, 5.5, 15.5 ],
    "to": [ 27.1875, 6.5, 16.5 ],
    "faces": {
        "down":  { "uv": [ 6.5, 9, 14, 11.5 ], "texture": "#texture", "cullface": "east" },
        "up":    { "uv": [ 6.5, 9, 14, 11.5 ], "texture": "#texture", "cullface": "east" },
        "south": { "uv": [ 7, 8.5, 12, 11 ], "texture": "#texture", "cullface": "east" },
        "west":  { "uv": [ 7, 9.5, 8, 11 ], "texture": "#texture", "cullface": "east" },
        "east":  { "uv": [ 7, 9.5, 8, 11 ], "texture": "#texture", "cullface": "east" }
    }
},
{
    "from": [ 22.5, 5.5, 16.5 ],
    "to": [ 27, 6.5, 18 ],
    "faces": {
        "down":  { "uv": [ 7, 9.5, 12, 11.5 ], "texture": "#texture", "cullface": "east" },
        "up":    { "uv": [ 7, 9.5, 12, 11.5 ], "texture": "#texture", "cullface": "east" },
        "south": { "uv": [ 8, 7, 11.5, 8.5 ], "texture": "#texture", "cullface": "east" },
        "west":  { "uv": [ 6.5, 5, 9.5, 6.5 ], "texture": "#texture", "cullface": "east" },
        "east":  { "uv": [ 6.5, 5, 9.5, 6.5 ], "texture": "#texture", "cullface": "east" }
    }
},
{
    "from": [ 23, 5.5, 18 ],
    "to": [ 26.5, 6.5, 18.5 ],
    "faces": {
        "down":  { "uv": [ 5, 6.5, 8, 7 ], "texture": "#texture", "cullface": "east" },
        "up":    { "uv": [ 5, 6.5, 8, 7 ], "texture": "#texture", "cullface": "east" },
        "south": { "uv": [ 7, 7, 11, 8.5 ], "texture": "#texture", "cullface": "east" },
        "west":  { "uv": [ 5.5, 5, 6.5, 7.5 ], "texture": "#texture", "cullface": "east" },
        "east":  { "uv": [ 5.5, 5, 6.5, 7.5 ], "texture": "#texture", "cullface": "east" }
    }
},
{
    "from": [ 20.5, 2.5, 3 ],
    "to": [ 22.5, 6.5, 13 ],
    "faces": {
        "down":  { "uv": [ 6, 0, 10, 14.5 ], "texture": "#texture", "cullface": "east" },
        "up":    { "uv": [ 6, 0, 10, 14.5 ], "texture": "#texture", "cullface": "east" },
        "north": { "uv": [ 10.5, 4, 13, 8 ], "texture": "#texture", "cullface": "east" },
        "south": { "uv": [ 10.5, 4, 13, 8 ], "texture": "#texture", "cullface": "east" },
        "east":  { "uv": [ 13, 9.5, 3, 13.5 ], "texture": "#texture", "cullface": "east" }
    }
},
{
    "from": [ -5, 7, 2 ],
    "to": [ 13.5, 7.5, 14 ],
    "faces": {
        "down":  { "uv": [ 16, 14, 2.5, 2 ], "texture": "#texture", "cullface": "west" },
        "up":    { "uv": [ 0, 2, 13.5, 14 ], "texture": "#texture", "cullface": "west" },
        "north": { "uv": [ 2.5, 8.5, 16, 9 ], "texture": "#texture", "cullface": "west" },
        "south": { "uv": [ 0, 8.5, 13.5, 9 ], "texture": "#texture", "cullface": "west" },
        "west":  { "uv": [ 2, 8.5, 14, 9 ], "texture": "#texture", "cullface": "west" },
        "east":  { "uv": [ 2, 8.5, 14, 9 ], "texture": "#texture", "cullface": "west" }
    }
},
{
    "from": [ -4, 4, 2.0625 ],
    "to": [ -3, 12, 3.0625 ],
    "rotation": { "origin": [ -4, 12, 2.0625 ], "axis": "z", "angle": -22.5 },
    "faces": {
        "down":  { "uv": [ 0, 2.0625, 1, 3.0625 ], "texture": "#texture", "cullface": "west" },
        "up":    { "uv": [ 0, 2.0625, 1, 3.0625 ], "texture": "#texture", "cullface": "west" },
        "north": { "uv": [ 0, 4, 1, 12 ], "texture": "#texture", "cullface": "west" },
        "south": { "uv": [ 0, 4, 1, 12 ], "texture": "#texture", "cullface": "west" },
        "west":  { "uv": [ 2.0625, 4, 3.0625, 12 ], "texture": "#texture", "cullface": "west" },
        "east":  { "uv": [ 2.0625, 4, 3.0625, 12 ], "texture": "#texture", "cullface": "west" }
    }
},
{
    "from": [ -4, 4, 12.9375 ],
    "to": [ -3, 12, 13.9375 ],
    "rotation": { "origin": [ -4, 12, 12.9375 ], "axis": "z", "angle": -22.5 },
    "faces": {
        "down":  { "uv": [ 0, 12.9375, 1, 13.9375 ], "texture": "#texture", "cullface": "west" },
        "up":    { "uv": [ 0, 12.9375, 1, 13.9375 ], "texture": "#texture", "cullface": "west" },
        "north": { "uv": [ 0, 4, 1, 12 ], "texture": "#texture", "cullface": "west" },
        "south": { "uv": [ 0, 4, 1, 12 ], "texture": "#texture", "cullface": "west" },
        "west":  { "uv": [ 12.9375, 4, 13.9375, 12 ], "texture": "#texture", "cullface": "west" },
        "east":  { "uv": [ 12.9375, 4, 13.9375, 12 ], "texture": "#texture", "cullface": "west" }
    }
},
{
    "from": [ -4, 11.5, 1.5 ],
    "to": [ 2.5, 12, 14.5 ],
    "rotation": { "origin": [ -4, 12, 1.5 ], "axis": "z", "angle": -22.5 },
    "faces": {
        "down":  { "uv": [ 16, 14.5, 15, 1.5 ], "texture": "#texture", "cullface": "west" },
        "up":    { "uv": [ 0, 1.5, 1, 14.5 ], "texture": "#texture", "cullface": "west" },
        "north": { "uv": [ 15, 4, 16, 4.5 ], "texture": "#texture", "cullface": "west" },
        "south": { "uv": [ 0, 4, 1, 4.5 ], "texture": "#texture", "cullface": "west" },
        "west":  { "uv": [ 1.5, 4, 14.5, 4.5 ], "texture": "#texture", "cullface": "west" },
        "east":  { "uv": [ 1.5, 4, 14.5, 4.5 ], "texture": "#texture", "cullface": "west" }
    }
},
{
    "from": [ -3.75, 11.9375, 0 ],
    "to": [ 3.75, 12.9375, 16 ],
    "rotation": { "origin": [ -3.75, 12.9375, 0 ], "axis": "z", "angle": -22.5 },
    "faces": {
        "down":  { "uv": [ 0, 0, 7.5, 16 ], "texture": "#texture", "cullface": "west" },
        "up":    { "uv": [ 0, 0, 7.5, 16 ], "texture": "#texture", "cullface": "west" },
        "north": { "uv": [ 0, 3.0625, 7.5, 4.0625 ], "texture": "#texture", "cullface": "west" },
        "south": { "uv": [ 0, 3.0625, 7.5, 4.0625 ], "texture": "#texture", "cullface": "west" },
        "west":  { "uv": [ 0, 3.0625, 16, 4.0625 ], "texture": "#texture", "cullface": "west" },
        "east":  { "uv": [ 0, 3.0625, 16, 4.0625 ], "texture": "#texture", "cullface": "west" }
    }
},
{
    "from": [ -3.74232, 11.8125, -15.5 ],
    "to": [ 3.75768, 12.8125, 0 ],
    "rotation": { "origin": [ -3.74232, 12.8125, -15.5 ], "axis": "z", "angle": -22.5 },
    "faces": {
        "down":  { "uv": [ 0, 0, 7.5, 15 ], "texture": "#texture", "cullface": "west" },
        "up":    { "uv": [ 0, 0, 7.5, 15 ], "texture": "#texture", "cullface": "west" },
        "north": { "uv": [ 0, 3.1875, 7.5, 4.1875 ], "texture": "#texture", "cullface": "west" },
        "south": { "uv": [ 0, 3.1875, 7.5, 4.1875 ], "texture": "#texture", "cullface": "west" },
        "east":  { "uv": [ 0, 3.1875, 15, 4.1875 ], "texture": "#texture", "cullface": "west" }
    }
},
{
    "from": [ -3.55482, 11.8125, 16 ],
    "to": [ 3.94518, 12.8125, 31.5 ],
    "rotation": { "origin": [ -3.55482, 12.8125, 16 ], "axis": "z", "angle": -22.5 },
    "faces": {
        "down":  { "uv": [ 0, 0, 8, 16 ], "texture": "#texture", "cullface": "west" },
        "up":    { "uv": [ 0, 0, 8, 16 ], "texture": "#texture", "cullface": "west" },
        "north": { "uv": [ 7.5, 3.1875, 0, 4.1875 ], "texture": "#texture", "cullface": "west" },
        "south": { "uv": [ 0, 3.1875, 7.5, 4.1875 ], "texture": "#texture", "cullface": "west" },
        "west":  { "uv": [ 0, 3.1875, 1, 4.1875 ], "texture": "#texture", "cullface": "west" },
        "east":  { "uv": [ 7.5, 3.1875, 7, 4.1875 ], "texture": "#texture", "cullface": "west" }
    }
},
{
    "from": [ 25, 3.5, 4 ],
    "to": [ 26.5, 6.5, 12 ],
    "faces": {
        "down":  { "uv": [ 6.5, 0, 9.5, 16 ], "texture": "#texture", "cullface": "east" },
        "up":    { "uv": [ 6.5, 0, 9.5, 16 ], "texture": "#texture", "cullface": "east" },
        "north": { "uv": [ 8, 4.5, 10, 8 ], "texture": "#texture", "cullface": "east" },
        "south": { "uv": [ 8, 4.5, 10, 8 ], "texture": "#texture", "cullface": "east" },
        "east":  { "uv": [ 12, 9.5, 4, 12.5 ], "texture": "#texture", "cullface": "east" }
    }
},
{
    "from": [ 26.5, 4, 4 ],
    "to": [ 27.5, 6.5, 12 ],
    "faces": {
        "down":  { "uv": [ 3.5, 4.5, 7.5, 16 ], "texture": "#texture", "cullface": "east" },
        "up":    { "uv": [ 3.5, 4.5, 7.5, 16 ], "texture": "#texture", "cullface": "east" },
        "north": { "uv": [ 10.5, 4.5, 12, 9 ], "texture": "#texture", "cullface": "east" },
        "south": { "uv": [ 10.5, 4.5, 12, 9 ], "texture": "#texture", "cullface": "east" },
        "east":  { "uv": [ 12, 9.5, 4, 12 ], "texture": "#texture", "cullface": "east" }
    }
},
{
    "from": [ 27.5, 4.5, 4 ],
    "to": [ 28, 6, 12 ],
    "faces": {
        "down":  { "uv": [ 4, 11.5, 4.5, 11 ], "texture": "#texture", "cullface": "east" },
        "up":    { "uv": [ 4.5, 4.5, 6.5, 15.5 ], "texture": "#texture", "cullface": "east" },
        "north": { "uv": [ 4, 10, 5, 11.5 ], "texture": "#texture", "cullface": "east" },
        "south": { "uv": [ 4, 10, 5, 11.5 ], "texture": "#texture", "cullface": "east" },
        "east":  { "uv": [ 12, 10, 4, 11.5 ], "texture": "#texture", "cullface": "east" }
    }
},
{
    "from": [ 3, 9, 0 ],
    "to": [ 5, 10, 16 ],
    "faces": {
        "down":  { "uv": [ 13, 16, 11, 0 ], "texture": "#texture" },
        "up":    { "uv": [ 3, 0, 5, 16 ], "texture": "#texture" },
        "north": { "uv": [ 11, 6, 13, 7 ], "texture": "#texture", "cullface": "north" },
        "south": { "uv": [ 3, 6, 5, 7 ], "texture": "#texture", "cullface": "south" },
        "west":  { "uv": [ 0, 6, 16, 7 ], "texture": "#texture" },
        "east":  { "uv": [ 0, 6, 16, 7 ], "texture": "#texture" }
    }
},
{
    "from": [ 4, 8.5, 0 ],
    "to": [ 9, 9, 16 ],
    "faces": {
        "down":  { "uv": [ 12, 16, 7, 0 ], "texture": "#texture" },
        "up":    { "uv": [ 4, 0, 9, 16 ], "texture": "#texture" },
        "north": { "uv": [ 7, 7, 12, 7.5 ], "texture": "#texture", "cullface": "north" },
        "south": { "uv": [ 4, 7, 9, 7.5 ], "texture": "#texture", "cullface": "south" },
        "west":  { "uv": [ 0, 7, 16, 7.5 ], "texture": "#texture" },
        "east":  { "uv": [ 0, 7, 16, 7.5 ], "texture": "#texture" }
    }
},
{
    "from": [ 4.5, 7.5, 1 ],
    "to": [ 12, 8, 15 ],
    "faces": {
        "down":  { "uv": [ 11.5, 15, 4, 1 ], "texture": "#texture" },
        "up":    { "uv": [ 4.5, 1, 12, 15 ], "texture": "#texture" },
        "north": { "uv": [ 4, 8, 11.5, 8.5 ], "texture": "#texture" },
        "south": { "uv": [ 4.5, 8, 12, 8.5 ], "texture": "#texture" },
        "west":  { "uv": [ 1, 8, 15, 8.5 ], "texture": "#texture" },
        "east":  { "uv": [ 1, 8, 15, 8.5 ], "texture": "#texture" }
    }
},
{
    "from": [ 4.5, 8, 0.5 ],
    "to": [ 10, 8.5, 15.5 ],
    "faces": {
        "down":  { "uv": [ 11.5, 15.5, 6, 0.5 ], "texture": "#texture" },
        "up":    { "uv": [ 4.5, 0.5, 10, 15.5 ], "texture": "#texture" },
        "north": { "uv": [ 6, 7.5, 11.5, 8 ], "texture": "#texture" },
        "south": { "uv": [ 4.5, 7.5, 10, 8 ], "texture": "#texture" },
        "west":  { "uv": [ 0.5, 7.5, 15.5, 8 ], "texture": "#texture" },
        "east":  { "uv": [ 0.5, 7.5, 15.5, 8 ], "texture": "#texture" }
    }
},
{
    "from": [ 5, 9, 0 ],
    "to": [ 7.5, 9.5, 16 ],
    "faces": {
        "up":    { "uv": [ 5, 0, 7.5, 16 ], "texture": "#texture" },
        "north": { "uv": [ 8.5, 6.5, 11, 7 ], "texture": "#texture", "cullface": "north" },
        "south": { "uv": [ 5, 6.5, 7.5, 7 ], "texture": "#texture", "cullface": "south" },
        "east":  { "uv": [ 0, 6.5, 16, 7 ], "texture": "#texture" }
    }
},
{
    "from": [ 5.5, 6.5, 1 ],
    "to": [ 9, 7.5, 15 ],
    "faces": {
        "down":  { "uv": [ 10.5, 15, 7, 1 ], "texture": "#texture" },
        "north": { "uv": [ 7, 8.5, 10.5, 9.5 ], "texture": "#texture" },
        "south": { "uv": [ 5.5, 8.5, 9, 9.5 ], "texture": "#texture" },
        "west":  { "uv": [ 1, 8.5, 15, 9.5 ], "texture": "#texture" },
        "east":  { "uv": [ 1, 8.5, 15, 9.5 ], "texture": "#texture" }
    }
},
{
    "from": [ 5, 6.5, 1.5 ],
    "to": [ 10, 7.5, 14.5 ],
    "faces": {
        "north": { "uv": [ 6, 8.5, 11, 9.5 ], "texture": "#texture" },
        "south": { "uv": [ 5, 8.5, 10, 9.5 ], "texture": "#texture" },
        "west":  { "uv": [ 1.5, 8.5, 14.5, 9.5 ], "texture": "#texture" },
        "east":  { "uv": [ 1.5, 8.5, 14.5, 9.5 ], "texture": "#texture" }
    }
},
{
    "from": [ -6, 5.5, 1.5 ],
    "to": [ 10.5, 6.5, 14.5 ],
    "faces": {
        "up":    { "uv": [ 0, 1.5, 16, 14.5 ], "texture": "#texture", "cullface": "west" },
        "north": { "uv": [ 0, 9.5, 16, 10.5 ], "texture": "#texture", "cullface": "west" },
        "south": { "uv": [ 0, 9.5, 16, 10.5 ], "texture": "#texture", "cullface": "west" },
        "west":  { "uv": [ 1.5, 9.5, 14.5, 10.5 ], "texture": "#texture", "cullface": "west" },
        "east":  { "uv": [ 1.5, 9.5, 14.5, 10.5 ], "texture": "#texture", "cullface": "west" }
    }
},
{
    "from": [ -4, 2, 2 ],
    "to": [ 10.5, 7, 14 ],
    "faces": {
        "down":  { "uv": [ 16, 14, 5.5, 2 ], "texture": "#texture", "cullface": "west" },
        "north": { "uv": [ 5.5, 9, 16, 14 ], "texture": "#texture", "cullface": "west" },
        "south": { "uv": [ 0, 9, 10.5, 14 ], "texture": "#texture", "cullface": "west" },
        "east":  { "uv": [ 2, 9, 14, 14 ], "texture": "#texture", "cullface": "west" }
    }
},
{
    "from": [ -3, 1.5, 2 ],
    "to": [ 10.5, 2, 14 ],
    "faces": {
        "down":  { "uv": [ 16, 14, 5.5, 2 ], "texture": "#texture", "cullface": "west" },
        "north": { "uv": [ 5.5, 14, 16, 14.5 ], "texture": "#texture", "cullface": "west" },
        "south": { "uv": [ 0, 14, 10.5, 14.5 ], "texture": "#texture", "cullface": "west" },
        "west":  { "uv": [ 2, 14, 14, 14.5 ], "texture": "#texture", "cullface": "west" }
    }
},
{
    "from": [ -9.5, 4.5, 1.5 ],
    "to": [ 11, 5.5, 14.5 ],
    "faces": {
        "down":  { "uv": [ 0, 1.5, 16, 14.5 ], "texture": "#texture", "cullface": "west" },
        "up":    { "uv": [ 0, 1.5, 16, 14.5 ], "texture": "#texture", "cullface": "west" },
        "north": { "uv": [ 0, 10.5, 16, 11.5 ], "texture": "#texture", "cullface": "west" },
        "south": { "uv": [ 0, 10.5, 16, 11.5 ], "texture": "#texture", "cullface": "west" },
        "west":  { "uv": [ 1.5, 10.5, 14.5, 11.5 ], "texture": "#texture", "cullface": "west" },
        "east":  { "uv": [ 1.5, 10.5, 14.5, 11.5 ], "texture": "#texture", "cullface": "west" }
    }
},
{
    "from": [ -8.5, 3.5, 1.5 ],
    "to": [ 11.5, 4.5, 14.5 ],
    "faces": {
        "down":  { "uv": [ 0, 1.5, 16, 14.5 ], "texture": "#texture", "cullface": "west" },
        "up":    { "uv": [ 0, 1.5, 16, 14.5 ], "texture": "#texture", "cullface": "west" },
        "north": { "uv": [ 0, 11.5, 16, 12.5 ], "texture": "#texture", "cullface": "west" },
        "south": { "uv": [ 0, 11.5, 16, 12.5 ], "texture": "#texture", "cullface": "west" },
        "west":  { "uv": [ 1.5, 11.5, 14.5, 12.5 ], "texture": "#texture", "cullface": "west" },
        "east":  { "uv": [ 1.5, 11.5, 14.5, 12.5 ], "texture": "#texture", "cullface": "west" }
    }
},
{
    "from": [ -8, 3, 1.5 ],
    "to": [ 11, 3.5, 14.5 ],
    "faces": {
        "down":  { "uv": [ 0, 4, 16, 11.5 ], "texture": "#texture", "cullface": "west" },
        "north": { "uv": [ 0, 12.5, 16, 13 ], "texture": "#texture", "cullface": "west" },
        "south": { "uv": [ 0, 12.5, 16, 13 ], "texture": "#texture", "cullface": "west" },
        "west":  { "uv": [ 1.5, 12.5, 14.5, 13 ], "texture": "#texture", "cullface": "west" },
        "east":  { "uv": [ 1.5, 12.5, 14.5, 13 ], "texture": "#texture", "cullface": "west" }
    }
},
{
    "from": [ -6, 2.5, 1.5 ],
    "to": [ 10, 3, 14.5 ],
    "faces": {
        "down":  { "uv": [ 0, 1.5, 16, 14.5 ], "texture": "#texture", "cullface": "west" },
        "north": { "uv": [ 0, 13, 16, 13.5 ], "texture": "#texture", "cullface": "west" },
        "south": { "uv": [ 0, 13, 16, 13.5 ], "texture": "#texture", "cullface": "west" },
        "west":  { "uv": [ 1.5, 13, 14.5, 13.5 ], "texture": "#texture", "cullface": "west" },
        "east":  { "uv": [ 1.5, 13, 14.5, 13.5 ], "texture": "#texture", "cullface": "west" }
    }
},
{
    "from": [ -1.5, 2, 1.5 ],
    "to": [ 9.5, 2.5, 14.5 ],
    "faces": {
        "down":  { "uv": [ 16, 14.5, 6.5, 1.5 ], "texture": "#texture", "cullface": "west" },
        "north": { "uv": [ 6.5, 13.5, 16, 14 ], "texture": "#texture", "cullface": "west" },
        "south": { "uv": [ 0, 13.5, 9.5, 14 ], "texture": "#texture", "cullface": "west" },
        "west":  { "uv": [ 1.5, 13.5, 14.5, 14 ], "texture": "#texture", "cullface": "west" },
        "east":  { "uv": [ 1.5, 13.5, 14.5, 14 ], "texture": "#texture", "cullface": "west" }
    }
},
{
    "from": [ -5.1875, 11.9375, 0 ],
    "to": [ -3.6875, 12.9375, 16 ],
    "faces": {
        "down":  { "uv": [ 0, 0, 1.5, 16 ], "texture": "#texture", "cullface": "west" },
        "up":    { "uv": [ 0, 0, 1.5, 16 ], "texture": "#texture", "cullface": "west" },
        "north": { "uv": [ 0, 3.0625, 1.5, 4.0625 ], "texture": "#texture", "cullface": "west" },
        "south": { "uv": [ 0, 3.0625, 1.5, 4.0625 ], "texture": "#texture", "cullface": "west" },
        "west":  { "uv": [ 0, 3.0625, 16, 4.0625 ], "texture": "#texture", "cullface": "west" },
        "east":  { "uv": [ 0, 3.0625, 16, 4.0625 ], "texture": "#texture", "cullface": "west" }
    }
},
{
    "from": [ -4.9375, 11.8125, 16 ],
    "to": [ -3.4375, 12.8125, 31.5 ],
    "faces": {
        "down":  { "uv": [ 0, 0, 1.5, 16 ], "texture": "#texture", "cullface": "west" },
        "up":    { "uv": [ 0, 0, 1.5, 16 ], "texture": "#texture", "cullface": "west" },
        "north": { "uv": [ 1.5, 3.1875, 0, 4.1875 ], "texture": "#texture", "cullface": "west" },
        "south": { "uv": [ 0, 3.1875, 1.5, 4.1875 ], "texture": "#texture", "cullface": "west" },
        "west":  { "uv": [ 0, 3.1875, 16, 4.1875 ], "texture": "#texture", "cullface": "west" },
        "east":  { "uv": [ 0, 3.1875, 16, 4.1875 ], "texture": "#texture", "cullface": "west" }
    }
},
{
    "from": [ -5.1875, 11.8125, -15.5 ],
    "to": [ -3.6875, 12.8125, 0 ],
    "faces": {
        "down":  { "uv": [ 0, 0, 1.5, 15 ], "texture": "#texture", "cullface": "west" },
        "up":    { "uv": [ 0, 0, 1.5, 15 ], "texture": "#texture", "cullface": "west" },
        "north": { "uv": [ 0, 3.1875, 1.5, 4.1875 ], "texture": "#texture", "cullface": "west" },
        "south": { "uv": [ 0, 3.1875, 1.5, 4.1875 ], "texture": "#texture", "cullface": "west" },
        "west":  { "uv": [ 0, 3.1875, 15, 4.1875 ], "texture": "#texture", "cullface": "west" }
    }
},
{
    "from": [ 0.5, 7.5, 2 ],
    "to": [ 1.5, 10, 3 ],
    "faces": {
        "up":    { "uv": [ 0.5, 2, 1.5, 3 ], "texture": "#texture" },
        "north": { "uv": [ 14.5, 6, 15.5, 8.5 ], "texture": "#texture" },
        "south": { "uv": [ 0.5, 6, 1.5, 8.5 ], "texture": "#texture" },
        "west":  { "uv": [ 2, 6, 3, 8.5 ], "texture": "#texture" },
        "east":  { "uv": [ 13, 6, 14, 8.5 ], "texture": "#texture" }
    }
},
{
    "from": [ 0.5, 7.5, 13 ],
    "to": [ 1.5, 10, 14 ],
    "faces": {
        "up":    { "uv": [ 0.5, 13, 1.5, 14 ], "texture": "#texture" },
        "north": { "uv": [ 14.5, 6, 15.5, 8.5 ], "texture": "#texture" },
        "south": { "uv": [ 0.5, 6, 1.5, 8.5 ], "texture": "#texture" },
        "west":  { "uv": [ 13, 6, 14, 8.5 ], "texture": "#texture" },
        "east":  { "uv": [ 2, 6, 3, 8.5 ], "texture": "#texture" }
    }
},
{
    "from": [ -10, 2.5, 2 ],
    "to": [ -7, 6.5, 14 ],
    "faces": {
        "down":  { "uv": [ 0, 2, 3, 14 ], "texture": "#texture", "cullface": "west" },
        "up":    { "uv": [ 0, 2, 3, 14 ], "texture": "#texture", "cullface": "west" },
        "north": { "uv": [ 0, 9.5, 3, 13.5 ], "texture": "#texture", "cullface": "west" },
        "south": { "uv": [ 0, 9.5, 3, 13.5 ], "texture": "#texture", "cullface": "west" },
        "west":  { "uv": [ 2, 9.5, 14, 13.5 ], "texture": "#texture", "cullface": "west" }
    }
},
{
    "from": [ -11, 3, 2.5 ],
    "to": [ -10, 6, 13.5 ],
    "faces": {
        "down":  { "uv": [ 0, 2, 1, 14 ], "texture": "#texture", "cullface": "west" },
        "up":    { "uv": [ 0, 2, 1, 14 ], "texture": "#texture", "cullface": "west" },
        "north": { "uv": [ 0, 10, 1, 13 ], "texture": "#texture", "cullface": "west" },
        "south": { "uv": [ 0, 10, 1, 13 ], "texture": "#texture", "cullface": "west" },
        "west":  { "uv": [ 2, 10, 14, 13 ], "texture": "#texture", "cullface": "west" }
    }
},
{
    "from": [ -8, 6.5, 3 ],
    "to": [ -7, 7, 13 ],
    "faces": {
        "up":    { "uv": [ 0, 3, 1, 13 ], "texture": "#texture", "cullface": "west" },
        "north": { "uv": [ 0, 9, 1, 9.5 ], "texture": "#texture", "cullface": "west" },
        "south": { "uv": [ 0, 9, 1, 9.5 ], "texture": "#texture", "cullface": "west" },
        "west":  { "uv": [ 3, 9, 13, 9.5 ], "texture": "#texture", "cullface": "west" }
    }
},
{
    "from": [ -9, 6.5, 3.5 ],
    "to": [ -8, 7, 12.5 ],
    "faces": {
        "up":    { "uv": [ 0, 3.5, 1, 12.5 ], "texture": "#texture", "cullface": "west" },
        "north": { "uv": [ 0, 9, 1, 9.5 ], "texture": "#texture", "cullface": "west" },
        "south": { "uv": [ 0, 9, 1, 9.5 ], "texture": "#texture", "cullface": "west" },
        "west":  { "uv": [ 3.5, 9, 12.5, 9.5 ], "texture": "#texture", "cullface": "west" }
    }
},
{
    "from": [ -10, 6.5, 4.5 ],
    "to": [ -9, 7, 11.5 ],
    "faces": {
        "up":    { "uv": [ 0, 4.5, 1, 11.5 ], "texture": "#texture", "cullface": "west" },
        "north": { "uv": [ 0, 9, 1, 9.5 ], "texture": "#texture", "cullface": "west" },
        "south": { "uv": [ 0, 9, 1, 9.5 ], "texture": "#texture", "cullface": "west" },
        "west":  { "uv": [ 4.5, 9, 11.5, 9.5 ], "texture": "#texture", "cullface": "west" }
    }
},
{
    "from": [ -11, 6, 3.5 ],
    "to": [ -10, 6.5, 12.5 ],
    "faces": {
        "up":    { "uv": [ 0, 3.5, 1, 12.5 ], "texture": "#texture", "cullface": "west" },
        "north": { "uv": [ 0, 9.5, 1, 10 ], "texture": "#texture", "cullface": "west" },
        "south": { "uv": [ 0, 9.5, 1, 10 ], "texture": "#texture", "cullface": "west" },
        "west":  { "uv": [ 3.5, 9.5, 12.5, 10 ], "texture": "#texture", "cullface": "west" }
    }
},
{
    "from": [ -11.5, 3.5, 3.5 ],
    "to": [ -11, 5.5, 12.5 ],
    "faces": {
        "down":  { "uv": [ 0, 3.5, 0.5, 12.5 ], "texture": "#texture", "cullface": "west" },
        "up":    { "uv": [ 0, 3.5, 0.5, 12.5 ], "texture": "#texture", "cullface": "west" },
        "north": { "uv": [ 0, 10.5, 0.5, 12.5 ], "texture": "#texture", "cullface": "west" },
        "south": { "uv": [ 0, 10.5, 0.5, 12.5 ], "texture": "#texture", "cullface": "west" },
        "west":  { "uv": [ 3.5, 10.5, 12.5, 12.5 ], "texture": "#texture", "cullface": "west" }
    }
}
],
"display": {
    "thirdperson_righthand": {
        "rotation": [ 62, -84, -6 ],
        "translation": [ -3.78, -24, 15 ],
        "scale": [ 4, 4, 3.2 ]
    },
    "head": {
        "rotation": [ 0, -90, 0 ],
        "translation": [ 0, -7.18, 24 ],
        "scale": [ 4, 4, 2.87 ]
    }
}
}