{
"__comment": "Designed by Tomaxed44 with BDcraft Cubik PRO 0.95 Beta - http://bdcraft.net",
"textures": {
    "particle": "items/Misc",
    "texture": "items/misc2"
},
"elements": [ 
{
    "from": [ 3.5, -16, 7.5 ],
    "to": [ 10, -14, 10 ],
    "faces": {
        "down":  { "uv": [ 0, 1.5, 4, 0 ], "texture": "#texture" },
        "up":    { "uv": [ 0, 0, 4, 1.5 ], "texture": "#texture" },
        "north": { "uv": [ 0, 0, 4, 1.5 ], "texture": "#texture" },
        "south": { "uv": [ 0, 0, 4, 1.5 ], "texture": "#texture" },
        "west":  { "uv": [ 0, 0, 1, 1.5 ], "texture": "#texture" },
        "east":  { "uv": [ 0, 0, 1, 1.5 ], "texture": "#texture" }
    }
},
{
    "from": [ 10, -16, 7.4375 ],
    "to": [ 12, -14, 10.125 ],
    "faces": {
        "down":  { "uv": [ 4.5, 1.5, 6, 0 ], "texture": "#texture" },
        "up":    { "uv": [ 4.5, 0, 6, 1.5 ], "texture": "#texture" },
        "north": { "uv": [ 4.5, 0, 6, 1.5 ], "texture": "#texture" },
        "south": { "uv": [ 4.5, 0, 6, 1.5 ], "texture": "#texture" },
        "west":  { "uv": [ 4.5, 0, 6, 1.5 ], "texture": "#texture" },
        "east":  { "uv": [ 4.5, 0, 6, 1.5 ], "texture": "#texture" }
    }
},
{
    "from": [ 12, -16, 7 ],
    "to": [ 12.5, -14, 10.5 ],
    "faces": {
        "down":  { "uv": [ 5, 1.5, 5.5, 0 ], "texture": "#texture" },
        "up":    { "uv": [ 5, 0, 5.5, 1.5 ], "texture": "#texture" },
        "north": { "uv": [ 5, 0, 5.5, 1.5 ], "texture": "#texture" },
        "south": { "uv": [ 5, 0, 5.5, 1.5 ], "texture": "#texture" },
        "west":  { "uv": [ 5, 0, 5.5, 0.5 ], "texture": "#texture" },
        "east":  { "uv": [ 5.5, 0, 5, 0.5 ], "texture": "#texture" }
    }
},
{
    "from": [ 0, -16, -0.5 ],
    "to": [ 6.5, -14, 2 ],
    "rotation": { "origin": [ 0, -16, -0.5 ], "axis": "y", "angle": 45 },
    "faces": {
        "down":  { "uv": [ 0, 1.5, 4, 0 ], "texture": "#texture" },
        "up":    { "uv": [ 0, 0, 4, 1.5 ], "texture": "#texture" },
        "north": { "uv": [ 0, 0, 4, 1.5 ], "texture": "#texture" },
        "south": { "uv": [ 0, 0, 4, 1.5 ], "texture": "#texture" },
        "west":  { "uv": [ 0, 0, 1, 1.5 ], "texture": "#texture" },
        "east":  { "uv": [ 0, 0, 1, 1.5 ], "texture": "#texture" }
    }
},
{
    "from": [ 4.5625, -16, -5.1875 ],
    "to": [ 6.5625, -14, -2.5 ],
    "rotation": { "origin": [ 4.5625, -16, -5.1875 ], "axis": "y", "angle": 45 },
    "faces": {
        "down":  { "uv": [ 4.5, 1.5, 6, 0 ], "texture": "#texture" },
        "up":    { "uv": [ 4.5, 0, 6, 1.5 ], "texture": "#texture" },
        "north": { "uv": [ 4.5, 0, 6, 1.5 ], "texture": "#texture" },
        "south": { "uv": [ 4.5, 0, 6, 1.5 ], "texture": "#texture" },
        "west":  { "uv": [ 4.5, 0, 6, 1.5 ], "texture": "#texture" },
        "east":  { "uv": [ 4.5, 0, 6, 1.5 ], "texture": "#texture" }
    }
},
{
    "from": [ 14.5, -16, -1.5 ],
    "to": [ 17, -14, 5 ],
    "rotation": { "origin": [ 14.5, -16, -1.5 ], "axis": "y", "angle": 22.5 },
    "faces": {
        "down":  { "uv": [ 0, 1.5, 4, 0 ], "rotation": 90, "texture": "#texture" },
        "up":    { "uv": [ 0, 0, 4, 1.5 ], "rotation": 90, "texture": "#texture" },
        "north": { "uv": [ 0, 0, 4, 1.5 ], "rotation": 90, "texture": "#texture" },
        "south": { "uv": [ 0, 0, 4, 1.5 ], "rotation": 90, "texture": "#texture" },
        "west":  { "uv": [ 0, 0, 1, 1.5 ], "texture": "#texture" },
        "east":  { "uv": [ 0, 0, 1, 1.5 ], "texture": "#texture" }
    }
},
{
    "from": [ 17, -16, 4.5 ],
    "to": [ 19.5, -14, 6.5 ],
    "rotation": { "origin": [ 17, -16, 4.5 ], "axis": "y", "angle": 22.5 },
    "faces": {
        "down":  { "uv": [ 4.5, 1.5, 6, 0 ], "rotation": 90, "texture": "#texture" },
        "up":    { "uv": [ 4.5, 0, 6, 1.5 ], "rotation": 90, "texture": "#texture" },
        "north": { "uv": [ 4.5, 0, 6, 1.5 ], "rotation": 90, "texture": "#texture" },
        "south": { "uv": [ 4.5, 0, 6, 1.5 ], "rotation": 90, "texture": "#texture" },
        "west":  { "uv": [ 4.5, 0, 6, 1.5 ], "rotation": 90, "texture": "#texture" },
        "east":  { "uv": [ 4.5, 0, 6, 1.5 ], "rotation": 90, "texture": "#texture" }
    }
}
],
"display": {
    "head": {
        "rotation": [ 0, 0, 0 ],
        "translation": [ 0, -24, 0 ],
        "scale": [ 0.4, 0.78, 0.4 ]
    },
    "ground": {
        "rotation": [ 0, 0, 0 ],
        "translation": [ 0, 11.15, 0 ],
        "scale": [ 0.5, 0.5, 0.5 ]
    },
    "gui": {
        "rotation": [ 33, 0, 0 ],
        "translation": [ -3.4, 10.58, -0.94 ],
        "scale": [ 0.6, 0.6, 0.6 ]
    }
}
}