{
"__comment": "Designed by Tomaxed44 with BDcraft Cubik PRO 0.87 Beta - http://bdcraft.net",
"textures": {
    "particle": "items/paper",
    "texture": "items/paper"
},
"elements": [ 
{
    "from": [ 16, 0, 0 ],
    "to": [ 16.0625, 16, 16 ],
    "faces": {
        "west":  { "uv": [ 0, 0, 16, 16 ], "texture": "#texture", "cullface": "east" }
    }
}
],
"display": {
    "ground": {
        "rotation": [ 0, 0, -44 ],
        "translation": [ 0, 3.78, 0 ],
        "scale": [ 0.2, 0.2, 0.2 ]
    },
    "firstperson_righthand": {
        "rotation": [ 0, 90, 0 ],
        "translation": [ -9.07, 7.94, 5.48 ],
        "scale": [ 1, 1, 1 ]
    },
    "gui": {
        "rotation": [ 0, 90, 0 ],
        "translation": [ 0, 0, 0 ],
        "scale": [ 0.54, 0.9, 0.9 ]
    }
}
}