{
"__comment": "Designed by Tomaxed44 with BDcraft Cubik PRO 0.95 Beta - http://bdcraft.net",
"textures": {
    "particle": "items/Misc",
    "texture": "items/Misc"
},
"elements": [ 
{
    "from": [ 8.0625, 7.5625, 2.75 ],
    "to": [ 8.9375, 8.5625, 12.25 ],
    "rotation": { "origin": [ 8.0625, 8.5625, 2.75 ], "axis": "x", "angle": 22.5 },
    "faces": {
        "down":  { "uv": [ 5, 10, 5.5, 14 ], "texture": "#texture" },
        "up":    { "uv": [ 5, 10, 5.5, 14 ], "texture": "#texture" },
        "north": { "uv": [ 5, 13, 5.5, 13.5 ], "texture": "#texture" },
        "south": { "uv": [ 5, 13, 5.5, 13.5 ], "texture": "#texture" },
        "west":  { "uv": [ 3.5, 13, 6.5, 13.5 ], "texture": "#texture" },
        "east":  { "uv": [ 3.5, 13, 6.5, 13.5 ], "texture": "#texture" }
    }
},
{
    "from": [ 8, 4, 1.5 ],
    "to": [ 9, 5, 14 ],
    "faces": {
        "down":  { "uv": [ 4, 10.5, 4.5, 15 ], "texture": "#texture" },
        "up":    { "uv": [ 4, 10.5, 4.5, 15 ], "texture": "#texture" },
        "north": { "uv": [ 5, 12, 5.5, 12.5 ], "texture": "#texture" },
        "south": { "uv": [ 5, 12, 5.5, 12.5 ], "texture": "#texture" },
        "west":  { "uv": [ 1.5, 11, 5, 11.5 ], "texture": "#texture" },
        "east":  { "uv": [ 1.5, 11, 5, 11.5 ], "texture": "#texture" }
    }
}
],
"display": {
    "thirdperson_righthand": {
        "rotation": [ 81, 4, -35 ],
        "translation": [ 0, 2.27, 3.21 ],
        "scale": [ 0.44, 0.41, 0.44 ]
    },
    "ground": {
        "rotation": [ 0, 0, 0 ],
        "translation": [ 0, 0.76, 0 ],
        "scale": [ 0.1, 0.1, 0.1 ]
    },
    "firstperson_righthand": {
        "rotation": [ 0, 33, 0 ],
        "translation": [ 2.65, 2.27, 0 ],
        "scale": [ 0.4, 0.4, 0.4 ]
    },
    "gui": {
        "rotation": [ 60, 135, -24 ],
        "translation": [ -0.57, 2.65, 0 ],
        "scale": [ 1.3, 1.3, 1.3 ]
    }
}
}