{
"__comment": "Designed by Tomaxed44 with BDcraft Cubik PRO 0.95 Beta - http://bdcraft.net",
"textures": {
    "texture": "items/mask",
    "glass": "blocks/wool_colored_purple"
},
"elements": [ 
{
    "from": [ 0, 3, 4 ],
    "to": [ 1, 13, 9 ],
    "faces": {
        "down":  { "uv": [ 16, 9, 15, 4 ], "texture": "#texture" },
        "up":    { "uv": [ 0, 4, 1, 9 ], "texture": "#texture" },
        "north": { "uv": [ 15, 3, 16, 13 ], "texture": "#texture" },
        "south": { "uv": [ 0, 3, 1, 13 ], "texture": "#texture" },
        "west":  { "uv": [ 4, 3, 9, 13 ], "texture": "#texture" },
        "east":  { "uv": [ 7, 3, 12, 13 ], "texture": "#texture" }
    }
},
{
    "from": [ 15, 3, 4 ],
    "to": [ 16, 13, 9 ],
    "faces": {
        "down":  { "uv": [ 1, 9, 0, 4 ], "texture": "#texture" },
        "up":    { "uv": [ 15, 4, 16, 9 ], "texture": "#texture" },
        "north": { "uv": [ 0, 3, 1, 13 ], "texture": "#texture" },
        "south": { "uv": [ 15, 3, 16, 13 ], "texture": "#texture" },
        "west":  { "uv": [ 4, 3, 9, 13 ], "texture": "#texture" },
        "east":  { "uv": [ 7, 3, 12, 13 ], "texture": "#texture" }
    }
},
{
    "from": [ 1, 13, 4 ],
    "to": [ 2, 14, 10 ],
    "faces": {
        "down":  { "uv": [ 15, 10, 14, 4 ], "texture": "#texture" },
        "up":    { "uv": [ 1, 4, 2, 10 ], "texture": "#texture" },
        "north": { "uv": [ 14, 2, 15, 3 ], "texture": "#texture" },
        "south": { "uv": [ 1, 2, 2, 3 ], "texture": "#texture" },
        "west":  { "uv": [ 4, 2, 10, 3 ], "texture": "#texture" }
    }
},
{
    "from": [ 14, 13, 4 ],
    "to": [ 15, 14, 10 ],
    "faces": {
        "down":  { "uv": [ 2, 10, 1, 4 ], "texture": "#texture" },
        "up":    { "uv": [ 14, 4, 15, 10 ], "texture": "#texture" },
        "north": { "uv": [ 1, 2, 2, 3 ], "texture": "#texture" },
        "south": { "uv": [ 14, 2, 15, 3 ], "texture": "#texture" },
        "east":  { "uv": [ 6, 2, 12, 3 ], "texture": "#texture" }
    }
},
{
    "from": [ 0, 5, 9 ],
    "to": [ 1, 12, 10 ],
    "faces": {
        "down":  { "uv": [ 16, 10, 15, 9 ], "texture": "#texture" },
        "up":    { "uv": [ 0, 9, 1, 10 ], "texture": "#texture" },
        "south": { "uv": [ 0, 4, 1, 11 ], "texture": "#texture" },
        "west":  { "uv": [ 9, 4, 10, 11 ], "texture": "#texture" }
    }
},
{
    "from": [ 15, 5, 9 ],
    "to": [ 16, 12, 10 ],
    "faces": {
        "down":  { "uv": [ 1, 10, 0, 9 ], "texture": "#texture" },
        "up":    { "uv": [ 15, 9, 16, 10 ], "texture": "#texture" },
        "south": { "uv": [ 15, 4, 16, 11 ], "texture": "#texture" },
        "east":  { "uv": [ 6, 4, 7, 11 ], "texture": "#texture" }
    }
},
{
    "from": [ 2, 13, 3 ],
    "to": [ 3, 14, 11 ],
    "faces": {
        "down":  { "uv": [ 14, 11, 13, 3 ], "texture": "#texture" },
        "up":    { "uv": [ 2, 3, 3, 11 ], "texture": "#texture" },
        "south": { "uv": [ 2, 2, 3, 3 ], "texture": "#texture" },
        "west":  { "uv": [ 3, 2, 11, 3 ], "texture": "#texture" },
        "east":  { "uv": [ 5, 2, 13, 3 ], "texture": "#texture" }
    }
},
{
    "from": [ 13, 13, 3 ],
    "to": [ 14, 14, 11 ],
    "faces": {
        "down":  { "uv": [ 3, 11, 2, 3 ], "texture": "#texture" },
        "up":    { "uv": [ 13, 3, 14, 11 ], "texture": "#texture" },
        "south": { "uv": [ 13, 2, 14, 3 ], "texture": "#texture" },
        "west":  { "uv": [ 3, 2, 11, 3 ], "texture": "#texture" },
        "east":  { "uv": [ 5, 2, 13, 3 ], "texture": "#texture" }
    }
},
{
    "from": [ 1, 3, 2 ],
    "to": [ 2, 13, 4 ],
    "faces": {
        "down":  { "uv": [ 15, 4, 14, 2 ], "texture": "#texture" },
        "up":    { "uv": [ 1, 2, 2, 4 ], "texture": "#texture" },
        "north": { "uv": [ 14, 3, 15, 13 ], "texture": "#texture" },
        "south": { "uv": [ 1, 3, 2, 13 ], "texture": "#texture" },
        "west":  { "uv": [ 2, 3, 4, 13 ], "texture": "#texture" },
        "east":  { "uv": [ 12, 3, 14, 13 ], "texture": "#texture" }
    }
},
{
    "from": [ 14, 3, 2 ],
    "to": [ 15, 13, 4 ],
    "faces": {
        "down":  { "uv": [ 2, 4, 1, 2 ], "texture": "#texture" },
        "up":    { "uv": [ 14, 2, 15, 4 ], "texture": "#texture" },
        "north": { "uv": [ 1, 3, 2, 13 ], "texture": "#texture" },
        "south": { "uv": [ 14, 3, 15, 13 ], "texture": "#texture" },
        "west":  { "uv": [ 2, 3, 4, 13 ], "texture": "#texture" },
        "east":  { "uv": [ 12, 3, 14, 13 ], "texture": "#texture" }
    }
},
{
    "from": [ 13, 3, 1 ],
    "to": [ 14, 13, 2 ],
    "faces": {
        "down":  { "uv": [ 3, 2, 2, 1 ], "texture": "#texture" },
        "up":    { "uv": [ 13, 1, 14, 2 ], "texture": "#texture" },
        "north": { "uv": [ 2, 3, 3, 13 ], "texture": "#texture" },
        "south": { "uv": [ 13, 3, 14, 13 ], "texture": "#texture" },
        "west":  { "uv": [ 1, 3, 2, 13 ], "texture": "#texture" },
        "east":  { "uv": [ 14, 3, 15, 13 ], "texture": "#texture" }
    }
},
{
    "from": [ 2, 3, 1 ],
    "to": [ 3, 13, 2 ],
    "faces": {
        "down":  { "uv": [ 14, 2, 13, 1 ], "texture": "#texture" },
        "up":    { "uv": [ 2, 1, 3, 2 ], "texture": "#texture" },
        "north": { "uv": [ 13, 3, 14, 13 ], "texture": "#texture" },
        "south": { "uv": [ 2, 3, 3, 13 ], "texture": "#texture" },
        "west":  { "uv": [ 1, 3, 2, 13 ], "texture": "#texture" },
        "east":  { "uv": [ 14, 3, 15, 13 ], "texture": "#texture" }
    }
},
{
    "from": [ 3, 11.5, 0 ],
    "to": [ 13, 13, 1 ],
    "faces": {
        "down":  { "uv": [ 13, 1, 3, 0 ], "texture": "#texture" },
        "up":    { "uv": [ 3, 0, 13, 1 ], "texture": "#texture" },
        "north": { "uv": [ 3, 3, 13, 4.5 ], "texture": "#texture" },
        "south": { "uv": [ 3, 3, 13, 4.5 ], "texture": "#texture" },
        "west":  { "uv": [ 0, 3, 1, 4.5 ], "texture": "#texture" },
        "east":  { "uv": [ 15, 3, 16, 4.5 ], "texture": "#texture" }
    }
},
{
    "from": [ 3, 6, 0 ],
    "to": [ 13, 8, 1 ],
    "faces": {
        "down":  { "uv": [ 13, 1, 3, 0 ], "texture": "#texture" },
        "up":    { "uv": [ 3, 0, 13, 1 ], "texture": "#texture" },
        "north": { "uv": [ 3, 8, 13, 10 ], "texture": "#texture" },
        "south": { "uv": [ 3, 8, 13, 10 ], "texture": "#texture" },
        "west":  { "uv": [ 0, 8, 1, 10 ], "texture": "#texture" },
        "east":  { "uv": [ 15, 8, 16, 10 ], "texture": "#texture" }
    }
},
{
    "from": [ 2, 13, 2 ],
    "to": [ 4, 14, 3 ],
    "faces": {
        "down":  { "uv": [ 14, 3, 12, 2 ], "texture": "#texture" },
        "up":    { "uv": [ 2, 2, 4, 3 ], "texture": "#texture" },
        "north": { "uv": [ 12, 2, 14, 3 ], "texture": "#texture" },
        "south": { "uv": [ 2, 2, 4, 3 ], "texture": "#texture" },
        "west":  { "uv": [ 2, 2, 3, 3 ], "texture": "#texture" },
        "east":  { "uv": [ 13, 2, 14, 3 ], "texture": "#texture" }
    }
},
{
    "from": [ 12, 13, 2 ],
    "to": [ 14, 14, 3 ],
    "faces": {
        "down":  { "uv": [ 4, 3, 2, 2 ], "texture": "#texture" },
        "up":    { "uv": [ 12, 2, 14, 3 ], "texture": "#texture" },
        "north": { "uv": [ 2, 2, 4, 3 ], "texture": "#texture" },
        "south": { "uv": [ 12, 2, 14, 3 ], "texture": "#texture" },
        "west":  { "uv": [ 2, 2, 3, 3 ], "texture": "#texture" },
        "east":  { "uv": [ 13, 2, 14, 3 ], "texture": "#texture" }
    }
},
{
    "from": [ 3, 13, 1 ],
    "to": [ 13, 14, 2 ],
    "faces": {
        "down":  { "uv": [ 13, 2, 3, 1 ], "texture": "#texture" },
        "up":    { "uv": [ 3, 1, 13, 2 ], "texture": "#texture" },
        "north": { "uv": [ 3, 2, 13, 3 ], "texture": "#texture" },
        "south": { "uv": [ 3, 2, 13, 3 ], "texture": "#texture" },
        "west":  { "uv": [ 1, 2, 2, 3 ], "texture": "#texture" },
        "east":  { "uv": [ 14, 2, 15, 3 ], "texture": "#texture" }
    }
},
{
    "from": [ 5, 14, 4 ],
    "to": [ 11, 15, 11 ],
    "faces": {
        "down":  { "uv": [ 11, 11, 5, 4 ], "texture": "#texture" },
        "up":    { "uv": [ 5, 4, 11, 11 ], "texture": "#texture" },
        "north": { "uv": [ 5, 1, 11, 2 ], "texture": "#texture" },
        "south": { "uv": [ 5, 1, 11, 2 ], "texture": "#texture" },
        "west":  { "uv": [ 4, 1, 11, 2 ], "texture": "#texture" },
        "east":  { "uv": [ 5, 1, 12, 2 ], "texture": "#texture" }
    }
},
{
    "from": [ 3, 14, 3 ],
    "to": [ 4, 14.5, 12 ],
    "faces": {
        "down":  { "uv": [ 13, 12, 12, 3 ], "texture": "#texture" },
        "up":    { "uv": [ 3, 3, 4, 12 ], "texture": "#texture" },
        "north": { "uv": [ 12, 1.5, 13, 2 ], "texture": "#texture" },
        "south": { "uv": [ 3, 1.5, 4, 2 ], "texture": "#texture" },
        "west":  { "uv": [ 3, 1.5, 12, 2 ], "texture": "#texture" },
        "east":  { "uv": [ 4, 1.5, 13, 2 ], "texture": "#texture" }
    }
},
{
    "from": [ 12, 14, 3 ],
    "to": [ 13, 14.5, 12 ],
    "faces": {
        "down":  { "uv": [ 4, 12, 3, 3 ], "texture": "#texture" },
        "up":    { "uv": [ 12, 3, 13, 12 ], "texture": "#texture" },
        "north": { "uv": [ 3, 1.5, 4, 2 ], "texture": "#texture" },
        "south": { "uv": [ 12, 1.5, 13, 2 ], "texture": "#texture" },
        "west":  { "uv": [ 3, 1.5, 12, 2 ], "texture": "#texture" },
        "east":  { "uv": [ 4, 1.5, 13, 2 ], "texture": "#texture" }
    }
},
{
    "from": [ 4, 14, 2 ],
    "to": [ 12, 14.5, 4 ],
    "faces": {
        "down":  { "uv": [ 12, 4, 4, 2 ], "texture": "#texture" },
        "up":    { "uv": [ 4, 2, 12, 4 ], "texture": "#texture" },
        "north": { "uv": [ 4, 1.5, 12, 2 ], "texture": "#texture" },
        "south": { "uv": [ 4, 1.5, 12, 2 ], "texture": "#texture" },
        "west":  { "uv": [ 2, 1.5, 4, 2 ], "texture": "#texture" },
        "east":  { "uv": [ 12, 1.5, 14, 2 ], "texture": "#texture" }
    }
},
{
    "from": [ 4, 14, 11 ],
    "to": [ 12, 14.5, 13 ],
    "faces": {
        "down":  { "uv": [ 12, 13, 4, 11 ], "texture": "#texture" },
        "up":    { "uv": [ 4, 11, 12, 13 ], "texture": "#texture" },
        "north": { "uv": [ 4, 1.5, 12, 2 ], "texture": "#texture" },
        "south": { "uv": [ 4, 1.5, 12, 2 ], "texture": "#texture" },
        "west":  { "uv": [ 11, 1.5, 13, 2 ], "texture": "#texture" },
        "east":  { "uv": [ 3, 1.5, 5, 2 ], "texture": "#texture" }
    }
},
{
    "from": [ 4, 14, 4 ],
    "to": [ 5, 14.5, 11 ],
    "faces": {
        "down":  { "uv": [ 12, 11, 11, 4 ], "texture": "#texture" },
        "up":    { "uv": [ 4, 4, 5, 11 ], "texture": "#texture" }
    }
},
{
    "from": [ 11, 14, 4 ],
    "to": [ 12, 14.5, 11 ],
    "faces": {
        "down":  { "uv": [ 5, 11, 4, 4 ], "texture": "#texture" },
        "up":    { "uv": [ 11, 4, 12, 11 ], "texture": "#texture" }
    }
},
{
    "from": [ 2, 1, 6 ],
    "to": [ 3, 3, 8.5 ],
    "faces": {
        "down":  { "uv": [ 14, 8.5, 13, 6 ], "texture": "#texture" },
        "up":    { "uv": [ 2, 6, 3, 8.5 ], "texture": "#texture" },
        "south": { "uv": [ 2, 13, 3, 15 ], "texture": "#texture" },
        "west":  { "uv": [ 6, 13, 8.5, 15 ], "texture": "#texture" },
        "east":  { "uv": [ 7.5, 13, 10, 15 ], "texture": "#texture" }
    }
},
{
    "from": [ 13, 1, 6 ],
    "to": [ 14, 3, 8.5 ],
    "faces": {
        "down":  { "uv": [ 3, 8.5, 2, 6 ], "texture": "#texture" },
        "up":    { "uv": [ 13, 6, 14, 8.5 ], "texture": "#texture" },
        "south": { "uv": [ 13, 13, 14, 15 ], "texture": "#texture" },
        "west":  { "uv": [ 6, 13, 8.5, 15 ], "texture": "#texture" },
        "east":  { "uv": [ 7.5, 13, 10, 15 ], "texture": "#texture" }
    }
},
{
    "from": [ 3, 0.5, 5.5 ],
    "to": [ 4.5, 1, 10.5 ],
    "faces": {
        "down":  { "uv": [ 13, 10.5, 11.5, 5.5 ], "texture": "#texture" },
        "up":    { "uv": [ 3, 5.5, 4.5, 10.5 ], "texture": "#texture" },
        "south": { "uv": [ 3, 15, 4.5, 15.5 ], "texture": "#texture" },
        "west":  { "uv": [ 5.5, 15, 10.5, 15.5 ], "texture": "#texture" }
    }
},
{
    "from": [ 11.5, 0.5, 5.5 ],
    "to": [ 13, 1, 10.5 ],
    "faces": {
        "down":  { "uv": [ 4.5, 10.5, 3, 5.5 ], "texture": "#texture" },
        "up":    { "uv": [ 11.5, 5.5, 13, 10.5 ], "texture": "#texture" },
        "south": { "uv": [ 11.5, 15, 13, 15.5 ], "texture": "#texture" },
        "east":  { "uv": [ 5.5, 15, 10.5, 15.5 ], "texture": "#texture" }
    }
},
{
    "from": [ 7.5, 8, -0.5 ],
    "to": [ 8.5, 9, 0 ],
    "faces": {
        "up":    { "uv": [ 7.5, 0, 8.5, 0 ], "texture": "#texture" },
        "north": { "uv": [ 7.5, 7, 8.5, 8 ], "texture": "#texture" },
        "west":  { "uv": [ 0, 7, 0, 8 ], "texture": "#texture" },
        "east":  { "uv": [ 16, 7, 16, 8 ], "texture": "#texture" }
    }
},
{
    "from": [ 7, 8, 0 ],
    "to": [ 9, 11, 1 ],
    "faces": {
        "north": { "uv": [ 7, 5, 9, 8 ], "texture": "#texture" },
        "south": { "uv": [ 7, 5, 9, 8 ], "texture": "#texture" },
        "west":  { "uv": [ 0, 5, 1, 8 ], "texture": "#texture" },
        "east":  { "uv": [ 15, 5, 16, 8 ], "texture": "#texture" }
    }
},
{
    "from": [ 3, 8, 0 ],
    "to": [ 3.5, 11, 1 ],
    "faces": {
        "north": { "uv": [ 12.5, 5, 13, 8 ], "texture": "#texture" },
        "south": { "uv": [ 3, 5, 3.5, 8 ], "texture": "#texture" },
        "west":  { "uv": [ 0, 5, 1, 8 ], "texture": "#texture" },
        "east":  { "uv": [ 15, 5, 16, 8 ], "texture": "#texture" }
    }
},
{
    "from": [ 12.5, 8, 0 ],
    "to": [ 13, 11, 1 ],
    "faces": {
        "north": { "uv": [ 3, 5, 3.5, 8 ], "texture": "#texture" },
        "south": { "uv": [ 12.5, 5, 13, 8 ], "texture": "#texture" },
        "west":  { "uv": [ 0, 5, 1, 8 ], "texture": "#texture" },
        "east":  { "uv": [ 15, 5, 16, 8 ], "texture": "#texture" }
    }
},
{
    "from": [ 3, 11, 0 ],
    "to": [ 4.5, 11.5, 1 ],
    "faces": {
        "down":  { "uv": [ 13, 1, 11.5, 0 ], "texture": "#texture" },
        "north": { "uv": [ 11.5, 4.5, 13, 5 ], "texture": "#texture" },
        "south": { "uv": [ 3, 4.5, 4.5, 5 ], "texture": "#texture" },
        "west":  { "uv": [ 0, 4.5, 1, 5 ], "texture": "#texture" },
        "east":  { "uv": [ 15, 4.5, 16, 5 ], "texture": "#texture" }
    }
},
{
    "from": [ 6.5, 11, 0 ],
    "to": [ 9.5, 11.5, 1 ],
    "faces": {
        "down":  { "uv": [ 9.5, 1, 6.5, 0 ], "texture": "#texture" },
        "north": { "uv": [ 6.5, 4.5, 9.5, 5 ], "texture": "#texture" },
        "south": { "uv": [ 6.5, 4.5, 9.5, 5 ], "texture": "#texture" },
        "west":  { "uv": [ 0, 4.5, 1, 5 ], "texture": "#texture" },
        "east":  { "uv": [ 15, 4.5, 16, 5 ], "texture": "#texture" }
    }
},
{
    "from": [ 11.5, 11, 0 ],
    "to": [ 13, 11.5, 1 ],
    "faces": {
        "down":  { "uv": [ 4.5, 1, 3, 0 ], "texture": "#texture" },
        "north": { "uv": [ 3, 4.5, 4.5, 5 ], "texture": "#texture" },
        "south": { "uv": [ 11.5, 4.5, 13, 5 ], "texture": "#texture" },
        "west":  { "uv": [ 0, 4.5, 1, 5 ], "texture": "#texture" },
        "east":  { "uv": [ 15, 4.5, 16, 5 ], "texture": "#texture" }
    }
},
{
    "from": [ 3.5, 8, 0 ],
    "to": [ 4, 9, 1 ],
    "faces": {
        "up":    { "uv": [ 3.5, 0, 4, 1 ], "texture": "#texture" },
        "north": { "uv": [ 12, 7, 12.5, 8 ], "texture": "#texture" },
        "south": { "uv": [ 3.5, 7, 4, 8 ], "texture": "#texture" },
        "east":  { "uv": [ 15, 7, 16, 8 ], "texture": "#texture" }
    }
},
{
    "from": [ 4, 8, 0 ],
    "to": [ 5, 8.5, 1 ],
    "faces": {
        "up":    { "uv": [ 4, 0, 5, 1 ], "texture": "#texture" },
        "north": { "uv": [ 11, 7.5, 12, 8 ], "texture": "#texture" },
        "south": { "uv": [ 4, 7.5, 5, 8 ], "texture": "#texture" },
        "east":  { "uv": [ 15, 7.5, 16, 8 ], "texture": "#texture" }
    }
},
{
    "from": [ 6.5, 8, 0 ],
    "to": [ 7, 9, 1 ],
    "faces": {
        "up":    { "uv": [ 6.5, 0, 7, 1 ], "texture": "#texture" },
        "north": { "uv": [ 9, 7, 9.5, 8 ], "texture": "#texture" },
        "south": { "uv": [ 6.5, 7, 7, 8 ], "texture": "#texture" },
        "west":  { "uv": [ 0, 7, 1, 8 ], "texture": "#texture" }
    }
},
{
    "from": [ 9, 8, 0 ],
    "to": [ 9.5, 9, 1 ],
    "faces": {
        "up":    { "uv": [ 9, 0, 9.5, 1 ], "texture": "#texture" },
        "north": { "uv": [ 6.5, 7, 7, 8 ], "texture": "#texture" },
        "south": { "uv": [ 9, 7, 9.5, 8 ], "texture": "#texture" },
        "east":  { "uv": [ 15, 7, 16, 8 ], "texture": "#texture" }
    }
},
{
    "from": [ 11, 8, 0 ],
    "to": [ 12, 8.5, 1 ],
    "faces": {
        "up":    { "uv": [ 11, 0, 12, 1 ], "texture": "#texture" },
        "north": { "uv": [ 4, 7.5, 5, 8 ], "texture": "#texture" },
        "south": { "uv": [ 11, 7.5, 12, 8 ], "texture": "#texture" },
        "west":  { "uv": [ 0, 7.5, 1, 8 ], "texture": "#texture" }
    }
},
{
    "from": [ 12, 8, 0 ],
    "to": [ 12.5, 9, 1 ],
    "faces": {
        "up":    { "uv": [ 12, 0, 12.5, 1 ], "texture": "#texture" },
        "north": { "uv": [ 3.5, 7, 4, 8 ], "texture": "#texture" },
        "south": { "uv": [ 12, 7, 12.5, 8 ], "texture": "#texture" },
        "west":  { "uv": [ 0, 7, 1, 8 ], "texture": "#texture" }
    }
},
{
    "from": [ 7, 6.5, -0.5 ],
    "to": [ 9, 8, 0 ],
    "faces": {
        "down":  { "uv": [ 9, 0, 7, 0 ], "texture": "#texture" },
        "up":    { "uv": [ 7, 0, 9, 0 ], "texture": "#texture" },
        "north": { "uv": [ 7, 8, 9, 9.5 ], "texture": "#texture" },
        "west":  { "uv": [ 0, 8, 0, 9.5 ], "texture": "#texture" },
        "east":  { "uv": [ 16, 8, 16, 9.5 ], "texture": "#texture" }
    }
},
{
    "from": [ 6.5, 6.5, -0.5 ],
    "to": [ 7, 7.5, 0 ],
    "faces": {
        "down":  { "uv": [ 9.5, 0, 9, 0 ], "texture": "#texture" },
        "up":    { "uv": [ 6.5, 0, 7, 0 ], "texture": "#texture" },
        "north": { "uv": [ 9, 8.5, 9.5, 9.5 ], "texture": "#texture" },
        "west":  { "uv": [ 0, 8.5, 0, 9.5 ], "texture": "#texture" }
    }
},
{
    "from": [ 9, 6.5, -0.5 ],
    "to": [ 9.5, 7.5, 0 ],
    "faces": {
        "down":  { "uv": [ 7, 0, 6.5, 0 ], "texture": "#texture" },
        "up":    { "uv": [ 9, 0, 9.5, 0 ], "texture": "#texture" },
        "north": { "uv": [ 6.5, 8.5, 7, 9.5 ], "texture": "#texture" },
        "east":  { "uv": [ 16, 8.5, 16, 9.5 ], "texture": "#texture" }
    }
},
{
    "from": [ 7.5, 6.5, -1 ],
    "to": [ 8.5, 7.5, -0.5 ],
    "faces": {
        "up":    { "uv": [ 7.5, 0, 8.5, 0 ], "texture": "#texture" },
        "north": { "uv": [ 7.5, 8.5, 8.5, 9.5 ], "texture": "#texture" },
        "west":  { "uv": [ 0, 8.5, 0, 9.5 ], "texture": "#texture" },
        "east":  { "uv": [ 16, 8.5, 16, 9.5 ], "texture": "#texture" }
    }
},
{
    "from": [ 6.5, 6, -1.5 ],
    "to": [ 9.5, 6.5, -0.5 ],
    "faces": {
        "up":    { "uv": [ 6.5, 0, 9.5, 0 ], "texture": "#texture" },
        "north": { "uv": [ 6.5, 9.5, 9.5, 10 ], "texture": "#texture" },
        "south": { "uv": [ 6.5, 9.5, 9.5, 10 ], "texture": "#texture" },
        "west":  { "uv": [ 0, 9.5, 0, 10 ], "texture": "#texture" },
        "east":  { "uv": [ 16, 9.5, 16, 10 ], "texture": "#texture" }
    }
},
{
    "from": [ 5, 6, -0.5 ],
    "to": [ 6.5, 6.5, 0 ],
    "faces": {
        "down":  { "uv": [ 11, 0, 9.5, 0 ], "texture": "#texture" },
        "up":    { "uv": [ 5, 0, 6.5, 0 ], "texture": "#texture" },
        "north": { "uv": [ 9.5, 9.5, 11, 10 ], "texture": "#texture" },
        "west":  { "uv": [ 0, 9.5, 0, 10 ], "texture": "#texture" },
        "east":  { "uv": [ 16, 9.5, 16, 10 ], "texture": "#texture" }
    }
},
{
    "from": [ 9.5, 6, -0.5 ],
    "to": [ 11, 6.5, 0 ],
    "faces": {
        "down":  { "uv": [ 6.5, 0, 5, 0 ], "texture": "#texture" },
        "up":    { "uv": [ 9.5, 0, 11, 0 ], "texture": "#texture" },
        "north": { "uv": [ 5, 9.5, 6.5, 10 ], "texture": "#texture" },
        "west":  { "uv": [ 0, 9.5, 0, 10 ], "texture": "#texture" },
        "east":  { "uv": [ 16, 9.5, 16, 10 ], "texture": "#texture" }
    }
},
{
    "from": [ 5.5, 5.5, -1.5 ],
    "to": [ 6.5, 6, -0.5 ],
    "faces": {
        "up":    { "uv": [ 5.5, 0, 6.5, 0 ], "texture": "#texture" },
        "north": { "uv": [ 9.5, 10, 10.5, 10.5 ], "texture": "#texture" },
        "south": { "uv": [ 5.5, 10, 6.5, 10.5 ], "texture": "#texture" },
        "west":  { "uv": [ 0, 10, 0, 10.5 ], "texture": "#texture" }
    }
},
{
    "from": [ 6.5, 5.5, -2 ],
    "to": [ 9.5, 6, -0.5 ],
    "faces": {
        "down":  { "uv": [ 9.5, 0, 6.5, 0 ], "texture": "#texture" },
        "up":    { "uv": [ 6.5, 0, 9.5, 0 ], "texture": "#texture" },
        "north": { "uv": [ 6.5, 10, 9.5, 10.5 ], "texture": "#texture" },
        "south": { "uv": [ 6.5, 10, 9.5, 10.5 ], "texture": "#texture" },
        "west":  { "uv": [ 0, 10, 0, 10.5 ], "texture": "#texture" },
        "east":  { "uv": [ 16, 10, 16, 10.5 ], "texture": "#texture" }
    }
},
{
    "from": [ 9.5, 5.5, -1.5 ],
    "to": [ 10.5, 6, -0.5 ],
    "faces": {
        "up":    { "uv": [ 9.5, 0, 10.5, 0 ], "texture": "#texture" },
        "north": { "uv": [ 5.5, 10, 6.5, 10.5 ], "texture": "#texture" },
        "south": { "uv": [ 9.5, 10, 10.5, 10.5 ], "texture": "#texture" },
        "east":  { "uv": [ 16, 10, 16, 10.5 ], "texture": "#texture" }
    }
},
{
    "from": [ 5.5, 5, -2 ],
    "to": [ 6.5, 5.5, -0.5 ],
    "faces": {
        "down":  { "uv": [ 10.5, 0, 9.5, 0 ], "texture": "#texture" },
        "up":    { "uv": [ 5.5, 0, 6.5, 0 ], "texture": "#texture" },
        "north": { "uv": [ 9.5, 10.5, 10.5, 11 ], "texture": "#texture" },
        "south": { "uv": [ 5.5, 10.5, 6.5, 11 ], "texture": "#texture" },
        "west":  { "uv": [ 0, 10.5, 0, 11 ], "texture": "#texture" },
        "east":  { "uv": [ 16, 10.5, 16, 11 ], "texture": "#texture" }
    }
},
{
    "from": [ 9.5, 5, -2 ],
    "to": [ 10.5, 5.5, -0.5 ],
    "faces": {
        "down":  { "uv": [ 6.5, 0, 5.5, 0 ], "texture": "#texture" },
        "up":    { "uv": [ 9.5, 0, 10.5, 0 ], "texture": "#texture" },
        "north": { "uv": [ 5.5, 10.5, 6.5, 11 ], "texture": "#texture" },
        "south": { "uv": [ 9.5, 10.5, 10.5, 11 ], "texture": "#texture" },
        "west":  { "uv": [ 0, 10.5, 0, 11 ], "texture": "#texture" },
        "east":  { "uv": [ 16, 10.5, 16, 11 ], "texture": "#texture" }
    }
},
{
    "from": [ 5, 4.5, -2 ],
    "to": [ 5.5, 5, -0.5 ],
    "faces": {
        "down":  { "uv": [ 11, 0, 10.5, 0 ], "texture": "#texture" },
        "up":    { "uv": [ 5, 0, 5.5, 0 ], "texture": "#texture" },
        "north": { "uv": [ 10.5, 11, 11, 11.5 ], "texture": "#texture" },
        "south": { "uv": [ 5, 11, 5.5, 11.5 ], "texture": "#texture" },
        "west":  { "uv": [ 0, 11, 0, 11.5 ], "texture": "#texture" },
        "east":  { "uv": [ 16, 11, 16, 11.5 ], "texture": "#texture" }
    }
},
{
    "from": [ 4.5, 3.5, -1.5 ],
    "to": [ 5, 4.5, 0 ],
    "faces": {
        "down":  { "uv": [ 11.5, 0, 11, 0 ], "texture": "#texture" },
        "up":    { "uv": [ 4.5, 0, 5, 0 ], "texture": "#texture" },
        "north": { "uv": [ 11, 11.5, 11.5, 12.5 ], "texture": "#texture" },
        "south": { "uv": [ 4.5, 11.5, 5, 12.5 ], "texture": "#texture" },
        "west":  { "uv": [ 0, 11.5, 0, 12.5 ], "texture": "#texture" },
        "east":  { "uv": [ 16, 11.5, 16, 12.5 ], "texture": "#texture" }
    }
},
{
    "from": [ 4, 1, -1 ],
    "to": [ 4.5, 3.5, 0.5 ],
    "faces": {
        "down":  { "uv": [ 12, 0.5, 11.5, 0 ], "texture": "#texture" },
        "up":    { "uv": [ 4, 0, 4.5, 0.5 ], "texture": "#texture" },
        "north": { "uv": [ 11.5, 12.5, 12, 15 ], "texture": "#texture" },
        "south": { "uv": [ 4, 12.5, 4.5, 15 ], "texture": "#texture" },
        "west":  { "uv": [ 0, 12.5, 0.5, 15 ], "texture": "#texture" },
        "east":  { "uv": [ 15.5, 12.5, 16, 15 ], "texture": "#texture" }
    }
},
{
    "from": [ 4.5, 0, -0.5 ],
    "to": [ 5, 1, 1 ],
    "faces": {
        "down":  { "uv": [ 11.5, 1, 11, 0 ], "texture": "#texture" },
        "up":    { "uv": [ 4.5, 0, 5, 1 ], "texture": "#texture" },
        "north": { "uv": [ 11, 15, 11.5, 16 ], "texture": "#texture" },
        "south": { "uv": [ 4.5, 15, 5, 16 ], "texture": "#texture" },
        "west":  { "uv": [ 0, 15, 1, 16 ], "texture": "#texture" },
        "east":  { "uv": [ 15, 15, 16, 16 ], "texture": "#texture" }
    }
},
{
    "from": [ 5, -0.5, -0.5 ],
    "to": [ 5.5, 0, 1.5 ],
    "faces": {
        "down":  { "uv": [ 11, 1.5, 10.5, 0 ], "texture": "#texture" },
        "up":    { "uv": [ 5, 0, 5.5, 1.5 ], "texture": "#texture" },
        "north": { "uv": [ 10.5, 16, 11, 16 ], "texture": "#texture" },
        "west":  { "uv": [ 0, 16, 1.5, 16 ], "texture": "#texture" },
        "east":  { "uv": [ 14.5, 16, 16, 16 ], "texture": "#texture" }
    }
},
{
    "from": [ 5.5, -1, 0 ],
    "to": [ 6.5, -0.5, 1.5 ],
    "faces": {
        "down":  { "uv": [ 10.5, 1.5, 9.5, 0 ], "texture": "#texture" },
        "up":    { "uv": [ 5.5, 0, 6.5, 1.5 ], "texture": "#texture" },
        "north": { "uv": [ 9.5, 16, 10.5, 16 ], "texture": "#texture" },
        "west":  { "uv": [ 0, 16, 1.5, 16 ], "texture": "#texture" },
        "east":  { "uv": [ 14.5, 16, 16, 16 ], "texture": "#texture" }
    }
},
{
    "from": [ 6.5, -1.5, 0.5 ],
    "to": [ 9.5, -1, 2 ],
    "faces": {
        "down":  { "uv": [ 9.5, 2, 6.5, 0.5 ], "texture": "#texture" },
        "up":    { "uv": [ 6.5, 0.5, 9.5, 2 ], "texture": "#texture" },
        "north": { "uv": [ 6.5, 16, 9.5, 16 ], "texture": "#texture" },
        "west":  { "uv": [ 0.5, 16, 2, 16 ], "texture": "#texture" },
        "east":  { "uv": [ 14, 16, 15.5, 16 ], "texture": "#texture" }
    }
},
{
    "from": [ 9.5, -1, 0 ],
    "to": [ 10.5, -0.5, 1.5 ],
    "faces": {
        "down":  { "uv": [ 6.5, 1.5, 5.5, 0 ], "texture": "#texture" },
        "up":    { "uv": [ 9.5, 0, 10.5, 1.5 ], "texture": "#texture" },
        "north": { "uv": [ 5.5, 16, 6.5, 16 ], "texture": "#texture" },
        "west":  { "uv": [ 0, 16, 1.5, 16 ], "texture": "#texture" },
        "east":  { "uv": [ 14.5, 16, 16, 16 ], "texture": "#texture" }
    }
},
{
    "from": [ 10.5, -0.5, -0.5 ],
    "to": [ 11, 0, 1.5 ],
    "faces": {
        "down":  { "uv": [ 5.5, 1.5, 5, 0 ], "texture": "#texture" },
        "up":    { "uv": [ 10.5, 0, 11, 1.5 ], "texture": "#texture" },
        "north": { "uv": [ 5, 16, 5.5, 16 ], "texture": "#texture" },
        "west":  { "uv": [ 0, 16, 1.5, 16 ], "texture": "#texture" },
        "east":  { "uv": [ 14.5, 16, 16, 16 ], "texture": "#texture" }
    }
},
{
    "from": [ 11, 0, -0.5 ],
    "to": [ 11.5, 1, 1 ],
    "faces": {
        "down":  { "uv": [ 5, 1, 4.5, 0 ], "texture": "#texture" },
        "up":    { "uv": [ 11, 0, 11.5, 1 ], "texture": "#texture" },
        "north": { "uv": [ 4.5, 15, 5, 16 ], "texture": "#texture" },
        "south": { "uv": [ 11, 15, 11.5, 16 ], "texture": "#texture" },
        "west":  { "uv": [ 0, 15, 1, 16 ], "texture": "#texture" },
        "east":  { "uv": [ 15, 15, 16, 16 ], "texture": "#texture" }
    }
},
{
    "from": [ 11.5, 1, -1 ],
    "to": [ 12, 3.5, 0.5 ],
    "faces": {
        "down":  { "uv": [ 4.5, 0.5, 4, 0 ], "texture": "#texture" },
        "up":    { "uv": [ 11.5, 0, 12, 0.5 ], "texture": "#texture" },
        "north": { "uv": [ 4, 12.5, 4.5, 15 ], "texture": "#texture" },
        "south": { "uv": [ 11.5, 12.5, 12, 15 ], "texture": "#texture" },
        "west":  { "uv": [ 0, 12.5, 0.5, 15 ], "texture": "#texture" },
        "east":  { "uv": [ 15.5, 12.5, 16, 15 ], "texture": "#texture" }
    }
},
{
    "from": [ 11, 3.5, -1.5 ],
    "to": [ 11.5, 4.5, 0 ],
    "faces": {
        "down":  { "uv": [ 5, 0, 4.5, 0 ], "texture": "#texture" },
        "up":    { "uv": [ 11, 0, 11.5, 0 ], "texture": "#texture" },
        "north": { "uv": [ 4.5, 11.5, 5, 12.5 ], "texture": "#texture" },
        "south": { "uv": [ 11, 11.5, 11.5, 12.5 ], "texture": "#texture" },
        "west":  { "uv": [ 0, 11.5, 0, 12.5 ], "texture": "#texture" },
        "east":  { "uv": [ 16, 11.5, 16, 12.5 ], "texture": "#texture" }
    }
},
{
    "from": [ 10.5, 4.5, -2 ],
    "to": [ 11, 5, -0.5 ],
    "faces": {
        "down":  { "uv": [ 5.5, 0, 5, 0 ], "texture": "#texture" },
        "up":    { "uv": [ 10.5, 0, 11, 0 ], "texture": "#texture" },
        "north": { "uv": [ 5, 11, 5.5, 11.5 ], "texture": "#texture" },
        "south": { "uv": [ 10.5, 11, 11, 11.5 ], "texture": "#texture" },
        "west":  { "uv": [ 0, 11, 0, 11.5 ], "texture": "#texture" },
        "east":  { "uv": [ 16, 11, 16, 11.5 ], "texture": "#texture" }
    }
},
{
    "from": [ 4.5, 5, -1 ],
    "to": [ 5.5, 6, 0 ],
    "faces": {
        "down":  { "uv": [ 11.5, 0, 10.5, 0 ], "texture": "#texture" },
        "up":    { "uv": [ 4.5, 0, 5.5, 0 ], "texture": "#texture" },
        "north": { "uv": [ 10.5, 10, 11.5, 11 ], "texture": "#texture" },
        "south": { "uv": [ 4.5, 10, 5.5, 11 ], "texture": "#texture" },
        "west":  { "uv": [ 0, 10, 0, 11 ], "texture": "#texture" },
        "east":  { "uv": [ 16, 10, 16, 11 ], "texture": "#texture" }
    }
},
{
    "from": [ 10.5, 5, -1 ],
    "to": [ 11.5, 6, 0 ],
    "faces": {
        "down":  { "uv": [ 5.5, 0, 4.5, 0 ], "texture": "#texture" },
        "up":    { "uv": [ 10.5, 0, 11.5, 0 ], "texture": "#texture" },
        "north": { "uv": [ 4.5, 10, 5.5, 11 ], "texture": "#texture" },
        "south": { "uv": [ 10.5, 10, 11.5, 11 ], "texture": "#texture" },
        "west":  { "uv": [ 0, 10, 0, 11 ], "texture": "#texture" },
        "east":  { "uv": [ 16, 10, 16, 11 ], "texture": "#texture" }
    }
},
{
    "from": [ 11, 4.5, -0.5 ],
    "to": [ 12, 5, 0.5 ],
    "faces": {
        "down":  { "uv": [ 5, 0.5, 4, 0 ], "texture": "#texture" },
        "up":    { "uv": [ 11, 0, 12, 0.5 ], "texture": "#texture" },
        "north": { "uv": [ 4, 11, 5, 11.5 ], "texture": "#texture" },
        "south": { "uv": [ 11, 11, 12, 11.5 ], "texture": "#texture" },
        "west":  { "uv": [ 0, 11, 0.5, 11.5 ], "texture": "#texture" },
        "east":  { "uv": [ 15.5, 11, 16, 11.5 ], "texture": "#texture" }
    }
},
{
    "from": [ 4, 4.5, -0.5 ],
    "to": [ 5, 5, 0.5 ],
    "faces": {
        "down":  { "uv": [ 12, 0.5, 11, 0 ], "texture": "#texture" },
        "up":    { "uv": [ 4, 0, 5, 0.5 ], "texture": "#texture" },
        "north": { "uv": [ 11, 11, 12, 11.5 ], "texture": "#texture" },
        "south": { "uv": [ 4, 11, 5, 11.5 ], "texture": "#texture" },
        "west":  { "uv": [ 0, 11, 0.5, 11.5 ], "texture": "#texture" },
        "east":  { "uv": [ 15.5, 11, 16, 11.5 ], "texture": "#texture" }
    }
},
{
    "from": [ 3.5, 3.5, -0.5 ],
    "to": [ 4.5, 4.5, 0.5 ],
    "faces": {
        "down":  { "uv": [ 12.5, 0.5, 11.5, 0 ], "texture": "#texture" },
        "up":    { "uv": [ 3.5, 0, 4.5, 0.5 ], "texture": "#texture" },
        "north": { "uv": [ 11.5, 11.5, 12.5, 12.5 ], "texture": "#texture" },
        "south": { "uv": [ 3.5, 11.5, 4.5, 12.5 ], "texture": "#texture" },
        "west":  { "uv": [ 0, 11.5, 0.5, 12.5 ], "texture": "#texture" },
        "east":  { "uv": [ 15.5, 11.5, 16, 12.5 ], "texture": "#texture" }
    }
},
{
    "from": [ 11.5, 3.5, -0.5 ],
    "to": [ 12.5, 4.5, 0.5 ],
    "faces": {
        "down":  { "uv": [ 4.5, 0.5, 3.5, 0 ], "texture": "#texture" },
        "up":    { "uv": [ 11.5, 0, 12.5, 0.5 ], "texture": "#texture" },
        "north": { "uv": [ 3.5, 11.5, 4.5, 12.5 ], "texture": "#texture" },
        "south": { "uv": [ 11.5, 11.5, 12.5, 12.5 ], "texture": "#texture" },
        "west":  { "uv": [ 0, 11.5, 0.5, 12.5 ], "texture": "#texture" },
        "east":  { "uv": [ 15.5, 11.5, 16, 12.5 ], "texture": "#texture" }
    }
},
{
    "from": [ 12, 2, -0.5 ],
    "to": [ 12.5, 3.5, 0.5 ],
    "faces": {
        "down":  { "uv": [ 4, 0.5, 3.5, 0 ], "texture": "#texture" },
        "north": { "uv": [ 3.5, 12.5, 4, 14 ], "texture": "#texture" },
        "south": { "uv": [ 12, 12.5, 12.5, 14 ], "texture": "#texture" },
        "east":  { "uv": [ 15.5, 12.5, 16, 14 ], "texture": "#texture" }
    }
},
{
    "from": [ 3.5, 2, -0.5 ],
    "to": [ 4, 3.5, 0.5 ],
    "faces": {
        "down":  { "uv": [ 12.5, 0.5, 12, 0 ], "texture": "#texture" },
        "north": { "uv": [ 12, 12.5, 12.5, 14 ], "texture": "#texture" },
        "south": { "uv": [ 3.5, 12.5, 4, 14 ], "texture": "#texture" },
        "west":  { "uv": [ 0, 12.5, 0.5, 14 ], "texture": "#texture" }
    }
},
{
    "from": [ 3.5, 1, 0 ],
    "to": [ 4, 2, 1 ],
    "faces": {
        "down":  { "uv": [ 12.5, 1, 12, 0 ], "texture": "#texture" },
        "up":    { "uv": [ 3.5, 0, 4, 1 ], "texture": "#texture" },
        "north": { "uv": [ 12, 14, 12.5, 15 ], "texture": "#texture" },
        "west":  { "uv": [ 0, 14, 1, 15 ], "texture": "#texture" },
        "east":  { "uv": [ 15, 14, 16, 15 ], "texture": "#texture" }
    }
},
{
    "from": [ 12, 1, 0 ],
    "to": [ 12.5, 2, 1 ],
    "faces": {
        "down":  { "uv": [ 4, 1, 3.5, 0 ], "texture": "#texture" },
        "up":    { "uv": [ 12, 0, 12.5, 1 ], "texture": "#texture" },
        "north": { "uv": [ 3.5, 14, 4, 15 ], "texture": "#texture" },
        "west":  { "uv": [ 0, 14, 1, 15 ], "texture": "#texture" },
        "east":  { "uv": [ 15, 14, 16, 15 ], "texture": "#texture" }
    }
},
{
    "from": [ 11, 0, 0.5 ],
    "to": [ 12, 1, 1.5 ],
    "faces": {
        "down":  { "uv": [ 5, 1.5, 4, 0.5 ], "texture": "#texture" },
        "up":    { "uv": [ 11, 0.5, 12, 1.5 ], "texture": "#texture" },
        "north": { "uv": [ 4, 15, 5, 16 ], "texture": "#texture" },
        "west":  { "uv": [ 0.5, 15, 1.5, 16 ], "texture": "#texture" },
        "east":  { "uv": [ 14.5, 15, 15.5, 16 ], "texture": "#texture" }
    }
},
{
    "from": [ 4, 0, 0.5 ],
    "to": [ 5, 1, 1.5 ],
    "faces": {
        "down":  { "uv": [ 12, 1.5, 11, 0.5 ], "texture": "#texture" },
        "up":    { "uv": [ 4, 0.5, 5, 1.5 ], "texture": "#texture" },
        "north": { "uv": [ 11, 15, 12, 16 ], "texture": "#texture" },
        "west":  { "uv": [ 0.5, 15, 1.5, 16 ], "texture": "#texture" },
        "east":  { "uv": [ 14.5, 15, 15.5, 16 ], "texture": "#texture" }
    }
},
{
    "from": [ 3.5, 4.5, 0 ],
    "to": [ 4.5, 6, 1 ],
    "faces": {
        "down":  { "uv": [ 12.5, 1, 11.5, 0 ], "texture": "#texture" },
        "north": { "uv": [ 11.5, 10, 12.5, 11.5 ], "texture": "#texture" },
        "south": { "uv": [ 3.5, 10, 4.5, 11.5 ], "texture": "#texture" },
        "west":  { "uv": [ 0, 10, 1, 11.5 ], "texture": "#texture" },
        "east":  { "uv": [ 15, 10, 16, 11.5 ], "texture": "#texture" }
    }
},
{
    "from": [ 11.5, 4.5, 0 ],
    "to": [ 12.5, 6, 1 ],
    "faces": {
        "down":  { "uv": [ 4.5, 1, 3.5, 0 ], "texture": "#texture" },
        "north": { "uv": [ 3.5, 10, 4.5, 11.5 ], "texture": "#texture" },
        "south": { "uv": [ 11.5, 10, 12.5, 11.5 ], "texture": "#texture" },
        "west":  { "uv": [ 0, 10, 1, 11.5 ], "texture": "#texture" },
        "east":  { "uv": [ 15, 10, 16, 11.5 ], "texture": "#texture" }
    }
},
{
    "from": [ 3, 1, 0.5 ],
    "to": [ 3.5, 6, 1.5 ],
    "faces": {
        "down":  { "uv": [ 13, 1.5, 12.5, 0.5 ], "texture": "#texture" },
        "up":    { "uv": [ 3, 0.5, 3.5, 1.5 ], "texture": "#texture" },
        "north": { "uv": [ 12.5, 10, 13, 15 ], "texture": "#texture" },
        "south": { "uv": [ 3, 10, 3.5, 15 ], "texture": "#texture" },
        "west":  { "uv": [ 0.5, 10, 1.5, 15 ], "texture": "#texture" },
        "east":  { "uv": [ 14.5, 10, 15.5, 15 ], "texture": "#texture" }
    }
},
{
    "from": [ 12.5, 1, 0.5 ],
    "to": [ 13, 6, 1.5 ],
    "faces": {
        "down":  { "uv": [ 3.5, 1.5, 3, 0.5 ], "texture": "#texture" },
        "up":    { "uv": [ 12.5, 0.5, 13, 1.5 ], "texture": "#texture" },
        "north": { "uv": [ 3, 10, 3.5, 15 ], "texture": "#texture" },
        "south": { "uv": [ 12.5, 10, 13, 15 ], "texture": "#texture" },
        "west":  { "uv": [ 0.5, 10, 1.5, 15 ], "texture": "#texture" },
        "east":  { "uv": [ 14.5, 10, 15.5, 15 ], "texture": "#texture" }
    }
},
{
    "from": [ 6.5, -2, -1.8125 ],
    "to": [ 9.5, 5.5, -1.3125 ],
    "rotation": { "origin": [ 6.5, 5.5, -1.8125 ], "axis": "x", "angle": -22.5 },
    "faces": {
        "down":  { "uv": [ 6.5, 0, 9.5, 0.5 ], "texture": "#glass" },
        "north": { "uv": [ 6.5, 8.5, 9.5, 16 ], "texture": "#glass" },
        "south": { "uv": [ 6.5, 8.5, 9.5, 16 ], "texture": "#glass" },
        "west":  { "uv": [ 0, 8.5, 0.5, 16 ], "texture": "#glass" },
        "east":  { "uv": [ 0, 8.5, 0.5, 16 ], "texture": "#glass" }
    }
},
{
    "from": [ 9.5, -0.5, -1.625 ],
    "to": [ 10.5, 5, -1.125 ],
    "rotation": { "origin": [ 9.5, 5, -1.625 ], "axis": "x", "angle": -22.5 },
    "faces": {
        "down":  { "uv": [ 9.5, -1.8125, 10.5, -1.3125 ], "texture": "#glass" },
        "north": { "uv": [ 9.5, 10.5, 10.5, 16 ], "texture": "#glass" },
        "south": { "uv": [ 9.5, 10.5, 10.5, 16 ], "texture": "#glass" },
        "west":  { "uv": [ 0, 10.5, 0.5, 16 ], "texture": "#glass" },
        "east":  { "uv": [ 0, 10.5, 0.5, 16 ], "texture": "#glass" }
    }
},
{
    "from": [ 5.5, -0.5, -1.625 ],
    "to": [ 6.5, 5, -1.125 ],
    "rotation": { "origin": [ 5.5, 5, -1.625 ], "axis": "x", "angle": -22.5 },
    "faces": {
        "down":  { "uv": [ 9.5, -1.8125, 10.5, -1.3125 ], "texture": "#glass" },
        "north": { "uv": [ 9.5, 10.5, 10.5, 16 ], "texture": "#glass" },
        "south": { "uv": [ 9.5, 10.5, 10.5, 16 ], "texture": "#glass" },
        "west":  { "uv": [ 0, 10.5, 0.5, 16 ], "texture": "#glass" },
        "east":  { "uv": [ 0, 10.5, 0.5, 16 ], "texture": "#glass" }
    }
},
{
    "from": [ 5, 0, -1.4375 ],
    "to": [ 5.5, 4.5, -0.9375 ],
    "rotation": { "origin": [ 5, 4.5, -1.4375 ], "axis": "x", "angle": -22.5 },
    "faces": {
        "down":  { "uv": [ 9.5, -1.8125, 10.5, -1.3125 ], "texture": "#glass" },
        "north": { "uv": [ 9.5, 10.5, 10.5, 16 ], "texture": "#glass" },
        "south": { "uv": [ 9.5, 10.5, 10.5, 16 ], "texture": "#glass" },
        "west":  { "uv": [ 0, 10.5, 0.5, 16 ], "texture": "#glass" },
        "east":  { "uv": [ 0, 10.5, 0.5, 16 ], "texture": "#glass" }
    }
},
{
    "from": [ 10.5, 0, -1.4375 ],
    "to": [ 11, 4.5, -0.9375 ],
    "rotation": { "origin": [ 10.5, 4.5, -1.4375 ], "axis": "x", "angle": -22.5 },
    "faces": {
        "down":  { "uv": [ 9.5, -1.8125, 10.5, -1.3125 ], "texture": "#glass" },
        "north": { "uv": [ 9.5, 10.5, 10.5, 16 ], "texture": "#glass" },
        "south": { "uv": [ 9.5, 10.5, 10.5, 16 ], "texture": "#glass" },
        "west":  { "uv": [ 0, 10.5, 0.5, 16 ], "texture": "#glass" },
        "east":  { "uv": [ 0, 10.5, 0.5, 16 ], "texture": "#glass" }
    }
},
{
    "from": [ 4.5, 1, -1.0625 ],
    "to": [ 5, 3.5, -0.5625 ],
    "rotation": { "origin": [ 4.5, 3.5, -1.0625 ], "axis": "x", "angle": -22.5 },
    "faces": {
        "down":  { "uv": [ 4.5, -1.625, 5, -1.125 ], "texture": "#glass" },
        "north": { "uv": [ 4.5, 12.5, 5, 15 ], "texture": "#glass" },
        "south": { "uv": [ 4.5, 12.5, 5, 15 ], "texture": "#glass" },
        "west":  { "uv": [ 0, 12.5, 0.5, 15 ], "texture": "#glass" },
        "east":  { "uv": [ 0, 12.5, 0.5, 15 ], "texture": "#glass" }
    }
},
{
    "from": [ 11, 1, -1 ],
    "to": [ 11.5, 3.5, -0.5 ],
    "rotation": { "origin": [ 11, 3.5, -1 ], "axis": "x", "angle": -22.5 },
    "faces": {
        "down":  { "uv": [ 4.5, -1.625, 5, -1.125 ], "texture": "#glass" },
        "north": { "uv": [ 4.5, 12.5, 5, 15 ], "texture": "#glass" },
        "south": { "uv": [ 4.5, 12.5, 5, 15 ], "texture": "#glass" },
        "west":  { "uv": [ 0, 12.5, 0.5, 15 ], "texture": "#glass" }
    }
},
{
    "from": [ 15, 4.5, 3 ],
    "to": [ 15.5, 11, 4 ],
    "faces": {
        "down":  { "uv": [ 1, 4, 0.5, 3 ], "texture": "#texture" },
        "up":    { "uv": [ 15, 3, 15.5, 4 ], "texture": "#texture" },
        "north": { "uv": [ 0.5, 5, 1, 11.5 ], "texture": "#texture" },
        "east":  { "uv": [ 12, 5, 13, 11.5 ], "texture": "#texture" }
    }
},
{
    "from": [ 0.5, 4.5, 3 ],
    "to": [ 1, 11, 4 ],
    "faces": {
        "down":  { "uv": [ 15.5, 4, 15, 3 ], "texture": "#texture" },
        "up":    { "uv": [ 0.5, 3, 1, 4 ], "texture": "#texture" },
        "north": { "uv": [ 15, 5, 15.5, 11.5 ], "texture": "#texture" },
        "west":  { "uv": [ 3, 5, 4, 11.5 ], "texture": "#texture" }
    }
},
{
    "from": [ 2, 1, 2 ],
    "to": [ 3, 3, 6 ],
    "faces": {
        "down":  { "uv": [ 14, 6, 13, 2 ], "texture": "#texture" },
        "up":    { "uv": [ 2, 2, 3, 6 ], "texture": "#texture" },
        "north": { "uv": [ 13, 13, 14, 15 ], "texture": "#texture" },
        "west":  { "uv": [ 2, 13, 6, 15 ], "texture": "#texture" },
        "east":  { "uv": [ 10, 13, 14, 15 ], "texture": "#texture" }
    }
},
{
    "from": [ 13, 1, 2 ],
    "to": [ 14, 3, 6 ],
    "faces": {
        "down":  { "uv": [ 3, 6, 2, 2 ], "texture": "#texture" },
        "up":    { "uv": [ 13, 2, 14, 6 ], "texture": "#texture" },
        "north": { "uv": [ 2, 13, 3, 15 ], "texture": "#texture" },
        "west":  { "uv": [ 2, 13, 6, 15 ], "texture": "#texture" },
        "east":  { "uv": [ 10, 13, 14, 15 ], "texture": "#texture" }
    }
},
{
    "from": [ 3, 1, 1 ],
    "to": [ 4, 3, 2 ],
    "faces": {
        "down":  { "uv": [ 13, 2, 12, 1 ], "texture": "#texture" },
        "up":    { "uv": [ 3, 1, 4, 2 ], "texture": "#texture" },
        "north": { "uv": [ 12, 13, 13, 15 ], "texture": "#texture" },
        "south": { "uv": [ 3, 13, 4, 15 ], "texture": "#texture" },
        "west":  { "uv": [ 1, 13, 2, 15 ], "texture": "#texture" },
        "east":  { "uv": [ 14, 13, 15, 15 ], "texture": "#texture" }
    }
},
{
    "from": [ 12, 1, 1 ],
    "to": [ 13, 3, 2 ],
    "faces": {
        "down":  { "uv": [ 4, 2, 3, 1 ], "texture": "#texture" },
        "up":    { "uv": [ 12, 1, 13, 2 ], "texture": "#texture" },
        "north": { "uv": [ 3, 13, 4, 15 ], "texture": "#texture" },
        "south": { "uv": [ 12, 13, 13, 15 ], "texture": "#texture" },
        "west":  { "uv": [ 1, 13, 2, 15 ], "texture": "#texture" },
        "east":  { "uv": [ 14, 13, 15, 15 ], "texture": "#texture" }
    }
},
{
    "from": [ 3, 0.5, 2 ],
    "to": [ 13, 1, 5.5 ],
    "faces": {
        "down":  { "uv": [ 13, 5.5, 3, 2 ], "texture": "#texture" },
        "up":    { "uv": [ 3, 2, 13, 5.5 ], "texture": "#texture" },
        "north": { "uv": [ 3, 15, 13, 15.5 ], "texture": "#texture" },
        "south": { "uv": [ 3, 15, 13, 15.5 ], "texture": "#texture" },
        "west":  { "uv": [ 2, 15, 5.5, 15.5 ], "texture": "#texture" },
        "east":  { "uv": [ 10.5, 15, 14, 15.5 ], "texture": "#texture" }
    }
},
{
    "from": [ 6, -1.5, 2 ],
    "to": [ 10, -0.5, 3 ],
    "faces": {
        "down":  { "uv": [ 10, 3, 6, 2 ], "texture": "#texture" },
        "north": { "uv": [ 6, 16, 10, 16 ], "texture": "#texture" },
        "south": { "uv": [ 6, 16, 10, 16 ], "texture": "#texture" },
        "west":  { "uv": [ 2, 16, 3, 16 ], "texture": "#texture" },
        "east":  { "uv": [ 13, 16, 14, 16 ], "texture": "#texture" }
    }
},
{
    "from": [ 5.5, -1, 3 ],
    "to": [ 10.5, 0, 4 ],
    "faces": {
        "down":  { "uv": [ 10.5, 4, 5.5, 3 ], "texture": "#texture" },
        "north": { "uv": [ 5.5, 16, 10.5, 16 ], "texture": "#texture" },
        "south": { "uv": [ 5.5, 16, 10.5, 16 ], "texture": "#texture" },
        "west":  { "uv": [ 3, 16, 4, 16 ], "texture": "#texture" },
        "east":  { "uv": [ 12, 16, 13, 16 ], "texture": "#texture" }
    }
},
{
    "from": [ 5.5, -0.5, 4 ],
    "to": [ 10.5, 0, 5 ],
    "faces": {
        "down":  { "uv": [ 10.5, 5, 5.5, 4 ], "texture": "#texture" },
        "south": { "uv": [ 5.5, 16, 10.5, 16 ], "texture": "#texture" },
        "west":  { "uv": [ 4, 16, 5, 16 ], "texture": "#texture" },
        "east":  { "uv": [ 11, 16, 12, 16 ], "texture": "#texture" }
    }
},
{
    "from": [ 5, -1, 1.5 ],
    "to": [ 6.5, 0, 2 ],
    "faces": {
        "down":  { "uv": [ 11, 2, 9.5, 1.5 ], "texture": "#texture" },
        "north": { "uv": [ 9.5, 16, 11, 16 ], "texture": "#texture" },
        "south": { "uv": [ 5, 16, 6.5, 16 ], "texture": "#texture" },
        "west":  { "uv": [ 1.5, 16, 2, 16 ], "texture": "#texture" },
        "east":  { "uv": [ 14, 16, 14.5, 16 ], "texture": "#texture" }
    }
},
{
    "from": [ 9.5, -1, 1.5 ],
    "to": [ 11, 0, 2 ],
    "faces": {
        "down":  { "uv": [ 6.5, 2, 5, 1.5 ], "texture": "#texture" },
        "north": { "uv": [ 5, 16, 6.5, 16 ], "texture": "#texture" },
        "south": { "uv": [ 9.5, 16, 11, 16 ], "texture": "#texture" },
        "west":  { "uv": [ 1.5, 16, 2, 16 ], "texture": "#texture" },
        "east":  { "uv": [ 14, 16, 14.5, 16 ], "texture": "#texture" }
    }
},
{
    "from": [ 3.5, 0, 1.5 ],
    "to": [ 12.5, 1, 2 ],
    "faces": {
        "down":  { "uv": [ 12.5, 2, 3.5, 1.5 ], "texture": "#texture" },
        "up":    { "uv": [ 3.5, 1.5, 12.5, 2 ], "texture": "#texture" },
        "north": { "uv": [ 3.5, 15, 12.5, 16 ], "texture": "#texture" },
        "south": { "uv": [ 3.5, 15, 12.5, 16 ], "texture": "#texture" },
        "west":  { "uv": [ 1.5, 15, 2, 16 ], "texture": "#texture" },
        "east":  { "uv": [ 14, 15, 14.5, 16 ], "texture": "#texture" }
    }
},
{
    "from": [ 4, -0.5, 2 ],
    "to": [ 12, 1, 3 ],
    "faces": {
        "down":  { "uv": [ 12, 3, 4, 2 ], "texture": "#texture" },
        "up":    { "uv": [ 4, 2, 12, 3 ], "texture": "#texture" },
        "north": { "uv": [ 4, 15, 12, 16 ], "texture": "#texture" },
        "south": { "uv": [ 4, 15, 12, 16 ], "texture": "#texture" },
        "west":  { "uv": [ 2, 15, 3, 16 ], "texture": "#texture" },
        "east":  { "uv": [ 13, 15, 14, 16 ], "texture": "#texture" }
    }
},
{
    "from": [ 4, 0, 3 ],
    "to": [ 12, 1, 4 ],
    "faces": {
        "down":  { "uv": [ 12, 4, 4, 3 ], "texture": "#texture" },
        "up":    { "uv": [ 4, 3, 12, 4 ], "texture": "#texture" },
        "south": { "uv": [ 4, 15, 12, 16 ], "texture": "#texture" },
        "west":  { "uv": [ 3, 15, 4, 16 ], "texture": "#texture" },
        "east":  { "uv": [ 12, 15, 13, 16 ], "texture": "#texture" }
    }
},
{
    "from": [ 6.5, 0.5, -3 ],
    "to": [ 9.5, 3.5, -1 ],
    "rotation": { "origin": [ 6.5, 3.5, -3 ], "axis": "x", "angle": -22.5 },
    "faces": {
        "down":  { "uv": [ 6.5, 0, 9.5, 2 ], "texture": "#texture" },
        "up":    { "uv": [ 6.5, 0, 9.5, 2 ], "texture": "#texture" },
        "south": { "uv": [ 6.5, 12.5, 9.5, 15.5 ], "texture": "#texture" },
        "west":  { "uv": [ 0, 12.5, 2, 15.5 ], "texture": "#texture" },
        "east":  { "uv": [ 0, 12.5, 2, 15.5 ], "texture": "#texture" }
    }
},
{
    "from": [ 6, -0.4375, -4 ],
    "to": [ 10, 3.5625, -3 ],
    "rotation": { "origin": [ 6, 3.5625, -4 ], "axis": "x", "angle": -22.5 },
    "faces": {
        "down":  { "uv": [ 6, 0, 10, 1 ], "texture": "#texture" },
        "up":    { "uv": [ 6, 0, 10, 1 ], "texture": "#texture" },
        "north": { "uv": [ 6, 12, 10, 16 ], "texture": "#texture" },
        "south": { "uv": [ 6, 12, 10, 16 ], "texture": "#texture" },
        "west":  { "uv": [ 0, 12, 1, 16 ], "texture": "#texture" },
        "east":  { "uv": [ 3.5, 9, 4.5, 13 ], "texture": "#texture" }
    }
},
{
    "from": [ 6, -1, -5.5 ],
    "to": [ 10, 3, -4.5 ],
    "rotation": { "origin": [ 6, 3, -5.5 ], "axis": "x", "angle": -22.5 },
    "faces": {
        "down":  { "uv": [ 6, 0, 10, 1 ], "texture": "#texture" },
        "up":    { "uv": [ 6, 0, 10, 1 ], "texture": "#texture" },
        "north": { "uv": [ 6, 12, 10, 16 ], "texture": "#texture" },
        "south": { "uv": [ 6, 12, 10, 16 ], "texture": "#texture" },
        "west":  { "uv": [ 3.5, 11, 4.5, 15 ], "texture": "#texture" },
        "east":  { "uv": [ 3.5, 11, 4.5, 15 ], "texture": "#texture" }
    }
},
{
    "from": [ 6.5, -0.3125, -5 ],
    "to": [ 9.5, 2.6875, -3 ],
    "rotation": { "origin": [ 6.5, 2.6875, -5 ], "axis": "x", "angle": -22.5 },
    "faces": {
        "down":  { "uv": [ 6.5, 0, 9.5, 2 ], "texture": "#texture" },
        "up":    { "uv": [ 6.5, 0, 9.5, 2 ], "texture": "#texture" },
        "north": { "uv": [ 6.5, 13, 9.5, 16 ], "texture": "#texture" },
        "south": { "uv": [ 6.5, 13, 9.5, 16 ], "texture": "#texture" },
        "west":  { "uv": [ 4.5, 11, 6.5, 14 ], "texture": "#texture" },
        "east":  { "uv": [ 4.5, 11, 6.5, 14 ], "texture": "#texture" }
    }
},
{
    "from": [ 7, -0.1875, -5.4375 ],
    "to": [ 9, 1.8125, -4.9375 ],
    "rotation": { "origin": [ 7, 1.8125, -5.4375 ], "axis": "x", "angle": -22.5 },
    "faces": {
        "down":  { "uv": [ 7, 0, 9, 0.5 ], "texture": "#texture" },
        "up":    { "uv": [ 7, 0, 9, 0.5 ], "texture": "#texture" },
        "north": { "uv": [ 7, 14, 9, 16 ], "texture": "#texture" },
        "south": { "uv": [ 7, 14, 9, 16 ], "texture": "#texture" },
        "west":  { "uv": [ 2.5, 13, 3, 15 ], "texture": "#texture" },
        "east":  { "uv": [ 2.5, 13, 3, 15 ], "texture": "#texture" }
    }
},
{
    "from": [ 7, -0.5625, -6.25 ],
    "to": [ 9, 1.4375, -5.75 ],
    "rotation": { "origin": [ 7, 1.4375, -6.25 ], "axis": "x", "angle": -22.5 },
    "faces": {
        "down":  { "uv": [ 7, 0, 9, 0.5 ], "texture": "#texture" },
        "up":    { "uv": [ 7, 0, 9, 0.5 ], "texture": "#texture" },
        "north": { "uv": [ 7, 14, 9, 16 ], "texture": "#texture" },
        "south": { "uv": [ 7, 14, 9, 16 ], "texture": "#texture" },
        "west":  { "uv": [ 4, 12.5, 4.5, 14.5 ], "texture": "#texture" },
        "east":  { "uv": [ 4, 12.5, 4.5, 14.5 ], "texture": "#texture" }
    }
},
{
    "from": [ 7.5, 0.0625, -5.8125 ],
    "to": [ 8.5, 1.0625, -4.8125 ],
    "rotation": { "origin": [ 7.5, 1.0625, -5.8125 ], "axis": "x", "angle": -22.5 },
    "faces": {
        "down":  { "uv": [ 7.5, 0, 8.5, 1 ], "texture": "#texture" },
        "up":    { "uv": [ 7.5, 0, 8.5, 1 ], "texture": "#texture" },
        "north": { "uv": [ 7.5, 14.5, 8.5, 15.5 ], "texture": "#texture" },
        "south": { "uv": [ 7.5, 14.5, 8.5, 15.5 ], "texture": "#texture" },
        "west":  { "uv": [ 3, 13.5, 4, 14.5 ], "texture": "#texture" },
        "east":  { "uv": [ 3, 13.5, 4, 14.5 ], "texture": "#texture" }
    }
},
{
    "from": [ -1, 9.5, 6.5 ],
    "to": [ 0, 11.5, 8.5 ],
    "faces": {
        "down":  { "uv": [ 16, 8.5, 16, 6.5 ], "texture": "#texture" },
        "up":    { "uv": [ 0, 6.5, 0, 8.5 ], "texture": "#texture" },
        "north": { "uv": [ 16, 4.5, 16, 6.5 ], "texture": "#texture" },
        "south": { "uv": [ 0, 4.5, 0, 6.5 ], "texture": "#texture" },
        "west":  { "uv": [ 6.5, 4.5, 8.5, 6.5 ], "texture": "#texture" }
    }
},
{
    "from": [ -1.5, 10, 7 ],
    "to": [ -1, 12, 9 ],
    "faces": {
        "down":  { "uv": [ 16, 9, 16, 7 ], "texture": "#texture" },
        "up":    { "uv": [ 0, 7, 0, 9 ], "texture": "#texture" },
        "north": { "uv": [ 16, 4, 16, 6 ], "texture": "#texture" },
        "south": { "uv": [ 0, 4, 0, 6 ], "texture": "#texture" },
        "west":  { "uv": [ 7, 4, 9, 6 ], "texture": "#texture" },
        "east":  { "uv": [ 7, 4, 9, 6 ], "texture": "#texture" }
    }
},
{
    "from": [ -2, 10.5, 8 ],
    "to": [ -1.5, 12.5, 10 ],
    "faces": {
        "down":  { "uv": [ 16, 10, 16, 8 ], "texture": "#texture" },
        "up":    { "uv": [ 0, 8, 0, 10 ], "texture": "#texture" },
        "north": { "uv": [ 16, 3.5, 16, 5.5 ], "texture": "#texture" },
        "south": { "uv": [ 0, 3.5, 0, 5.5 ], "texture": "#texture" },
        "west":  { "uv": [ 8, 3.5, 10, 5.5 ], "texture": "#texture" },
        "east":  { "uv": [ 6, 3.5, 8, 5.5 ], "texture": "#texture" }
    }
},
{
    "from": [ 16, 9.5, 6.5 ],
    "to": [ 17, 11.5, 8.5 ],
    "faces": {
        "down":  { "uv": [ 0, 8.5, 0, 6.5 ], "texture": "#texture" },
        "up":    { "uv": [ 16, 6.5, 16, 8.5 ], "texture": "#texture" },
        "north": { "uv": [ 0, 4.5, 0, 6.5 ], "texture": "#texture" },
        "south": { "uv": [ 16, 4.5, 16, 6.5 ], "texture": "#texture" },
        "east":  { "uv": [ 7.5, 4.5, 9.5, 6.5 ], "texture": "#texture" }
    }
},
{
    "from": [ 17, 10, 7 ],
    "to": [ 17.5, 12, 9 ],
    "faces": {
        "down":  { "uv": [ 0, 9, 0, 7 ], "texture": "#texture" },
        "up":    { "uv": [ 16, 7, 16, 9 ], "texture": "#texture" },
        "north": { "uv": [ 0, 4, 0, 6 ], "texture": "#texture" },
        "south": { "uv": [ 16, 4, 16, 6 ], "texture": "#texture" },
        "west":  { "uv": [ 7, 4, 9, 6 ], "texture": "#texture" },
        "east":  { "uv": [ 7, 4, 9, 6 ], "texture": "#texture" }
    }
},
{
    "from": [ 17.5, 10, 8 ],
    "to": [ 18, 12, 10 ],
    "faces": {
        "down":  { "uv": [ 0, 10, 0, 8 ], "texture": "#texture" },
        "up":    { "uv": [ 16, 8, 16, 10 ], "texture": "#texture" },
        "north": { "uv": [ 0, 4, 0, 6 ], "texture": "#texture" },
        "south": { "uv": [ 16, 4, 16, 6 ], "texture": "#texture" },
        "west":  { "uv": [ 8, 4, 10, 6 ], "texture": "#texture" },
        "east":  { "uv": [ 6, 4, 8, 6 ], "texture": "#texture" }
    }
},
{
    "from": [ 1, 2, 4 ],
    "to": [ 2, 3, 8.5 ],
    "faces": {
        "down":  { "uv": [ 15, 8.5, 14, 4 ], "texture": "#texture" },
        "up":    { "uv": [ 1, 4, 2, 8.5 ], "texture": "#texture" },
        "north": { "uv": [ 14, 13, 15, 14 ], "texture": "#texture" },
        "south": { "uv": [ 1, 13, 2, 14 ], "texture": "#texture" },
        "west":  { "uv": [ 4, 13, 8.5, 14 ], "texture": "#texture" },
        "east":  { "uv": [ 7.5, 13, 12, 14 ], "texture": "#texture" }
    }
},
{
    "from": [ 14, 2, 4 ],
    "to": [ 15, 3, 8.5 ],
    "faces": {
        "down":  { "uv": [ 2, 8.5, 1, 4 ], "texture": "#texture" },
        "up":    { "uv": [ 14, 4, 15, 8.5 ], "texture": "#texture" },
        "north": { "uv": [ 1, 13, 2, 14 ], "texture": "#texture" },
        "south": { "uv": [ 14, 13, 15, 14 ], "texture": "#texture" },
        "west":  { "uv": [ 4, 13, 8.5, 14 ], "texture": "#texture" },
        "east":  { "uv": [ 7.5, 13, 12, 14 ], "texture": "#texture" }
    }
}
],
"display": {
    "thirdperson_righthand": {
        "rotation": [ 69, 0, -23 ],
        "translation": [ -7.94, -8.31, -7.37 ],
        "scale": [ 0.4, 0.4, 0.4 ]
    },
    "head": {
        "rotation": [ 0, 0, 0 ],
        "translation": [ 0, 0.01, -0.2 ],
        "scale": [ 1.21, 1.21, 1.21 ]
    },
    "ground": {
        "rotation": [ 0, 0, 0 ],
        "translation": [ 0, 3.5, 0 ],
        "scale": [ 0.5, 0.5, 0.5 ]
    },
    "firstperson_righthand": {
        "rotation": [ 55, 81, -38 ],
        "translation": [ 2.27, 3.78, 0.57 ],
        "scale": [ 0.6, 0.6, 0.6 ]
    },
    "gui": {
        "rotation": [ 9, 153, 0 ],
        "translation": [ 0, 1.12, 0 ],
        "scale": [ 0.8, 0.9, 0.9 ]
    }
}
}