{
"__comment": "Designed by Tomaxed44 with BDcraft Cubik PRO 0.95 Beta - http://bdcraft.net",
"textures": {
    "particle": "items/Misc",
    "texture": "items/Misc"
},
"elements": [ 
{
    "from": [ 2, 0, 3 ],
    "to": [ 14, 6, 4 ],
    "faces": {
        "down":  { "uv": [ 0, 8, 10, 8.5 ], "texture": "#texture" },
        "up":    { "uv": [ 0, 8, 10, 8.5 ], "texture": "#texture" },
        "north": { "uv": [ 0, 7, 5, 9.5 ], "texture": "#texture" },
        "south": { "uv": [ 0, 7, 5, 9.5 ], "texture": "#texture" },
        "west":  { "uv": [ 3.5, 7, 4, 9.5 ], "texture": "#texture" },
        "east":  { "uv": [ 3.5, 7, 4, 9.5 ], "texture": "#texture" }
    }
},
{
    "from": [ 2, 0, 5.5 ],
    "to": [ 14, 6, 6.5 ],
    "faces": {
        "down":  { "uv": [ 1, 8, 9, 8.5 ], "texture": "#texture" },
        "up":    { "uv": [ 1, 8, 9, 8.5 ], "texture": "#texture" },
        "north": { "uv": [ 0, 7, 4.5, 9.5 ], "texture": "#texture" },
        "south": { "uv": [ 0, 7, 4.5, 9.5 ], "texture": "#texture" },
        "west":  { "uv": [ 3, 7, 3.5, 9.5 ], "texture": "#texture" },
        "east":  { "uv": [ 3, 7, 3.5, 9.5 ], "texture": "#texture" }
    }
},
{
    "from": [ 2.5, 0.5, 4.5 ],
    "to": [ 13.5, 5.5, 5 ],
    "faces": {
        "down":  { "uv": [ 0, 11.5, 9.5, 12 ], "texture": "#texture" },
        "up":    { "uv": [ 0, 11.5, 9.5, 12 ], "texture": "#texture" },
        "north": { "uv": [ 0, 10.5, 9.5, 15.5 ], "texture": "#texture" },
        "south": { "uv": [ 0, 10.5, 9.5, 15.5 ], "texture": "#texture" },
        "west":  { "uv": [ 4.5, 10.5, 5, 15.5 ], "texture": "#texture" },
        "east":  { "uv": [ 4.5, 10.5, 5, 15.5 ], "texture": "#texture" }
    }
},
{
    "from": [ 2, 0, 4 ],
    "to": [ 2.5, 6, 5.5 ],
    "faces": {
        "down":  { "uv": [ 4, 7, 4.5, 8.5 ], "texture": "#texture" },
        "up":    { "uv": [ 4, 7, 4.5, 8.5 ], "texture": "#texture" },
        "north": { "uv": [ 3.5, 7, 4, 9.5 ], "texture": "#texture" },
        "south": { "uv": [ 3.5, 7, 4, 9.5 ], "texture": "#texture" },
        "west":  { "uv": [ 3, 7, 4, 9.5 ], "texture": "#texture" },
        "east":  { "uv": [ 3, 7, 4, 9.5 ], "texture": "#texture" }
    }
},
{
    "from": [ 13.5, 0, 4 ],
    "to": [ 14, 6, 5.5 ],
    "faces": {
        "down":  { "uv": [ 4, 7, 4.5, 8.5 ], "texture": "#texture" },
        "up":    { "uv": [ 4, 7, 4.5, 8.5 ], "texture": "#texture" },
        "north": { "uv": [ 3.5, 7, 4, 9.5 ], "texture": "#texture" },
        "south": { "uv": [ 3.5, 7, 4, 9.5 ], "texture": "#texture" },
        "west":  { "uv": [ 3, 7, 4, 9 ], "texture": "#texture" },
        "east":  { "uv": [ 3, 7, 4, 9 ], "texture": "#texture" }
    }
},
{
    "from": [ 14, 0.6875, 4.3125 ],
    "to": [ 14.5, 5.1875, 5.3125 ],
    "faces": {
        "down":  { "uv": [ 4, 12.5, 4.5, 13.5 ], "texture": "#texture" },
        "up":    { "uv": [ 4, 12.5, 4.5, 13.5 ], "texture": "#texture" },
        "north": { "uv": [ 6, 11, 6.5, 15.5 ], "texture": "#texture" },
        "south": { "uv": [ 6, 11, 6.5, 15.5 ], "texture": "#texture" },
        "west":  { "uv": [ 4.3125, 10.8125, 5.3125, 15.3125 ], "texture": "#texture" },
        "east":  { "uv": [ 4.3125, 10.8125, 5.3125, 15.3125 ], "texture": "#texture" }
    }
},
{
    "from": [ 1.5, 4, 4.4375 ],
    "to": [ 2, 5, 5.4375 ],
    "faces": {
        "down":  { "uv": [ 4, 11, 4.5, 12 ], "texture": "#texture" },
        "up":    { "uv": [ 4, 11, 4.5, 12 ], "texture": "#texture" },
        "north": { "uv": [ 1.5, 11, 2, 12 ], "texture": "#texture" },
        "south": { "uv": [ 1.5, 11, 2, 12 ], "texture": "#texture" },
        "west":  { "uv": [ 4.4375, 11, 5.4375, 12 ], "texture": "#texture" },
        "east":  { "uv": [ 4.4375, 11, 5.4375, 12 ], "texture": "#texture" }
    }
}
],
"display": {
    "thirdperson_righthand": {
        "rotation": [ 14, 0, 0 ],
        "translation": [ 0, 2.83, 3.21 ],
        "scale": [ 0.44, 0.41, 0.44 ]
    },
    "ground": {
        "rotation": [ 0, 0, 0 ],
        "translation": [ 0, 0.76, 0 ],
        "scale": [ 0.4, 0.4, 0.4 ]
    },
    "firstperson_righthand": {
        "rotation": [ 30, 120, -23 ],
        "translation": [ 0, 5.29, 0 ],
        "scale": [ 1, 1, 1 ]
    },
    "gui": {
        "rotation": [ 54, 40, 0 ],
        "translation": [ 2.83, 1.32, 0 ],
        "scale": [ 1.35, 1.35, 1.35 ]
    }
}
}