{
"__comment": "Designed by Tomaxed44 with BDcraft Cubik PRO 0.95 Beta - http://bdcraft.net",
"textures": {
    "particle": "items/fungus",
    "texture": "items/fungus"
},
"elements": [ 
{
    "from": [ 2.5, -16, 2.48169 ],
    "to": [ 2.5625, 0, 18.4817 ],
    "rotation": { "origin": [ 2.5, -16, 2.48169 ], "axis": "y", "angle": 45 },
    "faces": {
        "east":  { "uv": [ 0, 0, 16, 16 ], "texture": "#texture" }
    }
},
{
    "from": [ 14, -16, 2.5 ],
    "to": [ 14.0625, 0, 18.5 ],
    "rotation": { "origin": [ 14, -16, 2.5 ], "axis": "y", "angle": -45 },
    "faces": {
        "east":  { "uv": [ 0, 0, 16, 16 ], "texture": "#texture" }
    }
}
],
"display": {
    "head": {
        "rotation": [ 0, -23, 0 ],
        "translation": [ 0, -20.6, 0 ],
        "scale": [ 1, 1, 1 ]
    },
    "firstperson_righthand": {
        "rotation": [ -1, -20, -3 ],
        "translation": [ 4.16, 14.55, -0.76 ],
        "scale": [ 0.8, 0.8, 0.8 ]
    },
    "gui": {
        "rotation": [ 0, -10, 0 ],
        "translation": [ 0, 17.01, 0 ],
        "scale": [ 1, 1, 1 ]
    }
}
}