{
"__comment": "Designed by tomaxed with Cubik",
"textures": {
    "particle": "entity/car",
    "texture": "entity/metro1",
    "car_details": "entity/car_details",
    "under": "blocks/wool_colored_purple",
    "metro2": "entity/metro2",
    "iron_block": "blocks/iron_block",
    "metro3": "entity/metro3"
},
"elements": [ 
{
    "from": [ -16, -12, -8 ],
    "to": [ 32, -11, 24 ],
    "faces": {
        "down":  { "uv": [ 0, 0, 16, 16 ], "texture": "#under" },
        "up":    { "uv": [ 0, 0, 16, 16 ], "texture": "#under" },
        "north": { "uv": [ 0, 11.5, 16, 12 ], "texture": "#under" },
        "south": { "uv": [ 0, 11.5, 16, 12 ], "texture": "#under" },
        "west":  { "uv": [ 0, 8.5, 16, 9 ], "texture": "#under" },
        "east":  { "uv": [ 0, 8.5, 16, 9 ], "texture": "#under" }
    }
},
{
    "from": [ -16, 15, -4 ],
    "to": [ 32, 16, 20 ],
    "faces": {
        "down":  { "uv": [ 16, 16, 0, 0 ], "texture": "#texture" },
        "up":    { "uv": [ 0, 0, 16, 16 ], "texture": "#texture" },
        "north": { "uv": [ 0, 0, 16, 1 ], "texture": "#texture" },
        "south": { "uv": [ 0, 0, 16, 1 ], "texture": "#texture" },
        "west":  { "uv": [ 0, 0, 16, 1 ], "texture": "#texture" },
        "east":  { "uv": [ 0, 0, 16, 1 ], "texture": "#texture" }
    }
},
{
    "from": [ -16, -11, -8 ],
    "to": [ -11, 12, -7 ],
    "faces": {
        "up":    { "uv": [ 0, 0, 5, 1 ], "texture": "#texture" },
        "north": { "uv": [ 0, 0, 5, 16 ], "texture": "#texture" },
        "south": { "uv": [ 0, 0, 5, 16 ], "texture": "#texture" },
        "west":  { "uv": [ 0, 0, 1, 16 ], "texture": "#texture" },
        "east":  { "uv": [ 0, 0, 1, 16 ], "texture": "#texture" }
    }
},
{
    "from": [ -16, -11, 23 ],
    "to": [ -11, 12, 24 ],
    "faces": {
        "up":    { "uv": [ 0, 0, 5, 1 ], "texture": "#texture" },
        "north": { "uv": [ 5.5, 0, 10, 16 ], "texture": "#texture" },
        "south": { "uv": [ 5.5, 0, 10, 16 ], "texture": "#texture" },
        "west":  { "uv": [ 8.5, 0, 9.5, 16 ], "texture": "#texture" },
        "east":  { "uv": [ 8.5, 0, 9.5, 16 ], "texture": "#texture" }
    }
},
{
    "from": [ -16, 11.0484, -8 ],
    "to": [ 32, 12.0484, -2.5 ],
    "rotation": { "origin": [ -16, 12.0484, -8 ], "axis": "x", "angle": -45 },
    "faces": {
        "down":  { "uv": [ 0, 0, 16, 5.5 ], "texture": "#texture" },
        "up":    { "uv": [ 0, 0, 16, 5.5 ], "texture": "#texture" },
        "north": { "uv": [ 0, 4.5, 16, 5.5 ], "texture": "#texture" },
        "south": { "uv": [ 0, 4.5, 16, 5.5 ], "texture": "#texture" },
        "west":  { "uv": [ 0, 4, 5.5, 5 ], "texture": "#texture" },
        "east":  { "uv": [ 0, 4, 5.5, 5 ], "texture": "#texture" }
    }
},
{
    "from": [ -16, 14.875, 20.125 ],
    "to": [ 32, 15.875, 25.625 ],
    "rotation": { "origin": [ -16, 15.875, 20.125 ], "axis": "x", "angle": 45 },
    "faces": {
        "down":  { "uv": [ 0, 9.625, 16, 15.125 ], "texture": "#texture" },
        "up":    { "uv": [ 0, 9.625, 16, 15.125 ], "texture": "#texture" },
        "north": { "uv": [ 0, 0.125, 16, 1.125 ], "texture": "#texture" },
        "south": { "uv": [ 0, 0.125, 16, 1.125 ], "texture": "#texture" },
        "west":  { "uv": [ 9.125, 1.125, 14.625, 2.125 ], "texture": "#texture" },
        "east":  { "uv": [ 9.125, 1.125, 14.625, 2.125 ], "texture": "#texture" }
    }
},
{
    "from": [ 22, -11, 23 ],
    "to": [ 32, 12, 24 ],
    "faces": {
        "up":    { "uv": [ 6, 15, 16, 16 ], "texture": "#texture" },
        "north": { "uv": [ 4.5, 0, 14.5, 16 ], "texture": "#texture" },
        "south": { "uv": [ 4.5, 0, 14.5, 16 ], "texture": "#texture" },
        "west":  { "uv": [ 10.5, 0, 11.5, 16 ], "texture": "#texture" },
        "east":  { "uv": [ 10.5, 0, 11.5, 16 ], "texture": "#texture" }
    }
},
{
    "from": [ 1, -11, 23 ],
    "to": [ 11, 12, 24 ],
    "faces": {
        "up":    { "uv": [ 1, 12.5, 11, 13.5 ], "texture": "#texture" },
        "north": { "uv": [ 0.5, 0, 10.5, 16 ], "texture": "#texture" },
        "south": { "uv": [ 0.5, 0, 10.5, 16 ], "texture": "#texture" },
        "west":  { "uv": [ 12, 0, 13, 16 ], "texture": "#texture" },
        "east":  { "uv": [ 12, 0, 13, 16 ], "texture": "#texture" }
    }
},
{
    "from": [ 11, -11, -8 ],
    "to": [ 22, -1, -7 ],
    "faces": {
        "up":    { "uv": [ 5, 0, 16, 1 ], "texture": "#texture" },
        "north": { "uv": [ 5, 6, 16, 16 ], "texture": "#texture" },
        "south": { "uv": [ 5, 6, 16, 16 ], "texture": "#texture" }
    }
},
{
    "from": [ 11, 9.5, -8 ],
    "to": [ 22, 12, -7 ],
    "faces": {
        "down":  { "uv": [ 5, 0, 0, 0 ], "texture": "#texture" },
        "up":    { "uv": [ 11, 0, 16, 0 ], "texture": "#texture" },
        "north": { "uv": [ 0, 4, 5, 6.5 ], "texture": "#texture" },
        "south": { "uv": [ 11, 4, 16, 6.5 ], "texture": "#texture" }
    }
},
{
    "from": [ 1, -11, -8 ],
    "to": [ 11, 12, -7 ],
    "faces": {
        "up":    { "uv": [ 1, 0, 11, 1 ], "texture": "#texture" },
        "north": { "uv": [ 1, 0, 11, 16 ], "texture": "#texture" },
        "south": { "uv": [ 1, 0, 11, 16 ], "texture": "#texture" },
        "west":  { "uv": [ 1.5, 0, 2.5, 16 ], "texture": "#texture" },
        "east":  { "uv": [ 1.5, 0, 2.5, 16 ], "texture": "#texture" }
    }
},
{
    "from": [ 22, -11, -8 ],
    "to": [ 32, 12, -7 ],
    "faces": {
        "up":    { "uv": [ 4.5, 4, 14.5, 5 ], "texture": "#texture" },
        "north": { "uv": [ 6, 0, 16, 16 ], "texture": "#texture" },
        "south": { "uv": [ 6, 0, 16, 16 ], "texture": "#texture" },
        "west":  { "uv": [ 0, 0, 1, 16 ], "texture": "#texture" },
        "east":  { "uv": [ 0, 0, 1, 16 ], "texture": "#texture" }
    }
},
{
    "from": [ -11, -11, -8 ],
    "to": [ 1, -10, -7 ],
    "faces": {
        "up":    { "uv": [ 0, 0, 12, 1 ], "texture": "#texture" },
        "north": { "uv": [ 3, 8, 15, 9 ], "texture": "#texture" },
        "south": { "uv": [ 3, 8, 15, 9 ], "texture": "#texture" }
    }
},
{
    "from": [ 2, -4, -8.5 ],
    "to": [ 32, -3.5, -8 ],
    "faces": {
        "down":  { "uv": [ 14, 0, 0, 0 ], "texture": "#texture" },
        "up":    { "uv": [ 2, 0, 16, 0 ], "texture": "#texture" },
        "north": { "uv": [ 0, 16, 14, 16 ], "texture": "#texture" },
        "south": { "uv": [ 2, 16, 16, 16 ], "texture": "#texture" },
        "west":  { "uv": [ 0, 16, 0, 16 ], "texture": "#texture" },
        "east":  { "uv": [ 16, 16, 16, 16 ], "texture": "#texture" }
    }
},
{
    "from": [ 2, -8.5, -8.5 ],
    "to": [ 32, -8, -8 ],
    "faces": {
        "down":  { "uv": [ 14, 0, 0, 0 ], "texture": "#texture" },
        "up":    { "uv": [ 2, 0, 16, 0 ], "texture": "#texture" },
        "north": { "uv": [ 0, 16, 14, 16 ], "texture": "#texture" },
        "south": { "uv": [ 2, 16, 16, 16 ], "texture": "#texture" },
        "west":  { "uv": [ 0, 16, 0, 16 ], "texture": "#texture" },
        "east":  { "uv": [ 16, 16, 16, 16 ], "texture": "#texture" }
    }
},
{
    "from": [ -11, -11, 23 ],
    "to": [ 1, -10, 24 ],
    "faces": {
        "up":    { "uv": [ 1, 13.5, 13, 14.5 ], "texture": "#texture" },
        "north": { "uv": [ 3, 12.5, 15, 13.5 ], "texture": "#texture" },
        "south": { "uv": [ 3, 12.5, 15, 13.5 ], "texture": "#texture" }
    }
},
{
    "from": [ 11, -11, 23 ],
    "to": [ 22, -1, 24 ],
    "faces": {
        "up":    { "uv": [ 3.5, 14.5, 14.5, 15.5 ], "texture": "#texture" },
        "north": { "uv": [ 5, 6, 16, 16 ], "texture": "#texture" },
        "south": { "uv": [ 5, 6, 16, 16 ], "texture": "#texture" }
    }
},
{
    "from": [ 2, -8.5, 24 ],
    "to": [ 32, -8, 24.5 ],
    "faces": {
        "down":  { "uv": [ 14, 16, 0, 16 ], "texture": "#texture" },
        "up":    { "uv": [ 2, 16, 16, 16 ], "texture": "#texture" },
        "north": { "uv": [ 0, 16, 14, 16 ], "texture": "#texture" },
        "south": { "uv": [ 2, 16, 16, 16 ], "texture": "#texture" },
        "west":  { "uv": [ 16, 16, 16, 16 ], "texture": "#texture" },
        "east":  { "uv": [ 0, 16, 0, 16 ], "texture": "#texture" }
    }
},
{
    "from": [ 2, -4, 24 ],
    "to": [ 32, -3.5, 24.5 ],
    "faces": {
        "down":  { "uv": [ 14, 16, 0, 16 ], "texture": "#texture" },
        "up":    { "uv": [ 2, 16, 16, 16 ], "texture": "#texture" },
        "north": { "uv": [ 0, 16, 14, 16 ], "texture": "#texture" },
        "south": { "uv": [ 2, 16, 16, 16 ], "texture": "#texture" },
        "west":  { "uv": [ 16, 16, 16, 16 ], "texture": "#texture" },
        "east":  { "uv": [ 0, 16, 0, 16 ], "texture": "#texture" }
    }
},
{
    "from": [ -16, -10.5625, -7 ],
    "to": [ 32, -10.5, 23 ],
    "faces": {
        "down":  { "uv": [ 16, 16, 0, 0 ], "texture": "#metro3" },
        "up":    { "uv": [ 0, 0, 16, 16 ], "texture": "#metro3" }
    }
},
{
    "from": [ -16, -16, -5 ],
    "to": [ 32, -12, 21 ],
    "faces": {
        "down":  { "uv": [ 0, 0, 16, 16 ], "texture": "#under" },
        "north": { "uv": [ 0, 5, 16, 8 ], "texture": "#under" },
        "south": { "uv": [ 0, 5, 16, 8 ], "texture": "#under" },
        "west":  { "uv": [ 0, 5, 16, 8 ], "texture": "#under" },
        "east":  { "uv": [ 0, 5, 16, 8 ], "texture": "#under" }
    }
},
{
    "from": [ -16, -4, 24 ],
    "to": [ -12, -3.5, 24.5 ],
    "faces": {
        "down":  { "uv": [ 16, 16, 16, 16 ], "texture": "#texture" },
        "up":    { "uv": [ 0, 16, 0, 16 ], "texture": "#texture" },
        "south": { "uv": [ 0, 16, 0, 16 ], "texture": "#texture" },
        "west":  { "uv": [ 16, 16, 16, 16 ], "texture": "#texture" },
        "east":  { "uv": [ 0, 16, 0, 16 ], "texture": "#texture" }
    }
},
{
    "from": [ -16, -8.5, 24 ],
    "to": [ -12, -8, 24.5 ],
    "faces": {
        "down":  { "uv": [ 16, 16, 16, 16 ], "texture": "#texture" },
        "up":    { "uv": [ 0, 16, 0, 16 ], "texture": "#texture" },
        "south": { "uv": [ 0, 16, 0, 16 ], "texture": "#texture" },
        "west":  { "uv": [ 16, 16, 16, 16 ], "texture": "#texture" },
        "east":  { "uv": [ 0, 16, 0, 16 ], "texture": "#texture" }
    }
},
{
    "from": [ -16, -8.5, -8.5 ],
    "to": [ -12, -8, -8 ],
    "faces": {
        "down":  { "uv": [ 16, 0, 16, 0 ], "texture": "#texture" },
        "up":    { "uv": [ 0, 0, 0, 0 ], "texture": "#texture" },
        "north": { "uv": [ 16, 16, 16, 16 ], "texture": "#texture" },
        "west":  { "uv": [ 0, 16, 0, 16 ], "texture": "#texture" },
        "east":  { "uv": [ 16, 16, 16, 16 ], "texture": "#texture" }
    }
},
{
    "from": [ -16, -4, -8.5 ],
    "to": [ -12, -3.5, -8 ],
    "faces": {
        "down":  { "uv": [ 16, 0, 16, 0 ], "texture": "#texture" },
        "up":    { "uv": [ 0, 0, 0, 0 ], "texture": "#texture" },
        "north": { "uv": [ 16, 16, 16, 16 ], "texture": "#texture" },
        "west":  { "uv": [ 0, 16, 0, 16 ], "texture": "#texture" },
        "east":  { "uv": [ 16, 16, 16, 16 ], "texture": "#texture" }
    }
},
{
    "from": [ 2, -8.5, -8 ],
    "to": [ 31, -3.5, -6.5 ],
    "rotation": { "origin": [ 2, -3.5, -8 ], "axis": "x", "angle": -22.5 },
    "faces": {
        "down":  { "uv": [ 0, 0, 16, 1.5 ], "texture": "#metro2" },
        "up":    { "uv": [ 0, 0, 16, 1.5 ], "texture": "#metro2" },
        "north": { "uv": [ 0, 9, 16, 13.5 ], "texture": "#metro2" },
        "south": { "uv": [ 0, 9, 16, 13.5 ], "texture": "#metro2" },
        "west":  { "uv": [ 3.5, 8, 5, 13 ], "texture": "#metro2" },
        "east":  { "uv": [ 3.5, 8, 5, 13 ], "texture": "#metro2" }
    }
},
{
    "from": [ 2, -8.5, -7 ],
    "to": [ 31, -7, -1.5 ],
    "faces": {
        "down":  { "uv": [ 0, 0, 16, 5.5 ], "texture": "#metro2" },
        "up":    { "uv": [ 0, 0, 16, 5.5 ], "texture": "#metro2" },
        "north": { "uv": [ 0, 13.5, 16, 15 ], "texture": "#metro2" },
        "south": { "uv": [ 0, 13.5, 16, 15 ], "texture": "#metro2" },
        "west":  { "uv": [ 2.5, 12.5, 8, 14 ], "texture": "#metro2" },
        "east":  { "uv": [ 2.5, 12.5, 8, 14 ], "texture": "#metro2" }
    }
},
{
    "from": [ 2, -9, 17.5 ],
    "to": [ 31, -7.5, 23 ],
    "faces": {
        "down":  { "uv": [ 0, 10, 16, 15.5 ], "texture": "#metro2" },
        "up":    { "uv": [ 0, 10, 16, 15.5 ], "texture": "#metro2" },
        "north": { "uv": [ 0, 13.5, 16, 15 ], "texture": "#metro2" },
        "south": { "uv": [ 0, 13.5, 16, 15 ], "texture": "#metro2" },
        "west":  { "uv": [ 5, 13, 10.5, 14.5 ], "texture": "#metro2" },
        "east":  { "uv": [ 5, 13, 10.5, 14.5 ], "texture": "#metro2" }
    }
},
{
    "from": [ 2, -8.5, 22.5 ],
    "to": [ 31, -3.5, 24 ],
    "rotation": { "origin": [ 2, -3.5, 22.5 ], "axis": "x", "angle": 22.5 },
    "faces": {
        "down":  { "uv": [ 0, 12.5, 16, 14 ], "texture": "#metro2" },
        "up":    { "uv": [ 0, 12.5, 16, 14 ], "texture": "#metro2" },
        "north": { "uv": [ 0, 11, 16, 16 ], "texture": "#metro2" },
        "south": { "uv": [ 0, 11, 16, 16 ], "texture": "#metro2" },
        "west":  { "uv": [ 9, 10, 10.5, 15 ], "texture": "#metro2" },
        "east":  { "uv": [ 9, 10, 10.5, 15 ], "texture": "#metro2" }
    }
},
{
    "from": [ 1.5, -10.5, -2.5 ],
    "to": [ 2, -3.5, -2 ],
    "faces": {
        "down":  { "uv": [ 1.5, 0, 2, 0.5 ], "texture": "#iron_block" },
        "up":    { "uv": [ 1.5, 0, 2, 0.5 ], "texture": "#iron_block" },
        "north": { "uv": [ 1.5, 9, 2, 16 ], "texture": "#iron_block" },
        "south": { "uv": [ 1.5, 9, 2, 16 ], "texture": "#iron_block" },
        "west":  { "uv": [ 2.5, 9, 3, 16 ], "texture": "#iron_block" },
        "east":  { "uv": [ 2.5, 9, 3, 16 ], "texture": "#iron_block" }
    }
},
{
    "from": [ 1.5, -11, 18 ],
    "to": [ 2, -4, 18.5 ],
    "faces": {
        "down":  { "uv": [ 14.5, 16, 14, 16 ], "texture": "#iron_block" },
        "up":    { "uv": [ 1.5, 16, 2, 16 ], "texture": "#iron_block" },
        "north": { "uv": [ 14, 16, 14.5, 16 ], "texture": "#iron_block" },
        "south": { "uv": [ 1.5, 16, 2, 16 ], "texture": "#iron_block" },
        "west":  { "uv": [ 16, 16, 16, 16 ], "texture": "#iron_block" },
        "east":  { "uv": [ 0, 16, 0, 16 ], "texture": "#iron_block" }
    }
},
{
    "from": [ 1.5, -4.5, 18 ],
    "to": [ 2, -4, 23.5 ],
    "rotation": { "origin": [ 1.5, -4, 18 ], "axis": "x", "angle": -22.5 },
    "faces": {
        "down":  { "uv": [ 1.5, 10.5, 2, 16 ], "texture": "#iron_block" },
        "up":    { "uv": [ 1.5, 10.5, 2, 16 ], "texture": "#iron_block" },
        "north": { "uv": [ 3.5, 14.5, 4, 15 ], "texture": "#iron_block" },
        "south": { "uv": [ 3.5, 14.5, 4, 15 ], "texture": "#iron_block" },
        "west":  { "uv": [ 6, 11.5, 11.5, 12 ], "texture": "#iron_block" },
        "east":  { "uv": [ 6, 11.5, 11.5, 12 ], "texture": "#iron_block" }
    }
},
{
    "from": [ 1.5, -1.9375, -7.0625 ],
    "to": [ 2, -1.4375, -1.5625 ],
    "rotation": { "origin": [ 1.5, -1.4375, -7.0625 ], "axis": "x", "angle": 22.5 },
    "faces": {
        "down":  { "uv": [ 1.5, 0, 2, 5.5 ], "texture": "#iron_block" },
        "up":    { "uv": [ 1.5, 0, 2, 5.5 ], "texture": "#iron_block" },
        "north": { "uv": [ 1.5, 14.4375, 2, 14.9375 ], "texture": "#iron_block" },
        "south": { "uv": [ 1.5, 14.4375, 2, 14.9375 ], "texture": "#iron_block" },
        "west":  { "uv": [ 1.5, 12.9375, 7, 13.4375 ], "texture": "#iron_block" },
        "east":  { "uv": [ 1.5, 12.9375, 7, 13.4375 ], "texture": "#iron_block" }
    }
},
{
    "from": [ 5.5, -10.5, 7.6875 ],
    "to": [ 6, 11.5, 8.1875 ],
    "faces": {
        "down":  { "uv": [ 10.5, 8.1875, 10, 7.6875 ], "texture": "#iron_block" },
        "up":    { "uv": [ 5.5, 7.6875, 6, 8.1875 ], "texture": "#iron_block" },
        "north": { "uv": [ 10, 4.5, 10.5, 16 ], "texture": "#iron_block" },
        "south": { "uv": [ 5.5, 4.5, 6, 16 ], "texture": "#iron_block" },
        "west":  { "uv": [ 7.6875, 4.5, 8.1875, 16 ], "texture": "#iron_block" },
        "east":  { "uv": [ 7.8125, 4.5, 8.3125, 16 ], "texture": "#iron_block" }
    }
},
{
    "from": [ -14.5, 11.5, 7.6875 ],
    "to": [ 30, 12, 8.1875 ],
    "faces": {
        "down":  { "uv": [ 16, 8.1875, 0, 7.6875 ], "texture": "#iron_block" },
        "up":    { "uv": [ 0, 7.6875, 16, 8.1875 ], "texture": "#iron_block" },
        "north": { "uv": [ 0, 4, 16, 4.5 ], "texture": "#iron_block" },
        "south": { "uv": [ 0, 4, 16, 4.5 ], "texture": "#iron_block" },
        "west":  { "uv": [ 7.6875, 4, 8.1875, 4.5 ], "texture": "#iron_block" },
        "east":  { "uv": [ 7.8125, 4, 8.3125, 4.5 ], "texture": "#iron_block" }
    }
},
{
    "from": [ 0, 12, 7.6875 ],
    "to": [ 0.5, 15, 8.1875 ],
    "faces": {
        "down":  { "uv": [ 1, 7.6875, 1.5, 8.1875 ], "texture": "#iron_block" },
        "up":    { "uv": [ 1, 7.6875, 1.5, 8.1875 ], "texture": "#iron_block" },
        "north": { "uv": [ 1, 1, 1.5, 4 ], "texture": "#iron_block" },
        "south": { "uv": [ 1, 1, 1.5, 4 ], "texture": "#iron_block" },
        "west":  { "uv": [ 7.6875, 1, 8.1875, 4 ], "texture": "#iron_block" },
        "east":  { "uv": [ 7.6875, 1, 8.1875, 4 ], "texture": "#iron_block" }
    }
},
{
    "from": [ -14.5, 12, 7.6875 ],
    "to": [ -14, 15, 8.1875 ],
    "faces": {
        "down":  { "uv": [ 1, 7.6875, 1.5, 8.1875 ], "texture": "#iron_block" },
        "up":    { "uv": [ 1, 7.6875, 1.5, 8.1875 ], "texture": "#iron_block" },
        "north": { "uv": [ 1, 1, 1.5, 4 ], "texture": "#iron_block" },
        "south": { "uv": [ 1, 1, 1.5, 4 ], "texture": "#iron_block" },
        "west":  { "uv": [ 7.6875, 1, 8.1875, 4 ], "texture": "#iron_block" },
        "east":  { "uv": [ 7.6875, 1, 8.1875, 4 ], "texture": "#iron_block" }
    }
},
{
    "from": [ -7.5, 12, 7.6875 ],
    "to": [ -7, 15, 8.1875 ],
    "faces": {
        "down":  { "uv": [ 1, 7.6875, 1.5, 8.1875 ], "texture": "#iron_block" },
        "up":    { "uv": [ 1, 7.6875, 1.5, 8.1875 ], "texture": "#iron_block" },
        "north": { "uv": [ 1, 1, 1.5, 4 ], "texture": "#iron_block" },
        "south": { "uv": [ 1, 1, 1.5, 4 ], "texture": "#iron_block" },
        "west":  { "uv": [ 7.6875, 1, 8.1875, 4 ], "texture": "#iron_block" },
        "east":  { "uv": [ 7.6875, 1, 8.1875, 4 ], "texture": "#iron_block" }
    }
},
{
    "from": [ 29.5, 12, 7.6875 ],
    "to": [ 30, 15, 8.1875 ],
    "faces": {
        "down":  { "uv": [ 1, 7.6875, 1.5, 8.1875 ], "texture": "#iron_block" },
        "up":    { "uv": [ 1, 7.6875, 1.5, 8.1875 ], "texture": "#iron_block" },
        "north": { "uv": [ 1, 1, 1.5, 4 ], "texture": "#iron_block" },
        "south": { "uv": [ 1, 1, 1.5, 4 ], "texture": "#iron_block" },
        "west":  { "uv": [ 7.6875, 1, 8.1875, 4 ], "texture": "#iron_block" },
        "east":  { "uv": [ 7.6875, 1, 8.1875, 4 ], "texture": "#iron_block" }
    }
},
{
    "from": [ 7.5, 12, 7.6875 ],
    "to": [ 8, 15, 8.1875 ],
    "faces": {
        "down":  { "uv": [ 1, 7.6875, 1.5, 8.1875 ], "texture": "#iron_block" },
        "up":    { "uv": [ 1, 7.6875, 1.5, 8.1875 ], "texture": "#iron_block" },
        "north": { "uv": [ 1, 1, 1.5, 4 ], "texture": "#iron_block" },
        "south": { "uv": [ 1, 1, 1.5, 4 ], "texture": "#iron_block" },
        "west":  { "uv": [ 7.6875, 1, 8.1875, 4 ], "texture": "#iron_block" },
        "east":  { "uv": [ 7.6875, 1, 8.1875, 4 ], "texture": "#iron_block" }
    }
},
{
    "from": [ 15, 12, 7.6875 ],
    "to": [ 15.5, 15, 8.1875 ],
    "faces": {
        "down":  { "uv": [ 1, 7.6875, 1.5, 8.1875 ], "texture": "#iron_block" },
        "up":    { "uv": [ 1, 7.6875, 1.5, 8.1875 ], "texture": "#iron_block" },
        "north": { "uv": [ 1, 1, 1.5, 4 ], "texture": "#iron_block" },
        "south": { "uv": [ 1, 1, 1.5, 4 ], "texture": "#iron_block" },
        "west":  { "uv": [ 7.6875, 1, 8.1875, 4 ], "texture": "#iron_block" },
        "east":  { "uv": [ 7.6875, 1, 8.1875, 4 ], "texture": "#iron_block" }
    }
},
{
    "from": [ 23, 12, 7.6875 ],
    "to": [ 23.5, 15, 8.1875 ],
    "faces": {
        "down":  { "uv": [ 1, 7.6875, 1.5, 8.1875 ], "texture": "#iron_block" },
        "up":    { "uv": [ 1, 7.6875, 1.5, 8.1875 ], "texture": "#iron_block" },
        "north": { "uv": [ 1, 1, 1.5, 4 ], "texture": "#iron_block" },
        "south": { "uv": [ 1, 1, 1.5, 4 ], "texture": "#iron_block" },
        "west":  { "uv": [ 7.6875, 1, 8.1875, 4 ], "texture": "#iron_block" },
        "east":  { "uv": [ 7.6875, 1, 8.1875, 4 ], "texture": "#iron_block" }
    }
},
{
    "from": [ 24.5, -10.5, 7.6875 ],
    "to": [ 25, 11.5, 8.1875 ],
    "faces": {
        "down":  { "uv": [ 0, 8.1875, 0, 7.6875 ], "texture": "#iron_block" },
        "up":    { "uv": [ 16, 7.6875, 16, 8.1875 ], "texture": "#iron_block" },
        "north": { "uv": [ 0, 4.5, 0, 16 ], "texture": "#iron_block" },
        "south": { "uv": [ 16, 4.5, 16, 16 ], "texture": "#iron_block" },
        "west":  { "uv": [ 7.6875, 4.5, 8.1875, 16 ], "texture": "#iron_block" },
        "east":  { "uv": [ 7.8125, 4.5, 8.3125, 16 ], "texture": "#iron_block" }
    }
},
{
    "from": [ 1.5, 11, -3.5 ],
    "to": [ 2, 15, -3 ],
    "faces": {
        "down":  { "uv": [ 14.5, 0, 14, 0 ], "texture": "#iron_block" },
        "up":    { "uv": [ 1.5, 0, 2, 0 ], "texture": "#iron_block" },
        "north": { "uv": [ 14, 1, 14.5, 5 ], "texture": "#iron_block" },
        "south": { "uv": [ 1.5, 1, 2, 5 ], "texture": "#iron_block" },
        "west":  { "uv": [ 0, 1, 0, 5 ], "texture": "#iron_block" },
        "east":  { "uv": [ 16, 1, 16, 5 ], "texture": "#iron_block" }
    }
},
{
    "from": [ 1.5, 10.5, -7 ],
    "to": [ 2, 11, -3.5 ],
    "faces": {
        "down":  { "uv": [ 1.5, 0, 2, 3.5 ], "texture": "#iron_block" },
        "up":    { "uv": [ 1.5, 0, 2, 3.5 ], "texture": "#iron_block" },
        "north": { "uv": [ 1.5, 5, 2, 5.5 ], "texture": "#iron_block" },
        "south": { "uv": [ 1.5, 5, 2, 5.5 ], "texture": "#iron_block" },
        "west":  { "uv": [ 0, 5, 3.5, 5.5 ], "texture": "#iron_block" },
        "east":  { "uv": [ 0, 5, 3.5, 5.5 ], "texture": "#iron_block" }
    }
},
{
    "from": [ 1.5, 10.5, -3.5 ],
    "to": [ 32, 11, -3 ],
    "faces": {
        "down":  { "uv": [ 0, 0, 16, 0.5 ], "texture": "#iron_block" },
        "up":    { "uv": [ 0, 0, 16, 0.5 ], "texture": "#iron_block" },
        "north": { "uv": [ 0, 5, 16, 5.5 ], "texture": "#iron_block" },
        "south": { "uv": [ 0, 5, 16, 5.5 ], "texture": "#iron_block" },
        "west":  { "uv": [ 0, 5, 0.5, 5.5 ], "texture": "#iron_block" },
        "east":  { "uv": [ 0, 5, 0.5, 5.5 ], "texture": "#iron_block" }
    }
},
{
    "from": [ -16, 10.5, -3.5 ],
    "to": [ -11.5, 11, -3 ],
    "faces": {
        "down":  { "uv": [ 0, 0, 4.5, 0.5 ], "texture": "#iron_block" },
        "up":    { "uv": [ 0, 0, 4.5, 0.5 ], "texture": "#iron_block" },
        "north": { "uv": [ 0, 5, 4.5, 5.5 ], "texture": "#iron_block" },
        "south": { "uv": [ 0, 5, 4.5, 5.5 ], "texture": "#iron_block" },
        "west":  { "uv": [ 0, 5, 0.5, 5.5 ], "texture": "#iron_block" },
        "east":  { "uv": [ 0, 5, 0.5, 5.5 ], "texture": "#iron_block" }
    }
},
{
    "from": [ -12, 10.5, -7 ],
    "to": [ -11.5, 11, -3.5 ],
    "faces": {
        "down":  { "uv": [ 0, 0, 0.5, 3.5 ], "texture": "#iron_block" },
        "up":    { "uv": [ 0, 0, 0.5, 3.5 ], "texture": "#iron_block" },
        "north": { "uv": [ 0, 5, 0.5, 5.5 ], "texture": "#iron_block" },
        "south": { "uv": [ 0, 5, 0.5, 5.5 ], "texture": "#iron_block" },
        "west":  { "uv": [ 0, 5, 3.5, 5.5 ], "texture": "#iron_block" },
        "east":  { "uv": [ 0, 5, 3.5, 5.5 ], "texture": "#iron_block" }
    }
},
{
    "from": [ -12, 11, -3.5 ],
    "to": [ -11.5, 15, -3 ],
    "faces": {
        "down":  { "uv": [ 0, 0, 0.5, 0.5 ], "texture": "#iron_block" },
        "up":    { "uv": [ 0, 0, 0.5, 0.5 ], "texture": "#iron_block" },
        "north": { "uv": [ 0, 1, 0.5, 5 ], "texture": "#iron_block" },
        "south": { "uv": [ 0, 1, 0.5, 5 ], "texture": "#iron_block" },
        "west":  { "uv": [ 0, 1, 0.5, 5 ], "texture": "#iron_block" },
        "east":  { "uv": [ 0, 1, 0.5, 5 ], "texture": "#iron_block" }
    }
},
{
    "from": [ 9.5, 11, -3.5 ],
    "to": [ 10, 15, -3 ],
    "faces": {
        "down":  { "uv": [ 6.5, 0, 6, 0 ], "texture": "#iron_block" },
        "up":    { "uv": [ 9.5, 0, 10, 0 ], "texture": "#iron_block" },
        "north": { "uv": [ 6, 1, 6.5, 5 ], "texture": "#iron_block" },
        "south": { "uv": [ 9.5, 1, 10, 5 ], "texture": "#iron_block" },
        "west":  { "uv": [ 0, 1, 0, 5 ], "texture": "#iron_block" },
        "east":  { "uv": [ 16, 1, 16, 5 ], "texture": "#iron_block" }
    }
},
{
    "from": [ 18.5, 11, -3.5 ],
    "to": [ 19, 15, -3 ],
    "faces": {
        "down":  { "uv": [ 0, 0, 0, 0 ], "texture": "#iron_block" },
        "up":    { "uv": [ 16, 0, 16, 0 ], "texture": "#iron_block" },
        "north": { "uv": [ 0, 1, 0, 5 ], "texture": "#iron_block" },
        "south": { "uv": [ 16, 1, 16, 5 ], "texture": "#iron_block" },
        "west":  { "uv": [ 0, 1, 0, 5 ], "texture": "#iron_block" },
        "east":  { "uv": [ 16, 1, 16, 5 ], "texture": "#iron_block" }
    }
},
{
    "from": [ 27, 11, -3.5 ],
    "to": [ 27.5, 15, -3 ],
    "faces": {
        "down":  { "uv": [ 0, 0, 0, 0 ], "texture": "#iron_block" },
        "up":    { "uv": [ 16, 0, 16, 0 ], "texture": "#iron_block" },
        "north": { "uv": [ 0, 1, 0, 5 ], "texture": "#iron_block" },
        "south": { "uv": [ 16, 1, 16, 5 ], "texture": "#iron_block" },
        "west":  { "uv": [ 0, 1, 0, 5 ], "texture": "#iron_block" },
        "east":  { "uv": [ 16, 1, 16, 5 ], "texture": "#iron_block" }
    }
},
{
    "from": [ 11, 9.5, 23 ],
    "to": [ 22, 12, 24 ],
    "faces": {
        "down":  { "uv": [ 5, 16, 0, 16 ], "texture": "#texture" },
        "up":    { "uv": [ 11, 16, 16, 16 ], "texture": "#texture" },
        "north": { "uv": [ 0, 4, 5, 6.5 ], "texture": "#texture" },
        "south": { "uv": [ 11, 4, 16, 6.5 ], "texture": "#texture" }
    }
},
{
    "from": [ 1.5, 10.5, 19.5 ],
    "to": [ 2, 11, 23 ],
    "faces": {
        "down":  { "uv": [ 1.5, 0, 2, 3.5 ], "texture": "#iron_block" },
        "up":    { "uv": [ 1.5, 0, 2, 3.5 ], "texture": "#iron_block" },
        "north": { "uv": [ 1.5, 5, 2, 5.5 ], "texture": "#iron_block" },
        "south": { "uv": [ 1.5, 5, 2, 5.5 ], "texture": "#iron_block" },
        "west":  { "uv": [ 0, 5, 3.5, 5.5 ], "texture": "#iron_block" },
        "east":  { "uv": [ 0, 5, 3.5, 5.5 ], "texture": "#iron_block" }
    }
},
{
    "from": [ 1.5, 10.5, 19 ],
    "to": [ 32, 11, 19.5 ],
    "faces": {
        "down":  { "uv": [ 0, 0, 16, 0.5 ], "texture": "#iron_block" },
        "up":    { "uv": [ 0, 0, 16, 0.5 ], "texture": "#iron_block" },
        "north": { "uv": [ 0, 5, 16, 5.5 ], "texture": "#iron_block" },
        "south": { "uv": [ 0, 5, 16, 5.5 ], "texture": "#iron_block" },
        "west":  { "uv": [ 0, 5, 0.5, 5.5 ], "texture": "#iron_block" },
        "east":  { "uv": [ 0, 5, 0.5, 5.5 ], "texture": "#iron_block" }
    }
},
{
    "from": [ -16, 10.5, 19 ],
    "to": [ -11.5, 11, 19.5 ],
    "faces": {
        "down":  { "uv": [ 0, 0, 4.5, 0.5 ], "texture": "#iron_block" },
        "up":    { "uv": [ 0, 0, 4.5, 0.5 ], "texture": "#iron_block" },
        "north": { "uv": [ 0, 5, 4.5, 5.5 ], "texture": "#iron_block" },
        "south": { "uv": [ 0, 5, 4.5, 5.5 ], "texture": "#iron_block" },
        "west":  { "uv": [ 0, 5, 0.5, 5.5 ], "texture": "#iron_block" },
        "east":  { "uv": [ 0, 5, 0.5, 5.5 ], "texture": "#iron_block" }
    }
},
{
    "from": [ -12, 10.5, 19.5 ],
    "to": [ -11.5, 11, 23 ],
    "faces": {
        "down":  { "uv": [ 0, 0, 0.5, 3.5 ], "texture": "#iron_block" },
        "up":    { "uv": [ 0, 0, 0.5, 3.5 ], "texture": "#iron_block" },
        "north": { "uv": [ 0, 5, 0.5, 5.5 ], "texture": "#iron_block" },
        "south": { "uv": [ 0, 5, 0.5, 5.5 ], "texture": "#iron_block" },
        "west":  { "uv": [ 0, 5, 3.5, 5.5 ], "texture": "#iron_block" },
        "east":  { "uv": [ 0, 5, 3.5, 5.5 ], "texture": "#iron_block" }
    }
},
{
    "from": [ -12, 11, 19 ],
    "to": [ -11.5, 15, 19.5 ],
    "faces": {
        "down":  { "uv": [ 0, 0, 0.5, 0.5 ], "texture": "#iron_block" },
        "up":    { "uv": [ 0, 0, 0.5, 0.5 ], "texture": "#iron_block" },
        "north": { "uv": [ 0, 1, 0.5, 5 ], "texture": "#iron_block" },
        "south": { "uv": [ 0, 1, 0.5, 5 ], "texture": "#iron_block" },
        "west":  { "uv": [ 0, 1, 0.5, 5 ], "texture": "#iron_block" },
        "east":  { "uv": [ 0, 1, 0.5, 5 ], "texture": "#iron_block" }
    }
},
{
    "from": [ 9.5, 11, 19 ],
    "to": [ 10, 15, 19.5 ],
    "faces": {
        "down":  { "uv": [ 0, 0, 0.5, 0.5 ], "texture": "#iron_block" },
        "up":    { "uv": [ 0, 0, 0.5, 0.5 ], "texture": "#iron_block" },
        "north": { "uv": [ 0, 1, 0.5, 5 ], "texture": "#iron_block" },
        "south": { "uv": [ 0, 1, 0.5, 5 ], "texture": "#iron_block" },
        "west":  { "uv": [ 0, 1, 0.5, 5 ], "texture": "#iron_block" },
        "east":  { "uv": [ 0, 1, 0.5, 5 ], "texture": "#iron_block" }
    }
},
{
    "from": [ 18.5, 11, 19 ],
    "to": [ 19, 15, 19.5 ],
    "faces": {
        "down":  { "uv": [ 0, 0, 0.5, 0.5 ], "texture": "#iron_block" },
        "up":    { "uv": [ 0, 0, 0.5, 0.5 ], "texture": "#iron_block" },
        "north": { "uv": [ 0, 1, 0.5, 5 ], "texture": "#iron_block" },
        "south": { "uv": [ 0, 1, 0.5, 5 ], "texture": "#iron_block" },
        "west":  { "uv": [ 0, 1, 0.5, 5 ], "texture": "#iron_block" },
        "east":  { "uv": [ 0, 1, 0.5, 5 ], "texture": "#iron_block" }
    }
},
{
    "from": [ 27, 11, 19 ],
    "to": [ 27.5, 15, 19.5 ],
    "faces": {
        "down":  { "uv": [ 0, 0, 0.5, 0.5 ], "texture": "#iron_block" },
        "up":    { "uv": [ 0, 0, 0.5, 0.5 ], "texture": "#iron_block" },
        "north": { "uv": [ 0, 1, 0.5, 5 ], "texture": "#iron_block" },
        "south": { "uv": [ 0, 1, 0.5, 5 ], "texture": "#iron_block" },
        "west":  { "uv": [ 0, 1, 0.5, 5 ], "texture": "#iron_block" },
        "east":  { "uv": [ 0, 1, 0.5, 5 ], "texture": "#iron_block" }
    }
},
{
    "from": [ 1.5, 11, 19 ],
    "to": [ 2, 15, 19.5 ],
    "faces": {
        "down":  { "uv": [ 0, 0, 0.5, 0.5 ], "texture": "#iron_block" },
        "up":    { "uv": [ 0, 0, 0.5, 0.5 ], "texture": "#iron_block" },
        "north": { "uv": [ 0, 1, 0.5, 5 ], "texture": "#iron_block" },
        "south": { "uv": [ 0, 1, 0.5, 5 ], "texture": "#iron_block" },
        "west":  { "uv": [ 0, 1, 0.5, 5 ], "texture": "#iron_block" },
        "east":  { "uv": [ 0, 1, 0.5, 5 ], "texture": "#iron_block" }
    }
},
{
    "from": [ -11, 9.5, 23 ],
    "to": [ 1, 12, 24 ],
    "faces": {
        "down":  { "uv": [ 1, 10.5, 13, 11.5 ], "texture": "#texture" },
        "up":    { "uv": [ 1, 10.5, 13, 11.5 ], "texture": "#texture" },
        "north": { "uv": [ 0, 4.5, 12, 7 ], "texture": "#texture" },
        "south": { "uv": [ 0, 4.5, 12, 7 ], "texture": "#texture" }
    }
},
{
    "from": [ -11, 9.5, -8 ],
    "to": [ 1, 12, -7 ],
    "faces": {
        "down":  { "uv": [ 1, 0, 13, 1 ], "texture": "#texture" },
        "up":    { "uv": [ 1, 0, 13, 1 ], "texture": "#texture" },
        "north": { "uv": [ 0, 4.5, 12, 7 ], "texture": "#texture" },
        "south": { "uv": [ 0, 4.5, 12, 7 ], "texture": "#texture" }
    }
}
],
"display": {
    "head": {
        "rotation": [ 0, 90, 0 ],
        "translation": [ 1, 0, 0 ],
        "scale": [ 3.73, 4, 3.99 ]
    },
	 "gui": {
        "rotation": [ 30, 225, 0 ],
        "translation": [ 0, 0, 0 ],
        "scale": [ 0.2, 0.2, 0.2 ]
    }
}
}