{
"__comment": "Designed by tomaxed with Cubik",
"textures": {
    "particle": "items/calculator",
    "texture": "items/calculator"
},
"elements": [ 
{
    "from": [ 2, 0, 0.5 ],
    "to": [ 14, 1.5, 15.5 ],
    "faces": {
        "down":  { "uv": [ 13, 3, 16, 8 ], "texture": "#texture" },
        "up":    { "uv": [ 0, 0, 12, 15 ], "texture": "#texture" },
        "north": { "uv": [ 0, 14.5, 12, 16 ], "texture": "#texture" },
        "south": { "uv": [ 0, 14.5, 12, 16 ], "texture": "#texture" },
        "west":  { "uv": [ 0, 15, 15, 16 ], "texture": "#texture" },
        "east":  { "uv": [ 0, 15, 15, 16 ], "texture": "#texture" }
    }
}
],
"display": {
    "thirdperson_righthand": {
        "rotation": [ 89, 0, 0 ],
        "translation": [ 0, 3.02, 4.16 ],
        "scale": [ 0.44, 0.41, 0.44 ]
    },
    "ground": {
        "rotation": [ 0, 0, 0 ],
        "translation": [ 0, 0.76, 0 ],
        "scale": [ 0.2, 0.2, 0.2 ]
    },
    "firstperson_righthand": {
        "rotation": [ 34, -52, 31 ],
        "translation": [ 19.84, -0.94, -14.55 ],
        "scale": [ 1, 1, 1 ]
    },
    "gui": {
        "rotation": [ 47, -34, 0 ],
        "translation": [ 0, 3.21, 0 ],
        "scale": [ 0.8, 0.8, 0.8 ]
    }
}
}