{
"__comment": "Designed by Tomaxed44 with BDcraft Cubik PRO 0.95 Beta - http://bdcraft.net",
"textures": {
    "particle": "entity/zombie_villager/zombie_librarian",
    "texture": "entity/zombie_villager/zombie_librarian"
},
"elements": [ 
{
    "from": [ 0, 5, 5 ],
    "to": [ 18, 11, 11 ],
    "faces": {
        "down":  { "uv": [ 13, 10.5, 14, 13.5 ], "rotation": 270, "texture": "#texture" },
        "up":    { "uv": [ 11, 10.5, 12, 13.5 ], "rotation": 270, "texture": "#texture" },
        "north": { "uv": [ 12, 10.5, 13, 13.5 ], "rotation": 90, "texture": "#texture" },
        "south": { "uv": [ 14, 10.5, 15, 13.5 ], "rotation": 270, "texture": "#texture" },
        "west":  { "uv": [ 12, 9.5, 13, 10.5 ], "texture": "#texture" },
        "east":  { "uv": [ 13, 9.5, 14, 10.5 ], "texture": "#texture" }
    }
}
],
"display": {
    "thirdperson_righthand": {
        "rotation": [ 0, 90, 0 ],
        "translation": [ 0, -2.46, 6.99 ],
        "scale": [ 0.7, 0.7, 0.7 ]
    },
    "thirdperson_lefthand": {
        "rotation": [ 0, -90, 0 ],
        "translation": [ 0, -2.27, 6.99 ],
        "scale": [ 0.7, 0.7, 0.7 ]
    }
}
}