{
	"parent": "item/handheld",
	"textures": {
		"layer0": "items/stone_shovel"
	},
	"overrides": [
		{ "predicate": { "damaged": 0, "damage": 0.00763358779}, "model": "gui/info_item1"},
		{ "predicate": { "damaged": 0, "damage": 0.01526717558}, "model": "gui/info_item2"},	
		{ "predicate": { "damaged": 0, "damage": 0.02290076337}, "model": "gui/info_item3"},
		{ "predicate": { "damaged": 0, "damage": 0.03053435116}, "model": "gui/info_item4"},
		{ "predicate": { "damaged": 0, "damage": 0.03816793895}, "model": "gui/info_item5"},
		{ "predicate": { "damaged": 0, "damage": 0.04580152674}, "model": "gui/playerface1"},
		{ "predicate": { "damaged": 0, "damage": 0.05343511453}, "model": "gui/playerface2"},
		{ "predicate": { "damaged": 0, "damage": 0.06106870232}, "model": "gui/playerface3"},
		{ "predicate": { "damaged": 0, "damage": 0.06870229011}, "model": "gui/playerface4"},
		{ "predicate": { "damaged": 0, "damage": 0.0763358779}, "model": "gui/playerface5"},
		{ "predicate": { "damaged": 0, "damage": 0.08396946569}, "model": "gui/playerface6"},
		{ "predicate": { "damaged": 0, "damage": 0.09160305348}, "model": "gui/playerface7"},
		{ "predicate": { "damaged": 0, "damage": 0.09923664127}, "model": "gui/blood"},
		{ "predicate": { "damaged": 0, "damage": 0.10687022906}, "model": "gui/blood2"},
		{ "predicate": { "damaged": 0, "damage": 0.11450381685}, "model": "gui/deadplayer"},
		{ "predicate": { "damaged": 0, "damage": 0.12213740464}, "model": "gui/treasure"},
		{ "predicate": { "damaged": 0, "damage": 0.12977099243}, "model": "gui/a"},
		{ "predicate": { "damaged": 0, "damage": 0.13740458022}, "model": "gui/a"},
		{ "predicate": { "damaged": 0, "damage": 0.14503816801}, "model": "gui/a"},
		{ "predicate": { "damaged": 0, "damage": 0.1526717558}, "model": "gui/a"}
		
		]
}