{
	"parent": "item/handheld",
	"textures": {
		"layer0": "items/stone_axe"
	},
	"overrides": [
		{ "predicate": { "damaged": 0, "damage": 0.00763358779}, "model": "char/player1-1"},
		{ "predicate": { "damaged": 0, "damage": 0.01526717558}, "model": "char/player1-2"},	
		{ "predicate": { "damaged": 0, "damage": 0.02290076337}, "model": "char/player1-3"},
		{ "predicate": { "damaged": 0, "damage": 0.03053435116}, "model": "char/player1-4"},
		{ "predicate": { "damaged": 0, "damage": 0.03816793895}, "model": "char/player2-1"},
		{ "predicate": { "damaged": 0, "damage": 0.04580152674}, "model": "char/player2-2"},
		{ "predicate": { "damaged": 0, "damage": 0.05343511453}, "model": "char/player2-3"},
		{ "predicate": { "damaged": 0, "damage": 0.06106870232}, "model": "char/player2-4"},
		{ "predicate": { "damaged": 0, "damage": 0.06870229011}, "model": "char/player3-1"},
		{ "predicate": { "damaged": 0, "damage": 0.0763358779}, "model": "char/player3-2"},
		{ "predicate": { "damaged": 0, "damage": 0.08396946569}, "model": "char/player3-3"},
		{ "predicate": { "damaged": 0, "damage": 0.09160305348}, "model": "char/player3-4"},
		{ "predicate": { "damaged": 0, "damage": 0.09923664127}, "model": "char/player4-1"},
		{ "predicate": { "damaged": 0, "damage": 0.10687022906}, "model": "char/player4-2"},
		{ "predicate": { "damaged": 0, "damage": 0.11450381685}, "model": "char/player4-3"},
		{ "predicate": { "damaged": 0, "damage": 0.12213740464}, "model": "char/player4-4"},
		{ "predicate": { "damaged": 0, "damage": 0.12977099243}, "model": "char/player"},
		{ "predicate": { "damaged": 0, "damage": 0.13740458022}, "model": "char/player"},
		{ "predicate": { "damaged": 0, "damage": 0.14503816801}, "model": "char/player"},
		{ "predicate": { "damaged": 0, "damage": 0.1526717558}, "model": "char/player"}
		
		]
}