{
	"parent": "item/handheld",
	"textures": {
		"layer0": "items/stone_axe"
	},
	"overrides": [
		{ "predicate": { "damaged": 0, "damage": 0.00763358779}, "model": "misc/large_sign1"},
		{ "predicate": { "damaged": 0, "damage": 0.01526717558}, "model": "misc/large_sign2"},	
		{ "predicate": { "damaged": 0, "damage": 0.02290076337}, "model": "misc/large_sign3"},
		{ "predicate": { "damaged": 0, "damage": 0.03053435116}, "model": "misc/large_sign4"},
		{ "predicate": { "damaged": 0, "damage": 0.03816793895}, "model": "misc/large_sign5"},
		{ "predicate": { "damaged": 0, "damage": 0.04580152674}, "model": "misc/playerface1"},
		{ "predicate": { "damaged": 0, "damage": 0.05343511453}, "model": "misc/playerface2"},
		{ "predicate": { "damaged": 0, "damage": 0.06106870232}, "model": "misc/playerface3"},
		{ "predicate": { "damaged": 0, "damage": 0.06870229011}, "model": "misc/playerface4"},
		{ "predicate": { "damaged": 0, "damage": 0.0763358779}, "model": "misc/playerface5"},
		{ "predicate": { "damaged": 0, "damage": 0.08396946569}, "model": "misc/playerface6"},
		{ "predicate": { "damaged": 0, "damage": 0.09160305348}, "model": "misc/playerface7"},
		{ "predicate": { "damaged": 0, "damage": 0.09923664127}, "model": "misc/blood"},
		{ "predicate": { "damaged": 0, "damage": 0.10687022906}, "model": "misc/blood2"},
		{ "predicate": { "damaged": 0, "damage": 0.11450381685}, "model": "misc/deadplayer"},
		{ "predicate": { "damaged": 0, "damage": 0.12213740464}, "model": "misc/treasure"},
		{ "predicate": { "damaged": 0, "damage": 0.12977099243}, "model": "misc/bloodfade"},
		{ "predicate": { "damaged": 0, "damage": 0.13740458022}, "model": "misc/bloodfade_monster"},
		{ "predicate": { "damaged": 0, "damage": 0.14503816801}, "model": "misc/a"},
		{ "predicate": { "damaged": 0, "damage": 0.1526717558}, "model": "misc/a"}
		
		]
}