{
	"parent": "item/handheld",
	"textures": {
		"layer0": "items/stone_hoe"
	},
	"overrides": [
		{ "predicate": { "damaged": 0, "damage": 0.00763358779}, "model": "misc/creature1"},
		{ "predicate": { "damaged": 0, "damage": 0.01526717558}, "model": "misc/creature2"},	
		{ "predicate": { "damaged": 0, "damage": 0.02290076337}, "model": "char/figurant1"},
		{ "predicate": { "damaged": 0, "damage": 0.03053435116}, "model": "char/figurant2"},
		{ "predicate": { "damaged": 0, "damage": 0.03816793895}, "model": "misc/creature3"},
		{ "predicate": { "damaged": 0, "damage": 0.04580152674}, "model": "misc/creature3-1"},
		{ "predicate": { "damaged": 0, "damage": 0.05343511453}, "model": "misc/creature3-2"},
		{ "predicate": { "damaged": 0, "damage": 0.06106870232}, "model": "gui/a"},
		{ "predicate": { "damaged": 0, "damage": 0.06870229011}, "model": "gui/a"},
		{ "predicate": { "damaged": 0, "damage": 0.0763358779}, "model": "gui/a"},
		{ "predicate": { "damaged": 0, "damage": 0.08396946569}, "model": "gui/a"},
		{ "predicate": { "damaged": 0, "damage": 0.09160305348}, "model": "gui/a"},
		{ "predicate": { "damaged": 0, "damage": 0.09923664127}, "model": "gui/a"},
		{ "predicate": { "damaged": 0, "damage": 0.10687022906}, "model": "gui/a"},
		{ "predicate": { "damaged": 0, "damage": 0.11450381685}, "model": "gui/a"},
		{ "predicate": { "damaged": 0, "damage": 0.12213740464}, "model": "gui/a"},
		{ "predicate": { "damaged": 0, "damage": 0.12977099243}, "model": "misc/a"},
		{ "predicate": { "damaged": 0, "damage": 0.13740458022}, "model": "gui/a"},
		{ "predicate": { "damaged": 0, "damage": 0.14503816801}, "model": "gui/a"},
		{ "predicate": { "damaged": 0, "damage": 0.1526717558}, "model": "gui/a"}
		
		]
}