{
"__comment": "Designed by Tomaxed44 with BDcraft Cubik PRO 0.95 Beta - http://bdcraft.net",
"textures": {
    "particle": "items/Misc",
    "texture": "items/Misc"
},
"elements": [ 
{
    "from": [ 6, 0.5, 6 ],
    "to": [ 10, 7.5, 10 ],
    "faces": {
        "down":  { "uv": [ 0, 1, 4, 5 ], "texture": "#texture" },
        "up":    { "uv": [ 0, 1, 4, 5 ], "texture": "#texture" },
        "north": { "uv": [ 0, 0, 4, 6.5 ], "texture": "#texture" },
        "south": { "uv": [ 0, 0, 4, 6.5 ], "texture": "#texture" },
        "west":  { "uv": [ 0, 0, 4, 6.5 ], "texture": "#texture" },
        "east":  { "uv": [ 0, 0, 4, 6.5 ], "texture": "#texture" }
    }
},
{
    "from": [ 6.5, 0, 6.5 ],
    "to": [ 9.5, 0.5, 9.5 ],
    "faces": {
        "down":  { "uv": [ 5, 4.5, 2, 1.5 ], "texture": "#texture" },
        "north": { "uv": [ 1.5, 5, 4.5, 5.5 ], "texture": "#texture" },
        "south": { "uv": [ 1.5, 5, 4.5, 5.5 ], "texture": "#texture" },
        "west":  { "uv": [ 1, 5, 4, 5.5 ], "texture": "#texture" },
        "east":  { "uv": [ 1, 5, 4, 5.5 ], "texture": "#texture" }
    }
},
{
    "from": [ 6.5, 7.5, 6.5 ],
    "to": [ 9.5, 8.5, 9.5 ],
    "faces": {
        "up":    { "uv": [ 1.5, 3, 4.5, 6 ], "texture": "#texture" },
        "north": { "uv": [ 1, 3.5, 4, 4.5 ], "texture": "#texture" },
        "south": { "uv": [ 1, 3.5, 4, 4.5 ], "texture": "#texture" },
        "west":  { "uv": [ 1.5, 3.5, 4.5, 4.5 ], "texture": "#texture" },
        "east":  { "uv": [ 1.5, 3.5, 4.5, 4.5 ], "texture": "#texture" }
    }
},
{
    "from": [ 7, 8.5, 7 ],
    "to": [ 9, 9, 9 ],
    "faces": {
        "up":    { "uv": [ 0.5, 2.5, 2.5, 4.5 ], "texture": "#texture" },
        "north": { "uv": [ 1.5, 4.5, 3.5, 5 ], "texture": "#texture" },
        "south": { "uv": [ 1.5, 4.5, 3.5, 5 ], "texture": "#texture" },
        "west":  { "uv": [ 1.5, 4.5, 3.5, 5 ], "texture": "#texture" },
        "east":  { "uv": [ 1.5, 4.5, 3.5, 5 ], "texture": "#texture" }
    }
},
{
    "from": [ 7.3125, 9, 7.25 ],
    "to": [ 8.8125, 10, 8.75 ],
    "faces": {
        "north": { "uv": [ 3, 4, 4.5, 5 ], "texture": "#texture" },
        "south": { "uv": [ 3, 4, 4.5, 5 ], "texture": "#texture" },
        "west":  { "uv": [ 2.5, 4, 4, 5 ], "texture": "#texture" },
        "east":  { "uv": [ 2.5, 4, 4, 5 ], "texture": "#texture" }
    }
},
{
    "from": [ 7, 10, 7 ],
    "to": [ 7.5, 10.5, 9 ],
    "faces": {
        "down":  { "uv": [ 2.5, 3, 4.5, 5 ], "texture": "#texture" },
        "up":    { "uv": [ 2.5, 3, 4.5, 5 ], "texture": "#texture" },
        "north": { "uv": [ 1.5, 4.5, 3.5, 5 ], "texture": "#texture" },
        "south": { "uv": [ 1.5, 4.5, 3.5, 5 ], "texture": "#texture" },
        "west":  { "uv": [ 2.5, 4.5, 4.5, 5 ], "texture": "#texture" },
        "east":  { "uv": [ 2.5, 4.5, 4.5, 5 ], "texture": "#texture" }
    }
},
{
    "from": [ 8.5, 10, 7 ],
    "to": [ 9, 10.5, 9 ],
    "faces": {
        "down":  { "uv": [ 2.5, 3, 4.5, 5 ], "texture": "#texture" },
        "up":    { "uv": [ 2.5, 3, 4.5, 5 ], "texture": "#texture" },
        "north": { "uv": [ 1.5, 4.5, 3.5, 5 ], "texture": "#texture" },
        "south": { "uv": [ 1.5, 4.5, 3.5, 5 ], "texture": "#texture" },
        "west":  { "uv": [ 2.5, 4.5, 4.5, 5 ], "texture": "#texture" },
        "east":  { "uv": [ 2.5, 4.5, 4.5, 5 ], "texture": "#texture" }
    }
},
{
    "from": [ 7.5, 10, 7 ],
    "to": [ 8.5, 10.5, 7.5 ],
    "faces": {
        "down":  { "uv": [ 2.5, 3, 4.5, 5 ], "texture": "#texture" },
        "up":    { "uv": [ 2.5, 3, 4.5, 5 ], "texture": "#texture" },
        "north": { "uv": [ 1.5, 4.5, 3.5, 5 ], "texture": "#texture" },
        "south": { "uv": [ 1.5, 4.5, 3.5, 5 ], "texture": "#texture" }
    }
},
{
    "from": [ 7.5, 10, 8.5 ],
    "to": [ 8.5, 10.5, 9 ],
    "faces": {
        "down":  { "uv": [ 2.5, 3, 4.5, 5 ], "texture": "#texture" },
        "up":    { "uv": [ 2.5, 3, 4.5, 5 ], "texture": "#texture" },
        "north": { "uv": [ 1.5, 4.5, 3.5, 5 ], "texture": "#texture" },
        "south": { "uv": [ 1.5, 4.5, 3.5, 5 ], "texture": "#texture" }
    }
}
],
"display": {
	"head": {
        "rotation": [ 0, 0, 0 ],
        "translation": [ 0, 0, 0 ],
        "scale": [ 1.2, 1.2, 1.2 ]
    },
    "thirdperson_righthand": {
        "rotation": [ 55, 90, -35 ],
        "translation": [ 0, 4.35, 4.54 ],
        "scale": [ 0.7, 0.7, 0.7 ]
    },
    "ground": {
        "rotation": [ 0, 0, 0 ],
        "translation": [ 0, 0.76, 0 ],
        "scale": [ 0.5, 0.5, 0.5 ]
    },
    "firstperson_righthand": {
        "rotation": [ 1, 21, 9 ],
        "translation": [ 1.32, 5.1, 0 ],
        "scale": [ 1, 1, 1 ]
    },
    "gui": {
        "rotation": [ 33, 108, 0 ],
        "translation": [ 0, 3.4, 0 ],
        "scale": [ 1.4, 1.4, 1.4 ]
    }
}
}