{
"__comment": "Designed by Tomaxed44 with BDcraft Cubik PRO 0.95 Beta - http://bdcraft.net",
"textures": {
    "particle": "items/Misc",
    "texture": "items/Misc"
},
"elements": [ 
{
    "from": [ 5.5, 3, 8.5 ],
    "to": [ 14.5, 4, 9.5 ],
    "rotation": { "origin": [ 5.5, 4, 8.5 ], "axis": "z", "angle": 22.5 },
    "faces": {
        "down":  { "uv": [ 3.5, 8.5, 8.5, 9 ], "texture": "#texture" },
        "up":    { "uv": [ 3.5, 8.5, 8.5, 9 ], "texture": "#texture" },
        "north": { "uv": [ 3.5, 8.5, 8.5, 9 ], "texture": "#texture" },
        "south": { "uv": [ 3.5, 8.5, 8.5, 9 ], "texture": "#texture" },
        "west":  { "uv": [ 2, 8, 3, 9 ], "texture": "#texture" },
        "east":  { "uv": [ 2, 8, 3, 9 ], "texture": "#texture" }
    }
},
{
    "from": [ 3, 3.0625, 8.0625 ],
    "to": [ 6, 4.0625, 9.5625 ],
    "rotation": { "origin": [ 3, 4.0625, 8.0625 ], "axis": "x", "angle": 22.5 },
    "faces": {
        "down":  { "uv": [ 1, 7, 3.5, 7.5 ], "texture": "#texture" },
        "up":    { "uv": [ 1, 7, 3.5, 7.5 ], "texture": "#texture" },
        "north": { "uv": [ 2, 7, 4, 7.5 ], "texture": "#texture" },
        "south": { "uv": [ 2, 7, 4, 7.5 ], "texture": "#texture" },
        "west":  { "uv": [ 2, 8, 3, 8.5 ], "texture": "#texture" },
        "east":  { "uv": [ 2, 8, 3, 8.5 ], "texture": "#texture" }
    }
},
{
    "from": [ 3, 2.5, 8.625 ],
    "to": [ 6, 3.5, 10.125 ],
    "rotation": { "origin": [ 3, 3.5, 8.625 ], "axis": "x", "angle": -22.5 },
    "faces": {
        "down":  { "uv": [ 1.5, 7.5, 3.5, 8 ], "texture": "#texture" },
        "up":    { "uv": [ 1.5, 7.5, 3.5, 8 ], "texture": "#texture" },
        "north": { "uv": [ 1, 8, 3, 8.5 ], "texture": "#texture" },
        "south": { "uv": [ 1, 8, 3, 8.5 ], "texture": "#texture" },
        "west":  { "uv": [ 3.5, 8.5, 4.5, 9 ], "texture": "#texture" },
        "east":  { "uv": [ 3.5, 8.5, 4.5, 9 ], "texture": "#texture" }
    }
},
{
    "from": [ 2.125, 2.125, 8.25 ],
    "to": [ 3.125, 3.625, 9.75 ],
    "rotation": { "origin": [ 2.125, 3.625, 8.25 ], "axis": "z", "angle": 45 },
    "faces": {
        "down":  { "uv": [ 2, 7.5, 2.5, 8.5 ], "texture": "#texture" },
        "up":    { "uv": [ 2, 7.5, 2.5, 8.5 ], "texture": "#texture" },
        "north": { "uv": [ 3, 8, 3.5, 9 ], "texture": "#texture" },
        "south": { "uv": [ 3, 8, 3.5, 9 ], "texture": "#texture" },
        "west":  { "uv": [ 3, 7, 4, 8 ], "texture": "#texture" },
        "east":  { "uv": [ 3, 7, 4, 8 ], "texture": "#texture" }
    }
}
],
"display": {
    "thirdperson_righthand": {
        "rotation": [ 51, -85, -35 ],
        "translation": [ 0, 1.12, 3.21 ],
        "scale": [ 0.6, 0.6, 0.6 ]
    },
    "ground": {
        "rotation": [ 0, 0, 0 ],
        "translation": [ 0, 0.76, 0 ],
        "scale": [ 0.2, 0.2, 0.2 ]
    },
    "firstperson_righthand": {
        "rotation": [ 14, -50, 0 ],
        "translation": [ 4.91, 3.97, 0 ],
        "scale": [ 1, 1, 1 ]
    },
    "gui": {
        "rotation": [ 60, 45, 0 ],
        "translation": [ -0.19, 2.08, 0 ],
        "scale": [ 1, 1, 1 ]
    }
}
}