{
"__comment": "Designed by Tomaxed44 with BDcraft Cubik PRO 0.95 Beta - http://bdcraft.net",
"textures": {
    "texture": "gui/main_menu1"
},
"overrides": [
		{ "predicate": { "damaged": 1, "damage": 0.01694915254}, "model": "item/menu2"},
		{ "predicate": { "damaged": 1, "damage": 0.03389830508}, "model": "item/menu3"},	
		{ "predicate": { "damaged": 1, "damage": 0.05084745762}, "model": "item/menu4"},
		{ "predicate": { "damaged": 1, "damage": 0.06779661016}, "model": "item/menu10"},
		{ "predicate": { "damaged": 1, "damage": 0.0847457627}, "model": "item/menu20"}
		],
"elements": [ 
{
    "from": [ -16, -16, 9 ],
    "to": [ 32, 32, 9.0625 ],
    "faces": {
        "north": { "uv": [ 0, 0, 16, 16 ], "texture": "#texture" }
    }
}
],
"display": {
    "head": {
        "rotation": [ 0, 0, 0 ],
        "translation": [ 0, 0, 0 ],
        "scale": [ 3, 3, 3 ]
    }
}
}