{
"__comment": "Designed by Tomaxed44 with BDcraft Cubik PRO 0.95 Beta - http://bdcraft.net",
"textures": {
    "particle": "items/Misc",
    "texture": "items/Misc"
},
"elements": [ 
{
    "from": [ 3, 5, 0 ],
    "to": [ 13, 6.5, 16 ],
    "faces": {
        "down":  { "uv": [ 16, 3, 13, 8 ], "texture": "#texture" },
        "up":    { "uv": [ 13, 3, 16, 8 ], "texture": "#texture" },
        "north": { "uv": [ 12, 10, 15, 10.5 ], "texture": "#texture" },
        "south": { "uv": [ 11.5, 10.5, 14.5, 11 ], "texture": "#texture" },
        "west":  { "uv": [ 13.5, 6, 16, 6.5 ], "texture": "#texture" },
        "east":  { "uv": [ 10.5, 10.5, 15, 11 ], "texture": "#texture" }
    }
},
{
    "from": [ 3, 4.5, 0 ],
    "to": [ 13.5, 5, 16 ],
    "faces": {
        "down":  { "uv": [ 13, 3, 16, 8 ], "texture": "#texture" },
        "up":    { "uv": [ 13, 3, 16, 8 ], "texture": "#texture" },
        "north": { "uv": [ 13, 6, 16, 6.5 ], "texture": "#texture" },
        "south": { "uv": [ 13, 6, 16, 6.5 ], "texture": "#texture" },
        "west":  { "uv": [ 14, 6, 14.5, 6.5 ], "texture": "#texture" },
        "east":  { "uv": [ 14, 6, 14.5, 6.5 ], "texture": "#texture" }
    }
},
{
    "from": [ 3, 6.5, 0 ],
    "to": [ 13.5, 7, 16 ],
    "faces": {
        "down":  { "uv": [ 13, 3, 16, 8 ], "texture": "#texture" },
        "up":    { "uv": [ 13, 3, 16, 8 ], "texture": "#texture" },
        "north": { "uv": [ 13, 6, 16, 6.5 ], "texture": "#texture" },
        "south": { "uv": [ 13, 6, 16, 6.5 ], "texture": "#texture" },
        "west":  { "uv": [ 14, 6, 14.5, 6.5 ], "texture": "#texture" },
        "east":  { "uv": [ 14, 6, 14.5, 6.5 ], "texture": "#texture" }
    }
}
],
"display": {
    "thirdperson_righthand": {
        "rotation": [ -103, 0, 0 ],
        "translation": [ 0, 3.02, -1.32 ],
        "scale": [ 0.6, 0.6, 0.6 ]
    },
    "ground": {
        "rotation": [ 0, 0, 0 ],
        "translation": [ 0, 0.76, 0 ],
        "scale": [ 0.4, 0.4, 0.4 ]
    },
    "firstperson_righthand": {
        "rotation": [ 0, 0, 0 ],
        "translation": [ 0, 0, 0 ],
        "scale": [ 0.5, 0.5, 0.5 ]
    },
    "gui": {
        "rotation": [ 52, -21, 9 ],
        "translation": [ -0.57, 1.51, -0.94 ],
        "scale": [ 1, 1, 1 ]
    }
}
}