{"parent": "item/generated","textures": {"layer0": "item/compass/compass_016"},"overrides": [ 
	{"predicate":{"angle":0.0000000},"model":"item/compass"},
	{"predicate":{"angle":0.015625},"model":"item/compass/compass_017"},
	{"predicate":{"angle":0.046875},"model":"item/compass/compass_018"},
	{"predicate":{"angle":0.078125},"model":"item/compass/compass_019"},
	{"predicate":{"angle":0.109375},"model":"item/compass/compass_020"},
	{"predicate":{"angle":0.140625},"model":"item/compass/compass_021"},
	{"predicate":{"angle":0.171875},"model":"item/compass/compass_022"},
	{"predicate":{"angle":0.203125},"model":"item/compass/compass_023"},
	{"predicate":{"angle":0.234375},"model":"item/compass/compass_024"},
	{"predicate":{"angle":0.265625},"model":"item/compass/compass_025"},
	{"predicate":{"angle":0.296875},"model":"item/compass/compass_026"},
	{"predicate":{"angle":0.328125},"model":"item/compass/compass_027"},
	{"predicate":{"angle":0.359375},"model":"item/compass/compass_028"},
	{"predicate":{"angle":0.390625},"model":"item/compass/compass_029"},
	{"predicate":{"angle":0.421875},"model":"item/compass/compass_030"},
	{"predicate":{"angle":0.453125},"model":"item/compass/compass_031"},
	{"predicate":{"angle":0.484375},"model":"item/compass/compass_000"},
	{"predicate":{"angle":0.515625},"model":"item/compass/compass_001"},
	{"predicate":{"angle":0.546875},"model":"item/compass/compass_002"},
	{"predicate":{"angle":0.578125},"model":"item/compass/compass_003"},
	{"predicate":{"angle":0.609375},"model":"item/compass/compass_004"},
	{"predicate":{"angle":0.640625},"model":"item/compass/compass_005"},
	{"predicate":{"angle":0.671875},"model":"item/compass/compass_006"},
	{"predicate":{"angle":0.703125},"model":"item/compass/compass_007"},
	{"predicate":{"angle":0.734375},"model":"item/compass/compass_008"},
	{"predicate":{"angle":0.765625},"model":"item/compass/compass_009"},
	{"predicate":{"angle":0.796875},"model":"item/compass/compass_010"},
	{"predicate":{"angle":0.828125},"model":"item/compass/compass_011"},
	{"predicate":{"angle":0.859375},"model":"item/compass/compass_012"},
	{"predicate":{"angle":0.890625},"model":"item/compass/compass_013"},
	{"predicate":{"angle":0.921875},"model":"item/compass/compass_014"},
	{"predicate":{"angle":0.953125},"model":"item/compass/compass_015"},
	{"predicate":{"angle":0.984375},"model":"item/compass"}]}