{
"__comment": "Designed by Tomaxed44 with BDcraft Cubik PRO 0.95 Beta - http://bdcraft.net",
"textures": {
    "particle": "entity/ak-47_10",
    "texture": "entity/ak-47_10"
},
"elements": [ 
{
    "from": [ 7.3125, 8.5, 16 ],
    "to": [ 8.8125, 11, 22.5 ],
    "faces": {
        "down":  { "uv": [ 6.5, 8.5, 7.5, 15.5 ], "texture": "#texture", "cullface": "south" },
        "up":    { "uv": [ 6.5, 8.5, 7.5, 15.5 ], "texture": "#texture", "cullface": "south" },
        "north": { "uv": [ 6, 8.5, 7, 11 ], "texture": "#texture", "cullface": "south" },
        "south": { "uv": [ 6, 8.5, 7, 11 ], "texture": "#texture", "cullface": "south" },
        "west":  { "uv": [ 0, 10.5, 7, 13 ], "texture": "#texture", "cullface": "south" },
        "east":  { "uv": [ 0, 10.5, 7, 13 ], "texture": "#texture", "cullface": "south" }
    }
},
{
    "from": [ 7.3125, 9, 5 ],
    "to": [ 8.8125, 11.5, 13 ],
    "faces": {
        "down":  { "uv": [ 6.5, 0, 8, 8 ], "texture": "#texture" },
        "up":    { "uv": [ 6.5, 0, 8, 8 ], "texture": "#texture" },
        "north": { "uv": [ 6.5, 4.5, 8, 7 ], "texture": "#texture" },
        "south": { "uv": [ 6.5, 4.5, 8, 7 ], "texture": "#texture" },
        "west":  { "uv": [ 0, 5.5, 8, 8 ], "texture": "#texture" },
        "east":  { "uv": [ 0, 5.5, 8, 8 ], "texture": "#texture" }
    }
},
{
    "from": [ 7.3125, 8, 17.5 ],
    "to": [ 8.8125, 8.5, 23 ],
    "faces": {
        "down":  { "uv": [ 6, 8, 7, 13.5 ], "texture": "#texture", "cullface": "south" },
        "north": { "uv": [ 6, 13.5, 7, 14 ], "texture": "#texture", "cullface": "south" },
        "south": { "uv": [ 6, 13.5, 7, 14 ], "texture": "#texture", "cullface": "south" },
        "west":  { "uv": [ 0.5, 13.5, 6, 14 ], "texture": "#texture", "cullface": "south" },
        "east":  { "uv": [ 0.5, 13.5, 6, 14 ], "texture": "#texture", "cullface": "south" }
    }
},
{
    "from": [ 7.3125, 7.5, 19 ],
    "to": [ 8.8125, 8, 23 ],
    "faces": {
        "down":  { "uv": [ 6, 8.5, 7, 12.5 ], "texture": "#texture", "cullface": "south" },
        "north": { "uv": [ 6.5, 14, 7.5, 14.5 ], "texture": "#texture", "cullface": "south" },
        "south": { "uv": [ 6.5, 14, 7.5, 14.5 ], "texture": "#texture", "cullface": "south" },
        "west":  { "uv": [ 2, 14, 6, 14.5 ], "texture": "#texture", "cullface": "south" },
        "east":  { "uv": [ 2, 14, 6, 14.5 ], "texture": "#texture", "cullface": "south" }
    }
},
{
    "from": [ 7.3125, 7, 20.5 ],
    "to": [ 8.8125, 7.5, 23 ],
    "faces": {
        "down":  { "uv": [ 6, 10, 7, 12.5 ], "texture": "#texture", "cullface": "south" },
        "north": { "uv": [ 5, 13, 6, 13.5 ], "texture": "#texture", "cullface": "south" },
        "south": { "uv": [ 5, 13, 6, 13.5 ], "texture": "#texture", "cullface": "south" },
        "west":  { "uv": [ 3.5, 14.5, 6, 15 ], "texture": "#texture", "cullface": "south" },
        "east":  { "uv": [ 3.5, 14.5, 6, 15 ], "texture": "#texture", "cullface": "south" }
    }
},
{
    "from": [ 7.3125, 8.5, 14.5 ],
    "to": [ 8.8125, 10.5, 16 ],
    "faces": {
        "down":  { "uv": [ 5.5, 13.5, 6.5, 15 ], "texture": "#texture" },
        "up":    { "uv": [ 5.5, 13.5, 6.5, 15 ], "texture": "#texture" },
        "north": { "uv": [ 4.5, 9, 5.5, 11 ], "texture": "#texture" },
        "west":  { "uv": [ 6, 10.5, 7.5, 12.5 ], "texture": "#texture" },
        "east":  { "uv": [ 6, 10.5, 7.5, 12.5 ], "texture": "#texture" }
    }
},
{
    "from": [ 7.3125, 9, 13 ],
    "to": [ 8.8125, 11, 14.5 ],
    "faces": {
        "down":  { "uv": [ 6, 13, 7, 14.5 ], "texture": "#texture" },
        "up":    { "uv": [ 6, 13, 7, 14.5 ], "texture": "#texture" },
        "south": { "uv": [ 4.5, 11, 5.5, 13 ], "texture": "#texture" },
        "west":  { "uv": [ 4.5, 9.5, 6, 11.5 ], "texture": "#texture" },
        "east":  { "uv": [ 4.5, 9.5, 6, 11.5 ], "texture": "#texture" }
    }
},
{
    "from": [ 7.5, 9.5, -11.5 ],
    "to": [ 8.5, 10.5, -2 ],
    "faces": {
        "down":  { "uv": [ 3, 0, 4, 8 ], "texture": "#texture", "cullface": "north" },
        "up":    { "uv": [ 3, 0, 4, 8 ], "texture": "#texture", "cullface": "north" },
        "north": { "uv": [ 2.5, 3.5, 3.5, 4.5 ], "texture": "#texture", "cullface": "north" },
        "west":  { "uv": [ 0, 2.5, 8, 3.5 ], "texture": "#texture", "cullface": "north" },
        "east":  { "uv": [ 0, 2.5, 8, 3.5 ], "texture": "#texture", "cullface": "north" }
    }
},
{
    "from": [ 7.5, 7.5, 5.5 ],
    "to": [ 8.5, 9, 8 ],
    "faces": {
        "down":  { "uv": [ 15, 0, 16, 2.5 ], "texture": "#texture" },
        "north": { "uv": [ 15, 0, 16, 1.5 ], "texture": "#texture" },
        "south": { "uv": [ 15, 0, 16, 1.5 ], "texture": "#texture" },
        "west":  { "uv": [ 13.5, 0, 16, 1.5 ], "texture": "#texture" },
        "east":  { "uv": [ 13.5, 0, 16, 1.5 ], "texture": "#texture" }
    }
},
{
    "from": [ 7.5, 8, 10.5 ],
    "to": [ 8.5, 9, 12.3125 ],
    "faces": {
        "down":  { "uv": [ 9, 6, 8, 4 ], "texture": "#texture" },
        "north": { "uv": [ 8, 5, 9, 6 ], "texture": "#texture" },
        "south": { "uv": [ 8, 7, 9, 8 ], "texture": "#texture" },
        "west":  { "uv": [ 8, 4, 10, 5 ], "texture": "#texture" },
        "east":  { "uv": [ 8, 4, 10, 5 ], "texture": "#texture" }
    }
},
{
    "from": [ 7.3125, 8.5, 22.5 ],
    "to": [ 8.8125, 10, 23 ],
    "faces": {
        "up":    { "uv": [ 6.5, 8.5, 7, 10 ], "texture": "#texture", "cullface": "south" },
        "south": { "uv": [ 6, 8.5, 6.5, 9.5 ], "texture": "#texture", "cullface": "south" },
        "west":  { "uv": [ 7, 10.5, 7.5, 13 ], "texture": "#texture", "cullface": "south" },
        "east":  { "uv": [ 0, 10.5, 0.5, 13 ], "texture": "#texture", "cullface": "south" }
    }
},
{
    "from": [ 7.3125, 11.5, 7 ],
    "to": [ 8.8125, 12, 12.5 ],
    "faces": {
        "up":    { "uv": [ 5.5, 0, 7, 7.5 ], "texture": "#texture" },
        "north": { "uv": [ 6, 4, 7.5, 4.5 ], "texture": "#texture" },
        "south": { "uv": [ 6, 4, 7.5, 4.5 ], "texture": "#texture" },
        "west":  { "uv": [ 0.5, 5, 8, 5.5 ], "texture": "#texture" },
        "east":  { "uv": [ 0.5, 5, 8, 5.5 ], "texture": "#texture" }
    }
},
{
    "from": [ 7.5625, 11, 5 ],
    "to": [ 8.5625, 12.5, 12 ],
    "faces": {
        "up":    { "uv": [ 6, 0.5, 7, 7.5 ], "texture": "#texture" },
        "south": { "uv": [ 6, 3, 7, 4 ], "texture": "#texture" },
        "west":  { "uv": [ 0.5, 0.5, 7.5, 1.5 ], "texture": "#texture" },
        "east":  { "uv": [ 0.5, 0.5, 7.5, 1.5 ], "texture": "#texture" }
    }
},
{
    "from": [ 7.0625, 11.5625, 8 ],
    "to": [ 9.0625, 11.75, 11.9375 ],
    "faces": {
        "down":  { "uv": [ 10, 2.5, 12, 6.4375 ], "texture": "#texture" },
        "up":    { "uv": [ 10, 2.5, 12, 6.4375 ], "texture": "#texture" },
        "north": { "uv": [ 9, 4, 11, 4.1875 ], "texture": "#texture" },
        "south": { "uv": [ 9, 4, 11, 4.1875 ], "texture": "#texture" },
        "west":  { "uv": [ 8, 4, 11.9375, 4.1875 ], "texture": "#texture" },
        "east":  { "uv": [ 8, 4, 11.9375, 4.1875 ], "texture": "#texture" }
    }
},
{
    "from": [ 7.0625, 9.5, 7.5 ],
    "to": [ 9.0625, 10.5, 11 ],
    "faces": {
        "down":  { "uv": [ 11, 3, 13, 6.5 ], "texture": "#texture" },
        "up":    { "uv": [ 11, 3, 13, 6.5 ], "texture": "#texture" },
        "north": { "uv": [ 9, 5.5, 11, 6.5 ], "texture": "#texture" },
        "south": { "uv": [ 9, 5.5, 11, 6.5 ], "texture": "#texture" },
        "west":  { "uv": [ 8, 5.5, 11.5, 6.5 ], "texture": "#texture" },
        "east":  { "uv": [ 8, 5.5, 11.5, 6.5 ], "texture": "#texture" }
    }
},
{
    "from": [ 7.0625, 9.0625, 8 ],
    "to": [ 9.0625, 9.5, 10.4375 ],
    "faces": {
        "down":  { "uv": [ 8.9375, 10.5, 6.9375, 8 ], "texture": "#texture" },
        "north": { "uv": [ 6.9375, 6.5, 8.9375, 7 ], "texture": "#texture" },
        "south": { "uv": [ 7.0625, 6.5, 9.0625, 7 ], "texture": "#texture" },
        "west":  { "uv": [ 8.5, 6.5, 11, 7 ], "texture": "#texture" },
        "east":  { "uv": [ 8.5, 6.5, 11, 7 ], "texture": "#texture" }
    }
},
{
    "from": [ 7.0625, 8.75, 9.75 ],
    "to": [ 9.0625, 9.0625, 10.0625 ],
    "faces": {
        "down":  { "uv": [ 12, 5.5, 14, 5.8125 ], "texture": "#texture" },
        "north": { "uv": [ 8, 7, 10, 7.3125 ], "texture": "#texture" },
        "south": { "uv": [ 8, 7, 10, 7.3125 ], "texture": "#texture" },
        "west":  { "uv": [ 9.75, 6.9375, 10.0625, 7.25 ], "texture": "#texture" },
        "east":  { "uv": [ 9.75, 6.9375, 10.0625, 7.25 ], "texture": "#texture" }
    }
},
{
    "from": [ 7.6875, 7.9375, 9.875 ],
    "to": [ 8.4375, 8.8125, 10 ],
    "rotation": { "origin": [ 7.6875, 8.8125, 9.875 ], "axis": "x", "angle": 22.5 },
    "faces": {
        "down":  { "uv": [ 12, 5.5, 14, 5.8125 ], "texture": "#texture" },
        "up":    { "uv": [ 12, 5.5, 14, 5.8125 ], "texture": "#texture" },
        "north": { "uv": [ 8, 7, 10, 7.3125 ], "texture": "#texture" },
        "south": { "uv": [ 8, 7, 10, 7.3125 ], "texture": "#texture" },
        "west":  { "uv": [ 9.75, 6.9375, 10.0625, 7.25 ], "texture": "#texture" },
        "east":  { "uv": [ 9.75, 6.9375, 10.0625, 7.25 ], "texture": "#texture" }
    }
},
{
    "from": [ 7.0625, 10.6875, 12.3125 ],
    "to": [ 9.0625, 11.1875, 12.8125 ],
    "faces": {
        "down":  { "uv": [ 10.5, 5, 12.5, 5.5 ], "texture": "#texture" },
        "up":    { "uv": [ 10.5, 5, 12.5, 5.5 ], "texture": "#texture" },
        "north": { "uv": [ 9.5, 5, 11.5, 5.5 ], "texture": "#texture" },
        "south": { "uv": [ 9.5, 5, 11.5, 5.5 ], "texture": "#texture" },
        "west":  { "uv": [ 12, 5, 12.5, 5.5 ], "texture": "#texture" },
        "east":  { "uv": [ 12, 5, 12.5, 5.5 ], "texture": "#texture" }
    }
},
{
    "from": [ 7.0625, 9.125, 12.3125 ],
    "to": [ 9.0625, 9.625, 12.8125 ],
    "faces": {
        "down":  { "uv": [ 10.5, 5, 12.5, 5.5 ], "texture": "#texture" },
        "up":    { "uv": [ 10.5, 5, 12.5, 5.5 ], "texture": "#texture" },
        "north": { "uv": [ 9.5, 5, 11.5, 5.5 ], "texture": "#texture" },
        "south": { "uv": [ 9.5, 5, 11.5, 5.5 ], "texture": "#texture" },
        "west":  { "uv": [ 12, 5, 12.5, 5.5 ], "texture": "#texture" },
        "east":  { "uv": [ 12, 5, 12.5, 5.5 ], "texture": "#texture" }
    }
},
{
    "from": [ 7.3125, 11.75, 5.5625 ],
    "to": [ 8.8125, 12, 7 ],
    "faces": {
        "down":  { "uv": [ 5.5, 5, 7, 6.4375 ], "texture": "#texture" },
        "up":    { "uv": [ 5.5, 5, 7, 6.4375 ], "texture": "#texture" },
        "north": { "uv": [ 4.5, 4, 6, 4.25 ], "texture": "#texture" },
        "west":  { "uv": [ 5.5625, 4, 7, 4.25 ], "texture": "#texture" },
        "east":  { "uv": [ 5.5625, 4, 7, 4.25 ], "texture": "#texture" }
    }
},
{
    "from": [ 6.8125, 9.875, 7.6875 ],
    "to": [ 9.3125, 10.25, 10.625 ],
    "faces": {
        "down":  { "uv": [ 11, 3, 13, 6.5 ], "texture": "#texture" },
        "up":    { "uv": [ 11, 3, 13, 6.5 ], "texture": "#texture" },
        "north": { "uv": [ 9, 5.5, 11, 6.5 ], "texture": "#texture" },
        "south": { "uv": [ 9, 5.5, 11, 6.5 ], "texture": "#texture" },
        "west":  { "uv": [ 8, 5.5, 11.5, 6.5 ], "texture": "#texture" },
        "east":  { "uv": [ 8, 5.5, 11.5, 6.5 ], "texture": "#texture" }
    }
},
{
    "from": [ 6.8125, 9.5, 7.8125 ],
    "to": [ 9.3125, 9.875, 9.25 ],
    "faces": {
        "down":  { "uv": [ 11, 3, 13, 6.5 ], "texture": "#texture" },
        "north": { "uv": [ 9, 5.5, 11, 6.5 ], "texture": "#texture" },
        "south": { "uv": [ 9, 5.5, 11, 6.5 ], "texture": "#texture" },
        "west":  { "uv": [ 8, 5.5, 11.5, 6.5 ], "texture": "#texture" },
        "east":  { "uv": [ 8, 5.5, 11.5, 6.5 ], "texture": "#texture" }
    }
},
{
    "from": [ 6.8125, 9.1875, 8.25 ],
    "to": [ 9.3125, 9.4375, 8.5625 ],
    "faces": {
        "down":  { "uv": [ 11, 3, 13, 6.5 ], "texture": "#texture" },
        "up":    { "uv": [ 11, 3, 13, 6.5 ], "texture": "#texture" },
        "north": { "uv": [ 9, 5.5, 11, 6.5 ], "texture": "#texture" },
        "south": { "uv": [ 9, 5.5, 11, 6.5 ], "texture": "#texture" },
        "west":  { "uv": [ 8, 5.5, 11.5, 6.5 ], "texture": "#texture" },
        "east":  { "uv": [ 8, 5.5, 11.5, 6.5 ], "texture": "#texture" }
    }
},
{
    "from": [ 6.8125, 9.125, 9.75 ],
    "to": [ 9.3125, 9.375, 10.0625 ],
    "faces": {
        "down":  { "uv": [ 11, 3, 13, 6.5 ], "texture": "#texture" },
        "up":    { "uv": [ 11, 3, 13, 6.5 ], "texture": "#texture" },
        "north": { "uv": [ 9, 5.5, 11, 6.5 ], "texture": "#texture" },
        "south": { "uv": [ 9, 5.5, 11, 6.5 ], "texture": "#texture" },
        "west":  { "uv": [ 8, 5.5, 11.5, 6.5 ], "texture": "#texture" },
        "east":  { "uv": [ 8, 5.5, 11.5, 6.5 ], "texture": "#texture" }
    }
},
{
    "from": [ 7.5, 7.5, 11.0625 ],
    "to": [ 8.5, 8, 12.5625 ],
    "faces": {
        "down":  { "uv": [ 10.5, 5, 11.5, 6.5 ], "texture": "#texture" },
        "north": { "uv": [ 8, 6, 9, 6.5 ], "texture": "#texture" },
        "south": { "uv": [ 8, 6, 9, 6.5 ], "texture": "#texture" },
        "west":  { "uv": [ 8, 5.5, 9.5, 6 ], "texture": "#texture" },
        "east":  { "uv": [ 8, 5.5, 9.5, 6 ], "texture": "#texture" }
    }
},
{
    "from": [ 7.5, 6.5, 11.5625 ],
    "to": [ 8.5, 7, 13.0625 ],
    "faces": {
        "down":  { "uv": [ 10.5, 5, 11.5, 6.5 ], "texture": "#texture" },
        "north": { "uv": [ 8, 6, 9, 6.5 ], "texture": "#texture" },
        "south": { "uv": [ 8, 6, 9, 6.5 ], "texture": "#texture" },
        "west":  { "uv": [ 8, 5.5, 9.5, 6 ], "texture": "#texture" },
        "east":  { "uv": [ 8, 5.5, 9.5, 6 ], "texture": "#texture" }
    }
},
{
    "from": [ 7.5, 7, 11.3125 ],
    "to": [ 8.5, 7.5, 12.8125 ],
    "faces": {
        "down":  { "uv": [ 10.5, 5, 11.5, 6.5 ], "texture": "#texture" },
        "north": { "uv": [ 8, 6, 9, 6.5 ], "texture": "#texture" },
        "south": { "uv": [ 8, 6, 9, 6.5 ], "texture": "#texture" },
        "west":  { "uv": [ 8, 5.5, 9.5, 6 ], "texture": "#texture" },
        "east":  { "uv": [ 8, 5.5, 9.5, 6 ], "texture": "#texture" }
    }
},
{
    "from": [ 7.5, 5.5, 11.875 ],
    "to": [ 8.5, 6, 13.375 ],
    "faces": {
        "down":  { "uv": [ 10.5, 5, 11.5, 6.5 ], "texture": "#texture" },
        "north": { "uv": [ 8, 6, 9, 6.5 ], "texture": "#texture" },
        "south": { "uv": [ 8, 6, 9, 6.5 ], "texture": "#texture" },
        "west":  { "uv": [ 8, 6.5, 9.5, 7 ], "texture": "#texture" },
        "east":  { "uv": [ 8, 6.5, 9.5, 7 ], "texture": "#texture" }
    }
},
{
    "from": [ 7.5, 6, 11.8125 ],
    "to": [ 8.5, 6.5, 13.3125 ],
    "faces": {
        "down":  { "uv": [ 10.5, 5, 11.5, 6.5 ], "texture": "#texture" },
        "north": { "uv": [ 8, 6, 9, 6.5 ], "texture": "#texture" },
        "south": { "uv": [ 8, 6, 9, 6.5 ], "texture": "#texture" },
        "west":  { "uv": [ 8, 6, 9.5, 6.5 ], "texture": "#texture" },
        "east":  { "uv": [ 8, 6, 9.5, 6.5 ], "texture": "#texture" }
    }
},
{
    "from": [ 7.0625, 7.625, 8.1875 ],
    "to": [ 9.0625, 9.0625, 8.75 ],
    "faces": {
        "down":  { "uv": [ 9.5, 6, 11.5, 6.5625 ], "texture": "#texture" },
        "north": { "uv": [ 9, 5.5, 11, 6.9375 ], "texture": "#texture" },
        "south": { "uv": [ 9, 5.5, 11, 6.9375 ], "texture": "#texture" },
        "west":  { "uv": [ 8.5, 6, 9.0625, 7.4375 ], "texture": "#texture" },
        "east":  { "uv": [ 8.5, 6, 9.0625, 7.4375 ], "texture": "#texture" }
    }
},
{
    "from": [ 7.5, 6.25, 5.25 ],
    "to": [ 8.5, 7.5, 7.8125 ],
    "faces": {
        "down":  { "uv": [ 15, 0, 16, 2.5 ], "texture": "#texture" },
        "north": { "uv": [ 15, 0, 16, 1.5 ], "texture": "#texture" },
        "south": { "uv": [ 15, 0, 16, 1.5 ], "texture": "#texture" },
        "west":  { "uv": [ 13.5, 1.5, 16, 3 ], "texture": "#texture" },
        "east":  { "uv": [ 13.5, 1.5, 16, 3 ], "texture": "#texture" }
    }
},
{
    "from": [ 7.5, 5, 5 ],
    "to": [ 8.5, 6.25, 7.4375 ],
    "faces": {
        "down":  { "uv": [ 15, 0, 16, 2.5 ], "texture": "#texture" },
        "north": { "uv": [ 15, 0, 16, 1.5 ], "texture": "#texture" },
        "south": { "uv": [ 15, 0, 16, 1.5 ], "texture": "#texture" },
        "west":  { "uv": [ 13.5, 3.5, 16, 5 ], "texture": "#texture" },
        "east":  { "uv": [ 13.5, 3.5, 16, 5 ], "texture": "#texture" }
    }
},
{
    "from": [ 7.5, 4.5, 5 ],
    "to": [ 8.5, 5, 7 ],
    "faces": {
        "down":  { "uv": [ 11, 3, 12, 5 ], "texture": "#texture" },
        "south": { "uv": [ 15, 0.5, 16, 1 ], "texture": "#texture" },
        "west":  { "uv": [ 14, 4.5, 16, 5 ], "texture": "#texture" },
        "east":  { "uv": [ 14, 4.5, 16, 5 ], "texture": "#texture" }
    }
},
{
    "from": [ 7.5, 4, 5 ],
    "to": [ 8.5, 4.5, 6.5 ],
    "faces": {
        "down":  { "uv": [ 11, 3, 12, 5 ], "texture": "#texture" },
        "south": { "uv": [ 15, 0.5, 16, 1 ], "texture": "#texture" },
        "west":  { "uv": [ 14, 4.5, 16, 5 ], "texture": "#texture" },
        "east":  { "uv": [ 14, 4.5, 16, 5 ], "texture": "#texture" }
    }
},
{
    "from": [ 7.5, 3.5, 5 ],
    "to": [ 8.5, 4, 6 ],
    "faces": {
        "down":  { "uv": [ 11, 3, 12, 5 ], "texture": "#texture" },
        "south": { "uv": [ 15, 0.5, 16, 1 ], "texture": "#texture" },
        "west":  { "uv": [ 14, 4.5, 16, 5 ], "texture": "#texture" },
        "east":  { "uv": [ 14, 4.5, 16, 5 ], "texture": "#texture" }
    }
},
{
    "from": [ 7.5, 3, 5 ],
    "to": [ 8.5, 3.5, 5.5 ],
    "faces": {
        "down":  { "uv": [ 11, 3, 12, 5 ], "texture": "#texture" },
        "north": { "uv": [ 15, 0.5, 16, 1 ], "texture": "#texture" },
        "south": { "uv": [ 15, 0.5, 16, 1 ], "texture": "#texture" },
        "west":  { "uv": [ 14, 4.5, 16, 5 ], "texture": "#texture" },
        "east":  { "uv": [ 14, 4.5, 16, 5 ], "texture": "#texture" }
    }
},
{
    "from": [ 7.5, 3.1875, 4.5 ],
    "to": [ 8.5, 5.5, 5 ],
    "faces": {
        "down":  { "uv": [ 11, 3, 12, 5 ], "texture": "#texture" },
        "north": { "uv": [ 15, 0.5, 16, 1 ], "texture": "#texture" },
        "south": { "uv": [ 15, 0.5, 16, 1 ], "texture": "#texture" },
        "west":  { "uv": [ 14, 4.5, 14.5, 6.5 ], "texture": "#texture" },
        "east":  { "uv": [ 14, 4.5, 14.5, 6.5 ], "texture": "#texture" }
    }
},
{
    "from": [ 7.5, 3.5, 4 ],
    "to": [ 8.5, 5, 4.5 ],
    "faces": {
        "down":  { "uv": [ 11, 3, 12, 5 ], "texture": "#texture" },
        "north": { "uv": [ 15, 0.5, 16, 1 ], "texture": "#texture" },
        "west":  { "uv": [ 14, 4.5, 14.5, 6 ], "texture": "#texture" },
        "east":  { "uv": [ 14, 4.5, 14.5, 6 ], "texture": "#texture" }
    }
},
{
    "from": [ 7.5, 4, 3.5 ],
    "to": [ 8.5, 4.5, 4 ],
    "faces": {
        "down":  { "uv": [ 11, 3, 12, 5 ], "texture": "#texture" },
        "north": { "uv": [ 15, 0.5, 16, 1 ], "texture": "#texture" },
        "west":  { "uv": [ 14, 4.5, 14.5, 5.5 ], "texture": "#texture" },
        "east":  { "uv": [ 14, 4.5, 14.5, 5.5 ], "texture": "#texture" }
    }
},
{
    "from": [ 7.6875, 7.6875, 8.75 ],
    "to": [ 8.4375, 7.8125, 11 ],
    "faces": {
        "down":  { "uv": [ 12, 5.5, 14, 5.8125 ], "texture": "#texture" },
        "up":    { "uv": [ 12, 5.5, 14, 5.8125 ], "texture": "#texture" },
        "south": { "uv": [ 8, 7, 10, 7.3125 ], "texture": "#texture" },
        "west":  { "uv": [ 9.75, 6.9375, 10.0625, 7.25 ], "texture": "#texture" },
        "east":  { "uv": [ 9.75, 6.9375, 10.0625, 7.25 ], "texture": "#texture" }
    }
},
{
    "from": [ 7.6875, 7.125, 8.375 ],
    "to": [ 8.4375, 8, 8.5 ],
    "faces": {
        "down":  { "uv": [ 12, 5.5, 14, 5.8125 ], "texture": "#texture" },
        "up":    { "uv": [ 12, 5.5, 14, 5.8125 ], "texture": "#texture" },
        "north": { "uv": [ 8, 7, 10, 7.3125 ], "texture": "#texture" },
        "south": { "uv": [ 8, 7, 10, 7.3125 ], "texture": "#texture" },
        "west":  { "uv": [ 9.75, 6.9375, 10.0625, 7.25 ], "texture": "#texture" },
        "east":  { "uv": [ 9.75, 6.9375, 10.0625, 7.25 ], "texture": "#texture" }
    }
},
{
    "from": [ 7.3125, 9, 3.5 ],
    "to": [ 8.8125, 11, 5 ],
    "faces": {
        "down":  { "uv": [ 7.3125, 3.5, 8.8125, 5.5 ], "texture": "#texture" },
        "up":    { "uv": [ 7.3125, 3.5, 8.8125, 5.5 ], "texture": "#texture" },
        "north": { "uv": [ 7.3125, 5, 8.8125, 7 ], "texture": "#texture" },
        "west":  { "uv": [ 3.5, 5, 5.5, 7 ], "texture": "#texture" },
        "east":  { "uv": [ 3.5, 5, 5.5, 7 ], "texture": "#texture" }
    }
},
{
    "from": [ 7.5625, 11, 2.625 ],
    "to": [ 8.5625, 12.5, 5 ],
    "faces": {
        "up":    { "uv": [ 5.5, 2, 6.5, 4.5 ], "texture": "#texture" },
        "north": { "uv": [ 4.5, 3, 5.5, 4.5 ], "texture": "#texture" },
        "west":  { "uv": [ 2.5, 3.5, 5, 5 ], "texture": "#texture" },
        "east":  { "uv": [ 2.5, 3.5, 5, 5 ], "texture": "#texture" }
    }
},
{
    "from": [ 7.3125, 11.1875, 0.5 ],
    "to": [ 8.8125, 13, 2.5 ],
    "faces": {
        "down":  { "uv": [ 7.3125, 0.5, 8.8125, 2.5 ], "texture": "#texture" },
        "up":    { "uv": [ 7.3125, 0.5, 8.8125, 2.5 ], "texture": "#texture" },
        "north": { "uv": [ 7.3125, 3, 8.8125, 4.8125 ], "texture": "#texture" },
        "west":  { "uv": [ 4, 11, 6, 12.8125 ], "texture": "#texture" },
        "east":  { "uv": [ 4, 11, 6, 12.8125 ], "texture": "#texture" }
    }
},
{
    "from": [ 7.3125, 9.5, -1.5 ],
    "to": [ 8.8125, 11, 3.5 ],
    "faces": {
        "down":  { "uv": [ 2.5, 9, 4, 14 ], "texture": "#texture", "cullface": "north" },
        "up":    { "uv": [ 2, 8, 3.5, 13 ], "texture": "#texture", "cullface": "north" },
        "west":  { "uv": [ 1.5, 8.5, 6.5, 10 ], "texture": "#texture", "cullface": "north" },
        "east":  { "uv": [ 1.5, 8.5, 6.5, 10 ], "texture": "#texture", "cullface": "north" }
    }
},
{
    "from": [ 7.0625, 8.875, 3.5 ],
    "to": [ 9.0625, 11.0625, 4 ],
    "faces": {
        "down":  { "uv": [ 10.5, 5, 12.5, 5.5 ], "texture": "#texture" },
        "up":    { "uv": [ 10.5, 5, 12.5, 5.5 ], "texture": "#texture" },
        "north": { "uv": [ 9.5, 5, 11.5, 5.5 ], "texture": "#texture" },
        "south": { "uv": [ 9.5, 5, 11.5, 5.5 ], "texture": "#texture" },
        "west":  { "uv": [ 12, 5, 12.5, 5.5 ], "texture": "#texture" },
        "east":  { "uv": [ 12, 5, 12.5, 5.5 ], "texture": "#texture" }
    }
},
{
    "from": [ 7.5625, 12.5, 2.5 ],
    "to": [ 8.5625, 13, 4 ],
    "faces": {
        "up":    { "uv": [ 5.5, 2.5, 6.5, 4 ], "texture": "#texture" },
        "south": { "uv": [ 6, 2.5, 7, 3 ], "texture": "#texture" },
        "west":  { "uv": [ 2.5, 3, 4, 3.5 ], "texture": "#texture" },
        "east":  { "uv": [ 2.5, 3, 4, 3.5 ], "texture": "#texture" }
    }
},
{
    "from": [ 7.6875, 12.3125, 3.5 ],
    "to": [ 8.375, 13.3125, 5 ],
    "faces": {
        "up":    { "uv": [ 9.5, 3.5, 10.1875, 5 ], "texture": "#texture" },
        "north": { "uv": [ 9.5, 3.5, 10.1875, 4.5 ], "texture": "#texture" },
        "south": { "uv": [ 9.5, 3.5, 10.1875, 4.5 ], "texture": "#texture" },
        "west":  { "uv": [ 9, 2.5, 10.5, 3.5 ], "texture": "#texture" },
        "east":  { "uv": [ 9, 2.5, 10.5, 3.5 ], "texture": "#texture" }
    }
},
{
    "from": [ 7.6875, 12.5, 5 ],
    "to": [ 8.375, 13, 6 ],
    "faces": {
        "up":    { "uv": [ 10, 4.5, 10.6875, 5.5 ], "texture": "#texture" },
        "south": { "uv": [ 10, 3.5, 10.6875, 4 ], "texture": "#texture" },
        "west":  { "uv": [ 10.5, 4.5, 11.5, 5 ], "texture": "#texture" },
        "east":  { "uv": [ 10.5, 4.5, 11.5, 5 ], "texture": "#texture" }
    }
},
{
    "from": [ 7.6875, 13.125, 5 ],
    "to": [ 8.375, 13.25, 6.25 ],
    "faces": {
        "up":    { "uv": [ 9.5, 3.5, 10.1875, 5 ], "texture": "#texture" },
        "south": { "uv": [ 9.5, 3.5, 10.1875, 4.5 ], "texture": "#texture" },
        "west":  { "uv": [ 9, 2.5, 10.5, 3.5 ], "texture": "#texture" },
        "east":  { "uv": [ 9, 2.5, 10.5, 3.5 ], "texture": "#texture" }
    }
},
{
    "from": [ 7.6875, 13.125, 5.125 ],
    "to": [ 8.375, 13.4375, 5.5 ],
    "faces": {
        "up":    { "uv": [ 9.5, 3.5, 10.1875, 5 ], "texture": "#texture" },
        "north": { "uv": [ 9.5, 3.5, 10.1875, 4.5 ], "texture": "#texture" },
        "south": { "uv": [ 9.5, 3.5, 10.1875, 4.5 ], "texture": "#texture" },
        "west":  { "uv": [ 9, 2.5, 10.5, 3.5 ], "texture": "#texture" },
        "east":  { "uv": [ 9, 2.5, 10.5, 3.5 ], "texture": "#texture" }
    }
},
{
    "from": [ 7.6875, 13.25, 6.125 ],
    "to": [ 8.375, 13.625, 6.25 ],
    "faces": {
        "up":    { "uv": [ 9.5, 3.5, 10.1875, 5 ], "texture": "#texture" },
        "north": { "uv": [ 9.5, 3.5, 10.1875, 4.5 ], "texture": "#texture" },
        "south": { "uv": [ 9.5, 3.5, 10.1875, 4.5 ], "texture": "#texture" },
        "west":  { "uv": [ 9, 2.5, 10.5, 3.5 ], "texture": "#texture" },
        "east":  { "uv": [ 9, 2.5, 10.5, 3.5 ], "texture": "#texture" }
    }
},
{
    "from": [ 7.0625, 11, 2.5 ],
    "to": [ 9.0625, 13.0625, 2.9375 ],
    "faces": {
        "down":  { "uv": [ 10.5, 5, 12.5, 5.5 ], "texture": "#texture" },
        "up":    { "uv": [ 10.5, 5, 12.5, 5.5 ], "texture": "#texture" },
        "north": { "uv": [ 9.5, 5, 11.5, 5.5 ], "texture": "#texture" },
        "south": { "uv": [ 9.5, 5, 11.5, 5.5 ], "texture": "#texture" },
        "west":  { "uv": [ 12, 5, 12.5, 5.5 ], "texture": "#texture" },
        "east":  { "uv": [ 12, 5, 12.5, 5.5 ], "texture": "#texture" }
    }
},
{
    "from": [ 7.25, 9, 4.5 ],
    "to": [ 7.3125, 11.5, 7 ],
    "faces": {
        "west":  { "uv": [ 8, 8, 16, 16 ], "texture": "#texture" }
    }
},
{
    "from": [ 8.8125, 9, 4.5 ],
    "to": [ 8.875, 11.5, 7 ],
    "faces": {
        "east":  { "uv": [ 8, 8, 16, 16 ], "texture": "#texture" }
    }
},
{
    "from": [ 7.3125, 11.125, -1.5 ],
    "to": [ 8.8125, 12.5, 0.5 ],
    "faces": {
        "down":  { "uv": [ 7.3125, -1.5, 8.8125, 0.5 ], "texture": "#texture", "cullface": "north" },
        "up":    { "uv": [ 7.3125, 0, 8.8125, 2 ], "texture": "#texture", "cullface": "north" },
        "south": { "uv": [ 7.3125, 3.5, 8.8125, 4.875 ], "texture": "#texture", "cullface": "north" },
        "west":  { "uv": [ 2, 11.5, 4, 12.875 ], "texture": "#texture", "cullface": "north" },
        "east":  { "uv": [ 2, 11.5, 4, 12.875 ], "texture": "#texture", "cullface": "north" }
    }
},
{
    "from": [ 7.3125, 9, -1 ],
    "to": [ 8.8125, 9.5, 3.5 ],
    "faces": {
        "down":  { "uv": [ 7.3125, -1, 8.8125, 3.5 ], "texture": "#texture", "cullface": "north" },
        "west":  { "uv": [ 2, 10, 6.5, 10.5 ], "texture": "#texture", "cullface": "north" },
        "east":  { "uv": [ 2, 10, 6.5, 10.5 ], "texture": "#texture", "cullface": "north" }
    }
},
{
    "from": [ 7.25, 9.1875, -2 ],
    "to": [ 8.875, 12.6875, -1.5 ],
    "faces": {
        "down":  { "uv": [ 10, 5.5, 11, 6 ], "texture": "#texture", "cullface": "north" },
        "up":    { "uv": [ 9.5, 6.5, 10.5, 7 ], "texture": "#texture", "cullface": "north" },
        "north": { "uv": [ 10, 1, 11, 4.5 ], "texture": "#texture", "cullface": "north" },
        "south": { "uv": [ 9, 1.5, 10, 5 ], "texture": "#texture", "cullface": "north" },
        "west":  { "uv": [ 9.5, 0.5, 10, 4 ], "texture": "#texture", "cullface": "north" },
        "east":  { "uv": [ 8, 0.5, 8.5, 4 ], "texture": "#texture", "cullface": "north" }
    }
},
{
    "from": [ 7.5, 11.5, -5 ],
    "to": [ 8.5, 12.5, -2 ],
    "faces": {
        "down":  { "uv": [ 5.5, 0, 6.5, 3 ], "texture": "#texture", "cullface": "north" },
        "up":    { "uv": [ 5.5, 0, 6.5, 3 ], "texture": "#texture", "cullface": "north" },
        "west":  { "uv": [ 0, 3.5, 3, 4.5 ], "texture": "#texture", "cullface": "north" },
        "east":  { "uv": [ 0, 3.5, 3, 4.5 ], "texture": "#texture", "cullface": "north" }
    }
},
{
    "from": [ 7.5, 11.3125, -6 ],
    "to": [ 8.5, 12.6875, -5 ],
    "faces": {
        "down":  { "uv": [ 12.5, 5, 13.5, 6 ], "texture": "#texture", "cullface": "north" },
        "up":    { "uv": [ 12.5, 5, 13.5, 6 ], "texture": "#texture", "cullface": "north" },
        "north": { "uv": [ 9, 3.5, 10, 4.5 ], "texture": "#texture", "cullface": "north" },
        "south": { "uv": [ 8.5, 3.5, 9.5, 4.5 ], "texture": "#texture", "cullface": "north" },
        "west":  { "uv": [ 9.5, 3.5, 10.5, 4.5 ], "texture": "#texture", "cullface": "north" },
        "east":  { "uv": [ 9.5, 3.5, 10.5, 4.5 ], "texture": "#texture", "cullface": "north" }
    }
},
{
    "from": [ 7.5, 10.5, -6.5 ],
    "to": [ 8.5, 11.3125, -5.3125 ],
    "faces": {
        "up":    { "uv": [ 12.5, 5, 13.5, 6 ], "texture": "#texture", "cullface": "north" },
        "north": { "uv": [ 9, 3.5, 10, 4.5 ], "texture": "#texture", "cullface": "north" },
        "south": { "uv": [ 9, 4, 10, 5 ], "texture": "#texture", "cullface": "north" },
        "west":  { "uv": [ 9.5, 3.5, 10.5, 4.5 ], "texture": "#texture", "cullface": "north" },
        "east":  { "uv": [ 9.5, 3.5, 10.5, 4.5 ], "texture": "#texture", "cullface": "north" }
    }
},
{
    "from": [ 7.5, 10.5, -7.5 ],
    "to": [ 8.5, 11, -6.5 ],
    "faces": {
        "up":    { "uv": [ 12.5, 5, 13.5, 6 ], "texture": "#texture", "cullface": "north" },
        "north": { "uv": [ 9, 3.5, 10, 4.5 ], "texture": "#texture", "cullface": "north" },
        "west":  { "uv": [ 8.5, 4, 9.5, 5 ], "texture": "#texture", "cullface": "north" },
        "east":  { "uv": [ 8.5, 4, 9.5, 5 ], "texture": "#texture", "cullface": "north" }
    }
},
{
    "from": [ 7.375, 9.375, -7.5 ],
    "to": [ 8.625, 10.5, -5.25 ],
    "faces": {
        "down":  { "uv": [ 12.5, 5, 13.5, 6 ], "texture": "#texture", "cullface": "north" },
        "up":    { "uv": [ 12.5, 5, 13.5, 6 ], "texture": "#texture", "cullface": "north" },
        "north": { "uv": [ 9, 3.5, 10, 4.5 ], "texture": "#texture", "cullface": "north" },
        "south": { "uv": [ 8, 3.5, 9, 4.5 ], "texture": "#texture", "cullface": "north" },
        "west":  { "uv": [ 9.5, 3.5, 10.5, 4.5 ], "texture": "#texture", "cullface": "north" },
        "east":  { "uv": [ 9.5, 3.5, 10.5, 4.5 ], "texture": "#texture", "cullface": "north" }
    }
},
{
    "from": [ 7.25, 9, -1.5 ],
    "to": [ 8.875, 9.5, -1 ],
    "faces": {
        "down":  { "uv": [ 10, 5.5, 11, 6 ], "texture": "#texture", "cullface": "north" },
        "up":    { "uv": [ 9.5, 6.5, 10.5, 7 ], "texture": "#texture", "cullface": "north" },
        "north": { "uv": [ 10, 1, 11, 1.5 ], "texture": "#texture", "cullface": "north" },
        "south": { "uv": [ 10, 1, 11, 1.5 ], "texture": "#texture", "cullface": "north" },
        "west":  { "uv": [ 9.5, 0.5, 10, 1 ], "texture": "#texture", "cullface": "north" },
        "east":  { "uv": [ 9.5, 0.5, 10, 1 ], "texture": "#texture", "cullface": "north" }
    }
},
{
    "from": [ 7.5, 9.0625, -11.1875 ],
    "to": [ 8.5, 9.25, -2 ],
    "faces": {
        "down":  { "uv": [ 3, 0, 4, 8 ], "texture": "#texture", "cullface": "north" },
        "up":    { "uv": [ 3, 0, 4, 8 ], "texture": "#texture", "cullface": "north" },
        "north": { "uv": [ 2.5, 3.5, 3.5, 4.5 ], "texture": "#texture", "cullface": "north" },
        "west":  { "uv": [ 0, 2.5, 8, 3.5 ], "texture": "#texture", "cullface": "north" },
        "east":  { "uv": [ 0, 2.5, 8, 3.5 ], "texture": "#texture", "cullface": "north" }
    }
},
{
    "from": [ 7.375, 8.875, -7.375 ],
    "to": [ 8.625, 9.375, -6.875 ],
    "faces": {
        "down":  { "uv": [ 12.5, 5, 13.5, 6 ], "texture": "#texture", "cullface": "north" },
        "up":    { "uv": [ 12.5, 5, 13.5, 6 ], "texture": "#texture", "cullface": "north" },
        "north": { "uv": [ 9, 3.5, 10, 4.5 ], "texture": "#texture", "cullface": "north" },
        "south": { "uv": [ 8.5, 3.5, 9.5, 4.5 ], "texture": "#texture", "cullface": "north" },
        "west":  { "uv": [ 9.5, 3.5, 10.5, 4.5 ], "texture": "#texture", "cullface": "north" },
        "east":  { "uv": [ 9.5, 3.5, 10.5, 4.5 ], "texture": "#texture", "cullface": "north" }
    }
},
{
    "from": [ 7.375, 9.4375, -13.5 ],
    "to": [ 8.625, 10.5625, -11.25 ],
    "faces": {
        "down":  { "uv": [ 10, 2, 11.25, 4.25 ], "texture": "#texture", "cullface": "north" },
        "up":    { "uv": [ 10, 2, 11.25, 4.25 ], "texture": "#texture", "cullface": "north" },
        "north": { "uv": [ 8.5, 5.5, 9.75, 6.625 ], "texture": "#texture", "cullface": "north" },
        "south": { "uv": [ 8.5, 5, 9.75, 6.125 ], "texture": "#texture", "cullface": "north" },
        "west":  { "uv": [ 9.5, 4.5, 11.75, 5.625 ], "texture": "#texture", "cullface": "north" },
        "east":  { "uv": [ 9.5, 5.5, 11.75, 6.625 ], "texture": "#texture", "cullface": "north" }
    }
},
{
    "from": [ 7.375, 9.4375, -14.5 ],
    "to": [ 8.625, 9.9375, -13.5 ],
    "faces": {
        "down":  { "uv": [ 11, 3.5, 12.25, 4.5 ], "texture": "#texture", "cullface": "north" },
        "up":    { "uv": [ 11, 3.5, 12.25, 4.5 ], "texture": "#texture", "cullface": "north" },
        "north": { "uv": [ 9, 6, 10.25, 6.5 ], "texture": "#texture", "cullface": "north" },
        "west":  { "uv": [ 10.5, 5, 11.5, 5.5 ], "texture": "#texture", "cullface": "north" },
        "east":  { "uv": [ 10.5, 5, 11.5, 5.5 ], "texture": "#texture", "cullface": "north" }
    }
},
{
    "from": [ 7.375, 9.9375, -14 ],
    "to": [ 8.625, 10.4375, -13.5 ],
    "faces": {
        "up":    { "uv": [ 11, 3.5, 12.25, 4 ], "texture": "#texture", "cullface": "north" },
        "north": { "uv": [ 10.5, 6, 11.75, 6.5 ], "texture": "#texture", "cullface": "north" },
        "west":  { "uv": [ 10.5, 5.5, 11, 6 ], "texture": "#texture", "cullface": "north" },
        "east":  { "uv": [ 10.5, 5.5, 11, 6 ], "texture": "#texture", "cullface": "north" }
    }
},
{
    "from": [ 7.5, 10.5, -13.5 ],
    "to": [ 8.5, 12, -13 ],
    "faces": {
        "down":  { "uv": [ 9.5, 3.5, 10.5, 4 ], "texture": "#texture", "cullface": "north" },
        "up":    { "uv": [ 9.5, 3.5, 10.5, 4 ], "texture": "#texture", "cullface": "north" },
        "north": { "uv": [ 8, 4, 9, 5.5 ], "texture": "#texture", "cullface": "north" },
        "south": { "uv": [ 8.5, 3.5, 9.5, 5 ], "texture": "#texture", "cullface": "north" },
        "west":  { "uv": [ 10.5, 5, 11, 6.5 ], "texture": "#texture", "cullface": "north" },
        "east":  { "uv": [ 10.5, 5, 11, 6.5 ], "texture": "#texture", "cullface": "north" }
    }
},
{
    "from": [ 7.5, 11.5, -13 ],
    "to": [ 8.5, 12, -12.25 ],
    "faces": {
        "down":  { "uv": [ 12.5, 5, 13.5, 6 ], "texture": "#texture", "cullface": "north" },
        "up":    { "uv": [ 12.5, 5, 13.5, 6 ], "texture": "#texture", "cullface": "north" },
        "south": { "uv": [ 8.5, 3.5, 9.5, 4.5 ], "texture": "#texture", "cullface": "north" },
        "west":  { "uv": [ 9.5, 3.5, 10.5, 4.5 ], "texture": "#texture", "cullface": "north" },
        "east":  { "uv": [ 9.5, 3.5, 10.5, 4.5 ], "texture": "#texture", "cullface": "north" }
    }
},
{
    "from": [ 7.4375, 10.25, -12.75 ],
    "to": [ 8.5, 11.75, -12.25 ],
    "rotation": { "origin": [ 7.4375, 11.75, -12.75 ], "axis": "x", "angle": -22.5 },
    "faces": {
        "down":  { "uv": [ 11, 3.5, 12.0625, 4 ], "texture": "#texture", "cullface": "north" },
        "up":    { "uv": [ 11, 3.5, 12.0625, 4 ], "texture": "#texture", "cullface": "north" },
        "north": { "uv": [ 8.5, 4, 9.5625, 5.5 ], "texture": "#texture", "cullface": "north" },
        "south": { "uv": [ 8.5, 4, 9.5625, 5.5 ], "texture": "#texture", "cullface": "north" },
        "west":  { "uv": [ 12, 3.5, 12.5, 5 ], "texture": "#texture", "cullface": "north" },
        "east":  { "uv": [ 12, 3.5, 12.5, 5 ], "texture": "#texture", "cullface": "north" }
    }
},
{
    "from": [ 7.375, 12, -13.5 ],
    "to": [ 7.75, 13, -12.75 ],
    "faces": {
        "down":  { "uv": [ 12.5, 5, 13.5, 6 ], "texture": "#texture", "cullface": "north" },
        "up":    { "uv": [ 12.5, 5, 13.5, 6 ], "texture": "#texture", "cullface": "north" },
        "north": { "uv": [ 9, 3.5, 10, 4.5 ], "texture": "#texture", "cullface": "north" },
        "south": { "uv": [ 8.5, 3.5, 9.5, 4.5 ], "texture": "#texture", "cullface": "north" },
        "west":  { "uv": [ 9.5, 3.5, 10.5, 4.5 ], "texture": "#texture", "cullface": "north" },
        "east":  { "uv": [ 9.5, 3.5, 10.5, 4.5 ], "texture": "#texture", "cullface": "north" }
    }
},
{
    "from": [ 7.5, 10.5, -13 ],
    "to": [ 8.5, 11, -12 ],
    "faces": {
        "down":  { "uv": [ 12.5, 5, 13.5, 6 ], "texture": "#texture", "cullface": "north" },
        "up":    { "uv": [ 12.5, 5, 13.5, 6 ], "texture": "#texture", "cullface": "north" },
        "south": { "uv": [ 8, 3.5, 9, 4.5 ], "texture": "#texture", "cullface": "north" },
        "west":  { "uv": [ 9.5, 3.5, 10.5, 4.5 ], "texture": "#texture", "cullface": "north" },
        "east":  { "uv": [ 9.5, 3.5, 10.5, 4.5 ], "texture": "#texture", "cullface": "north" }
    }
},
{
    "from": [ 8.1875, 12, -13.5 ],
    "to": [ 8.5625, 13, -12.75 ],
    "faces": {
        "down":  { "uv": [ 12.5, 5, 13.5, 6 ], "texture": "#texture", "cullface": "north" },
        "up":    { "uv": [ 12.5, 5, 13.5, 6 ], "texture": "#texture", "cullface": "north" },
        "north": { "uv": [ 9, 3.5, 10, 4.5 ], "texture": "#texture", "cullface": "north" },
        "south": { "uv": [ 8.5, 3.5, 9.5, 4.5 ], "texture": "#texture", "cullface": "north" },
        "west":  { "uv": [ 9.5, 3.5, 10.5, 4.5 ], "texture": "#texture", "cullface": "north" },
        "east":  { "uv": [ 9.5, 3.5, 10.5, 4.5 ], "texture": "#texture", "cullface": "north" }
    }
},
{
    "from": [ 7.5, 9.25, -11.5625 ],
    "to": [ 8.5, 9.5, -10.9375 ],
    "faces": {
        "up":    { "uv": [ 12.5, 5, 13.5, 6 ], "texture": "#texture", "cullface": "north" },
        "north": { "uv": [ 9, 3.5, 10, 4.5 ], "texture": "#texture", "cullface": "north" },
        "west":  { "uv": [ 8.5, 4, 9.5, 5 ], "texture": "#texture", "cullface": "north" },
        "east":  { "uv": [ 8.5, 4, 9.5, 5 ], "texture": "#texture", "cullface": "north" }
    }
}
],
"display": {
    "thirdperson_righthand": {
        "rotation": [ 0, 0, 0 ],
        "translation": [ 0, 0, 0 ],
        "scale": [ 0.6, 0.6, 0.6 ]
    },
    "firstperson_righthand": {
        "rotation": [ 0, 9, -3 ],
        "translation": [ -0.19, 0.19, -1.89 ],
        "scale": [ 1.2, 1.2, 1.2 ]
    },
	"firstperson_lefthand": {
        "rotation": [ 0, 0, 0 ],
        "translation": [ 0, 0, 0 ],
        "scale": [ 0, 0, 0 ]
    },
    "gui": {
        "rotation": [ 38, 38, -31 ],
        "translation": [ 0.76, -1.89, 0 ],
        "scale": [ 0.6, 0.6, 0.6 ]
    }
}
}