{
    "parent": "item/generated",
    "textures": {
        "layer0": "item/blaze_rod"
    },
    "overrides": [
        {"predicate": {"custom_model_data":10000001}, "model": "item/sonic/mark1"},
        {"predicate": {"custom_model_data":10000002}, "model": "item/sonic/mark2"},
        {"predicate": {"custom_model_data":10000003}, "model": "item/sonic/mark3"},
        {"predicate": {"custom_model_data":10000004}, "model": "item/sonic/mark4"},
        {"predicate": {"custom_model_data":10000008}, "model": "item/sonic/eighth"},
        {"predicate": {"custom_model_data":10000009}, "model": "item/sonic/ninth"},
        {"predicate": {"custom_model_data":10000010}, "model": "item/sonic/tenth"},
        {"predicate": {"custom_model_data":10000011}, "model": "item/sonic/eleventh"},
        {"predicate": {"custom_model_data":10000012}, "model": "item/sonic/twelfth"},
        {"predicate": {"custom_model_data":10000013}, "model": "item/sonic/thirteenth"},
        {"predicate": {"custom_model_data":10000031}, "model": "item/sonic/river_song"},
        {"predicate": {"custom_model_data":10000032}, "model": "item/sonic/master"},
        {"predicate": {"custom_model_data":10000033}, "model": "item/sonic/sarah_jane"},
        {"predicate": {"custom_model_data":10000085}, "model": "item/sonic/war"},
        {"predicate": {"custom_model_data":12000009}, "model": "item/sonic/ninth_open"},
        {"predicate": {"custom_model_data":12000010}, "model": "item/sonic/tenth_open"},
        {"predicate": {"custom_model_data":12000011}, "model": "item/sonic/eleventh_open"}
    ]
}
