{
    "parent": "block/end_rod",
    "textures": {
        "layer0": "block/end_rod"
    },
    "overrides": [
        { "predicate": { "custom_model_data": 10000001 }, "model": "item/products/sparklers/sparkler_unlit" },
        { "predicate": { "custom_model_data": 10000035 }, "model": "item/products/sparklers/sparkler_orange" },
        { "predicate": { "custom_model_data": 10000036 }, "model": "item/products/sparklers/sparkler_blue" },
        { "predicate": { "custom_model_data": 10000037 }, "model": "item/products/sparklers/sparkler_green" },
        { "predicate": { "custom_model_data": 10000038 }, "model": "item/products/sparklers/sparkler_purple" },
        { "predicate": { "custom_model_data": 10000039 }, "model": "item/products/sparklers/sparkler_red" },
        { "predicate": { "custom_model_data": 12000035 }, "model": "item/products/sparklers/sparkler_orange_lit" },
        { "predicate": { "custom_model_data": 12000036 }, "model": "item/products/sparklers/sparkler_blue_lit" },
        { "predicate": { "custom_model_data": 12000037 }, "model": "item/products/sparklers/sparkler_green_lit" },
        { "predicate": { "custom_model_data": 12000038 }, "model": "item/products/sparklers/sparkler_purple_lit" },
        { "predicate": { "custom_model_data": 12000039 }, "model": "item/products/sparklers/sparkler_red_lit" }
    ]
}
