{
    "parent": "item/generated",
    "textures": {
        "layer0": "item/feather"
    },
    "display": {
        "head": {
            "rotation": [ 0, 0, 45 ],
            "translation": [ -1, 13, 7],
            "scale":[ 1, 1, 1]
        }
    },
    "overrides": [
		{"predicate": {"custom_model_data":2}, "model": "item/monster/silurian_arm"},
		{"predicate": {"custom_model_data":3}, "model": "item/monster/silurian_head"},
		{"predicate": {"custom_model_data":4}, "model": "item/monster/silurian_disguise"},
		{"predicate": {"custom_model_data":10000001}, "model": "item/elements/1"},
		{"predicate": {"custom_model_data":10000002}, "model": "item/elements/2"},
		{"predicate": {"custom_model_data":10000003}, "model": "item/elements/3"},
		{"predicate": {"custom_model_data":10000004}, "model": "item/elements/4"},
		{"predicate": {"custom_model_data":10000005}, "model": "item/elements/5"},
		{"predicate": {"custom_model_data":10000006}, "model": "item/elements/6"},
		{"predicate": {"custom_model_data":10000007}, "model": "item/elements/7"},
		{"predicate": {"custom_model_data":10000008}, "model": "item/elements/8"},
		{"predicate": {"custom_model_data":10000009}, "model": "item/elements/9"},
		{"predicate": {"custom_model_data":10000010}, "model": "item/elements/10"},
		{"predicate": {"custom_model_data":10000011}, "model": "item/elements/11"},
		{"predicate": {"custom_model_data":10000012}, "model": "item/elements/12"},
		{"predicate": {"custom_model_data":10000013}, "model": "item/elements/13"},
		{"predicate": {"custom_model_data":10000014}, "model": "item/elements/14"},
		{"predicate": {"custom_model_data":10000015}, "model": "item/elements/15"},
		{"predicate": {"custom_model_data":10000016}, "model": "item/elements/16"},
		{"predicate": {"custom_model_data":10000017}, "model": "item/elements/17"},
		{"predicate": {"custom_model_data":10000018}, "model": "item/elements/18"},
		{"predicate": {"custom_model_data":10000019}, "model": "item/elements/19"},
		{"predicate": {"custom_model_data":10000020}, "model": "item/elements/20"},
		{"predicate": {"custom_model_data":10000021}, "model": "item/elements/21"},
		{"predicate": {"custom_model_data":10000022}, "model": "item/elements/22"},
		{"predicate": {"custom_model_data":10000023}, "model": "item/elements/23"},
		{"predicate": {"custom_model_data":10000024}, "model": "item/elements/24"},
		{"predicate": {"custom_model_data":10000025}, "model": "item/elements/25"},
		{"predicate": {"custom_model_data":10000026}, "model": "item/elements/26"},
		{"predicate": {"custom_model_data":10000027}, "model": "item/elements/27"},
		{"predicate": {"custom_model_data":10000028}, "model": "item/elements/28"},
		{"predicate": {"custom_model_data":10000029}, "model": "item/elements/29"},
		{"predicate": {"custom_model_data":10000030}, "model": "item/elements/30"},
		{"predicate": {"custom_model_data":10000031}, "model": "item/elements/31"},
		{"predicate": {"custom_model_data":10000032}, "model": "item/elements/32"},
		{"predicate": {"custom_model_data":10000033}, "model": "item/elements/33"},
		{"predicate": {"custom_model_data":10000034}, "model": "item/elements/34"},
		{"predicate": {"custom_model_data":10000035}, "model": "item/elements/35"},
		{"predicate": {"custom_model_data":10000036}, "model": "item/elements/36"},
		{"predicate": {"custom_model_data":10000037}, "model": "item/elements/37"},
		{"predicate": {"custom_model_data":10000038}, "model": "item/elements/38"},
		{"predicate": {"custom_model_data":10000039}, "model": "item/elements/39"},
		{"predicate": {"custom_model_data":10000040}, "model": "item/elements/40"},
		{"predicate": {"custom_model_data":10000041}, "model": "item/elements/41"},
		{"predicate": {"custom_model_data":10000042}, "model": "item/elements/42"},
		{"predicate": {"custom_model_data":10000043}, "model": "item/elements/43"},
		{"predicate": {"custom_model_data":10000044}, "model": "item/elements/44"},
		{"predicate": {"custom_model_data":10000045}, "model": "item/elements/45"},
		{"predicate": {"custom_model_data":10000046}, "model": "item/elements/46"},
		{"predicate": {"custom_model_data":10000047}, "model": "item/elements/47"},
		{"predicate": {"custom_model_data":10000048}, "model": "item/elements/48"},
		{"predicate": {"custom_model_data":10000049}, "model": "item/elements/49"},
		{"predicate": {"custom_model_data":10000050}, "model": "item/elements/50"},
		{"predicate": {"custom_model_data":10000051}, "model": "item/elements/51"},
		{"predicate": {"custom_model_data":10000052}, "model": "item/elements/52"},
		{"predicate": {"custom_model_data":10000053}, "model": "item/elements/53"},
		{"predicate": {"custom_model_data":10000054}, "model": "item/elements/54"},
		{"predicate": {"custom_model_data":10000055}, "model": "item/elements/55"},
		{"predicate": {"custom_model_data":10000056}, "model": "item/elements/56"},
		{"predicate": {"custom_model_data":10000057}, "model": "item/elements/57"},
		{"predicate": {"custom_model_data":10000058}, "model": "item/elements/58"},
		{"predicate": {"custom_model_data":10000059}, "model": "item/elements/59"},
		{"predicate": {"custom_model_data":10000060}, "model": "item/elements/60"},
		{"predicate": {"custom_model_data":10000061}, "model": "item/elements/61"},
		{"predicate": {"custom_model_data":10000062}, "model": "item/elements/62"},
		{"predicate": {"custom_model_data":10000063}, "model": "item/elements/63"},
		{"predicate": {"custom_model_data":10000064}, "model": "item/elements/64"},
		{"predicate": {"custom_model_data":10000065}, "model": "item/elements/65"},
		{"predicate": {"custom_model_data":10000066}, "model": "item/elements/66"},
		{"predicate": {"custom_model_data":10000067}, "model": "item/elements/67"},
		{"predicate": {"custom_model_data":10000068}, "model": "item/elements/68"},
		{"predicate": {"custom_model_data":10000069}, "model": "item/elements/69"},
		{"predicate": {"custom_model_data":10000060}, "model": "item/elements/70"},
		{"predicate": {"custom_model_data":10000071}, "model": "item/elements/71"},
		{"predicate": {"custom_model_data":10000072}, "model": "item/elements/72"},
		{"predicate": {"custom_model_data":10000073}, "model": "item/elements/73"},
		{"predicate": {"custom_model_data":10000074}, "model": "item/elements/74"},
		{"predicate": {"custom_model_data":10000075}, "model": "item/elements/75"},
		{"predicate": {"custom_model_data":10000076}, "model": "item/elements/76"},
		{"predicate": {"custom_model_data":10000077}, "model": "item/elements/77"},
		{"predicate": {"custom_model_data":10000078}, "model": "item/elements/78"},
		{"predicate": {"custom_model_data":10000079}, "model": "item/elements/79"},
		{"predicate": {"custom_model_data":10000080}, "model": "item/elements/80"},
		{"predicate": {"custom_model_data":10000081}, "model": "item/elements/81"},
		{"predicate": {"custom_model_data":10000082}, "model": "item/elements/82"},
		{"predicate": {"custom_model_data":10000083}, "model": "item/elements/83"},
		{"predicate": {"custom_model_data":10000084}, "model": "item/elements/84"},
		{"predicate": {"custom_model_data":10000085}, "model": "item/elements/85"},
		{"predicate": {"custom_model_data":10000086}, "model": "item/elements/86"},
		{"predicate": {"custom_model_data":10000087}, "model": "item/elements/87"},
		{"predicate": {"custom_model_data":10000088}, "model": "item/elements/88"},
		{"predicate": {"custom_model_data":10000089}, "model": "item/elements/89"},
		{"predicate": {"custom_model_data":10000090}, "model": "item/elements/90"},
		{"predicate": {"custom_model_data":10000091}, "model": "item/elements/91"},
		{"predicate": {"custom_model_data":10000092}, "model": "item/elements/92"},
		{"predicate": {"custom_model_data":10000093}, "model": "item/elements/93"},
		{"predicate": {"custom_model_data":10000094}, "model": "item/elements/94"},
		{"predicate": {"custom_model_data":10000095}, "model": "item/elements/95"},
		{"predicate": {"custom_model_data":10000096}, "model": "item/elements/96"},
		{"predicate": {"custom_model_data":10000097}, "model": "item/elements/97"},
		{"predicate": {"custom_model_data":10000098}, "model": "item/elements/98"},
		{"predicate": {"custom_model_data":10000099}, "model": "item/elements/99"},
		{"predicate": {"custom_model_data":10000100}, "model": "item/elements/100"},
		{"predicate": {"custom_model_data":10000101}, "model": "item/elements/101"},
		{"predicate": {"custom_model_data":10000102}, "model": "item/elements/102"},
		{"predicate": {"custom_model_data":10000103}, "model": "item/elements/103"},
		{"predicate": {"custom_model_data":10000104}, "model": "item/elements/104"},
		{"predicate": {"custom_model_data":10000105}, "model": "item/elements/105"},
		{"predicate": {"custom_model_data":10000106}, "model": "item/elements/106"},
		{"predicate": {"custom_model_data":10000107}, "model": "item/elements/107"},
		{"predicate": {"custom_model_data":10000108}, "model": "item/elements/108"},
		{"predicate": {"custom_model_data":10000109}, "model": "item/elements/109"},
		{"predicate": {"custom_model_data":10000110}, "model": "item/elements/110"},
		{"predicate": {"custom_model_data":10000111}, "model": "item/elements/111"},
		{"predicate": {"custom_model_data":10000112}, "model": "item/elements/112"},
		{"predicate": {"custom_model_data":10000113}, "model": "item/elements/113"},
		{"predicate": {"custom_model_data":10000114}, "model": "item/elements/114"},
		{"predicate": {"custom_model_data":10000115}, "model": "item/elements/115"},
		{"predicate": {"custom_model_data":10000116}, "model": "item/elements/116"},
		{"predicate": {"custom_model_data":10000117}, "model": "item/elements/117"},
		{"predicate": {"custom_model_data":10000118}, "model": "item/elements/118"},
		{"predicate": {"custom_model_data":10000999}, "model": "item/elements/unknown"}
	]
}
