{
"__comment": "Designed by Tomaxed44 with BDcraft Cubik PRO 0.95 Beta - http://bdcraft.net",
"ambientocclusion":false,
"textures": {
    "texture": "gui/info_item1"
},
"elements": [ 
{
    "from": [ 0, 0, 4 ],
    "to": [ 16, 16, 4.0625 ],
    "faces": {
        "north": { "uv": [ 0, 0, 16, 16 ], "texture": "#texture" },
        "south": { "uv": [ 0, 0, 16, 16 ], "texture": "#texture" }
    }
}
],
"display": {
    "firstperson_righthand": {
        "rotation": [ 0, 0, 0 ],
        "translation": [ -9, 7.37, 3.4 ],
        "scale": [ 4, 4, 4 ]
    }
}
}