{
	"credit": "Made with Blockbench",
	"parent": "block/block",
	"textures": {
		"0": "block/tardis/advanced_console_side",
		"1": "block/tardis/advanced_console_top",
		"2": "block/stone_bricks",
		"particle": "block/tardis/advanced_console_side"
	},
	"elements": [
		{
			"from": [0, 0, 0],
			"to": [16, 16, 16],
			"faces": {
				"north": {"uv": [0, 0, 16, 16], "texture": "#0"},
				"east": {"uv": [0, 0, 16, 16], "texture": "#0"},
				"south": {"uv": [0, 0, 16, 16], "texture": "#0"},
				"west": {"uv": [0, 0, 16, 16], "texture": "#0"},
				"up": {"uv": [0, 0, 16, 16], "texture": "#1"},
				"down": {"uv": [0, 0, 16, 16], "texture": "#2"}
			}
		}
	],
	"display": {}
}
