{
"__comment": "Designed by Tomaxed44 with BDcraft Cubik PRO 0.95 Beta - http://bdcraft.net",
"textures": {
    "texture": "entity/char/char1"
},
"elements": [ 
{
    "__comment": "Resized",
    "from": [ 1, 3, 0 ],
    "to": [ 15, 16, 16 ],
    "faces": {
        "down":  { "uv": [ 4, 0, 6, 2 ], "texture": "#texture" },
        "north": { "uv": [ 0, 2, 2, 3.5 ], "texture": "#texture" },
        "south": { "uv": [ 4, 2, 6, 3.5 ], "texture": "#texture" },
        "west":  { "uv": [ 2, 2, 4, 3.5 ], "texture": "#texture" },
        "east":  { "uv": [ 6, 2, 8, 3.5 ], "texture": "#texture" }
    }
},
{
    "from": [ 0.5, 11.5, 0 ],
    "to": [ 1, 16.5, 16 ],
    "faces": {
        "down":  { "uv": [ 2, 0, 2.5, 2 ], "texture": "#texture" },
        "up":    { "uv": [ 2, 0, 2.5, 2 ], "texture": "#texture" },
        "north": { "uv": [ 2, 0, 2.5, 2 ], "texture": "#texture" },
        "south": { "uv": [ 2, 0, 2.5, 2 ], "texture": "#texture" },
        "west":  { "uv": [ 2, 2, 4, 2.5 ], "texture": "#texture" },
        "east":  { "uv": [ 2, 2, 4, 2.5 ], "texture": "#texture" }
    }
},
{
    "from": [ 1, 16, -0.5 ],
    "to": [ 15.5, 17, 16.5 ],
    "faces": {
        "down":  { "uv": [ 2, 0, 4, 2 ], "texture": "#texture" },
        "up":    { "uv": [ 2, 0, 4, 2 ], "texture": "#texture" },
        "north": { "uv": [ 2, 0, 4, 0.5 ], "texture": "#texture" },
        "south": { "uv": [ 2, 0, 4, 0.5 ], "texture": "#texture" },
        "west":  { "uv": [ 2, 0, 4, 0.5 ], "texture": "#texture" },
        "east":  { "uv": [ 2, 0, 4, 0.5 ], "texture": "#texture" }
    }
},
{
    "from": [ 1, 8, 16 ],
    "to": [ 15, 16, 17 ],
    "faces": {
        "down":  { "uv": [ 0, 2, 2, 2.5 ], "texture": "#texture" },
        "up":    { "uv": [ 0, 2, 2, 2.5 ], "texture": "#texture" },
        "south": { "uv": [ 0, 2, 2, 3 ], "texture": "#texture" },
        "west":  { "uv": [ 0, 2, 0.5, 3 ], "texture": "#texture" },
        "east":  { "uv": [ 0, 2, 0.5, 3 ], "texture": "#texture" }
    }
},
{
    "from": [ 1, 8, -1 ],
    "to": [ 15, 16, 0 ],
    "faces": {
        "down":  { "uv": [ 0, 2, 2, 2.5 ], "texture": "#texture" },
        "up":    { "uv": [ 0, 2, 2, 2.5 ], "texture": "#texture" },
        "north": { "uv": [ 4, 2, 6, 3 ], "texture": "#texture" },
        "west":  { "uv": [ 0, 2, 0.5, 3 ], "texture": "#texture" },
        "east":  { "uv": [ 0, 2, 0.5, 3 ], "texture": "#texture" }
    }
},
{
    "from": [ 15, 8, 0 ],
    "to": [ 15.5, 16, 16 ],
    "faces": {
        "down":  { "uv": [ 6.5, 2, 7, 3.5 ], "texture": "#texture" },
        "north": { "uv": [ 6.5, 2, 7, 3.5 ], "texture": "#texture" },
        "south": { "uv": [ 6.5, 2, 7, 3.5 ], "texture": "#texture" },
        "east":  { "uv": [ 6, 2, 8, 3 ], "texture": "#texture" }
    }
},
{
    "from": [ 15, 4, 2 ],
    "to": [ 15.5, 8, 14 ],
    "faces": {
        "down":  { "uv": [ 6.5, 2, 7, 3.5 ], "texture": "#texture" },
        "north": { "uv": [ 6.5, 2, 7, 3.5 ], "texture": "#texture" },
        "south": { "uv": [ 6.5, 2, 7, 3.5 ], "texture": "#texture" },
        "east":  { "uv": [ 6, 2, 7.5, 2.5 ], "texture": "#texture" }
    }
},
{
    "from": [ 15, 2, 4 ],
    "to": [ 15.5, 4, 12 ],
    "faces": {
        "down":  { "uv": [ 6.5, 2, 7, 3.5 ], "texture": "#texture" },
        "north": { "uv": [ 6.5, 2, 7, 3.5 ], "texture": "#texture" },
        "south": { "uv": [ 6.5, 2, 7, 3.5 ], "texture": "#texture" },
        "west":  { "uv": [ 6, 2, 7.5, 2.5 ], "texture": "#texture" },
        "east":  { "uv": [ 6, 2, 7.5, 2.5 ], "texture": "#texture" }
    }
},
{
    "from": [ 0, 12.5, 0.5 ],
    "to": [ 7.5, 18, 14 ],
    "faces": {
        "down":  { "uv": [ 2, 0, 3.5, 2 ], "texture": "#texture" },
        "up":    { "uv": [ 2, 0, 3.5, 2 ], "texture": "#texture" },
        "north": { "uv": [ 2, 1.5, 4, 2 ], "texture": "#texture" },
        "south": { "uv": [ 2, 1.5, 4, 2 ], "texture": "#texture" },
        "west":  { "uv": [ 2, 0, 3.5, 1 ], "texture": "#texture" },
        "east":  { "uv": [ 2, 0, 3.5, 1 ], "texture": "#texture" }
    }
},
{
    "__comment": "Resized2",
    "from": [ 1, -1, 2 ],
    "to": [ 14.5, 3, 14 ],
    "faces": {
        "down":  { "uv": [ 4, 0, 6, 2 ], "texture": "#texture" },
        "north": { "uv": [ 4, 3.5, 5.5, 4 ], "texture": "#texture" },
        "south": { "uv": [ 4, 3.5, 5.5, 4 ], "texture": "#texture" },
        "west":  { "uv": [ 2.25, 3.5, 3.75, 4 ], "texture": "#texture" },
        "east":  { "uv": [ 6, 3.5, 8, 4 ], "texture": "#texture" }
    }
},
{
    "from": [ 3, 1, 14 ],
    "to": [ 12.5, 3, 16 ],
    "faces": {
        "down":  { "uv": [ 4, 0, 6, 2 ], "texture": "#texture" },
        "south": { "uv": [ 4, 3.5, 5.5, 4 ], "texture": "#texture" },
        "west":  { "uv": [ 4, 3.5, 4.5, 4 ], "texture": "#texture" },
        "east":  { "uv": [ 4, 3.5, 4.5, 4 ], "texture": "#texture" }
    }
},
{
    "from": [ 3, 1, 0 ],
    "to": [ 12.5, 3, 2 ],
    "faces": {
        "down":  { "uv": [ 4, 0, 6, 2 ], "texture": "#texture" },
        "north": { "uv": [ 4, 3.5, 5.5, 4 ], "texture": "#texture" },
        "west":  { "uv": [ 4, 3.5, 4.5, 4 ], "texture": "#texture" },
        "east":  { "uv": [ 4, 3.5, 4.5, 4 ], "texture": "#texture" }
    }
},
{
    "from": [ 0.5, 9, 2.5 ],
    "to": [ 1, 10, 5 ],
    "faces": {
        "down":  { "uv": [ 2.5, 0, 3, 1.5 ], "texture": "#texture" },
        "up":    { "uv": [ 3, 0, 3.5, 1.5 ], "texture": "#texture" },
        "north": { "uv": [ 3, 0.5, 3.5, 2 ], "texture": "#texture" },
        "south": { "uv": [ 3, 0.5, 3.5, 2 ], "texture": "#texture" },
        "west":  { "uv": [ 2, 0, 3.5, 0.5 ], "texture": "#texture" }
    }
},
{
    "from": [ 0.5, 9, 11 ],
    "to": [ 1, 10, 13.5 ],
    "faces": {
        "down":  { "uv": [ 2.5, 0, 3, 1.5 ], "texture": "#texture" },
        "up":    { "uv": [ 3, 0, 3.5, 1.5 ], "texture": "#texture" },
        "north": { "uv": [ 3, 0.5, 3.5, 2 ], "texture": "#texture" },
        "south": { "uv": [ 3, 0.5, 3.5, 2 ], "texture": "#texture" },
        "west":  { "uv": [ 2, 0, 3.5, 0.5 ], "texture": "#texture" }
    }
},
{
    "from": [ 1, 5.5, 16 ],
    "to": [ 2, 8, 17 ],
    "faces": {
        "down":  { "uv": [ 2.5, 0, 3, 0.5 ], "texture": "#texture" },
        "south": { "uv": [ 2.5, 0, 3, 1.5 ], "texture": "#texture" },
        "west":  { "uv": [ 2.5, 0, 3, 1.5 ], "texture": "#texture" },
        "east":  { "uv": [ 2.5, 0, 3, 1.5 ], "texture": "#texture" }
    }
},
{
    "from": [ 1, 5.5, -1 ],
    "to": [ 2, 8, 0 ],
    "faces": {
        "down":  { "uv": [ 2.5, 0, 3, 0.5 ], "texture": "#texture" },
        "north": { "uv": [ 2.5, 0, 3, 1.5 ], "texture": "#texture" },
        "west":  { "uv": [ 2.5, 0, 3, 1.5 ], "texture": "#texture" },
        "east":  { "uv": [ 2.5, 0, 3, 1.5 ], "texture": "#texture" }
    }
},
{
    "from": [ 0.5, 10, 0 ],
    "to": [ 1, 11.5, 1.5 ],
    "faces": {
        "down":  { "uv": [ 2.5, 2, 3, 2.5 ], "texture": "#texture" },
        "north": { "uv": [ 2, 2, 2.5, 2.5 ], "texture": "#texture" },
        "south": { "uv": [ 2, 2, 2.5, 2.5 ], "texture": "#texture" },
        "west":  { "uv": [ 2, 2, 2.5, 2.5 ], "texture": "#texture" }
    }
},
{
    "from": [ 0.5, 10, 14.5 ],
    "to": [ 1, 11.5, 16 ],
    "faces": {
        "down":  { "uv": [ 2.5, 2, 3, 2.5 ], "texture": "#texture" },
        "north": { "uv": [ 2, 2, 2.5, 2.5 ], "texture": "#texture" },
        "south": { "uv": [ 2, 2, 2.5, 2.5 ], "texture": "#texture" },
        "west":  { "uv": [ 2, 2, 2.5, 2.5 ], "texture": "#texture" }
    }
},
{
    "from": [ 0.5, 10.5, 5 ],
    "to": [ 1, 11.5, 7 ],
    "faces": {
        "down":  { "uv": [ 2.5, 2, 3, 2.5 ], "texture": "#texture" },
        "north": { "uv": [ 2, 2, 2.5, 2.5 ], "texture": "#texture" },
        "south": { "uv": [ 2, 2, 2.5, 2.5 ], "texture": "#texture" },
        "west":  { "uv": [ 2, 2, 2.5, 2.5 ], "texture": "#texture" }
    }
}
],
"display": {
    "head": {
        "rotation": [ 0, -90, 0 ],
        "translation": [ 0, 1, 0 ],
        "scale": [ 0.8, 0.8, 0.8 ]
    }
}
}