{
	"credit": "Made with Blockbench",
	"elements": [
		{
			"from": [7.25, 1.83474, 14.5],
			"to": [8.75, 22.74383, 15],
			"rotation": {"angle": 0, "axis": "y", "origin": [8, 7.28929, 8]},
			"faces": {
				"east": {"uv": [0, 0, 0.5, 16], "texture": "#0"},
				"south": {"uv": [0, 0, 1.5, 16], "texture": "#0"},
				"west": {"uv": [0, 0, 0.5, 16], "texture": "#0"}
			}
		},
		{
			"from": [1, 1.83474, 13.5],
			"to": [2.5, 23.65292, 15],
			"rotation": {"angle": 0, "axis": "y", "origin": [8, 7.28929, 8]},
			"faces": {
				"north": {"uv": [0, 0, 1.5, 16], "texture": "#0"},
				"east": {"uv": [0, 0, 1.5, 16], "texture": "#0"},
				"south": {"uv": [0, 0, 1.5, 16], "texture": "#0"},
				"west": {"uv": [0, 0, 1.5, 16], "texture": "#0"}
			}
		},
		{
			"from": [1, 1.83474, 1],
			"to": [2.5, 23.65292, 2.5],
			"rotation": {"angle": 0, "axis": "y", "origin": [8, 7.28929, 8]},
			"faces": {
				"north": {"uv": [0, 0, 1.5, 16], "texture": "#0"},
				"east": {"uv": [0, 0, 1.5, 16], "texture": "#0"},
				"south": {"uv": [0, 0, 1.5, 16], "texture": "#0"},
				"west": {"uv": [0, 0, 1.5, 16], "texture": "#0"}
			}
		},
		{
			"from": [13.5, 1.83474, 1],
			"to": [15, 23.65292, 2.5],
			"rotation": {"angle": 0, "axis": "y", "origin": [8, 7.28929, 8]},
			"faces": {
				"north": {"uv": [0, 0, 1.5, 16], "texture": "#0"},
				"east": {"uv": [0, 0, 1.5, 16], "texture": "#0"},
				"south": {"uv": [0, 0, 1.5, 16], "texture": "#0"},
				"west": {"uv": [0, 0, 1.5, 16], "texture": "#0"}
			}
		},
		{
			"from": [1, 1.83474, 7.25],
			"to": [1.5, 22.74383, 8.75],
			"rotation": {"angle": 0, "axis": "y", "origin": [8, 7.28929, 8]},
			"faces": {
				"north": {"uv": [6, 0, 6.5, 16], "texture": "#0"},
				"south": {"uv": [6, 0, 6.5, 16], "texture": "#0"},
				"west": {"uv": [6, 0, 7.5, 16], "texture": "#0"}
			}
		},
		{
			"from": [1, 22.74383, 2.5],
			"to": [1.5, 23.65292, 13.5],
			"rotation": {"angle": 0, "axis": "y", "origin": [8, 7.28929, 8]},
			"faces": {
				"west": {"uv": [0, 0, 11, 0.90909], "texture": "#0"},
				"down": {"uv": [0, 0, 0.5, 11], "texture": "#0"}
			}
		},
		{
			"from": [2.5, 22.74383, 1],
			"to": [13.5, 23.65292, 1.5],
			"rotation": {"angle": 0, "axis": "y", "origin": [8, 7.28929, 8]},
			"faces": {
				"north": {"uv": [0, 0, 11, 0.90909], "texture": "#0"},
				"down": {"uv": [0, 0, 11, 0.5], "texture": "#0"}
			}
		},
		{
			"from": [14.5, 22.74383, 2.5],
			"to": [15, 23.65292, 13.5],
			"rotation": {"angle": 0, "axis": "y", "origin": [8, 7.28929, 8]},
			"faces": {
				"east": {"uv": [0, 0, 11, 0.90909], "texture": "#0"},
				"down": {"uv": [0, 0, 0.5, 11], "texture": "#0"}
			}
		},
		{
			"from": [2.5, 22.74383, 14.5],
			"to": [13.5, 23.65292, 15],
			"rotation": {"angle": 0, "axis": "y", "origin": [8, 7.28929, 8]},
			"faces": {
				"south": {"uv": [0, 0, 11, 0.90909], "texture": "#0"},
				"down": {"uv": [0, 0, 11, 0.5], "texture": "#0"}
			}
		},
		{
			"from": [2.5, 20.13019, 14.5],
			"to": [7.25, 20.35747, 15],
			"rotation": {"angle": 0, "axis": "y", "origin": [8, 7.28929, 8]},
			"faces": {
				"south": {"uv": [0, 0, 4.75, 0.22728], "texture": "#0"},
				"up": {"uv": [0, 0, 4.75, 0.5], "texture": "#0"},
				"down": {"uv": [0, 0, 4.75, 0.5], "texture": "#0"}
			}
		},
		{
			"from": [2.5, 16.83474, 14.5],
			"to": [7.25, 17.74383, 15],
			"rotation": {"angle": 0, "axis": "y", "origin": [8, 7.28929, 8]},
			"faces": {
				"south": {"uv": [0, 0, 4.75, 0.90909], "texture": "#0"},
				"up": {"uv": [0, 0, 4.75, 0.5], "texture": "#0"},
				"down": {"uv": [0, 0, 4.75, 0.5], "texture": "#0"}
			}
		},
		{
			"from": [1, 20.13019, 2.5],
			"to": [1.5, 20.35747, 7.25],
			"rotation": {"angle": 0, "axis": "y", "origin": [8, 7.28929, 8]},
			"faces": {
				"west": {"uv": [0, 0, 4.75, 0.22728], "texture": "#0"},
				"up": {"uv": [0, 0, 0.5, 4.75], "texture": "#0"},
				"down": {"uv": [0, 0, 0.5, 4.75], "texture": "#0"}
			}
		},
		{
			"from": [8.75, 20.13019, 1],
			"to": [13.5, 20.35747, 1.5],
			"rotation": {"angle": 0, "axis": "y", "origin": [8, 7.28929, 8]},
			"faces": {
				"north": {"uv": [0, 0, 4.75, 0.22728], "texture": "#0"},
				"up": {"uv": [0, 0, 4.75, 0.5], "texture": "#0"},
				"down": {"uv": [0, 0, 4.75, 0.5], "texture": "#0"}
			}
		},
		{
			"from": [14.5, 20.13019, 8.75],
			"to": [15, 20.35747, 13.5],
			"rotation": {"angle": 0, "axis": "y", "origin": [8, 7.28929, 8]},
			"faces": {
				"east": {"uv": [0, 0, 4.75, 0.22728], "texture": "#0"},
				"up": {"uv": [14, 0, 14.5, 4.75], "texture": "#0"},
				"down": {"uv": [14, 0, 14.5, 4.75], "texture": "#0"}
			}
		},
		{
			"from": [8.75, 20.13019, 14.5],
			"to": [13.5, 20.35747, 15],
			"rotation": {"angle": 0, "axis": "y", "origin": [8, 7.28929, 8]},
			"faces": {
				"south": {"uv": [0, 0, 4.75, 0.22728], "texture": "#0"},
				"up": {"uv": [0, 0, 4.75, 0.5], "texture": "#0"},
				"down": {"uv": [0, 0, 4.75, 0.5], "texture": "#0"}
			}
		},
		{
			"from": [1, 20.13019, 8.75],
			"to": [1.5, 20.35747, 13.5],
			"rotation": {"angle": 0, "axis": "y", "origin": [8, 7.28929, 8]},
			"faces": {
				"west": {"uv": [0, 0, 4.75, 0.22728], "texture": "#0"},
				"up": {"uv": [0, 0, 0.5, 4.75], "texture": "#0"},
				"down": {"uv": [0, 0, 0.5, 4.75], "texture": "#0"}
			}
		},
		{
			"from": [2.5, 20.13019, 1],
			"to": [7.25, 20.35747, 1.5],
			"rotation": {"angle": 0, "axis": "y", "origin": [8, 7.28929, 8]},
			"faces": {
				"north": {"uv": [0, 0, 4.75, 0.22728], "texture": "#0"},
				"up": {"uv": [0, 0, 4.75, 0.5], "texture": "#0"},
				"down": {"uv": [0, 0, 4.75, 0.5], "texture": "#0"}
			}
		},
		{
			"from": [14.5, 20.13019, 2.5],
			"to": [15, 20.35747, 7.25],
			"rotation": {"angle": 0, "axis": "y", "origin": [8, 7.28929, 8]},
			"faces": {
				"east": {"uv": [0, 0, 4.75, 0.22728], "texture": "#0"},
				"up": {"uv": [15, 0, 15.5, 4.75], "texture": "#0"},
				"down": {"uv": [15, 0, 15.5, 4.75], "texture": "#0"}
			}
		},
		{
			"from": [11.875, 17.74383, 14.5],
			"to": [12.125, 22.74383, 15],
			"rotation": {"angle": 0, "axis": "z", "origin": [8, 7.28929, 8]},
			"faces": {
				"east": {"uv": [0, 0, 0.5, 5], "texture": "#0"},
				"south": {"uv": [0, 0, 0.25, 5], "texture": "#0"},
				"west": {"uv": [0, 0, 0.5, 5], "texture": "#0"}
			}
		},
		{
			"from": [1, 17.74383, 11.875],
			"to": [1.5, 22.74383, 12.125],
			"rotation": {"angle": 0, "axis": "z", "origin": [8, 7.28929, 8]},
			"faces": {
				"north": {"uv": [0, 0, 0.5, 5], "texture": "#0"},
				"south": {"uv": [0, 0, 0.5, 5], "texture": "#0"},
				"west": {"uv": [0, 0, 0.25, 5], "texture": "#0"}
			}
		},
		{
			"from": [3.875, 17.74383, 1],
			"to": [4.125, 22.74383, 1.5],
			"rotation": {"angle": 0, "axis": "z", "origin": [8, 7.28929, 8]},
			"faces": {
				"north": {"uv": [0, 0, 0.25, 5], "texture": "#0"},
				"east": {"uv": [0, 0, 0.5, 5], "texture": "#0"},
				"west": {"uv": [0, 0, 0.5, 5], "texture": "#0"}
			}
		},
		{
			"from": [14.5, 17.74383, 3.875],
			"to": [15, 22.74383, 4.125],
			"rotation": {"angle": 0, "axis": "z", "origin": [8, 7.28929, 8]},
			"faces": {
				"north": {"uv": [0, 0, 0.5, 5], "texture": "#0"},
				"east": {"uv": [0, 0, 0.25, 5], "texture": "#0"},
				"south": {"uv": [0, 0, 0.5, 5], "texture": "#0"}
			}
		},
		{
			"from": [5.625, 17.74383, 14.5],
			"to": [5.875, 22.74383, 15],
			"rotation": {"angle": 0, "axis": "z", "origin": [2, 7.28929, 8]},
			"faces": {
				"east": {"uv": [0, 0, 0.5, 5], "texture": "#0"},
				"south": {"uv": [0, 0, 0.25, 5], "texture": "#0"},
				"west": {"uv": [0, 0, 0.5, 5], "texture": "#0"}
			}
		},
		{
			"from": [1, 17.74383, 5.625],
			"to": [1.5, 22.74383, 5.875],
			"rotation": {"angle": 0, "axis": "z", "origin": [8, 7.28929, 2]},
			"faces": {
				"north": {"uv": [0, 0, 0.5, 5], "texture": "#0"},
				"south": {"uv": [0, 0, 0.5, 5], "texture": "#0"},
				"west": {"uv": [0, 0, 0.25, 5], "texture": "#0"}
			}
		},
		{
			"from": [10.125, 17.74383, 1],
			"to": [10.375, 22.74383, 1.5],
			"rotation": {"angle": 0, "axis": "z", "origin": [14, 7.28929, 8]},
			"faces": {
				"north": {"uv": [0, 0, 0.25, 5], "texture": "#0"},
				"east": {"uv": [0, 0, 0.5, 5], "texture": "#0"},
				"west": {"uv": [0, 0, 0.5, 5], "texture": "#0"}
			}
		},
		{
			"from": [14.5, 17.74383, 10.125],
			"to": [15, 22.74383, 10.375],
			"rotation": {"angle": 0, "axis": "z", "origin": [8, 7.28929, 14]},
			"faces": {
				"north": {"uv": [0, 0, 0.5, 5], "texture": "#0"},
				"east": {"uv": [0, 0, 0.25, 5], "texture": "#0"},
				"south": {"uv": [0, 0, 0.5, 5], "texture": "#0"}
			}
		},
		{
			"from": [10.125, 17.74383, 14.5],
			"to": [10.375, 22.74383, 15],
			"rotation": {"angle": 0, "axis": "z", "origin": [8, 7.28929, 8]},
			"faces": {
				"east": {"uv": [0, 0, 0.5, 5], "texture": "#0"},
				"south": {"uv": [0, 0, 0.25, 5], "texture": "#0"},
				"west": {"uv": [0, 0, 0.5, 5], "texture": "#0"}
			}
		},
		{
			"from": [1, 17.74383, 10.125],
			"to": [1.5, 22.74383, 10.375],
			"rotation": {"angle": 0, "axis": "z", "origin": [8, 7.28929, 8]},
			"faces": {
				"north": {"uv": [0, 0, 0.5, 5], "texture": "#0"},
				"south": {"uv": [0, 0, 0.5, 5], "texture": "#0"},
				"west": {"uv": [0, 0, 0.25, 5], "texture": "#0"}
			}
		},
		{
			"from": [5.625, 17.74383, 1],
			"to": [5.875, 22.74383, 1.5],
			"rotation": {"angle": 0, "axis": "z", "origin": [8, 7.28929, 8]},
			"faces": {
				"north": {"uv": [0, 0, 0.25, 5], "texture": "#0"},
				"east": {"uv": [0, 0, 0.5, 5], "texture": "#0"},
				"west": {"uv": [0, 0, 0.5, 5], "texture": "#0"}
			}
		},
		{
			"from": [14.5, 17.74383, 5.625],
			"to": [15, 22.74383, 5.875],
			"rotation": {"angle": 0, "axis": "z", "origin": [8, 7.28929, 8]},
			"faces": {
				"north": {"uv": [0, 0, 0.5, 5], "texture": "#0"},
				"east": {"uv": [0, 0, 0.25, 5], "texture": "#0"},
				"south": {"uv": [0, 0, 0.5, 5], "texture": "#0"}
			}
		},
		{
			"from": [4, 17.74383, 14.5],
			"to": [4.25, 22.74383, 15],
			"rotation": {"angle": 0, "axis": "z", "origin": [2, 7.28929, 8]},
			"faces": {
				"east": {"uv": [0, 0, 0.5, 5], "texture": "#0"},
				"south": {"uv": [0, 0, 0.25, 5], "texture": "#0"},
				"west": {"uv": [0, 0, 0.5, 5], "texture": "#0"}
			}
		},
		{
			"from": [1, 17.74383, 4],
			"to": [1.5, 22.74383, 4.25],
			"rotation": {"angle": 0, "axis": "z", "origin": [8, 7.28929, 2]},
			"faces": {
				"north": {"uv": [0, 0, 0.5, 5], "texture": "#0"},
				"south": {"uv": [0, 0, 0.5, 5], "texture": "#0"},
				"west": {"uv": [0, 0, 0.25, 5], "texture": "#0"}
			}
		},
		{
			"from": [11.75, 17.74383, 1],
			"to": [12, 22.74383, 1.5],
			"rotation": {"angle": 0, "axis": "z", "origin": [14, 7.28929, 8]},
			"faces": {
				"north": {"uv": [0, 0, 0.25, 5], "texture": "#0"},
				"east": {"uv": [0, 0, 0.5, 5], "texture": "#0"},
				"west": {"uv": [0, 0, 0.5, 5], "texture": "#0"}
			}
		},
		{
			"from": [14.5, 17.74383, 11.75],
			"to": [15, 22.74383, 12],
			"rotation": {"angle": 0, "axis": "z", "origin": [8, 7.28929, 14]},
			"faces": {
				"north": {"uv": [0, 0, 0.5, 5], "texture": "#0"},
				"east": {"uv": [0, 0, 0.25, 5], "texture": "#0"},
				"south": {"uv": [0, 0, 0.5, 5], "texture": "#0"}
			}
		},
		{
			"from": [1, 16.83474, 2.5],
			"to": [1.5, 17.74383, 7.25],
			"rotation": {"angle": 0, "axis": "y", "origin": [8, 7.28929, 8]},
			"faces": {
				"west": {"uv": [8, 0, 12.75, 0.90909], "texture": "#0"},
				"up": {"uv": [8, 0, 8.5, 4.75], "texture": "#0"},
				"down": {"uv": [8, 0, 8.5, 4.75], "texture": "#0"}
			}
		},
		{
			"from": [8.75, 16.83474, 1],
			"to": [13.5, 17.74383, 1.5],
			"rotation": {"angle": 0, "axis": "y", "origin": [8, 7.28929, 8]},
			"faces": {
				"north": {"uv": [0, 0, 4.75, 0.90909], "texture": "#0"},
				"up": {"uv": [0, 0, 4.75, 0.5], "texture": "#0"},
				"down": {"uv": [0, 0, 4.75, 0.5], "texture": "#0"}
			}
		},
		{
			"from": [14.5, 16.83474, 8.75],
			"to": [15, 17.74383, 13.5],
			"rotation": {"angle": 0, "axis": "y", "origin": [8, 7.28929, 8]},
			"faces": {
				"east": {"uv": [0, 0, 4.75, 0.90909], "texture": "#0"},
				"up": {"uv": [12, 0, 12.5, 4.75], "texture": "#0"},
				"down": {"uv": [12, 0, 12.5, 4.75], "texture": "#0"}
			}
		},
		{
			"from": [2.5, 11.83474, 14.5],
			"to": [7.25, 12.74383, 15],
			"rotation": {"angle": 0, "axis": "y", "origin": [8, 2.74383, 8]},
			"faces": {
				"south": {"uv": [0, 0, 4.75, 0.90909], "texture": "#0"},
				"up": {"uv": [0, 0, 4.75, 0.5], "texture": "#0"},
				"down": {"uv": [0, 0, 4.75, 0.5], "texture": "#0"}
			}
		},
		{
			"from": [1, 11.83474, 2.5],
			"to": [1.5, 12.74383, 7.25],
			"rotation": {"angle": 0, "axis": "y", "origin": [8, 2.74383, 8]},
			"faces": {
				"west": {"uv": [10, 0, 14.75, 0.90909], "texture": "#0"},
				"up": {"uv": [10, 0, 10.5, 4.75], "texture": "#0"},
				"down": {"uv": [10, 0, 10.5, 4.75], "texture": "#0"}
			}
		},
		{
			"from": [1.4, 12.92565, 2.7],
			"to": [1.48117, 16.56201, 6.33636],
			"rotation": {"angle": 0, "axis": "y", "origin": [8, 2.74383, 8]},
			"faces": {
				"north": {"uv": [0, 0, 0.08117, 3.63636], "texture": "#0"},
				"east": {"uv": [0, 0, 3.63636, 3.63636], "texture": "#0"},
				"south": {"uv": [0, 0, 0.08117, 3.63636], "texture": "#0"},
				"west": {"uv": [0, 0, 3.63636, 3.63636], "texture": "#0"},
				"up": {"uv": [0, 0, 0.08117, 3.63636], "texture": "#0"},
				"down": {"uv": [0, 0, 0.08117, 3.63636], "texture": "#0"}
			}
		},
		{
			"name": "handle",
			"from": [0.992, 14.01656, 8.3],
			"to": [1.07317, 15.4711, 8.62468],
			"rotation": {"angle": 0, "axis": "y", "origin": [8, 2.74383, 8]},
			"faces": {
				"north": {"uv": [2.667, 0, 2.74817, 1.45454], "texture": "#0"},
				"south": {"uv": [2.667, 0, 2.74817, 1.45454], "texture": "#0"},
				"west": {"uv": [2.667, 0, 2.99168, 1.45454], "texture": "#0"},
				"up": {"uv": [2.667, 0, 2.74817, 0.32468], "texture": "#0"},
				"down": {"uv": [2.667, 0, 2.74817, 0.32468], "texture": "#0"}
			}
		},
		{
			"name": "key",
			"from": [0.992, 12.38019, 8.3],
			"to": [1.07317, 12.74383, 8.66364],
			"rotation": {"angle": 0, "axis": "y", "origin": [8, 2.74383, 8]},
			"faces": {
				"north": {"uv": [2.667, 0, 2.74817, 0.36364], "texture": "#0"},
				"south": {"uv": [2.667, 0, 2.74817, 0.36364], "texture": "#0"},
				"west": {"uv": [2.667, 0, 3.03064, 0.36364], "texture": "#0"},
				"up": {"uv": [2.667, 0, 2.74817, 0.36364], "texture": "#0"},
				"down": {"uv": [2.667, 0, 2.74817, 0.36364], "texture": "#0"}
			}
		},
		{
			"name": "handle",
			"from": [1.4992, 14.01656, 6.7],
			"to": [1.58037, 15.4711, 7.02468],
			"rotation": {"angle": 0, "axis": "y", "origin": [8, 2.74383, 8]},
			"faces": {
				"north": {"uv": [2.667, 0, 2.74817, 1.45454], "texture": "#0"},
				"south": {"uv": [2.667, 0, 2.74817, 1.45454], "texture": "#0"},
				"west": {"uv": [2.667, 0, 2.99168, 1.45454], "texture": "#0"},
				"up": {"uv": [2.667, 0, 2.74817, 0.32468], "texture": "#0"},
				"down": {"uv": [2.667, 0, 2.74817, 0.32468], "texture": "#0"}
			}
		},
		{
			"name": "stjohns",
			"from": [1.4992, 14.01656, 10.3],
			"to": [1.58037, 15.4711, 11.75455],
			"rotation": {"angle": 0, "axis": "y", "origin": [8, 2.74383, 8]},
			"faces": {
				"north": {"uv": [2.667, 0, 2.74817, 1.45454], "texture": "#0"},
				"south": {"uv": [2.667, 0, 2.74817, 1.45454], "texture": "#0"},
				"west": {"uv": [2.667, 0, 4.12155, 1.45454], "texture": "#0"},
				"up": {"uv": [2.667, 0, 2.74817, 1.45455], "texture": "#0"},
				"down": {"uv": [2.667, 0, 2.74817, 1.45455], "texture": "#0"}
			}
		},
		{
			"from": [8.75, 11.83474, 1],
			"to": [13.5, 12.74383, 1.5],
			"rotation": {"angle": 0, "axis": "y", "origin": [8, 2.74383, 8]},
			"faces": {
				"north": {"uv": [0, 0, 4.75, 0.90909], "texture": "#0"},
				"up": {"uv": [0, 0, 4.75, 0.5], "texture": "#0"},
				"down": {"uv": [0, 0, 4.75, 0.5], "texture": "#0"}
			}
		},
		{
			"from": [14.5, 11.83474, 8.75],
			"to": [15, 12.74383, 13.5],
			"rotation": {"angle": 0, "axis": "y", "origin": [8, 2.74383, 8]},
			"faces": {
				"east": {"uv": [0, 0, 4.75, 0.90909], "texture": "#0"},
				"up": {"uv": [10, 0, 10.5, 4.75], "texture": "#0"},
				"down": {"uv": [10, 0, 10.5, 4.75], "texture": "#0"}
			}
		},
		{
			"from": [2.5, 6.83474, 14.5],
			"to": [7.25, 7.74383, 15],
			"rotation": {"angle": 0, "axis": "y", "origin": [8, -2.71071, 8]},
			"faces": {
				"south": {"uv": [0, 0, 4.75, 0.90909], "texture": "#0"},
				"up": {"uv": [0, 0, 4.75, 0.5], "texture": "#0"},
				"down": {"uv": [0, 0, 4.75, 0.5], "texture": "#0"}
			}
		},
		{
			"from": [1, 6.83474, 2.5],
			"to": [1.5, 7.74383, 7.25],
			"rotation": {"angle": 0, "axis": "y", "origin": [8, -2.71071, 8]},
			"faces": {
				"west": {"uv": [0, 0, 4.75, 0.90909], "texture": "#0"},
				"up": {"uv": [12, 0, 12.5, 4.75], "texture": "#0"},
				"down": {"uv": [12, 0, 12.5, 4.75], "texture": "#0"}
			}
		},
		{
			"from": [8.75, 6.83474, 1],
			"to": [13.5, 7.74383, 1.5],
			"rotation": {"angle": 0, "axis": "y", "origin": [8, -2.71071, 8]},
			"faces": {
				"north": {"uv": [0, 0, 4.75, 0.90909], "texture": "#0"},
				"up": {"uv": [0, 0, 4.75, 0.5], "texture": "#0"},
				"down": {"uv": [0, 0, 4.75, 0.5], "texture": "#0"}
			}
		},
		{
			"from": [14.5, 6.83474, 8.75],
			"to": [15, 7.74383, 13.5],
			"rotation": {"angle": 0, "axis": "y", "origin": [8, -2.71071, 8]},
			"faces": {
				"east": {"uv": [0, 0, 4.75, 0.90909], "texture": "#0"},
				"up": {"uv": [8, 0, 8.5, 4.75], "texture": "#0"},
				"down": {"uv": [8, 0, 8.5, 4.75], "texture": "#0"}
			}
		},
		{
			"from": [2.5, 1.83474, 14.5],
			"to": [7.25, 2.74383, 15],
			"rotation": {"angle": 0, "axis": "y", "origin": [8, -8.16526, 8]},
			"faces": {
				"south": {"uv": [0, 0, 4.75, 0.90909], "texture": "#0"},
				"up": {"uv": [0, 0, 4.75, 0.5], "texture": "#0"}
			}
		},
		{
			"from": [1, 1.83474, 2.5],
			"to": [1.5, 2.74383, 7.25],
			"rotation": {"angle": 0, "axis": "y", "origin": [8, -8.16526, 8]},
			"faces": {
				"west": {"uv": [0, 0, 4.75, 0.90909], "texture": "#0"},
				"up": {"uv": [0, 0, 0.5, 4.75], "texture": "#0"}
			}
		},
		{
			"from": [8.75, 1.83474, 1],
			"to": [13.5, 2.74383, 1.5],
			"rotation": {"angle": 0, "axis": "y", "origin": [8, -8.16526, 8]},
			"faces": {
				"north": {"uv": [0, 0, 4.75, 0.90909], "texture": "#0"},
				"up": {"uv": [0, 0, 4.75, 0.5], "texture": "#0"}
			}
		},
		{
			"from": [14.5, 1.83474, 8.75],
			"to": [15, 2.74383, 13.5],
			"rotation": {"angle": 0, "axis": "y", "origin": [8, -8.16526, 8]},
			"faces": {
				"east": {"uv": [0, 0, 4.75, 0.90909], "texture": "#0"},
				"up": {"uv": [0, 0, 0.5, 4.75], "texture": "#0"}
			}
		},
		{
			"from": [8.75, 16.83474, 14.5],
			"to": [13.5, 17.74383, 15],
			"rotation": {"angle": 0, "axis": "y", "origin": [8, 7.28929, 8]},
			"faces": {
				"south": {"uv": [0, 0, 4.75, 0.90909], "texture": "#0"},
				"up": {"uv": [0, 0, 4.75, 0.5], "texture": "#0"},
				"down": {"uv": [0, 0, 4.75, 0.5], "texture": "#0"}
			}
		},
		{
			"from": [1, 16.83474, 8.75],
			"to": [1.5, 17.74383, 13.5],
			"rotation": {"angle": 0, "axis": "y", "origin": [8, 7.28929, 8]},
			"faces": {
				"west": {"uv": [9, 0, 13.75, 0.90909], "texture": "#0"},
				"up": {"uv": [9, 0, 9.5, 4.75], "texture": "#0"},
				"down": {"uv": [9, 0, 9.5, 4.75], "texture": "#0"}
			}
		},
		{
			"from": [2.5, 16.83474, 1],
			"to": [7.25, 17.74383, 1.5],
			"rotation": {"angle": 0, "axis": "y", "origin": [8, 7.28929, 8]},
			"faces": {
				"north": {"uv": [0, 0, 4.75, 0.90909], "texture": "#0"},
				"up": {"uv": [0, 0, 4.75, 0.5], "texture": "#0"},
				"down": {"uv": [0, 0, 4.75, 0.5], "texture": "#0"}
			}
		},
		{
			"from": [14.5, 16.83474, 2.5],
			"to": [15, 17.74383, 7.25],
			"rotation": {"angle": 0, "axis": "y", "origin": [8, 7.28929, 8]},
			"faces": {
				"east": {"uv": [0, 0, 4.75, 0.90909], "texture": "#0"},
				"up": {"uv": [13, 0, 13.5, 4.75], "texture": "#0"},
				"down": {"uv": [13, 0, 13.5, 4.75], "texture": "#0"}
			}
		},
		{
			"from": [8.75, 11.83474, 14.5],
			"to": [13.5, 12.74383, 15],
			"rotation": {"angle": 0, "axis": "y", "origin": [8, 2.74383, 8]},
			"faces": {
				"south": {"uv": [0, 0, 4.75, 0.90909], "texture": "#0"},
				"up": {"uv": [0, 0, 4.75, 0.5], "texture": "#0"},
				"down": {"uv": [0, 0, 4.75, 0.5], "texture": "#0"}
			}
		},
		{
			"from": [1, 11.83474, 8.75],
			"to": [1.5, 12.74383, 13.5],
			"rotation": {"angle": 0, "axis": "y", "origin": [8, 2.74383, 8]},
			"faces": {
				"west": {"uv": [11, 0, 15.75, 0.90909], "texture": "#0"},
				"up": {"uv": [11, 0, 11.5, 4.75], "texture": "#0"},
				"down": {"uv": [11, 0, 11.5, 4.75], "texture": "#0"}
			}
		},
		{
			"from": [2.5, 11.83474, 1],
			"to": [7.25, 12.74383, 1.5],
			"rotation": {"angle": 0, "axis": "y", "origin": [8, 2.74383, 8]},
			"faces": {
				"north": {"uv": [0, 0, 4.75, 0.90909], "texture": "#0"},
				"up": {"uv": [0, 0, 4.75, 0.5], "texture": "#0"},
				"down": {"uv": [0, 0, 4.75, 0.5], "texture": "#0"}
			}
		},
		{
			"from": [14.5, 11.83474, 2.5],
			"to": [15, 12.74383, 7.25],
			"rotation": {"angle": 0, "axis": "y", "origin": [8, 2.74383, 8]},
			"faces": {
				"east": {"uv": [0, 0, 4.75, 0.90909], "texture": "#0"},
				"up": {"uv": [11, 0, 11.5, 4.75], "texture": "#0"},
				"down": {"uv": [11, 0, 11.5, 4.75], "texture": "#0"}
			}
		},
		{
			"from": [8.75, 6.83474, 14.5],
			"to": [13.5, 7.74383, 15],
			"rotation": {"angle": 0, "axis": "y", "origin": [8, -2.71071, 8]},
			"faces": {
				"south": {"uv": [0, 0, 4.75, 0.90909], "texture": "#0"},
				"up": {"uv": [0, 0, 4.75, 0.5], "texture": "#0"},
				"down": {"uv": [0, 0, 4.75, 0.5], "texture": "#0"}
			}
		},
		{
			"from": [1, 6.83474, 8.75],
			"to": [1.5, 7.74383, 13.5],
			"rotation": {"angle": 0, "axis": "y", "origin": [8, -2.71071, 8]},
			"faces": {
				"west": {"uv": [0, 0, 4.75, 0.90909], "texture": "#0"},
				"up": {"uv": [13, 0, 13.5, 4.75], "texture": "#0"},
				"down": {"uv": [13, 0, 13.5, 4.75], "texture": "#0"}
			}
		},
		{
			"from": [2.5, 6.83474, 1],
			"to": [7.25, 7.74383, 1.5],
			"rotation": {"angle": 0, "axis": "y", "origin": [8, -2.71071, 8]},
			"faces": {
				"north": {"uv": [0, 0, 4.75, 0.90909], "texture": "#0"},
				"up": {"uv": [0, 0, 4.75, 0.5], "texture": "#0"},
				"down": {"uv": [0, 0, 4.75, 0.5], "texture": "#0"}
			}
		},
		{
			"from": [14.5, 6.83474, 2.5],
			"to": [15, 7.74383, 7.25],
			"rotation": {"angle": 0, "axis": "y", "origin": [8, -2.71071, 8]},
			"faces": {
				"east": {"uv": [0, 0, 4.75, 0.90909], "texture": "#0"},
				"up": {"uv": [9, 0, 9.5, 4.75], "texture": "#0"},
				"down": {"uv": [9, 0, 9.5, 4.75], "texture": "#0"}
			}
		},
		{
			"from": [8.75, 1.83474, 14.5],
			"to": [13.5, 2.74383, 15],
			"rotation": {"angle": 0, "axis": "y", "origin": [8, -8.16526, 8]},
			"faces": {
				"south": {"uv": [0, 0, 4.75, 0.90909], "texture": "#0"},
				"up": {"uv": [0, 0, 4.75, 0.5], "texture": "#0"}
			}
		},
		{
			"from": [1, 1.83474, 8.75],
			"to": [1.5, 2.74383, 13.5],
			"rotation": {"angle": 0, "axis": "y", "origin": [8, -8.16526, 8]},
			"faces": {
				"west": {"uv": [0, 0, 4.75, 0.90909], "texture": "#0"},
				"up": {"uv": [0, 0, 0.5, 4.75], "texture": "#0"}
			}
		},
		{
			"from": [2.5, 1.83474, 1],
			"to": [7.25, 2.74383, 1.5],
			"rotation": {"angle": 0, "axis": "y", "origin": [8, -8.16526, 8]},
			"faces": {
				"north": {"uv": [0, 0, 4.75, 0.90909], "texture": "#0"},
				"up": {"uv": [0, 0, 4.75, 0.5], "texture": "#0"}
			}
		},
		{
			"from": [14.5, 1.83474, 2.5],
			"to": [15, 2.74383, 7.25],
			"rotation": {"angle": 0, "axis": "y", "origin": [8, -8.16526, 8]},
			"faces": {
				"east": {"uv": [0, 0, 4.75, 0.90909], "texture": "#0"},
				"up": {"uv": [0, 0, 0.5, 4.75], "texture": "#0"}
			}
		},
		{
			"from": [7.25, 1.83474, 1],
			"to": [8.75, 22.74383, 1.5],
			"rotation": {"angle": 0, "axis": "y", "origin": [8, 7.28929, 8]},
			"faces": {
				"north": {"uv": [0, 0, 1.5, 16], "texture": "#0"},
				"east": {"uv": [0, 0, 0.5, 16], "texture": "#0"},
				"west": {"uv": [0, 0, 0.5, 16], "texture": "#0"}
			}
		},
		{
			"from": [14.5, 1.83474, 7.25],
			"to": [15, 22.74383, 8.75],
			"rotation": {"angle": 0, "axis": "y", "origin": [8, 7.28929, 8]},
			"faces": {
				"north": {"uv": [0, 0, 0.5, 16], "texture": "#0"},
				"east": {"uv": [0, 0, 1.5, 16], "texture": "#0"},
				"south": {"uv": [0, 0, 0.5, 16], "texture": "#0"}
			}
		},
		{
			"from": [13.5, 1.83474, 13.5],
			"to": [15, 23.65292, 15],
			"rotation": {"angle": 0, "axis": "y", "origin": [8, 7.28929, 8]},
			"faces": {
				"north": {"uv": [0, 0, 1.5, 16], "texture": "#0"},
				"east": {"uv": [0, 0, 1.5, 16], "texture": "#0"},
				"south": {"uv": [0, 0, 1.5, 16], "texture": "#0"},
				"west": {"uv": [0, 0, 1.5, 16], "texture": "#0"}
			}
		},
		{
			"from": [0, 24.56201, 0],
			"to": [16, 26.38019, 16],
			"rotation": {"angle": 0, "axis": "y", "origin": [8, 7.28929, 8]},
			"faces": {
				"north": {"uv": [0, 0, 16, 1.81818], "texture": "#0"},
				"east": {"uv": [0, 0, 16, 1.81818], "texture": "#0"},
				"south": {"uv": [0, 0, 16, 1.81818], "texture": "#0"},
				"west": {"uv": [0, 0, 16, 1.81818], "texture": "#0"},
				"up": {"uv": [0, 0, 16, 16], "texture": "#0"},
				"down": {"uv": [0, 0, 16, 16], "texture": "#0"}
			}
		},
		{
			"from": [0.5, 26.38019, 0.5],
			"to": [15.5, 27.28929, 15.5],
			"rotation": {"angle": 0, "axis": "y", "origin": [8, 7.28929, 8]},
			"faces": {
				"north": {"uv": [0, 0, 15, 0.9091], "texture": "#0"},
				"east": {"uv": [0, 0, 15, 0.9091], "texture": "#0"},
				"south": {"uv": [0, 0, 15, 0.9091], "texture": "#0"},
				"west": {"uv": [0, 0, 15, 0.9091], "texture": "#0"},
				"up": {"uv": [0, 0, 15, 15], "texture": "#0"}
			}
		},
		{
			"from": [1, 27.28929, 1],
			"to": [15, 28.19838, 15],
			"rotation": {"angle": 0, "axis": "y", "origin": [8, 7.28929, 8]},
			"faces": {
				"north": {"uv": [0, 0, 14, 0.90909], "texture": "#0"},
				"east": {"uv": [0, 0, 14, 0.90909], "texture": "#0"},
				"south": {"uv": [0, 0, 14, 0.90909], "texture": "#0"},
				"west": {"uv": [0, 0, 14, 0.90909], "texture": "#0"},
				"up": {"uv": [0, 0, 14, 14], "texture": "#0"}
			}
		},
		{
			"from": [7.25, 28.19838, 7.25],
			"to": [8.75, 29.70487, 8.75],
			"rotation": {"angle": 0, "axis": "y", "origin": [8, 7.28929, 8]},
			"faces": {
				"north": {"uv": [7.167, 0, 8.667, 1.50649], "texture": "#0"},
				"east": {"uv": [0, 0, 1.5, 1.50649], "texture": "#0"},
				"south": {"uv": [7.167, 0, 8.667, 1.50649], "texture": "#0"},
				"west": {"uv": [7.167, 0, 8.667, 1.50649], "texture": "#0"},
				"up": {"uv": [7.167, 0, 8.667, 1.5], "texture": "#0"}
			}
		},
		{
			"from": [0, 0.01656, 0],
			"to": [16, 0.92565, 16],
			"rotation": {"angle": 0, "axis": "y", "origin": [8, 7.28929, 8]},
			"faces": {
				"north": {"uv": [0, 0, 16, 0.90909], "texture": "#0"},
				"east": {"uv": [0, 0, 16, 0.90909], "texture": "#0"},
				"south": {"uv": [0, 0, 16, 0.90909], "texture": "#0"},
				"west": {"uv": [0, 0, 16, 0.90909], "texture": "#0"},
				"up": {"uv": [0, 0, 16, 16], "texture": "#0"},
				"down": {"uv": [0, 0, 16, 16], "texture": "#0"}
			}
		},
		{
			"from": [1.5, 1.83474, 1.5],
			"to": [14.5, 23.65292, 14.5],
			"rotation": {"angle": 0, "axis": "z", "origin": [8, 7.28929, 8]},
			"faces": {
				"north": {"uv": [0, 0, 13, 16], "texture": "#0"},
				"east": {"uv": [0, 0, 13, 16], "texture": "#0"},
				"south": {"uv": [0, 0, 13, 16], "texture": "#0"},
				"west": {"uv": [0, 0, 13, 16], "texture": "#0"}
			}
		},
		{
			"from": [14.5, 1.83474, 14.5],
			"to": [15.5, 23.65292, 15.5],
			"rotation": {"angle": 0, "axis": "y", "origin": [8, 7.28929, 8]},
			"faces": {
				"north": {"uv": [0, 0, 1, 16], "texture": "#0"},
				"east": {"uv": [0, 0, 1, 16], "texture": "#0"},
				"south": {"uv": [0, 0, 1, 16], "texture": "#0"},
				"west": {"uv": [0, 0, 1, 16], "texture": "#0"}
			}
		},
		{
			"from": [15, 1.83474, 7.75],
			"to": [15.5, 23.65292, 8.25],
			"rotation": {"angle": 0, "axis": "y", "origin": [8, 7.28929, 8]},
			"faces": {
				"north": {"uv": [0, 0, 0.5, 16], "texture": "#0"},
				"east": {"uv": [0, 0, 0.5, 16], "texture": "#0"},
				"south": {"uv": [0, 0, 0.5, 16], "texture": "#0"}
			}
		},
		{
			"from": [14.5, 1.83474, 0.5],
			"to": [15.5, 23.65292, 1.5],
			"rotation": {"angle": 0, "axis": "y", "origin": [8, 7.28929, 8]},
			"faces": {
				"north": {"uv": [0, 0, 1, 16], "texture": "#0"},
				"east": {"uv": [0, 0, 1, 16], "texture": "#0"},
				"south": {"uv": [0, 0, 1, 16], "texture": "#0"},
				"west": {"uv": [0, 0, 1, 16], "texture": "#0"}
			}
		},
		{
			"from": [0.5, 0.92565, 0.5],
			"to": [15.5, 1.83474, 15.5],
			"rotation": {"angle": 0, "axis": "y", "origin": [8, 7.28929, 8]},
			"faces": {
				"north": {"uv": [0, 0, 15, 0.90909], "texture": "#0"},
				"east": {"uv": [0, 0, 15, 0.90909], "texture": "#0"},
				"south": {"uv": [0, 0, 15, 0.90909], "texture": "#0"},
				"west": {"uv": [0, 0, 15, 0.90909], "texture": "#0"},
				"up": {"uv": [0, 0, 15, 15], "texture": "#0"}
			}
		},
		{
			"from": [0.5, 23.65292, 0.5],
			"to": [15.5, 24.56201, 15.5],
			"rotation": {"angle": 0, "axis": "y", "origin": [8, 7.28929, 8]},
			"faces": {
				"north": {"uv": [0, 0, 15, 0.90909], "texture": "#0"},
				"east": {"uv": [0, 0, 15, 0.90909], "texture": "#0"},
				"south": {"uv": [0, 0, 15, 0.90909], "texture": "#0"},
				"west": {"uv": [0, 0, 15, 0.90909], "texture": "#0"},
				"down": {"uv": [0, 0, 15, 15], "texture": "#0"}
			}
		},
		{
			"from": [0.5, 1.83474, 14.5],
			"to": [1.5, 23.65292, 15.5],
			"rotation": {"angle": 0, "axis": "y", "origin": [8, 7.28929, 8]},
			"faces": {
				"north": {"uv": [0, 0, 1, 16], "texture": "#0"},
				"east": {"uv": [0, 0, 1, 16], "texture": "#0"},
				"south": {"uv": [0, 0, 1, 16], "texture": "#0"},
				"west": {"uv": [0, 0, 1, 16], "texture": "#0"}
			}
		},
		{
			"from": [0.5, 1.83474, 7.75],
			"to": [1, 23.65292, 8.25],
			"rotation": {"angle": 0, "axis": "y", "origin": [8, 7.28929, 8]},
			"faces": {
				"north": {"uv": [0, 0, 0.5, 16], "texture": "#0"},
				"south": {"uv": [0, 0, 0.5, 16], "texture": "#0"},
				"west": {"uv": [0, 0, 0.5, 16], "texture": "#0"}
			}
		},
		{
			"from": [0.5, 1.83474, 0.5],
			"to": [1.5, 23.65292, 1.5],
			"rotation": {"angle": 0, "axis": "y", "origin": [8, 7.28929, 8]},
			"faces": {
				"north": {"uv": [0, 0, 1, 16], "texture": "#0"},
				"east": {"uv": [0, 0, 1, 16], "texture": "#0"},
				"south": {"uv": [0, 0, 1, 16], "texture": "#0"},
				"west": {"uv": [0, 0, 1, 16], "texture": "#0"}
			}
		},
		{
			"from": [7.75, 1.83474, 0.5],
			"to": [8.25, 23.65292, 1],
			"rotation": {"angle": 0, "axis": "y", "origin": [8, 7.28929, 8]},
			"faces": {
				"north": {"uv": [0, 0, 0.5, 16], "texture": "#0"},
				"east": {"uv": [0, 0, 0.5, 16], "texture": "#0"},
				"west": {"uv": [0, 0, 0.5, 16], "texture": "#0"}
			}
		},
		{
			"from": [7.75, 1.83474, 15],
			"to": [8.25, 23.65292, 15.5],
			"rotation": {"angle": 0, "axis": "y", "origin": [8, 7.28929, 8]},
			"faces": {
				"east": {"uv": [0, 0, 0.5, 16], "texture": "#0"},
				"south": {"uv": [0, 0, 0.5, 16], "texture": "#0"},
				"west": {"uv": [0, 0, 0.5, 16], "texture": "#0"}
			}
		}
	],
	"display": {
		"thirdperson_righthand": {
			"rotation": [75, 45, 0],
			"translation": [0, 3.75, 2.25],
			"scale": [0.2, 0.2, 0.2]
		},
		"thirdperson_lefthand": {
			"rotation": [75, 45, 0],
			"translation": [0, 3.75, 2.25],
			"scale": [0.2, 0.2, 0.2]
		},
		"firstperson_righthand": {
			"rotation": [0, 45, 0],
			"translation": [0, 4.5, 0],
			"scale": [0.225, 0.225, 0.225]
		},
		"firstperson_lefthand": {
			"rotation": [0, 45, 0],
			"translation": [0, 4.5, 0],
			"scale": [0.225, 0.225, 0.225]
		},
		"ground": {
            "translation": [0, 3, 0],
			"scale": [0.25, 0.25, 0.25]
		},
		"gui": {
			"rotation": [30, 225, 0],
			"scale": [0.28, 0.28, 0.28]
		},
		"head": {
			"rotation": [0, -90, 0],
			"translation": [0, 13, 0],
			"scale": [0.3, 0.3, 0.3]
		},
		"fixed": {
			"rotation": [-90, 0, 0],
			"translation": [0, 0, -24.5],
			"scale": [3.18, 3.18, 3.18]
		}
	},
	"groups": [
		{
			"name": "mid_blue",
			"origin": [8, 8, 8],
			"children": [0, 1, 2, 3, 4, 5, 6, 7, 8, 9, 10, 11, 12, 13, 14, 15, 16, 17, 18, 19, 20, 21, 22, 23, 24, 25, 26, 27, 28, 29, 30, 31, 32, 33, 34, 35, 36, 37, 38, 39, 40, 41, 42, 43, 44, 45, 46, 47, 48, 49, 50, 51, 52, 53, 54, 55, 56, 57, 58, 59, 60, 61, 62, 63, 64, 65, 66, 67, 68, 69, 70, 71, 72]
		},
		{
			"name": "dark_blue",
			"origin": [8, 8, 8],
			"children": [73, 74, 75, 76, 77, 78]
		},
		{
			"name": "blue",
			"origin": [8, 8, 8],
			"children": [79, 80, 81, 82, 83, 84, 85, 86, 87, 88]
		}
	]
}