{
    "credit": "Made with Blockbench",
    "textures": {
        "0": "block/the_moment/the_moment_0",
        "1": "block/the_moment/the_moment_1",
        "2": "block/the_moment/the_moment_2",
        "3": "block/the_moment/the_moment_3",
        "4": "block/the_moment/the_moment_4",
        "5": "block/the_moment/the_moment_5",
        "particle": "block/the_moment/the_moment_0"
    },
    "elements": [
        {
            "from": [0.5, 0.5, 0.5],
            "to": [15.5, 15.5, 15.5],
            "faces": {
                "north": {"uv": [1.25, 1.25, 14.75, 14.75], "texture": "#3"},
                "east": {"uv": [1.25, 1.25, 14.75, 14.75], "texture": "#4"},
                "south": {"uv": [1.25, 1.25, 14.75, 14.75], "texture": "#1"},
                "west": {"uv": [1.25, 1.25, 14.75, 14.75], "texture": "#2"},
                "up": {"uv": [1.25, 1.25, 14.75, 14.75], "texture": "#0"},
                "down": {"uv": [1.25, 1.25, 14.75, 14.75], "texture": "#5"}
            }
        },
        {
            "from": [0, 0, 0],
            "to": [1, 1, 1],
            "faces": {
                "north": {"uv": [14.5, 14.5, 16, 16], "texture": "#0"},
                "east": {"uv": [0, 0, 1.5, 1.5], "texture": "#0"},
                "south": {"uv": [0, 0, 1.5, 1.5], "texture": "#0"},
                "west": {"uv": [0, 0, 1.5, 1.5], "texture": "#0"},
                "up": {"uv": [0, 0, 1.5, 1.5], "texture": "#0"},
                "down": {"uv": [14.5, 14.5, 16, 16], "texture": "#0"}
            }
        },
        {
            "from": [0, 15, 0],
            "to": [1, 16, 1],
            "rotation": {"angle": 0, "axis": "y", "origin": [8, 23, 8]},
            "faces": {
                "north": {"uv": [14.5, 0, 16, 1.5], "texture": "#0"},
                "east": {"uv": [0, 0, 1.5, 1.5], "texture": "#0"},
                "south": {"uv": [0, 0, 1.5, 1.5], "texture": "#0"},
                "west": {"uv": [0, 0, 1.5, 1.5], "texture": "#0"},
                "up": {"uv": [14.5, 0, 16, 1.5], "texture": "#0"},
                "down": {"uv": [0, 0, 1.5, 1.5], "texture": "#0"}
            }
        },
        {
            "from": [15, 0, 0],
            "to": [16, 1, 1],
            "faces": {
                "north": {"uv": [14.5, 14.5, 16, 16], "texture": "#0"},
                "east": {"uv": [14.5, 14.5, 16, 16], "texture": "#0"},
                "south": {"uv": [14.5, 14.5, 16, 16], "texture": "#0"},
                "west": {"uv": [14.5, 14.5, 16, 16], "texture": "#0"},
                "up": {"uv": [14.5, 14.5, 16, 16], "texture": "#0"},
                "down": {"uv": [14.5, 0, 16, 1.5], "texture": "#0"}
            }
        },
        {
            "from": [15, 15, 0],
            "to": [16, 16, 1],
            "rotation": {"angle": 0, "axis": "y", "origin": [8, 23, 8]},
            "faces": {
                "north": {"uv": [0, 0, 1.5, 1.5], "texture": "#0"},
                "east": {"uv": [14.5, 0, 16, 1.5], "texture": "#0"},
                "south": {"uv": [0, 0, 1.5, 1.5], "texture": "#0"},
                "west": {"uv": [0, 0, 1.5, 1.5], "texture": "#0"},
                "up": {"uv": [14.5, 14.5, 16, 16], "texture": "#0"},
                "down": {"uv": [0, 0, 1.5, 1.5], "texture": "#0"}
            }
        },
        {
            "from": [15, 0, 15],
            "to": [16, 1, 16],
            "faces": {
                "north": {"uv": [0, 0, 1.5, 1.625], "texture": "#0"},
                "east": {"uv": [0, 14.375, 1.5, 16], "texture": "#0"},
                "south": {"uv": [14.5, 14.375, 16, 16], "texture": "#0"},
                "west": {"uv": [0, 0, 1.5, 1.625], "texture": "#0"},
                "up": {"uv": [0, 0, 1.5, 1.625], "texture": "#0"},
                "down": {"uv": [0, 0, 1.5, 1.625], "texture": "#0"}
            }
        },
        {
            "from": [15, 15, 15],
            "to": [16, 16, 16],
            "rotation": {"angle": 0, "axis": "y", "origin": [8, 23, 8]},
            "faces": {
                "north": {"uv": [0, 0, 1.5, 1.5], "texture": "#0"},
                "east": {"uv": [0, 0, 1.5, 1.5], "texture": "#0"},
                "south": {"uv": [14.5, 0, 16, 1.5], "texture": "#0"},
                "west": {"uv": [0, 0, 1.5, 1.5], "texture": "#0"},
                "up": {"uv": [0, 14.5, 1.5, 16], "texture": "#0"},
                "down": {"uv": [0, 0, 1.5, 1.5], "texture": "#0"}
            }
        },
        {
            "from": [0, 0, 15],
            "to": [1, 1, 16],
            "faces": {
                "north": {"uv": [0, 0, 1.5, 1.5], "texture": "#0"},
                "east": {"uv": [0, 0, 1.5, 1.5], "texture": "#0"},
                "south": {"uv": [0, 14.5, 1.5, 16], "texture": "#0"},
                "west": {"uv": [14.5, 14.5, 16, 16], "texture": "#0"},
                "up": {"uv": [0, 0, 1.5, 1.5], "texture": "#0"},
                "down": {"uv": [0, 14.5, 1.5, 16], "texture": "#0"}
            }
        },
        {
            "from": [0, 15, 15],
            "to": [1, 16, 16],
            "rotation": {"angle": 0, "axis": "y", "origin": [8, 23, 8]},
            "faces": {
                "north": {"uv": [0, 0, 1.5, 1.5], "texture": "#0"},
                "east": {"uv": [0, 0, 1.5, 1.5], "texture": "#0"},
                "south": {"uv": [0, 0, 1.5, 1.5], "texture": "#0"},
                "west": {"uv": [14.5, 0, 16, 1.5], "texture": "#0"},
                "up": {"uv": [0, 0, 1.5, 1.5], "texture": "#0"},
                "down": {"uv": [0, 0, 1.5, 1.5], "texture": "#0"}
            }
        },
        {
            "from": [1, 15, 15],
            "to": [15, 15.75, 15.75],
            "rotation": {"angle": 0, "axis": "y", "origin": [8, 23, 8]},
            "faces": {
                "north": {"uv": [0, 1.75, 1, 14], "rotation": 270, "texture": "#0"},
                "east": {"uv": [0, 1.75, 1, 14], "rotation": 270, "texture": "#0"},
                "south": {"uv": [0, 1.75, 1, 14.25], "rotation": 270, "texture": "#0"},
                "west": {"uv": [0, 1.75, 1, 14], "rotation": 270, "texture": "#0"},
                "up": {"uv": [0, 1.75, 1, 14], "rotation": 270, "texture": "#0"},
                "down": {"uv": [0, 1.75, 1, 14], "rotation": 270, "texture": "#0"}
            }
        },
        {
            "from": [15, 1, 15],
            "to": [15.75, 15, 15.75],
            "rotation": {"angle": 0, "axis": "y", "origin": [8, 23, 8]},
            "faces": {
                "north": {"uv": [0, 1.75, 1, 14], "rotation": 180, "texture": "#0"},
                "east": {"uv": [0, 1.75, 1, 14], "rotation": 180, "texture": "#0"},
                "south": {"uv": [14.875, 1.75, 16, 14.25], "rotation": 180, "texture": "#0"},
                "west": {"uv": [0, 1.75, 1, 14], "rotation": 180, "texture": "#0"},
                "up": {"uv": [0, 1.75, 1, 14], "rotation": 180, "texture": "#0"},
                "down": {"uv": [0, 1.75, 1, 14], "rotation": 180, "texture": "#0"}
            }
        },
        {
            "from": [0.25, 1, 15],
            "to": [1, 15, 15.75],
            "rotation": {"angle": 0, "axis": "y", "origin": [-7, 23, 8]},
            "faces": {
                "north": {"uv": [0, 1.75, 1, 14], "rotation": 180, "texture": "#0"},
                "east": {"uv": [0, 1.75, 1, 14], "rotation": 180, "texture": "#0"},
                "south": {"uv": [0, 1.75, 1, 14.125], "rotation": 180, "texture": "#0"},
                "west": {"uv": [0, 1.75, 1, 14], "rotation": 180, "texture": "#0"},
                "up": {"uv": [0, 1.75, 1, 14], "rotation": 180, "texture": "#0"},
                "down": {"uv": [0, 1.75, 1, 14], "rotation": 180, "texture": "#0"}
            }
        },
        {
            "from": [1, 0, 15.25],
            "to": [15, 0.75, 16],
            "faces": {
                "north": {"uv": [0, 1.75, 1, 14], "rotation": 270, "texture": "#0"},
                "east": {"uv": [0, 1.75, 1, 14], "rotation": 270, "texture": "#0"},
                "south": {"uv": [14.875, 1.75, 15.875, 14.25], "rotation": 270, "texture": "#0"},
                "west": {"uv": [0, 1.75, 1, 14], "rotation": 270, "texture": "#0"},
                "up": {"uv": [0, 1.75, 1, 14], "rotation": 270, "texture": "#0"},
                "down": {"uv": [0, 1.75, 1, 14], "rotation": 270, "texture": "#0"}
            }
        },
        {
            "from": [0.25, 15, 1],
            "to": [1, 15.75, 15],
            "rotation": {"angle": 0, "axis": "y", "origin": [8, 23, 8]},
            "faces": {
                "north": {"uv": [0, 1.75, 1, 14], "texture": "#0"},
                "east": {"uv": [0, 1.75, 1, 14], "texture": "#0"},
                "south": {"uv": [0, 1.75, 0.75, 2.5], "texture": "#0"},
                "west": {"uv": [1.75, 14.875, 14.125, 16], "texture": "#0"},
                "up": {"uv": [0, 1.75, 1, 14], "texture": "#0"},
                "down": {"uv": [0, 1.75, 1, 14], "texture": "#0"}
            }
        },
        {
            "from": [0, 0, 1],
            "to": [0.75, 0.75, 15],
            "faces": {
                "east": {"uv": [0, 1.75, 1.25, 14.25], "rotation": 180, "texture": "#0"},
                "west": {"uv": [1.75, 14.875, 14.25, 16], "rotation": 180, "texture": "#0"},
                "up": {"uv": [0, 1.75, 1.25, 14.25], "rotation": 180, "texture": "#0"},
                "down": {"uv": [0, 1.75, 1.25, 14.25], "rotation": 180, "texture": "#0"}
            }
        },
        {
            "from": [1, 15, 0.25],
            "to": [15, 15.75, 1],
            "rotation": {"angle": 0, "axis": "y", "origin": [8, 23, 8]},
            "faces": {
                "north": {"uv": [0, 1.75, 1, 14], "rotation": 90, "texture": "#0"},
                "east": {"uv": [0, 1.75, 1, 14], "rotation": 90, "texture": "#0"},
                "south": {"uv": [1.75, 0, 14.25, 0.75], "rotation": 90, "texture": "#0"},
                "west": {"uv": [0, 1.75, 1, 14], "rotation": 90, "texture": "#0"},
                "up": {"uv": [0, 1.75, 1, 14], "rotation": 90, "texture": "#0"},
                "down": {"uv": [0, 1.75, 1, 14], "rotation": 90, "texture": "#0"}
            }
        },
        {
            "from": [15, 1, 0.25],
            "to": [15.75, 15, 1],
            "rotation": {"angle": 0, "axis": "y", "origin": [8, 23, 8]},
            "faces": {
                "north": {"uv": [0, 1.75, 1, 14], "texture": "#0"},
                "east": {"uv": [0, 1.75, 1, 14], "texture": "#0"},
                "south": {"uv": [1.75, 0, 14.25, 1], "texture": "#0"},
                "west": {"uv": [0, 1.75, 1, 14], "texture": "#0"},
                "up": {"uv": [0, 1.75, 1, 14], "texture": "#0"},
                "down": {"uv": [0, 1.75, 1, 14], "texture": "#0"}
            }
        },
        {
            "from": [0.25, 1, 0.25],
            "to": [1, 15, 1],
            "rotation": {"angle": 0, "axis": "y", "origin": [-7, 23, 8]},
            "faces": {
                "north": {"uv": [0, 1.75, 1, 14], "texture": "#0"},
                "east": {"uv": [0, 1.75, 1, 14], "texture": "#0"},
                "south": {"uv": [0, 1.75, 0.75, 15.75], "texture": "#0"},
                "west": {"uv": [0, 1.75, 1, 14], "texture": "#0"},
                "up": {"uv": [0, 1.75, 1, 14], "texture": "#0"},
                "down": {"uv": [0, 1.75, 1, 14], "texture": "#0"}
            }
        },
        {
            "from": [1, 0, 0],
            "to": [15, 0.75, 0.75],
            "faces": {
                "north": {"uv": [0, 1.75, 1, 14], "rotation": 90, "texture": "#0"},
                "east": {"uv": [0, 1.75, 1, 14], "rotation": 90, "texture": "#0"},
                "south": {"uv": [0, 1.75, 0.75, 15.75], "rotation": 90, "texture": "#0"},
                "west": {"uv": [0, 1.75, 1, 14], "rotation": 90, "texture": "#0"},
                "up": {"uv": [0, 1.75, 1, 14], "rotation": 90, "texture": "#0"},
                "down": {"uv": [0, 1.75, 1, 14], "rotation": 90, "texture": "#0"}
            }
        },
        {
            "from": [15, 15, 1],
            "to": [15.75, 15.75, 15],
            "rotation": {"angle": 0, "axis": "y", "origin": [8, 23, 8]},
            "faces": {
                "east": {"uv": [14.875, 1.75, 16, 14.25], "rotation": 270, "texture": "#0"},
                "west": {"uv": [2, 14.75, 14, 16], "rotation": 270, "texture": "#0"},
                "up": {"uv": [1.875, 14.75, 14.125, 16], "rotation": 270, "texture": "#0"},
                "down": {"uv": [14.875, 1.75, 16, 14.25], "rotation": 270, "texture": "#0"}
            }
        },
        {
            "from": [15.25, 0, 1],
            "to": [16, 0.75, 15],
            "faces": {
                "north": {"uv": [0, 1.75, 1, 14], "rotation": 180, "texture": "#0"},
                "east": {"uv": [1.75, 14.875, 14.25, 16], "rotation": 180, "texture": "#0"},
                "south": {"uv": [0, 1.75, 0.75, 2.5], "rotation": 180, "texture": "#0"},
                "west": {"uv": [0, 1.75, 1, 14], "rotation": 180, "texture": "#0"},
                "up": {"uv": [0, 1.75, 1, 14], "rotation": 180, "texture": "#0"},
                "down": {"uv": [0, 1.75, 1, 14], "rotation": 180, "texture": "#0"}
            }
        }
    ],
    "display": {
        "thirdperson_righthand": {
            "rotation": [75, 45, 0],
            "translation": [0, 2.5, 0],
            "scale": [0.375, 0.375, 0.375]
        },
        "thirdperson_lefthand": {
            "rotation": [75, 45, 0],
            "translation": [0, 2.5, 0],
            "scale": [0.375, 0.375, 0.375]
        },
        "firstperson_righthand": {
            "rotation": [0, 45, 0],
            "scale": [0.4, 0.4, 0.4]
        },
        "firstperson_lefthand": {
            "rotation": [0, 225, 0],
            "scale": [0.4, 0.4, 0.4]
        },
        "ground": {
            "translation": [0, 3, 0],
            "scale": [0.25, 0.25, 0.25]
        },
        "gui": {
            "rotation": [30, 225, 0],
            "scale": [0.625, 0.625, 0.625]
        },
        "fixed": {
            "scale": [0.5, 0.5, 0.5]
        }
    }
}
