{
"__comment": "Designed by Tomaxed44 with BDcraft Cubik PRO 0.95 Beta - http://bdcraft.net",
"textures": {
    "particle": "entity/bloodfade",
    "texture": "entity/bloodfade"
},
"elements": [ 
{
    "from": [ 0, -10.5625, 0 ],
    "to": [ 16, -10.5, 16 ],
    "faces": {
        "up":    { "uv": [ 0, 0, 16, 16 ], "texture": "#texture" }
    }
}
],
"display": {
    "head": {
        "rotation": [ 0, 0, 0 ],
        "translation": [ 0, 12.80, 0 ],
        "scale": [ 3, 3, 3 ]
    }
}
}