{
"__comment": "Designed by Tomaxed44 with BDcraft Cubik PRO 0.95 Beta - http://bdcraft.net",
"textures": {
    "texture": "mob/bullker"
},
"elements": [ 
{
    "from": [ 2.3125, 2, 5.5 ],
    "to": [ 5.3125, 8, 7 ],
    "rotation": { "origin": [ 2.3125, 8, 5.5 ], "axis": "x", "angle": 22.5 },
    "faces": {
        "down":  { "uv": [ 16, 3, 14, 1.5 ], "texture": "#texture" },
        "up":    { "uv": [ 0, 1.5, 2, 3 ], "texture": "#texture" },
        "north": { "uv": [ 14, 11, 16, 16 ], "texture": "#texture" },
        "south": { "uv": [ 0, 11, 2, 16 ], "texture": "#texture" },
        "west":  { "uv": [ 1.5, 11, 3, 16 ], "texture": "#texture" },
        "east":  { "uv": [ 13, 11, 14.5, 16 ], "texture": "#texture" }
    }
},
{
    "from": [ 2.3125, 1.5, 1.5 ],
    "to": [ 5.3125, 2.5, 5 ],
    "faces": {
        "down":  { "uv": [ 13.6875, 5, 10.6875, 1.5 ], "texture": "#texture" },
        "up":    { "uv": [ 2.3125, 1.5, 5.3125, 5 ], "texture": "#texture" },
        "north": { "uv": [ 10.6875, 13.5, 13.6875, 14.5 ], "texture": "#texture" },
        "south": { "uv": [ 2.3125, 13.5, 5.3125, 14.5 ], "texture": "#texture" },
        "west":  { "uv": [ 1.5, 13.5, 5, 14.5 ], "texture": "#texture" },
        "east":  { "uv": [ 11, 13.5, 14.5, 14.5 ], "texture": "#texture" }
    }
},
{
    "from": [ 2, 5, 12 ],
    "to": [ 5.5, 9, 14 ],
    "rotation": { "origin": [ 2, 9, 12 ], "axis": "x", "angle": 45 },
    "faces": {
        "down":  { "uv": [ 16, 14, 14, 12 ], "texture": "#texture" },
        "up":    { "uv": [ 0, 12, 2, 14 ], "texture": "#texture" },
        "north": { "uv": [ 14, 7, 16, 12 ], "texture": "#texture" },
        "south": { "uv": [ 0, 7, 2, 12 ], "texture": "#texture" },
        "west":  { "uv": [ 12, 7, 14, 12 ], "texture": "#texture" },
        "east":  { "uv": [ 2, 7, 4, 12 ], "texture": "#texture" }
    }
},
{
    "from": [ 1.9375, 4.1875, 9.0625 ],
    "to": [ 3.9375, 6.1875, 11.0625 ],
    "faces": {
        "down":  { "uv": [ 14.0625, 11.0625, 12.0625, 9.0625 ], "texture": "#texture" },
        "up":    { "uv": [ 1.9375, 9.0625, 3.9375, 11.0625 ], "texture": "#texture" },
        "north": { "uv": [ 12.0625, 9.8125, 14.0625, 11.8125 ], "texture": "#texture" },
        "south": { "uv": [ 1.9375, 9.8125, 3.9375, 11.8125 ], "texture": "#texture" },
        "west":  { "uv": [ 9.0625, 9.8125, 11.0625, 11.8125 ], "texture": "#texture" },
        "east":  { "uv": [ 4.9375, 9.8125, 6.9375, 11.8125 ], "texture": "#texture" }
    }
},
{
    "from": [ 2.3125, 1.50184, 10 ],
    "to": [ 5.3125, 4.50184, 11.5 ],
    "rotation": { "origin": [ 2.3125, 4.50184, 10 ], "axis": "x", "angle": -45 },
    "faces": {
        "down":  { "uv": [ 0, 10.5, 2, 12 ], "texture": "#texture" },
        "up":    { "uv": [ 0, 10.5, 2, 12 ], "texture": "#texture" },
        "north": { "uv": [ 0, 12.5, 2, 15.5 ], "texture": "#texture" },
        "south": { "uv": [ 0, 12.5, 2, 15.5 ], "texture": "#texture" },
        "west":  { "uv": [ 10.5, 12.5, 12, 15.5 ], "texture": "#texture" },
        "east":  { "uv": [ 10.5, 12.5, 12, 15.5 ], "texture": "#texture" }
    }
},
{
    "from": [ 2.3125, 1, 10 ],
    "to": [ 5.3125, 2.5, 11.5 ],
    "rotation": { "origin": [ 2.3125, 2.5, 10 ], "axis": "x", "angle": -45 },
    "faces": {
        "down":  { "uv": [ 0, 13.5, 2, 15 ], "texture": "#texture" },
        "up":    { "uv": [ 0, 13.5, 2, 15 ], "texture": "#texture" },
        "north": { "uv": [ 0, 13, 2, 16 ], "texture": "#texture" },
        "south": { "uv": [ 0, 13, 2, 16 ], "texture": "#texture" },
        "west":  { "uv": [ 13.5, 13, 15, 16 ], "texture": "#texture" },
        "east":  { "uv": [ 13.5, 13, 15, 16 ], "texture": "#texture" }
    }
},
{
    "from": [ 2.3125, 1.5, 9 ],
    "to": [ 5.3125, 2.5, 11 ],
    "faces": {
        "down":  { "uv": [ 13.6875, 11, 10.6875, 9 ], "texture": "#texture" },
        "up":    { "uv": [ 2.3125, 9, 5.3125, 11 ], "texture": "#texture" },
        "north": { "uv": [ 10.6875, 13.5, 13.6875, 14.5 ], "texture": "#texture" },
        "south": { "uv": [ 2.3125, 13.5, 5.3125, 14.5 ], "texture": "#texture" },
        "west":  { "uv": [ 9, 13.5, 11, 14.5 ], "texture": "#texture" },
        "east":  { "uv": [ 5, 13.5, 7, 14.5 ], "texture": "#texture" }
    }
},
{
    "from": [ 10.75, 2, 5.5 ],
    "to": [ 13.75, 8, 7 ],
    "rotation": { "origin": [ 10.75, 8, 5.5 ], "axis": "x", "angle": 22.5 },
    "faces": {
        "down":  { "uv": [ 16, 3, 14, 1.5 ], "texture": "#texture" },
        "up":    { "uv": [ 0, 1.5, 2, 3 ], "texture": "#texture" },
        "north": { "uv": [ 14, 11, 16, 16 ], "texture": "#texture" },
        "south": { "uv": [ 0, 11, 2, 16 ], "texture": "#texture" },
        "west":  { "uv": [ 1.5, 11, 3, 16 ], "texture": "#texture" },
        "east":  { "uv": [ 13, 11, 14.5, 16 ], "texture": "#texture" }
    }
},
{
    "from": [ 10.75, 1.5, 1.5 ],
    "to": [ 13.75, 2.5, 5 ],
    "faces": {
        "down":  { "uv": [ 5.25, 5, 2.25, 1.5 ], "texture": "#texture" },
        "up":    { "uv": [ 10.75, 1.5, 13.75, 5 ], "texture": "#texture" },
        "north": { "uv": [ 2.25, 13.5, 5.25, 14.5 ], "texture": "#texture" },
        "south": { "uv": [ 10.75, 13.5, 13.75, 14.5 ], "texture": "#texture" },
        "west":  { "uv": [ 1.5, 13.5, 5, 14.5 ], "texture": "#texture" },
        "east":  { "uv": [ 11, 13.5, 14.5, 14.5 ], "texture": "#texture" }
    }
},
{
    "from": [ 10.5, 5, 12 ],
    "to": [ 14, 9, 14 ],
    "rotation": { "origin": [ 10.5, 9, 12 ], "axis": "x", "angle": 45 },
    "faces": {
        "down":  { "uv": [ 16, 14, 14, 12 ], "texture": "#texture" },
        "up":    { "uv": [ 0, 12, 2, 14 ], "texture": "#texture" },
        "north": { "uv": [ 14, 7, 16, 12 ], "texture": "#texture" },
        "south": { "uv": [ 0, 7, 2, 12 ], "texture": "#texture" },
        "west":  { "uv": [ 12, 7, 14, 12 ], "texture": "#texture" },
        "east":  { "uv": [ 2, 7, 4, 12 ], "texture": "#texture" }
    }
},
{
    "from": [ 11.9375, 4.1875, 9.0625 ],
    "to": [ 13.9375, 6.1875, 11.0625 ],
    "faces": {
        "down":  { "uv": [ 4.0625, 11.0625, 2.0625, 9.0625 ], "texture": "#texture" },
        "up":    { "uv": [ 11.9375, 9.0625, 13.9375, 11.0625 ], "texture": "#texture" },
        "north": { "uv": [ 2.0625, 9.8125, 4.0625, 11.8125 ], "texture": "#texture" },
        "south": { "uv": [ 11.9375, 9.8125, 13.9375, 11.8125 ], "texture": "#texture" },
        "west":  { "uv": [ 9.0625, 9.8125, 11.0625, 11.8125 ], "texture": "#texture" },
        "east":  { "uv": [ 4.9375, 9.8125, 6.9375, 11.8125 ], "texture": "#texture" }
    }
},
{
    "from": [ 10.75, 1.50184, 10 ],
    "to": [ 13.75, 4.50184, 11.5 ],
    "rotation": { "origin": [ 10.75, 4.50184, 10 ], "axis": "x", "angle": -45 },
    "faces": {
        "down":  { "uv": [ 0, 10.5, 2, 12 ], "texture": "#texture" },
        "up":    { "uv": [ 0, 10.5, 2, 12 ], "texture": "#texture" },
        "north": { "uv": [ 0, 12.5, 2, 15.5 ], "texture": "#texture" },
        "south": { "uv": [ 0, 12.5, 2, 15.5 ], "texture": "#texture" },
        "west":  { "uv": [ 10.5, 12.5, 12, 15.5 ], "texture": "#texture" },
        "east":  { "uv": [ 10.5, 12.5, 12, 15.5 ], "texture": "#texture" }
    }
},
{
    "from": [ 10.75, 1.5, 9 ],
    "to": [ 13.75, 2.5, 11 ],
    "faces": {
        "down":  { "uv": [ 5.25, 11, 2.25, 9 ], "texture": "#texture" },
        "up":    { "uv": [ 10.75, 9, 13.75, 11 ], "texture": "#texture" },
        "north": { "uv": [ 2.25, 13.5, 5.25, 14.5 ], "texture": "#texture" },
        "south": { "uv": [ 10.75, 13.5, 13.75, 14.5 ], "texture": "#texture" },
        "west":  { "uv": [ 9, 13.5, 11, 14.5 ], "texture": "#texture" },
        "east":  { "uv": [ 5, 13.5, 7, 14.5 ], "texture": "#texture" }
    }
},
{
    "from": [ 1.5, 6.5, 4 ],
    "to": [ 14.5, 10, 7.5 ],
    "faces": {
        "down":  { "uv": [ 14.5, 7.5, 1.5, 4 ], "texture": "#texture" },
        "up":    { "uv": [ 1.5, 4, 14.5, 7.5 ], "texture": "#texture" },
        "north": { "uv": [ 1.5, 6, 14.5, 9.5 ], "texture": "#texture" },
        "south": { "uv": [ 1.5, 6, 14.5, 9.5 ], "texture": "#texture" },
        "west":  { "uv": [ 4, 6, 7.5, 9.5 ], "texture": "#texture" },
        "east":  { "uv": [ 8.5, 6, 12, 9.5 ], "texture": "#texture" }
    }
},
{
    "from": [ 1.5, 6.125, 6 ],
    "to": [ 14.5, 10.125, 11 ],
    "rotation": { "origin": [ 1.5, 10.125, 6 ], "axis": "x", "angle": -22.5 },
    "faces": {
        "down":  { "uv": [ 1.5, 6.5, 14.5, 11.5 ], "texture": "#texture" },
        "up":    { "uv": [ 1.5, 6.5, 14.5, 11.5 ], "texture": "#texture" },
        "north": { "uv": [ 1.5, 7.6875, 14.5, 9.6875 ], "texture": "#texture" },
        "south": { "uv": [ 1.5, 7.6875, 14.5, 9.6875 ], "texture": "#texture" },
        "west":  { "uv": [ 6.5, 7.6875, 11.5, 9.6875 ], "texture": "#texture" },
        "east":  { "uv": [ 6.5, 7.6875, 11.5, 9.6875 ], "texture": "#texture" }
    }
},
{
    "from": [ 2, 8, 10.5 ],
    "to": [ 14, 12, 14 ],
    "faces": {
        "down":  { "uv": [ 14, 14, 2, 10.5 ], "texture": "#texture" },
        "up":    { "uv": [ 2, 10.5, 14, 14 ], "texture": "#texture" },
        "north": { "uv": [ 2, 4, 14, 8 ], "texture": "#texture" },
        "south": { "uv": [ 2, 4, 14, 8 ], "texture": "#texture" },
        "west":  { "uv": [ 10.5, 4, 14, 8 ], "texture": "#texture" },
        "east":  { "uv": [ 2, 4, 5.5, 8 ], "texture": "#texture" }
    }
},
{
    "from": [ 3, 10, 3 ],
    "to": [ 13, 11, 7 ],
    "faces": {
        "down":  { "uv": [ 13, 7, 3, 3 ], "texture": "#texture" },
        "up":    { "uv": [ 3, 3, 13, 7 ], "texture": "#texture" },
        "north": { "uv": [ 3, 5, 13, 6 ], "texture": "#texture" },
        "south": { "uv": [ 3, 5, 13, 6 ], "texture": "#texture" },
        "west":  { "uv": [ 3, 5, 7, 6 ], "texture": "#texture" },
        "east":  { "uv": [ 9, 5, 13, 6 ], "texture": "#texture" }
    }
},
{
    "from": [ 5, 9, 3 ],
    "to": [ 11, 10, 4 ],
    "faces": {
        "down":  { "uv": [ 11, 4, 5, 3 ], "texture": "#texture" },
        "up":    { "uv": [ 5, 3, 11, 4 ], "texture": "#texture" },
        "north": { "uv": [ 5, 6, 11, 7 ], "texture": "#texture" },
        "south": { "uv": [ 5, 6, 11, 7 ], "texture": "#texture" },
        "west":  { "uv": [ 3, 6, 4, 7 ], "texture": "#texture" },
        "east":  { "uv": [ 12, 6, 13, 7 ], "texture": "#texture" }
    }
},
{
    "from": [ 4, 11, 3 ],
    "to": [ 12, 12, 6 ],
    "faces": {
        "down":  { "uv": [ 12, 6, 4, 3 ], "texture": "#texture" },
        "up":    { "uv": [ 4, 3, 12, 6 ], "texture": "#texture" },
        "north": { "uv": [ 4, 4, 12, 5 ], "texture": "#texture" },
        "south": { "uv": [ 4, 4, 12, 5 ], "texture": "#texture" },
        "west":  { "uv": [ 3, 4, 6, 5 ], "texture": "#texture" },
        "east":  { "uv": [ 10, 4, 13, 5 ], "texture": "#texture" }
    }
},
{
    "from": [ 4.5, 12, 2.5 ],
    "to": [ 11.5, 13, 4.5 ],
    "faces": {
        "down":  { "uv": [ 11.5, 4.5, 4.5, 2.5 ], "texture": "#texture" },
        "up":    { "uv": [ 4.5, 2.5, 11.5, 4.5 ], "texture": "#texture" },
        "north": { "uv": [ 4.5, 3, 11.5, 4 ], "texture": "#texture" },
        "south": { "uv": [ 4.5, 3, 11.5, 4 ], "texture": "#texture" },
        "west":  { "uv": [ 2.5, 3, 4.5, 4 ], "texture": "#texture" },
        "east":  { "uv": [ 11.5, 3, 13.5, 4 ], "texture": "#texture" }
    }
},
{
    "from": [ 6, 11, 2.5 ],
    "to": [ 10, 12, 3 ],
    "faces": {
        "down":  { "uv": [ 10, 3, 6, 2.5 ], "texture": "#texture" },
        "up":    { "uv": [ 6, 2.5, 10, 3 ], "texture": "#texture" },
        "north": { "uv": [ 6, 4, 10, 5 ], "texture": "#texture" },
        "south": { "uv": [ 6, 4, 10, 5 ], "texture": "#texture" },
        "west":  { "uv": [ 2.5, 4, 3, 5 ], "texture": "#texture" },
        "east":  { "uv": [ 13, 4, 13.5, 5 ], "texture": "#texture" }
    }
},
{
    "from": [ 5.5, 14, 2 ],
    "to": [ 7, 14.5, 3 ],
    "faces": {
        "down":  { "uv": [ 10.5, 3, 9, 2 ], "texture": "#texture" },
        "up":    { "uv": [ 5.5, 2, 7, 3 ], "texture": "#texture" },
        "north": { "uv": [ 9, 1.5, 10.5, 2 ], "texture": "#texture" },
        "south": { "uv": [ 5.5, 1.5, 7, 2 ], "texture": "#texture" },
        "west":  { "uv": [ 2, 1.5, 3, 2 ], "texture": "#texture" },
        "east":  { "uv": [ 13, 1.5, 14, 2 ], "texture": "#texture" }
    }
},
{
    "from": [ 9, 14, 2 ],
    "to": [ 10.5, 14.5, 3 ],
    "faces": {
        "down":  { "uv": [ 7, 3, 5.5, 2 ], "texture": "#texture" },
        "up":    { "uv": [ 9, 2, 10.5, 3 ], "texture": "#texture" },
        "north": { "uv": [ 5.5, 1.5, 7, 2 ], "texture": "#texture" },
        "south": { "uv": [ 9, 1.5, 10.5, 2 ], "texture": "#texture" },
        "west":  { "uv": [ 2, 1.5, 3, 2 ], "texture": "#texture" },
        "east":  { "uv": [ 13, 1.5, 14, 2 ], "texture": "#texture" }
    }
},
{
    "from": [ 9, 11.5, 2 ],
    "to": [ 10.5, 12, 2.5 ],
    "faces": {
        "down":  { "uv": [ 7, 2.5, 5.5, 2 ], "texture": "#texture" },
        "up":    { "uv": [ 9, 2, 10.5, 2.5 ], "texture": "#texture" },
        "north": { "uv": [ 5.5, 4, 7, 4.5 ], "texture": "#texture" },
        "south": { "uv": [ 9, 4, 10.5, 4.5 ], "texture": "#texture" },
        "west":  { "uv": [ 2, 4, 2.5, 4.5 ], "texture": "#texture" },
        "east":  { "uv": [ 13.5, 4, 14, 4.5 ], "texture": "#texture" }
    }
},
{
    "from": [ 5.5, 11.5, 2 ],
    "to": [ 7, 12, 2.5 ],
    "faces": {
        "down":  { "uv": [ 10.5, 2.5, 9, 2 ], "texture": "#texture" },
        "up":    { "uv": [ 5.5, 2, 7, 2.5 ], "texture": "#texture" },
        "north": { "uv": [ 9, 4, 10.5, 4.5 ], "texture": "#texture" },
        "south": { "uv": [ 5.5, 4, 7, 4.5 ], "texture": "#texture" },
        "west":  { "uv": [ 2, 4, 2.5, 4.5 ], "texture": "#texture" },
        "east":  { "uv": [ 13.5, 4, 14, 4.5 ], "texture": "#texture" }
    }
},
{
    "from": [ 5, 13, 2.5 ],
    "to": [ 11, 14, 4.5 ],
    "faces": {
        "down":  { "uv": [ 11, 4.5, 5, 2.5 ], "texture": "#texture" },
        "up":    { "uv": [ 5, 2.5, 11, 4.5 ], "texture": "#texture" },
        "north": { "uv": [ 5, 2, 11, 3 ], "texture": "#texture" },
        "south": { "uv": [ 5, 2, 11, 3 ], "texture": "#texture" },
        "west":  { "uv": [ 2.5, 2, 4.5, 3 ], "texture": "#texture" },
        "east":  { "uv": [ 11.5, 2, 13.5, 3 ], "texture": "#texture" }
    }
},
{
    "from": [ 7, 10, 14 ],
    "to": [ 9, 11, 15 ],
    "faces": {
        "down":  { "uv": [ 9, 15, 7, 14 ], "texture": "#texture" },
        "up":    { "uv": [ 7, 14, 9, 15 ], "texture": "#texture" },
        "north": { "uv": [ 7, 5, 9, 6 ], "texture": "#texture" },
        "south": { "uv": [ 7, 5, 9, 6 ], "texture": "#texture" },
        "west":  { "uv": [ 14, 5, 15, 6 ], "texture": "#texture" },
        "east":  { "uv": [ 1, 5, 2, 6 ], "texture": "#texture" }
    }
},
{
    "from": [ 7, 6.0625, 14.5 ],
    "to": [ 9, 10.5, 15.375 ],
    "rotation": { "origin": [ 7, 10.5, 14.5 ], "axis": "x", "angle": -45 },
    "faces": {
        "down":  { "uv": [ 9, 16, 7, 16 ], "texture": "#texture" },
        "up":    { "uv": [ 7, 16, 9, 16 ], "texture": "#texture" },
        "north": { "uv": [ 7, 7.5, 9, 11.9375 ], "texture": "#texture" },
        "south": { "uv": [ 7, 7.5, 9, 11.9375 ], "texture": "#texture" },
        "west":  { "uv": [ 16, 7.5, 16, 11.9375 ], "texture": "#texture" },
        "east":  { "uv": [ 0, 7.5, 0, 11.9375 ], "texture": "#texture" }
    }
},
{
    "from": [ 7, 4.8125, 17.4375 ],
    "to": [ 9, 7.875, 18.125 ],
    "rotation": { "origin": [ 7, 7.875, 17.4375 ], "axis": "x", "angle": -22.5 },
    "faces": {
        "down":  { "uv": [ 7, 13.5, 9, 14.1875 ], "texture": "#texture" },
        "up":    { "uv": [ 7, 13.5, 9, 14.1875 ], "texture": "#texture" },
        "north": { "uv": [ 7, 9.5, 9, 12.5625 ], "texture": "#texture" },
        "south": { "uv": [ 7, 9.5, 9, 12.5625 ], "texture": "#texture" },
        "west":  { "uv": [ 13.5, 9.5, 14.1875, 12.5625 ], "texture": "#texture" },
        "east":  { "uv": [ 13.5, 9.5, 14.1875, 12.5625 ], "texture": "#texture" }
    }
},
{
    "from": [ 7, 3.0625, 18.75 ],
    "to": [ 9, 5.0625, 19.25 ],
    "rotation": { "origin": [ 7, 5.0625, 18.75 ], "axis": "x", "angle": -45 },
    "faces": {
        "down":  { "uv": [ 7, 14.5, 9, 15 ], "texture": "#texture" },
        "up":    { "uv": [ 7, 14.5, 9, 15 ], "texture": "#texture" },
        "north": { "uv": [ 7, 12, 9, 14 ], "texture": "#texture" },
        "south": { "uv": [ 7, 12, 9, 14 ], "texture": "#texture" },
        "west":  { "uv": [ 14.5, 12, 15, 14 ], "texture": "#texture" },
        "east":  { "uv": [ 14.5, 12, 15, 14 ], "texture": "#texture" }
    }
},
{
    "from": [ 7, 3.625, 20.25 ],
    "to": [ 9, 4.125, 21.25 ],
    "rotation": { "origin": [ 7, 4.125, 20.25 ], "axis": "x", "angle": 22.5 },
    "faces": {
        "down":  { "uv": [ -3, 14.5, -2, 15.5 ], "texture": "#texture" },
        "up":    { "uv": [ 0, 14.5, 1, 15.5 ], "texture": "#texture" },
        "north": { "uv": [ 0, 10, 1, 10.5 ], "texture": "#texture" },
        "south": { "uv": [ 0, 10, 1, 10.5 ], "texture": "#texture" },
        "west":  { "uv": [ 14.5, 10, 15.5, 10.5 ], "texture": "#texture" },
        "east":  { "uv": [ 14.5, 10, 15.5, 10.5 ], "texture": "#texture" }
    }
},
{
    "from": [ 10.75, 1, 10 ],
    "to": [ 13.75, 2.5, 11.5 ],
    "rotation": { "origin": [ 10.75, 2.5, 10 ], "axis": "x", "angle": -45 },
    "faces": {
        "down":  { "uv": [ 0, 13.5, 2, 15 ], "texture": "#texture" },
        "up":    { "uv": [ 0, 13.5, 2, 15 ], "texture": "#texture" },
        "north": { "uv": [ 0, 13, 2, 16 ], "texture": "#texture" },
        "south": { "uv": [ 0, 13, 2, 16 ], "texture": "#texture" },
        "west":  { "uv": [ 13.5, 13, 15, 16 ], "texture": "#texture" },
        "east":  { "uv": [ 13.5, 13, 15, 16 ], "texture": "#texture" }
    }
}
],
"display": {
    "head": {
        "rotation": [ 0, 0, 0 ],
        "translation": [ 0, -10.77, 0 ],
        "scale": [ 2.36, 3.5, 3.5 ]
    }
}
}