{
"__comment": "Designed by Tomaxed44 with BDcraft Cubik PRO 0.95 Beta - http://bdcraft.net",
"textures": {
    "particle": "mob/bullker",
    "texture": "mob/bullker"
},
"elements": [ 
{
    "from": [ 6, 8, 1 ],
    "to": [ 10, 12.5, 4 ],
    "faces": {
        "down":  { "uv": [ 10, 4, 6, 1 ], "texture": "#texture" },
        "up":    { "uv": [ 6, 1, 10, 4 ], "texture": "#texture" },
        "north": { "uv": [ 6, 3.5, 10, 8 ], "texture": "#texture" },
        "west":  { "uv": [ 1, 3.5, 4, 8 ], "texture": "#texture" },
        "east":  { "uv": [ 12, 3.5, 15, 8 ], "texture": "#texture" }
    }
},
{
    "from": [ 6, 6, 4 ],
    "to": [ 10, 13.5, 8 ],
    "faces": {
        "down":  { "uv": [ 10, 8, 6, 4 ], "texture": "#texture" },
        "up":    { "uv": [ 6, 4, 10, 8 ], "texture": "#texture" },
        "north": { "uv": [ 6, 2.5, 10, 10 ], "texture": "#texture" },
        "south": { "uv": [ 6, 2.5, 10, 10 ], "texture": "#texture" },
        "west":  { "uv": [ 4, 2.5, 8, 10 ], "texture": "#texture" },
        "east":  { "uv": [ 8, 2.5, 12, 10 ], "texture": "#texture" }
    }
},
{
    "from": [ 6, 7.5, 8 ],
    "to": [ 10, 12.5, 12.5 ],
    "faces": {
        "down":  { "uv": [ 10, 12.5, 6, 8 ], "texture": "#texture" },
        "up":    { "uv": [ 6, 8, 10, 12.5 ], "texture": "#texture" },
        "south": { "uv": [ 6, 3.5, 10, 8.5 ], "texture": "#texture" },
        "west":  { "uv": [ 8, 3.5, 12.5, 8.5 ], "texture": "#texture" },
        "east":  { "uv": [ 3.5, 3.5, 8, 8.5 ], "texture": "#texture" }
    }
},
{
    "from": [ 6.5, 9, 16 ],
    "to": [ 9.5, 11.5, 20 ],
    "faces": {
        "down":  { "uv": [ 6.5, 4.5, 9, 10 ], "texture": "#texture" },
        "up":    { "uv": [ 6.5, 4.5, 9, 10 ], "texture": "#texture" },
        "south": { "uv": [ 6.5, 4.5, 9.5, 7 ], "texture": "#texture" },
        "west":  { "uv": [ 6.5, 4.5, 12, 9 ], "texture": "#texture" },
        "east":  { "uv": [ 6.5, 4.5, 12, 9 ], "texture": "#texture" }
    }
},
{
    "from": [ 7, 9.5, 20 ],
    "to": [ 9, 10.5, 26 ],
    "faces": {
        "down":  { "uv": [ 7, 5.5, 9, 11 ], "texture": "#texture" },
        "up":    { "uv": [ 7, 5.5, 9, 11 ], "texture": "#texture" },
        "south": { "uv": [ 7, 5.5, 9, 6.5 ], "texture": "#texture" },
        "west":  { "uv": [ 7, 5.5, 13, 6.5 ], "texture": "#texture" },
        "east":  { "uv": [ 7, 5.5, 13, 6.5 ], "texture": "#texture" }
    }
},
{
    "from": [ 7.25, 10.5, 26 ],
    "to": [ 8.75, 11.5, 28.5 ],
    "faces": {
        "down":  { "uv": [ 7.25, 4.5, 8.75, 9 ], "texture": "#texture" },
        "up":    { "uv": [ 7.25, 4.5, 8.75, 9 ], "texture": "#texture" },
        "north": { "uv": [ 8.75, 4.5, 7.25, 5.5 ], "texture": "#texture" },
        "south": { "uv": [ 7.25, 4.5, 8.75, 5.5 ], "texture": "#texture" },
        "west":  { "uv": [ 7.25, 4.5, 11.75, 5.5 ], "texture": "#texture" },
        "east":  { "uv": [ 7.25, 4.5, 11.75, 5.5 ], "texture": "#texture" }
    }
},
{
    "from": [ 7.5, 11.5, 28.5 ],
    "to": [ 8.5, 12, 30 ],
    "faces": {
        "down":  { "uv": [ 7.5, 4, 8.5, 7 ], "texture": "#texture" },
        "up":    { "uv": [ 7.5, 4, 8.5, 7 ], "texture": "#texture" },
        "north": { "uv": [ 8.5, 4, 7.5, 4.5 ], "texture": "#texture" },
        "south": { "uv": [ 7.5, 4, 8.5, 4.5 ], "texture": "#texture" },
        "west":  { "uv": [ 7.5, 4, 9.5, 4.5 ], "texture": "#texture" },
        "east":  { "uv": [ 7.5, 4, 9.5, 4.5 ], "texture": "#texture" }
    }
},
{
    "from": [ 5, 9, 1 ],
    "to": [ 11, 11.5, 13.5 ],
    "faces": {
        "down":  { "uv": [ 11, 13.5, 5, 1 ], "texture": "#texture" },
        "up":    { "uv": [ 5, 1, 11, 13.5 ], "texture": "#texture" },
        "north": { "uv": [ 5, 4.5, 11, 7 ], "texture": "#texture" },
        "south": { "uv": [ 5, 4.5, 11, 7 ], "texture": "#texture" },
        "west":  { "uv": [ 1, 4.5, 13.5, 7 ], "texture": "#texture" },
        "east":  { "uv": [ 2.5, 4.5, 15, 7 ], "texture": "#texture" }
    }
},
{
    "from": [ 5, 11.5, 4 ],
    "to": [ 11, 12.5, 8 ],
    "faces": {
        "up":    { "uv": [ 5, 4, 11, 8 ], "texture": "#texture" },
        "north": { "uv": [ 5, 3.5, 11, 4.5 ], "texture": "#texture" },
        "south": { "uv": [ 5, 3.5, 11, 4.5 ], "texture": "#texture" },
        "west":  { "uv": [ 4, 3.5, 8, 4.5 ], "texture": "#texture" },
        "east":  { "uv": [ 8, 3.5, 12, 4.5 ], "texture": "#texture" }
    }
},
{
    "from": [ 5, 8, 4.5 ],
    "to": [ 11, 9, 6.5 ],
    "faces": {
        "down":  { "uv": [ 11, 6.5, 5, 4.5 ], "texture": "#texture" },
        "north": { "uv": [ 5, 7, 11, 8 ], "texture": "#texture" },
        "south": { "uv": [ 5, 7, 11, 8 ], "texture": "#texture" },
        "west":  { "uv": [ 4.5, 7, 6.5, 8 ], "texture": "#texture" },
        "east":  { "uv": [ 9.5, 7, 11.5, 8 ], "texture": "#texture" }
    }
},
{
    "from": [ 5, 7, 5.5 ],
    "to": [ 11, 8, 7.5 ],
    "faces": {
        "down":  { "uv": [ 11, 7.5, 5, 5.5 ], "texture": "#texture" },
        "up":    { "uv": [ 5, 5.5, 11, 7.5 ], "texture": "#texture" },
        "north": { "uv": [ 5, 8, 11, 9 ], "texture": "#texture" },
        "south": { "uv": [ 5, 8, 11, 9 ], "texture": "#texture" },
        "west":  { "uv": [ 5.5, 8, 7.5, 9 ], "texture": "#texture" },
        "east":  { "uv": [ 8.5, 8, 10.5, 9 ], "texture": "#texture" }
    }
},
{
    "from": [ 5, 6, 6.5 ],
    "to": [ 11, 7, 8.5 ],
    "faces": {
        "down":  { "uv": [ 11, 8.5, 5, 6.5 ], "texture": "#texture" },
        "up":    { "uv": [ 5, 6.5, 11, 8.5 ], "texture": "#texture" },
        "north": { "uv": [ 5, 9, 11, 10 ], "texture": "#texture" },
        "south": { "uv": [ 5, 9, 11, 10 ], "texture": "#texture" },
        "west":  { "uv": [ 6.5, 9, 8.5, 10 ], "texture": "#texture" },
        "east":  { "uv": [ 7.5, 9, 9.5, 10 ], "texture": "#texture" }
    }
},
{
    "from": [ 5, 5, 6.5 ],
    "to": [ 7, 6, 8 ],
    "faces": {
        "down":  { "uv": [ 11, 8, 9, 6.5 ], "texture": "#texture" },
        "north": { "uv": [ 9, 10, 11, 11 ], "texture": "#texture" },
        "south": { "uv": [ 5, 10, 7, 11 ], "texture": "#texture" },
        "west":  { "uv": [ 6.5, 10, 8, 11 ], "texture": "#texture" },
        "east":  { "uv": [ 8, 10, 9.5, 11 ], "texture": "#texture" }
    }
},
{
    "from": [ 5, 2.5, 6 ],
    "to": [ 6.5, 5, 7.5 ],
    "faces": {
        "up":    { "uv": [ 5, 6, 6.5, 7.5 ], "texture": "#texture" },
        "north": { "uv": [ 9.5, 11, 11, 13.5 ], "texture": "#texture" },
        "south": { "uv": [ 5, 11, 6.5, 13.5 ], "texture": "#texture" },
        "west":  { "uv": [ 6, 11, 7.5, 13.5 ], "texture": "#texture" },
        "east":  { "uv": [ 8.5, 11, 10, 13.5 ], "texture": "#texture" }
    }
},
{
    "from": [ 9.5, 2.5, 6 ],
    "to": [ 11, 5, 7.5 ],
    "faces": {
        "up":    { "uv": [ 9.5, 6, 11, 7.5 ], "texture": "#texture" },
        "north": { "uv": [ 5, 11, 6.5, 13.5 ], "texture": "#texture" },
        "south": { "uv": [ 9.5, 11, 11, 13.5 ], "texture": "#texture" },
        "west":  { "uv": [ 6, 11, 7.5, 13.5 ], "texture": "#texture" },
        "east":  { "uv": [ 8.5, 11, 10, 13.5 ], "texture": "#texture" }
    }
},
{
    "from": [ 9, 5, 6.5 ],
    "to": [ 11, 6, 8 ],
    "faces": {
        "down":  { "uv": [ 7, 8, 5, 6.5 ], "texture": "#texture" },
        "north": { "uv": [ 5, 10, 7, 11 ], "texture": "#texture" },
        "south": { "uv": [ 9, 10, 11, 11 ], "texture": "#texture" },
        "west":  { "uv": [ 6.5, 10, 8, 11 ], "texture": "#texture" },
        "east":  { "uv": [ 8, 10, 9.5, 11 ], "texture": "#texture" }
    }
},
{
    "from": [ 5, 2, 4.5 ],
    "to": [ 6.5, 2.5, 8 ],
    "faces": {
        "down":  { "uv": [ 11, 8, 9.5, 4.5 ], "texture": "#texture" },
        "up":    { "uv": [ 5, 4.5, 6.5, 8 ], "texture": "#texture" },
        "north": { "uv": [ 9.5, 13.5, 11, 14 ], "texture": "#texture" },
        "south": { "uv": [ 5, 13.5, 6.5, 14 ], "texture": "#texture" },
        "west":  { "uv": [ 4.5, 13.5, 8, 14 ], "texture": "#texture" },
        "east":  { "uv": [ 8, 13.5, 11.5, 14 ], "texture": "#texture" }
    }
},
{
    "from": [ 9.5, 2, 4.5 ],
    "to": [ 11, 2.5, 8 ],
    "faces": {
        "down":  { "uv": [ 6.5, 8, 5, 4.5 ], "texture": "#texture" },
        "up":    { "uv": [ 9.5, 4.5, 11, 8 ], "texture": "#texture" },
        "north": { "uv": [ 5, 13.5, 6.5, 14 ], "texture": "#texture" },
        "south": { "uv": [ 9.5, 13.5, 11, 14 ], "texture": "#texture" },
        "west":  { "uv": [ 4.5, 13.5, 8, 14 ], "texture": "#texture" },
        "east":  { "uv": [ 8, 13.5, 11.5, 14 ], "texture": "#texture" }
    }
},
{
    "from": [ 5, 2.5, 4 ],
    "to": [ 6.5, 3, 5 ],
    "faces": {
        "down":  { "uv": [ 11, 5, 9.5, 4 ], "texture": "#texture" },
        "up":    { "uv": [ 5, 4, 6.5, 5 ], "texture": "#texture" },
        "south": { "uv": [ 5, 13, 6.5, 13.5 ], "texture": "#texture" },
        "west":  { "uv": [ 4, 13, 5, 13.5 ], "texture": "#texture" },
        "east":  { "uv": [ 11, 13, 12, 13.5 ], "texture": "#texture" }
    }
},
{
    "from": [ 9.5, 2.5, 4 ],
    "to": [ 11, 3, 5 ],
    "faces": {
        "down":  { "uv": [ 6.5, 5, 5, 4 ], "texture": "#texture" },
        "up":    { "uv": [ 9.5, 4, 11, 5 ], "texture": "#texture" },
        "south": { "uv": [ 9.5, 13, 11, 13.5 ], "texture": "#texture" },
        "west":  { "uv": [ 4, 13, 5, 13.5 ], "texture": "#texture" },
        "east":  { "uv": [ 11, 13, 12, 13.5 ], "texture": "#texture" }
    }
},
{
    "from": [ 5, 2, 3.5 ],
    "to": [ 6.5, 3, 4 ],
    "faces": {
        "down":  { "uv": [ 11, 4, 9.5, 3.5 ], "texture": "#texture" },
        "up":    { "uv": [ 5, 3.5, 6.5, 4 ], "texture": "#texture" },
        "north": { "uv": [ 9.5, 13, 11, 14 ], "texture": "#texture" },
        "south": { "uv": [ 5, 13, 6.5, 14 ], "texture": "#texture" },
        "west":  { "uv": [ 3.5, 13, 4, 14 ], "texture": "#texture" },
        "east":  { "uv": [ 12, 13, 12.5, 14 ], "texture": "#texture" }
    }
},
{
    "from": [ 9.5, 2, 3.5 ],
    "to": [ 11, 3, 4 ],
    "faces": {
        "down":  { "uv": [ 6.5, 4, 5, 3.5 ], "texture": "#texture" },
        "up":    { "uv": [ 9.5, 3.5, 11, 4 ], "texture": "#texture" },
        "north": { "uv": [ 5, 13, 6.5, 14 ], "texture": "#texture" },
        "south": { "uv": [ 9.5, 13, 11, 14 ], "texture": "#texture" },
        "west":  { "uv": [ 3.5, 13, 4, 14 ], "texture": "#texture" },
        "east":  { "uv": [ 12, 13, 12.5, 14 ], "texture": "#texture" }
    }
},
{
    "from": [ 5.5, 11, -1 ],
    "to": [ 10.5, 13, 1 ],
    "faces": {
        "down":  { "uv": [ 10.5, 1, 5.5, 0 ], "texture": "#texture" },
        "up":    { "uv": [ 5.5, 0, 10.5, 1 ], "texture": "#texture" },
        "north": { "uv": [ 5.5, 3, 10.5, 5 ], "texture": "#texture" },
        "south": { "uv": [ 5.5, 3, 10.5, 5 ], "texture": "#texture" },
        "west":  { "uv": [ 0, 3, 1, 5 ], "texture": "#texture" },
        "east":  { "uv": [ 15, 3, 16, 5 ], "texture": "#texture" }
    }
},
{
    "from": [ 5.5, 7.5, -1 ],
    "to": [ 10.5, 9.5, 1 ],
    "faces": {
        "down":  { "uv": [ 10.5, 1, 5.5, 0 ], "texture": "#texture" },
        "up":    { "uv": [ 5.5, 0, 10.5, 1 ], "texture": "#texture" },
        "north": { "uv": [ 5.5, 6.5, 10.5, 8.5 ], "texture": "#texture" },
        "south": { "uv": [ 5.5, 6.5, 10.5, 8.5 ], "texture": "#texture" },
        "west":  { "uv": [ 0, 6.5, 1, 8.5 ], "texture": "#texture" },
        "east":  { "uv": [ 15, 6.5, 16, 8.5 ], "texture": "#texture" }
    }
},
{
    "from": [ 9, 9.5, -1 ],
    "to": [ 10.5, 11, 1 ],
    "faces": {
        "north": { "uv": [ 5.5, 5, 7, 6.5 ], "texture": "#texture" },
        "west":  { "uv": [ 0, 5, 1, 6.5 ], "texture": "#texture" },
        "east":  { "uv": [ 15, 5, 16, 6.5 ], "texture": "#texture" }
    }
},
{
    "from": [ 5.5, 9.5, -1 ],
    "to": [ 7, 11, 1 ],
    "faces": {
        "north": { "uv": [ 9, 5, 10.5, 6.5 ], "texture": "#texture" },
        "west":  { "uv": [ 0, 5, 1, 6.5 ], "texture": "#texture" },
        "east":  { "uv": [ 15, 5, 16, 6.5 ], "texture": "#texture" }
    }
},
{
    "from": [ 6, 11.5, -1.5 ],
    "to": [ 7, 13, -1 ],
    "faces": {
        "down":  { "uv": [ 10, 0, 9, 0 ], "texture": "#texture" },
        "up":    { "uv": [ 6, 0, 7, 0 ], "texture": "#texture" },
        "north": { "uv": [ 9, 3, 10, 4.5 ], "texture": "#texture" },
        "west":  { "uv": [ 0, 3, 0, 4.5 ], "texture": "#texture" },
        "east":  { "uv": [ 16, 3, 16, 4.5 ], "texture": "#texture" }
    }
},
{
    "from": [ 7.5, 12.5, -1.5 ],
    "to": [ 8.5, 14, -1 ],
    "faces": {
        "down":  { "uv": [ 8.5, 0, 7.5, 0 ], "texture": "#texture" },
        "up":    { "uv": [ 7.5, 0, 8.5, 0 ], "texture": "#texture" },
        "north": { "uv": [ 7.5, 2, 8.5, 3.5 ], "texture": "#texture" },
        "south": { "uv": [ 7.5, 2, 8.5, 3.5 ], "texture": "#texture" },
        "west":  { "uv": [ 0, 2, 0, 3.5 ], "texture": "#texture" },
        "east":  { "uv": [ 16, 2, 16, 3.5 ], "texture": "#texture" }
    }
},
{
    "from": [ 9, 11.5, -1.5 ],
    "to": [ 10, 13, -1 ],
    "faces": {
        "down":  { "uv": [ 7, 0, 6, 0 ], "texture": "#texture" },
        "up":    { "uv": [ 9, 0, 10, 0 ], "texture": "#texture" },
        "north": { "uv": [ 6, 3, 7, 4.5 ], "texture": "#texture" },
        "west":  { "uv": [ 0, 3, 0, 4.5 ], "texture": "#texture" },
        "east":  { "uv": [ 16, 3, 16, 4.5 ], "texture": "#texture" }
    }
},
{
    "from": [ 6, 7.5, -1.5 ],
    "to": [ 7, 9, -1 ],
    "faces": {
        "down":  { "uv": [ 10, 0, 9, 0 ], "texture": "#texture" },
        "up":    { "uv": [ 6, 0, 7, 0 ], "texture": "#texture" },
        "north": { "uv": [ 9, 7, 10, 8.5 ], "texture": "#texture" },
        "west":  { "uv": [ 0, 7, 0, 8.5 ], "texture": "#texture" },
        "east":  { "uv": [ 16, 7, 16, 8.5 ], "texture": "#texture" }
    }
},
{
    "from": [ 9, 7.5, -1.5 ],
    "to": [ 10, 9, -1 ],
    "faces": {
        "down":  { "uv": [ 7, 0, 6, 0 ], "texture": "#texture" },
        "up":    { "uv": [ 9, 0, 10, 0 ], "texture": "#texture" },
        "north": { "uv": [ 6, 7, 7, 8.5 ], "texture": "#texture" },
        "west":  { "uv": [ 0, 7, 0, 8.5 ], "texture": "#texture" },
        "east":  { "uv": [ 16, 7, 16, 8.5 ], "texture": "#texture" }
    }
},
{
    "from": [ 7.5, 6.5, -1.5 ],
    "to": [ 8.5, 8, -1 ],
    "faces": {
        "down":  { "uv": [ 8.5, 0, 7.5, 0 ], "texture": "#texture" },
        "up":    { "uv": [ 7.5, 0, 8.5, 0 ], "texture": "#texture" },
        "north": { "uv": [ 7.5, 8, 8.5, 9.5 ], "texture": "#texture" },
        "south": { "uv": [ 7.5, 8, 8.5, 9.5 ], "texture": "#texture" },
        "west":  { "uv": [ 0, 8, 0, 9.5 ], "texture": "#texture" },
        "east":  { "uv": [ 16, 8, 16, 9.5 ], "texture": "#texture" }
    }
},
{
    "from": [ 6, 10.5, -1.5 ],
    "to": [ 6.5, 11, -1 ],
    "faces": {
        "down":  { "uv": [ 10, 0, 9.5, 0 ], "texture": "#texture" },
        "up":    { "uv": [ 6, 0, 6.5, 0 ], "texture": "#texture" },
        "north": { "uv": [ 9.5, 5, 10, 5.5 ], "texture": "#texture" },
        "west":  { "uv": [ 0, 5, 0, 5.5 ], "texture": "#texture" },
        "east":  { "uv": [ 16, 5, 16, 5.5 ], "texture": "#texture" }
    }
},
{
    "from": [ 9.5, 10.5, -1.5 ],
    "to": [ 10, 11, -1 ],
    "faces": {
        "down":  { "uv": [ 6.5, 0, 6, 0 ], "texture": "#texture" },
        "up":    { "uv": [ 9.5, 0, 10, 0 ], "texture": "#texture" },
        "north": { "uv": [ 6, 5, 6.5, 5.5 ], "texture": "#texture" },
        "west":  { "uv": [ 0, 5, 0, 5.5 ], "texture": "#texture" },
        "east":  { "uv": [ 16, 5, 16, 5.5 ], "texture": "#texture" }
    }
},
{
    "from": [ 6, 9, -1.5 ],
    "to": [ 6.5, 9.5, -1 ],
    "faces": {
        "up":    { "uv": [ 6, 0, 6.5, 0 ], "texture": "#texture" },
        "north": { "uv": [ 9.5, 6.5, 10, 7 ], "texture": "#texture" },
        "east":  { "uv": [ 16, 6.5, 16, 7 ], "texture": "#texture" }
    }
},
{
    "from": [ 6, 7.5, -2 ],
    "to": [ 6.5, 8, -1.5 ],
    "faces": {
        "up":    { "uv": [ 6, 0, 6.5, 0 ], "texture": "#texture" },
        "north": { "uv": [ 9.5, 8, 10, 8.5 ], "texture": "#texture" },
        "west":  { "uv": [ 0, 8, 0, 8.5 ], "texture": "#texture" },
        "east":  { "uv": [ 16, 8, 16, 8.5 ], "texture": "#texture" }
    }
},
{
    "from": [ 9.5, 8.5, -2 ],
    "to": [ 10, 9, -1.5 ],
    "faces": {
        "down":  { "uv": [ 6.5, 0, 6, 0 ], "texture": "#texture" },
        "up":    { "uv": [ 9.5, 0, 10, 0 ], "texture": "#texture" },
        "north": { "uv": [ 6, 7, 6.5, 7.5 ], "texture": "#texture" },
        "west":  { "uv": [ 0, 7, 0, 7.5 ], "texture": "#texture" }
    }
},
{
    "from": [ 5.5, 13, -2.5 ],
    "to": [ 6.5, 13.5, -1.5 ],
    "faces": {
        "down":  { "uv": [ 5.5, 0, 6.5, 1 ], "texture": "#texture" },
        "up":    { "uv": [ 5.5, 0, 6.5, 1 ], "texture": "#texture" },
        "north": { "uv": [ 5.5, 2.5, 6.5, 3 ], "texture": "#texture" },
        "south": { "uv": [ 5.5, 2.5, 6.5, 3 ], "texture": "#texture" },
        "west":  { "uv": [ 0, 2.5, 1, 3 ], "texture": "#texture" },
        "east":  { "uv": [ 0, 2.5, 1, 3 ], "texture": "#texture" }
    }
},
{
    "from": [ 9.5, 13, -2.5 ],
    "to": [ 10.5, 13.5, -1.5 ],
    "faces": {
        "down":  { "uv": [ 6.5, 0, 5.5, 0 ], "texture": "#texture" },
        "up":    { "uv": [ 9.5, 0, 10.5, 0 ], "texture": "#texture" },
        "north": { "uv": [ 5.5, 2.5, 6.5, 3 ], "texture": "#texture" },
        "south": { "uv": [ 9.5, 2.5, 10.5, 3 ], "texture": "#texture" },
        "west":  { "uv": [ 0, 2.5, 0, 3 ], "texture": "#texture" },
        "east":  { "uv": [ 16, 2.5, 16, 3 ], "texture": "#texture" }
    }
},
{
    "from": [ 5.5, 7, -2.5 ],
    "to": [ 6.5, 7.5, -1.5 ],
    "faces": {
        "down":  { "uv": [ 10.5, 0, 9.5, 0 ], "texture": "#texture" },
        "up":    { "uv": [ 5.5, 0, 6.5, 0 ], "texture": "#texture" },
        "north": { "uv": [ 9.5, 8.5, 10.5, 9 ], "texture": "#texture" },
        "south": { "uv": [ 5.5, 8.5, 6.5, 9 ], "texture": "#texture" },
        "west":  { "uv": [ 0, 8.5, 0, 9 ], "texture": "#texture" },
        "east":  { "uv": [ 16, 8.5, 16, 9 ], "texture": "#texture" }
    }
},
{
    "from": [ 9.5, 7, -2.5 ],
    "to": [ 10.5, 7.5, -1.5 ],
    "faces": {
        "down":  { "uv": [ 6.5, 0, 5.5, 0 ], "texture": "#texture" },
        "up":    { "uv": [ 9.5, 0, 10.5, 0 ], "texture": "#texture" },
        "north": { "uv": [ 5.5, 8.5, 6.5, 9 ], "texture": "#texture" },
        "south": { "uv": [ 9.5, 8.5, 10.5, 9 ], "texture": "#texture" },
        "west":  { "uv": [ 0, 8.5, 0, 9 ], "texture": "#texture" },
        "east":  { "uv": [ 16, 8.5, 16, 9 ], "texture": "#texture" }
    }
},
{
    "from": [ 5.5, 11, -2 ],
    "to": [ 6, 12, -1 ],
    "faces": {
        "down":  { "uv": [ 5.5, 0, 6, 1 ], "texture": "#texture" },
        "up":    { "uv": [ 5.5, 0, 6, 1 ], "texture": "#texture" },
        "north": { "uv": [ 5.5, 4, 6, 5 ], "texture": "#texture" },
        "west":  { "uv": [ 0, 4, 1, 5 ], "texture": "#texture" },
        "east":  { "uv": [ 0, 4, 1, 5 ], "texture": "#texture" }
    }
},
{
    "from": [ 5.5, 9, -3 ],
    "to": [ 6, 10, -1 ],
    "faces": {
        "down":  { "uv": [ 5.5, 0, 6, 2 ], "texture": "#texture" },
        "up":    { "uv": [ 5.5, 0, 6, 2 ], "texture": "#texture" },
        "north": { "uv": [ 5.5, 6, 6, 7 ], "texture": "#texture" },
        "south": { "uv": [ 5.5, 6, 6, 7 ], "texture": "#texture" },
        "west":  { "uv": [ 0, 6, 2, 7 ], "texture": "#texture" },
        "east":  { "uv": [ 0, 6, 2, 7 ], "texture": "#texture" }
    }
},
{
    "from": [ 10.5, 10.5, -3 ],
    "to": [ 11, 11.5, -1 ],
    "faces": {
        "down":  { "uv": [ 10.5, 0, 11, 2 ], "texture": "#texture" },
        "up":    { "uv": [ 10.5, 0, 11, 2 ], "texture": "#texture" },
        "north": { "uv": [ 10.5, 4.5, 11, 5.5 ], "texture": "#texture" },
        "south": { "uv": [ 10.5, 4.5, 11, 5.5 ], "texture": "#texture" },
        "west":  { "uv": [ 0, 4.5, 2, 5.5 ], "texture": "#texture" },
        "east":  { "uv": [ 0, 4.5, 2, 5.5 ], "texture": "#texture" }
    }
},
{
    "from": [ 10, 8, -3 ],
    "to": [ 10.5, 9, -1.5 ],
    "faces": {
        "down":  { "uv": [ 10, 0, 10.5, 1.5 ], "texture": "#texture" },
        "up":    { "uv": [ 10, 0, 10.5, 1.5 ], "texture": "#texture" },
        "north": { "uv": [ 10, 7, 10.5, 8 ], "texture": "#texture" },
        "south": { "uv": [ 10, 7, 10.5, 8 ], "texture": "#texture" },
        "west":  { "uv": [ 0, 7, 1.5, 8 ], "texture": "#texture" },
        "east":  { "uv": [ 0, 7, 1.5, 8 ], "texture": "#texture" }
    }
},
{
    "from": [ 7.5, 14, -3 ],
    "to": [ 8.5, 14.5, -1.5 ],
    "faces": {
        "down":  { "uv": [ 7.5, 0, 8.5, 1.5 ], "texture": "#texture" },
        "up":    { "uv": [ 7.5, 0, 8.5, 1.5 ], "texture": "#texture" },
        "north": { "uv": [ 7.5, 1.5, 8.5, 2 ], "texture": "#texture" },
        "south": { "uv": [ 7.5, 1.5, 8.5, 2 ], "texture": "#texture" },
        "west":  { "uv": [ 0, 1.5, 1.5, 2 ], "texture": "#texture" },
        "east":  { "uv": [ 0, 1.5, 1.5, 2 ], "texture": "#texture" }
    }
},
{
    "from": [ 7.5, 6, -3 ],
    "to": [ 8.5, 6.5, -1.5 ],
    "faces": {
        "down":  { "uv": [ 8.5, 0, 7.5, 0 ], "texture": "#texture" },
        "up":    { "uv": [ 7.5, 0, 8.5, 0 ], "texture": "#texture" },
        "north": { "uv": [ 7.5, 9.5, 8.5, 10 ], "texture": "#texture" },
        "south": { "uv": [ 7.5, 9.5, 8.5, 10 ], "texture": "#texture" },
        "west":  { "uv": [ 0, 9.5, 0, 10 ], "texture": "#texture" },
        "east":  { "uv": [ 16, 9.5, 16, 10 ], "texture": "#texture" }
    }
},
{
    "from": [ 7.5, 12.5, 1.5 ],
    "to": [ 8.5, 15, 3 ],
    "faces": {
        "up":    { "uv": [ 7.5, 1.5, 8.5, 3 ], "texture": "#texture" },
        "north": { "uv": [ 7.5, 1, 8.5, 3.5 ], "texture": "#texture" },
        "south": { "uv": [ 7.5, 1, 8.5, 3.5 ], "texture": "#texture" },
        "west":  { "uv": [ 1.5, 1, 3, 3.5 ], "texture": "#texture" },
        "east":  { "uv": [ 13, 1, 14.5, 3.5 ], "texture": "#texture" }
    }
},
{
    "from": [ 7.5, 13.5, 4 ],
    "to": [ 8.5, 14.5, 5.5 ],
    "faces": {
        "up":    { "uv": [ 7.5, 4, 8.5, 5.5 ], "texture": "#texture" },
        "north": { "uv": [ 7.5, 1.5, 8.5, 2.5 ], "texture": "#texture" },
        "south": { "uv": [ 7.5, 1.5, 8.5, 2.5 ], "texture": "#texture" },
        "west":  { "uv": [ 4, 1.5, 5.5, 2.5 ], "texture": "#texture" },
        "east":  { "uv": [ 10.5, 1.5, 12, 2.5 ], "texture": "#texture" }
    }
},
{
    "from": [ 7.5, 13.5, 6.5 ],
    "to": [ 8.5, 14.5, 8 ],
    "faces": {
        "up":    { "uv": [ 7.5, 6.5, 8.5, 8 ], "texture": "#texture" },
        "north": { "uv": [ 7.5, 1.5, 8.5, 2.5 ], "texture": "#texture" },
        "south": { "uv": [ 7.5, 1.5, 8.5, 2.5 ], "texture": "#texture" },
        "west":  { "uv": [ 6.5, 1.5, 8, 2.5 ], "texture": "#texture" },
        "east":  { "uv": [ 8, 1.5, 9.5, 2.5 ], "texture": "#texture" }
    }
},
{
    "from": [ 7.5, 12.5, 9 ],
    "to": [ 8.5, 13.5, 10.5 ],
    "faces": {
        "up":    { "uv": [ 7.5, 9, 8.5, 10.5 ], "texture": "#texture" },
        "north": { "uv": [ 7.5, 2.5, 8.5, 3.5 ], "texture": "#texture" },
        "south": { "uv": [ 7.5, 2.5, 8.5, 3.5 ], "texture": "#texture" },
        "west":  { "uv": [ 9, 2.5, 10.5, 3.5 ], "texture": "#texture" },
        "east":  { "uv": [ 5.5, 2.5, 7, 3.5 ], "texture": "#texture" }
    }
},
{
    "from": [ 7.5, 12.5, 11.5 ],
    "to": [ 8.5, 13.5, 13 ],
    "faces": {
        "down":  { "uv": [ 8.5, 13, 7.5, 11.5 ], "texture": "#texture" },
        "up":    { "uv": [ 7.5, 11.5, 8.5, 13 ], "texture": "#texture" },
        "north": { "uv": [ 7.5, 2.5, 8.5, 3.5 ], "texture": "#texture" },
        "south": { "uv": [ 7.5, 2.5, 8.5, 3.5 ], "texture": "#texture" },
        "west":  { "uv": [ 11.5, 2.5, 13, 3.5 ], "texture": "#texture" },
        "east":  { "uv": [ 3, 2.5, 4.5, 3.5 ], "texture": "#texture" }
    }
},
{
    "from": [ 7.5, 11.5, 15 ],
    "to": [ 8.5, 12.5, 16.5 ],
    "faces": {
        "down":  { "uv": [ 7.5, 15, 8.5, 16.5 ], "texture": "#texture" },
        "up":    { "uv": [ 7.5, 15, 8.5, 16.5 ], "texture": "#texture" },
        "north": { "uv": [ 7.5, 3.5, 8.5, 4.5 ], "texture": "#texture" },
        "south": { "uv": [ 7.5, 3.5, 8.5, 4.5 ], "texture": "#texture" },
        "west":  { "uv": [ 15, 3.5, 16.5, 4.5 ], "texture": "#texture" },
        "east":  { "uv": [ 15, 3.5, 16.5, 4.5 ], "texture": "#texture" }
    }
},
{
    "from": [ 7.5, 11.5, 17.5 ],
    "to": [ 8.5, 12.5, 19 ],
    "faces": {
        "up":    { "uv": [ 7.5, 8, 8.5, 9.5 ], "texture": "#texture" },
        "north": { "uv": [ 7.5, 0.5, 8.5, 1.5 ], "texture": "#texture" },
        "south": { "uv": [ 7.5, 0.5, 8.5, 1.5 ], "texture": "#texture" },
        "west":  { "uv": [ 8, 0.5, 9.5, 1.5 ], "texture": "#texture" },
        "east":  { "uv": [ 8, 0.5, 9.5, 1.5 ], "texture": "#texture" }
    }
},
{
    "from": [ 7.5, 10.5, 20.5 ],
    "to": [ 8.5, 11.5, 22 ],
    "faces": {
        "up":    { "uv": [ 7.5, 14, 8.5, 15.5 ], "texture": "#texture" },
        "north": { "uv": [ 7.5, 1.5, 8.5, 2.5 ], "texture": "#texture" },
        "south": { "uv": [ 7.5, 1.5, 8.5, 2.5 ], "texture": "#texture" },
        "west":  { "uv": [ 14, 1.5, 15.5, 2.5 ], "texture": "#texture" },
        "east":  { "uv": [ 14, 1.5, 15.5, 2.5 ], "texture": "#texture" }
    }
},
{
    "from": [ 7.5, 10.5, 23 ],
    "to": [ 8.5, 11.5, 24.5 ],
    "faces": {
        "up":    { "uv": [ 7.5, 11.5, 8.5, 13 ], "texture": "#texture" },
        "north": { "uv": [ 7.5, 1, 8.5, 2 ], "texture": "#texture" },
        "south": { "uv": [ 7.5, 1, 8.5, 2 ], "texture": "#texture" },
        "west":  { "uv": [ 11.5, 1, 13, 2 ], "texture": "#texture" },
        "east":  { "uv": [ 11.5, 1, 13, 2 ], "texture": "#texture" }
    }
},
{
    "from": [ 7.5, 10.5, 25 ],
    "to": [ 8.5, 11, 26 ],
    "faces": {
        "up":    { "uv": [ 7.5, 16, 8.5, 16 ], "texture": "#texture" },
        "north": { "uv": [ 7.5, 5, 8.5, 5.5 ], "texture": "#texture" },
        "west":  { "uv": [ 16, 5, 16, 5.5 ], "texture": "#texture" },
        "east":  { "uv": [ 0, 5, 0, 5.5 ], "texture": "#texture" }
    }
},
{
    "from": [ 7.5, 11.5, 27 ],
    "to": [ 8.5, 12, 28 ],
    "faces": {
        "up":    { "uv": [ 7.5, 16, 8.5, 16 ], "texture": "#texture" },
        "north": { "uv": [ 7.5, 4, 8.5, 4.5 ], "texture": "#texture" },
        "south": { "uv": [ 7.5, 4, 8.5, 4.5 ], "texture": "#texture" },
        "west":  { "uv": [ 16, 4, 16, 4.5 ], "texture": "#texture" },
        "east":  { "uv": [ 0, 4, 0, 4.5 ], "texture": "#texture" }
    }
},
{
    "from": [ 5.5, 7.5, 15 ],
    "to": [ 7, 9.5, 18.5 ],
    "faces": {
        "down":  { "uv": [ 10.5, 16, 9, 15 ], "texture": "#texture" },
        "up":    { "uv": [ 5.5, 15, 7, 16 ], "texture": "#texture" },
        "north": { "uv": [ 9, 6.5, 10.5, 8.5 ], "texture": "#texture" },
        "south": { "uv": [ 5.5, 6.5, 7, 8.5 ], "texture": "#texture" },
        "west":  { "uv": [ 13, 7, 16, 9.5 ], "texture": "#texture" },
        "east":  { "uv": [ 13, 7, 16, 9.5 ], "texture": "#texture" }
    }
},
{
    "from": [ 5.5, 6.5, 14 ],
    "to": [ 7.5, 7.5, 17.5 ],
    "faces": {
        "down":  { "uv": [ 10.5, 16, 8.5, 14 ], "texture": "#texture" },
        "up":    { "uv": [ 5.5, 14, 7.5, 16 ], "texture": "#texture" },
        "north": { "uv": [ 8.5, 8.5, 10.5, 9.5 ], "texture": "#texture" },
        "south": { "uv": [ 5.5, 8.5, 7.5, 9.5 ], "texture": "#texture" },
        "west":  { "uv": [ 12.5, 8.5, 16, 9.5 ], "texture": "#texture" },
        "east":  { "uv": [ 12.5, 8.5, 16, 9.5 ], "texture": "#texture" }
    }
},
{
    "from": [ 5.5, 5, 14.5 ],
    "to": [ 7.5, 6.5, 18 ],
    "faces": {
        "down":  { "uv": [ 10.5, 16, 8.5, 14.5 ], "texture": "#texture" },
        "up":    { "uv": [ 5.5, 14.5, 7.5, 16 ], "texture": "#texture" },
        "north": { "uv": [ 8.5, 9.5, 10.5, 11 ], "texture": "#texture" },
        "south": { "uv": [ 5.5, 9.5, 7.5, 11 ], "texture": "#texture" },
        "west":  { "uv": [ 12.5, 9.5, 16, 11.5 ], "texture": "#texture" },
        "east":  { "uv": [ 0, 9.5, 4.5, 11.5 ], "texture": "#texture" }
    }
},
{
    "from": [ 5.5, 4, 16 ],
    "to": [ 7, 5, 18.5 ],
    "faces": {
        "down":  { "uv": [ 5.5, 12, 7, 11.5 ], "texture": "#texture" },
        "up":    { "uv": [ 5.5, 11, 7, 11.5 ], "texture": "#texture" },
        "north": { "uv": [ 7, 11, 5.5, 12 ], "texture": "#texture" },
        "south": { "uv": [ 5.5, 11, 7, 12 ], "texture": "#texture" },
        "west":  { "uv": [ 5.5, 11, 11, 12.5 ], "texture": "#texture" },
        "east":  { "uv": [ 5.5, 11, 11, 12.5 ], "texture": "#texture" }
    }
},
{
    "from": [ 5.5, 3, 17 ],
    "to": [ 7, 4, 19 ],
    "faces": {
        "down":  { "uv": [ 5.5, 13, 7, 12.5 ], "texture": "#texture" },
        "up":    { "uv": [ 5.5, 12, 8.5, 14 ], "texture": "#texture" },
        "north": { "uv": [ 7, 12, 5.5, 13 ], "texture": "#texture" },
        "south": { "uv": [ 5.5, 12, 7, 13 ], "texture": "#texture" },
        "west":  { "uv": [ 5.5, 12, 11, 14.5 ], "texture": "#texture" },
        "east":  { "uv": [ 5.5, 12, 11, 14.5 ], "texture": "#texture" }
    }
},
{
    "from": [ 5.5, 2, 17.5 ],
    "to": [ 6.5, 3, 19 ],
    "faces": {
        "down":  { "uv": [ 5.5, 14, 6.5, 13.5 ], "texture": "#texture" },
        "north": { "uv": [ 6.5, 13, 5.5, 14 ], "texture": "#texture" },
        "south": { "uv": [ 5.5, 13, 6.5, 14 ], "texture": "#texture" },
        "west":  { "uv": [ 5.5, 13, 8, 14 ], "texture": "#texture" },
        "east":  { "uv": [ 5.5, 13, 8, 14 ], "texture": "#texture" }
    }
},
{
    "from": [ 5.5, 1, 17 ],
    "to": [ 6.5, 2, 18.5 ],
    "faces": {
        "down":  { "uv": [ 5.5, 14, 8, 15 ], "texture": "#texture" },
        "up":    { "uv": [ 5.5, 14, 8, 15 ], "texture": "#texture" },
        "north": { "uv": [ 6.5, 14, 5.5, 15 ], "texture": "#texture" },
        "south": { "uv": [ 5.5, 14, 6.5, 15 ], "texture": "#texture" },
        "west":  { "uv": [ 5.5, 14, 8, 15 ], "texture": "#texture" },
        "east":  { "uv": [ 5.5, 14, 8, 15 ], "texture": "#texture" }
    }
},
{
    "from": [ 6, 8, 12.5 ],
    "to": [ 10, 12, 14 ],
    "faces": {
        "down":  { "uv": [ 10, 14, 6, 12.5 ], "texture": "#texture" },
        "up":    { "uv": [ 6, 12.5, 10, 14 ], "texture": "#texture" },
        "south": { "uv": [ 6, 4, 10, 8 ], "texture": "#texture" },
        "west":  { "uv": [ 12.5, 4, 14, 8 ], "texture": "#texture" },
        "east":  { "uv": [ 2, 4, 3.5, 8 ], "texture": "#texture" }
    }
},
{
    "from": [ 6.5, 8.5, 14 ],
    "to": [ 9.5, 11.5, 16 ],
    "faces": {
        "down":  { "uv": [ 9.5, 16, 6.5, 14 ], "texture": "#texture" },
        "up":    { "uv": [ 6.5, 14, 9.5, 16 ], "texture": "#texture" },
        "south": { "uv": [ 6.5, 4.5, 9.5, 7.5 ], "texture": "#texture" },
        "west":  { "uv": [ 14, 4.5, 16, 7.5 ], "texture": "#texture" },
        "east":  { "uv": [ 0, 4.5, 2, 7.5 ], "texture": "#texture" }
    }
},
{
    "from": [ 5.5, 0.5, 16 ],
    "to": [ 6.5, 1, 17.5 ],
    "faces": {
        "down":  { "uv": [ 10.5, 16, 9.5, 16 ], "texture": "#texture" },
        "up":    { "uv": [ 5.5, 16, 6.5, 16 ], "texture": "#texture" },
        "north": { "uv": [ 9.5, 15, 10.5, 15.5 ], "texture": "#texture" },
        "south": { "uv": [ 5.5, 15, 6.5, 15.5 ], "texture": "#texture" },
        "west":  { "uv": [ 16, 15, 16, 15.5 ], "texture": "#texture" },
        "east":  { "uv": [ 0, 15, 0, 15.5 ], "texture": "#texture" }
    }
},
{
    "from": [ 5.5, 0.5, 18 ],
    "to": [ 6.5, 1, 19 ],
    "faces": {
        "down":  { "uv": [ 10.5, 16, 9.5, 16 ], "texture": "#texture" },
        "up":    { "uv": [ 5.5, 16, 6.5, 16 ], "texture": "#texture" },
        "north": { "uv": [ 9.5, 15, 10.5, 15.5 ], "texture": "#texture" },
        "south": { "uv": [ 5.5, 15, 6.5, 15.5 ], "texture": "#texture" },
        "west":  { "uv": [ 16, 15, 16, 15.5 ], "texture": "#texture" },
        "east":  { "uv": [ 0, 15, 0, 15.5 ], "texture": "#texture" }
    }
},
{
    "from": [ 5.5, 0, 18.5 ],
    "to": [ 6.5, 0.5, 19.5 ],
    "faces": {
        "down":  { "uv": [ 10.5, 16, 9.5, 16 ], "texture": "#texture" },
        "up":    { "uv": [ 5.5, 16, 6.5, 16 ], "texture": "#texture" },
        "north": { "uv": [ 9.5, 15.5, 10.5, 16 ], "texture": "#texture" },
        "south": { "uv": [ 5.5, 15.5, 6.5, 16 ], "texture": "#texture" },
        "west":  { "uv": [ 16, 15.5, 16, 16 ], "texture": "#texture" },
        "east":  { "uv": [ 0, 15.5, 0, 16 ], "texture": "#texture" }
    }
},
{
    "from": [ 5.5, 0, 15 ],
    "to": [ 6.5, 0.5, 16.5 ],
    "faces": {
        "down":  { "uv": [ 10.5, 16, 9.5, 15 ], "texture": "#texture" },
        "up":    { "uv": [ 5.5, 15, 6.5, 16 ], "texture": "#texture" },
        "north": { "uv": [ 9.5, 15.5, 10.5, 16 ], "texture": "#texture" },
        "south": { "uv": [ 5.5, 15.5, 6.5, 16 ], "texture": "#texture" },
        "west":  { "uv": [ 15, 15.5, 16, 16 ], "texture": "#texture" },
        "east":  { "uv": [ 0, 15.5, 1, 16 ], "texture": "#texture" }
    }
},
{
    "from": [ 5.5, 0.5, 14.5 ],
    "to": [ 6.5, 1, 15.5 ],
    "faces": {
        "down":  { "uv": [ 10.5, 15.5, 9.5, 14.5 ], "texture": "#texture" },
        "up":    { "uv": [ 5.5, 14.5, 6.5, 15.5 ], "texture": "#texture" },
        "north": { "uv": [ 9.5, 15, 10.5, 15.5 ], "texture": "#texture" },
        "south": { "uv": [ 5.5, 15, 6.5, 15.5 ], "texture": "#texture" },
        "west":  { "uv": [ 14.5, 15, 15.5, 15.5 ], "texture": "#texture" },
        "east":  { "uv": [ 0.5, 15, 1.5, 15.5 ], "texture": "#texture" }
    }
},
{
    "from": [ 5.5, 0, 14 ],
    "to": [ 6.5, 0.5, 14.5 ],
    "faces": {
        "down":  { "uv": [ 10.5, 14.5, 9.5, 14 ], "texture": "#texture" },
        "up":    { "uv": [ 5.5, 14, 6.5, 14.5 ], "texture": "#texture" },
        "north": { "uv": [ 9.5, 15.5, 10.5, 16 ], "texture": "#texture" },
        "south": { "uv": [ 5.5, 15.5, 6.5, 16 ], "texture": "#texture" },
        "west":  { "uv": [ 14, 15.5, 14.5, 16 ], "texture": "#texture" },
        "east":  { "uv": [ 1.5, 15.5, 2, 16 ], "texture": "#texture" }
    }
},
{
    "from": [ 9.5, 0, 18.5 ],
    "to": [ 10.5, 0.5, 19.5 ],
    "faces": {
        "down":  { "uv": [ 6.5, 16, 5.5, 16 ], "texture": "#texture" },
        "up":    { "uv": [ 9.5, 16, 10.5, 16 ], "texture": "#texture" },
        "north": { "uv": [ 5.5, 15.5, 6.5, 16 ], "texture": "#texture" },
        "south": { "uv": [ 9.5, 15.5, 10.5, 16 ], "texture": "#texture" },
        "west":  { "uv": [ 16, 15.5, 16, 16 ], "texture": "#texture" },
        "east":  { "uv": [ 0, 15.5, 0, 16 ], "texture": "#texture" }
    }
},
{
    "from": [ 9.5, 0, 15 ],
    "to": [ 10.5, 0.5, 16.5 ],
    "faces": {
        "down":  { "uv": [ 6.5, 16, 5.5, 15 ], "texture": "#texture" },
        "up":    { "uv": [ 9.5, 15, 10.5, 16 ], "texture": "#texture" },
        "north": { "uv": [ 5.5, 15.5, 6.5, 16 ], "texture": "#texture" },
        "south": { "uv": [ 9.5, 15.5, 10.5, 16 ], "texture": "#texture" },
        "west":  { "uv": [ 15, 15.5, 16, 16 ], "texture": "#texture" },
        "east":  { "uv": [ 0, 15.5, 1, 16 ], "texture": "#texture" }
    }
},
{
    "from": [ 9.5, 0, 14 ],
    "to": [ 10.5, 0.5, 14.5 ],
    "faces": {
        "down":  { "uv": [ 6.5, 14.5, 5.5, 14 ], "texture": "#texture" },
        "up":    { "uv": [ 9.5, 14, 10.5, 14.5 ], "texture": "#texture" },
        "north": { "uv": [ 5.5, 15.5, 6.5, 16 ], "texture": "#texture" },
        "south": { "uv": [ 9.5, 15.5, 10.5, 16 ], "texture": "#texture" },
        "west":  { "uv": [ 14, 15.5, 14.5, 16 ], "texture": "#texture" },
        "east":  { "uv": [ 1.5, 15.5, 2, 16 ], "texture": "#texture" }
    }
},
{
    "from": [ 9.5, 0.5, 18 ],
    "to": [ 10.5, 1, 19 ],
    "faces": {
        "down":  { "uv": [ 9.5, 15.5, 10.5, 15 ], "texture": "#texture" },
        "up":    { "uv": [ 9.5, 15, 10.5, 15.5 ], "texture": "#texture" },
        "north": { "uv": [ 10.5, 15, 9.5, 15.5 ], "texture": "#texture" },
        "south": { "uv": [ 9.5, 15, 10.5, 15.5 ], "texture": "#texture" },
        "west":  { "uv": [ 9.5, 15, 10, 15.5 ], "texture": "#texture" },
        "east":  { "uv": [ 10.5, 15, 10, 15.5 ], "texture": "#texture" }
    }
},
{
    "from": [ 9.5, 0.5, 16 ],
    "to": [ 10.5, 1, 17.5 ],
    "faces": {
        "down":  { "uv": [ 6.5, 16, 5.5, 16 ], "texture": "#texture" },
        "up":    { "uv": [ 9.5, 16, 10.5, 16 ], "texture": "#texture" },
        "north": { "uv": [ 5.5, 15, 6.5, 15.5 ], "texture": "#texture" },
        "south": { "uv": [ 9.5, 15, 10.5, 15.5 ], "texture": "#texture" },
        "west":  { "uv": [ 16, 15, 16, 15.5 ], "texture": "#texture" },
        "east":  { "uv": [ 0, 15, 0, 15.5 ], "texture": "#texture" }
    }
},
{
    "from": [ 9.5, 0.5, 14.5 ],
    "to": [ 10.5, 1, 15.5 ],
    "faces": {
        "down":  { "uv": [ 6.5, 15.5, 5.5, 14.5 ], "texture": "#texture" },
        "up":    { "uv": [ 9.5, 14.5, 10.5, 15.5 ], "texture": "#texture" },
        "north": { "uv": [ 5.5, 15, 6.5, 15.5 ], "texture": "#texture" },
        "south": { "uv": [ 9.5, 15, 10.5, 15.5 ], "texture": "#texture" },
        "west":  { "uv": [ 14.5, 15, 15.5, 15.5 ], "texture": "#texture" },
        "east":  { "uv": [ 0.5, 15, 1.5, 15.5 ], "texture": "#texture" }
    }
},
{
    "from": [ 9.5, 1, 17 ],
    "to": [ 10.5, 2, 18.5 ],
    "faces": {
        "down":  { "uv": [ 9.5, 15, 10.5, 14.5 ], "texture": "#texture" },
        "up":    { "uv": [ 9.5, 14, 10.5, 14.5 ], "texture": "#texture" },
        "north": { "uv": [ 10.5, 14, 9.5, 15 ], "texture": "#texture" },
        "south": { "uv": [ 9.5, 14, 10.5, 15 ], "texture": "#texture" },
        "west":  { "uv": [ 9.5, 14, 12.5, 15 ], "texture": "#texture" },
        "east":  { "uv": [ 9.5, 14, 12.5, 15 ], "texture": "#texture" }
    }
},
{
    "from": [ 9.5, 2, 17.5 ],
    "to": [ 10.5, 3, 19 ],
    "faces": {
        "down":  { "uv": [ 9.5, 14, 10.5, 13.5 ], "texture": "#texture" },
        "north": { "uv": [ 10.5, 13, 9.5, 14 ], "texture": "#texture" },
        "south": { "uv": [ 9.5, 13, 10.5, 14 ], "texture": "#texture" },
        "west":  { "uv": [ 9.5, 13, 12, 14 ], "texture": "#texture" },
        "east":  { "uv": [ 9.5, 13, 12, 14 ], "texture": "#texture" }
    }
},
{
    "from": [ 9, 3, 17 ],
    "to": [ 10.5, 4, 19 ],
    "faces": {
        "down":  { "uv": [ 9, 12, 10.5, 14.5 ], "texture": "#texture" },
        "up":    { "uv": [ 9, 12, 10.5, 14.5 ], "texture": "#texture" },
        "north": { "uv": [ 10.5, 12, 9, 13 ], "texture": "#texture" },
        "south": { "uv": [ 9, 12, 10.5, 13 ], "texture": "#texture" },
        "west":  { "uv": [ 9, 12, 12, 13.5 ], "texture": "#texture" },
        "east":  { "uv": [ 9, 12, 12, 13.5 ], "texture": "#texture" }
    }
},
{
    "from": [ 9, 4, 16 ],
    "to": [ 10.5, 5, 18.5 ],
    "faces": {
        "down":  { "uv": [ 9, 11, 11, 13 ], "texture": "#texture" },
        "up":    { "uv": [ 9, 11, 11, 13 ], "texture": "#texture" },
        "north": { "uv": [ 10.5, 11, 9, 12 ], "texture": "#texture" },
        "south": { "uv": [ 9, 11, 10.5, 12 ], "texture": "#texture" },
        "west":  { "uv": [ 9, 11, 12, 12.5 ], "texture": "#texture" },
        "east":  { "uv": [ 9, 11, 12, 12.5 ], "texture": "#texture" }
    }
},
{
    "from": [ 8.5, 5, 14.5 ],
    "to": [ 10.5, 6.5, 18 ],
    "faces": {
        "down":  { "uv": [ 7.5, 16, 5.5, 14.5 ], "texture": "#texture" },
        "up":    { "uv": [ 8.5, 14.5, 10.5, 16 ], "texture": "#texture" },
        "north": { "uv": [ 5.5, 9.5, 7.5, 11 ], "texture": "#texture" },
        "south": { "uv": [ 8.5, 9.5, 10.5, 11 ], "texture": "#texture" },
        "west":  { "uv": [ 13.5, 9.5, 16, 11.5 ], "texture": "#texture" },
        "east":  { "uv": [ 13.5, 9.5, 16, 11.5 ], "texture": "#texture" }
    }
},
{
    "from": [ 8.5, 6.5, 14 ],
    "to": [ 10.5, 7.5, 17.5 ],
    "faces": {
        "down":  { "uv": [ 7.5, 16, 5.5, 14 ], "texture": "#texture" },
        "up":    { "uv": [ 8.5, 14, 10.5, 16 ], "texture": "#texture" },
        "north": { "uv": [ 5.5, 8.5, 7.5, 9.5 ], "texture": "#texture" },
        "south": { "uv": [ 8.5, 8.5, 10.5, 9.5 ], "texture": "#texture" },
        "west":  { "uv": [ 14, 8.5, 16, 9.5 ], "texture": "#texture" },
        "east":  { "uv": [ 0, 8.5, 2, 9.5 ], "texture": "#texture" }
    }
},
{
    "from": [ 9, 7.5, 15 ],
    "to": [ 10.5, 9.5, 18.5 ],
    "faces": {
        "down":  { "uv": [ 7, 16, 5.5, 15 ], "texture": "#texture" },
        "up":    { "uv": [ 9, 15, 10.5, 16 ], "texture": "#texture" },
        "north": { "uv": [ 5.5, 6.5, 7, 8.5 ], "texture": "#texture" },
        "south": { "uv": [ 9, 6.5, 10.5, 8.5 ], "texture": "#texture" },
        "west":  { "uv": [ 15, 6.5, 16, 8.5 ], "texture": "#texture" },
        "east":  { "uv": [ 0, 6.5, 1, 8.5 ], "texture": "#texture" }
    }
}
],
"display": {
    "head": {
        "rotation": [ -10, 0, 0 ],
        "translation": [ 0, -16.82, 20.03 ],
        "scale": [ 4, 4, 4 ]
    }
}
}