{
"__comment": "Designed by tomaxed with Cubik",
"textures": {
    "particle": "mob/bullker",
    "texture": "mob/bullker",
    "mob_eyes": "mob/mob_eyes",
    "mob_details": "mob/mob_details"
},
"elements": [ 
{
    "from": [ 5.5, 6, 4 ],
    "to": [ 10.5, 11, 10 ],
    "faces": {
        "down":  { "uv": [ 10.5, 10, 5.5, 4 ], "texture": "#texture" },
        "up":    { "uv": [ 5.5, 4, 10.5, 10 ], "texture": "#texture" },
        "north": { "uv": [ 5.5, 5, 10.5, 10 ], "texture": "#texture" },
        "south": { "uv": [ 5.5, 5, 10.5, 10 ], "texture": "#texture" },
        "west":  { "uv": [ 4, 5, 10, 10 ], "texture": "#texture" },
        "east":  { "uv": [ 6, 5, 12, 10 ], "texture": "#texture" }
    }
},
{
    "from": [ 5, 4, 0.5 ],
    "to": [ 11, 9.5, 4.5 ],
    "rotation": { "origin": [ 5, 9.5, 0.5 ], "axis": "x", "angle": -22.5 },
    "faces": {
        "down":  { "uv": [ 5, 0.5, 11, 4.5 ], "texture": "#texture" },
        "up":    { "uv": [ 5, 0.5, 11, 4.5 ], "texture": "#texture" },
        "north": { "uv": [ 5, 6.5, 11, 12 ], "texture": "#texture" },
        "south": { "uv": [ 5, 6.5, 11, 12 ], "texture": "#texture" },
        "west":  { "uv": [ 0.5, 6.5, 4.5, 12 ], "texture": "#texture" },
        "east":  { "uv": [ 0.5, 6.5, 4.5, 12 ], "texture": "#texture" }
    }
},
{
    "from": [ 4.5, 4.5, 1 ],
    "to": [ 6.5, 9.5, 5 ],
    "rotation": { "origin": [ 4.5, 9.5, 1 ], "axis": "x", "angle": 22.5 },
    "faces": {
        "down":  { "uv": [ 4.5, 1, 6.5, 5 ], "texture": "#texture" },
        "up":    { "uv": [ 4.5, 1, 6.5, 5 ], "texture": "#texture" },
        "north": { "uv": [ 4.5, 6.5, 6.5, 11.5 ], "texture": "#texture" },
        "south": { "uv": [ 4.5, 6.5, 6.5, 11.5 ], "texture": "#texture" },
        "west":  { "uv": [ 1, 6.5, 5, 11.5 ], "texture": "#texture" },
        "east":  { "uv": [ 1, 6.5, 5, 11.5 ], "texture": "#texture" }
    }
},
{
    "from": [ 5, -0.5, 0.5 ],
    "to": [ 6, 5, 2 ],
    "rotation": { "origin": [ 5, 5, 0.5 ], "axis": "x", "angle": -22.5 },
    "faces": {
        "down":  { "uv": [ 16, 3, 16, 1.5 ], "texture": "#texture" },
        "up":    { "uv": [ 0, 1.5, 0, 3 ], "texture": "#texture" },
        "north": { "uv": [ 16, 11.5, 16, 15 ], "texture": "#texture" },
        "south": { "uv": [ 0, 11.5, 0, 15 ], "texture": "#texture" },
        "west":  { "uv": [ 1.5, 11.5, 3, 15 ], "texture": "#texture" },
        "east":  { "uv": [ 13, 11.5, 14.5, 15 ], "texture": "#texture" }
    }
},
{
    "from": [ 4.6875, 0, 2 ],
    "to": [ 6.1875, 1, 5.5 ],
    "faces": {
        "down":  { "uv": [ 11.3125, 5.5, 9.8125, 2 ], "texture": "#texture" },
        "up":    { "uv": [ 4.6875, 2, 6.1875, 5.5 ], "texture": "#texture" },
        "north": { "uv": [ 9.8125, 15, 11.3125, 16 ], "texture": "#texture" },
        "south": { "uv": [ 4.6875, 15, 6.1875, 16 ], "texture": "#texture" },
        "west":  { "uv": [ 2, 15, 5.5, 16 ], "texture": "#texture" },
        "east":  { "uv": [ 10.5, 15, 14, 16 ], "texture": "#texture" }
    }
},
{
    "from": [ 5, 7, 10 ],
    "to": [ 11, 11, 14.5 ],
    "rotation": { "origin": [ 5, 11, 10 ], "axis": "x", "angle": 22.5 },
    "faces": {
        "down":  { "uv": [ 5, 10, 11, 14.5 ], "texture": "#texture" },
        "up":    { "uv": [ 5, 10, 11, 14.5 ], "texture": "#texture" },
        "north": { "uv": [ 5, 5, 11, 10.5 ], "texture": "#texture" },
        "south": { "uv": [ 5, 5, 11, 10.5 ], "texture": "#texture" },
        "west":  { "uv": [ 10, 5, 14.5, 10.5 ], "texture": "#texture" },
        "east":  { "uv": [ 10, 5, 14.5, 10.5 ], "texture": "#texture" }
    }
},
{
    "from": [ 5.5, 4.5, 9.5 ],
    "to": [ 7.5, 8.5, 12.5 ],
    "rotation": { "origin": [ 5.5, 4.5, 9.5 ], "axis": "y", "angle": -22.5 },
    "faces": {
        "down":  { "uv": [ 5, 9.5, 8, 12.5 ], "texture": "#texture" },
        "up":    { "uv": [ 5, 9.5, 8, 12.5 ], "texture": "#texture" },
        "north": { "uv": [ 5, 7.5, 8, 12 ], "texture": "#texture" },
        "south": { "uv": [ 5, 7.5, 8, 12 ], "texture": "#texture" },
        "west":  { "uv": [ 9.5, 7.5, 12.5, 12 ], "texture": "#texture" },
        "east":  { "uv": [ 9.5, 7.5, 12.5, 12 ], "texture": "#texture" }
    }
},
{
    "from": [ 5, 1, 11 ],
    "to": [ 6, 4.5, 12.5 ],
    "faces": {
        "down":  { "uv": [ 5, 11, 6, 12.5 ], "texture": "#texture" },
        "up":    { "uv": [ 5, 11, 6, 12.5 ], "texture": "#texture" },
        "north": { "uv": [ 5, 11.5, 6, 15 ], "texture": "#texture" },
        "south": { "uv": [ 5, 11.5, 6, 15 ], "texture": "#texture" },
        "west":  { "uv": [ 11, 11.5, 12.5, 15 ], "texture": "#texture" },
        "east":  { "uv": [ 11, 11.5, 12.5, 15 ], "texture": "#texture" }
    }
},
{
    "from": [ 4.6875, 0, 11 ],
    "to": [ 6.1875, 1, 14 ],
    "faces": {
        "down":  { "uv": [ 11.3125, 14, 9.8125, 11 ], "texture": "#texture" },
        "up":    { "uv": [ 4.6875, 11, 6.1875, 14 ], "texture": "#texture" },
        "north": { "uv": [ 9.8125, 15, 11.3125, 16 ], "texture": "#texture" },
        "south": { "uv": [ 4.6875, 15, 6.1875, 16 ], "texture": "#texture" },
        "west":  { "uv": [ 11, 15, 14, 16 ], "texture": "#texture" },
        "east":  { "uv": [ 2, 15, 5, 16 ], "texture": "#texture" }
    }
},
{
    "from": [ 6.5, 8.5, 0 ],
    "to": [ 9.5, 9.5, 1 ],
    "faces": {
        "down":  { "uv": [ 6.5, 0, 9.5, 1 ], "texture": "#texture" },
        "up":    { "uv": [ 6.5, 0, 9.5, 1 ], "texture": "#texture" },
        "north": { "uv": [ 6.5, 6.5, 9.5, 7.5 ], "texture": "#texture" },
        "south": { "uv": [ 6.5, 6.5, 9.5, 7.5 ], "texture": "#texture" },
        "west":  { "uv": [ 0, 6.5, 1, 7.5 ], "texture": "#texture" },
        "east":  { "uv": [ 0, 6.5, 1, 7.5 ], "texture": "#texture" }
    }
},
{
    "from": [ 9.5, 4.5, 0.975937 ],
    "to": [ 11.5, 9.5, 4.97594 ],
    "rotation": { "origin": [ 9.5, 9.5, 0.975937 ], "axis": "x", "angle": 22.5 },
    "faces": {
        "down":  { "uv": [ 9.5, 0.9375, 11.5, 4.9375 ], "texture": "#texture" },
        "up":    { "uv": [ 9.5, 0.9375, 11.5, 4.9375 ], "texture": "#texture" },
        "north": { "uv": [ 9.5, 6.5, 11.5, 11.5 ], "texture": "#texture" },
        "south": { "uv": [ 9.5, 6.5, 11.5, 11.5 ], "texture": "#texture" },
        "west":  { "uv": [ 0.9375, 6.5, 4.9375, 11.5 ], "texture": "#texture" },
        "east":  { "uv": [ 0.9375, 6.5, 4.9375, 11.5 ], "texture": "#texture" }
    }
},
{
    "from": [ 10, -0.5, 0.5 ],
    "to": [ 11, 5, 2 ],
    "rotation": { "origin": [ 10, 5, 0.5 ], "axis": "x", "angle": -22.5 },
    "faces": {
        "down":  { "uv": [ 16, 3, 16, 1.5 ], "texture": "#texture" },
        "up":    { "uv": [ 0, 1.5, 0, 3 ], "texture": "#texture" },
        "north": { "uv": [ 16, 11.5, 16, 15 ], "texture": "#texture" },
        "south": { "uv": [ 0, 11.5, 0, 15 ], "texture": "#texture" },
        "west":  { "uv": [ 1.5, 11.5, 3, 15 ], "texture": "#texture" },
        "east":  { "uv": [ 13, 11.5, 14.5, 15 ], "texture": "#texture" }
    }
},
{
    "from": [ 9.75, 0, 2 ],
    "to": [ 11.25, 1, 5.5 ],
    "faces": {
        "down":  { "uv": [ 6.25, 5.5, 4.75, 2 ], "texture": "#texture" },
        "up":    { "uv": [ 9.75, 2, 11.25, 5.5 ], "texture": "#texture" },
        "north": { "uv": [ 4.75, 15, 6.25, 16 ], "texture": "#texture" },
        "south": { "uv": [ 9.75, 15, 11.25, 16 ], "texture": "#texture" },
        "west":  { "uv": [ 2, 15, 5.5, 16 ], "texture": "#texture" },
        "east":  { "uv": [ 10.5, 15, 14, 16 ], "texture": "#texture" }
    }
},
{
    "from": [ 7, 8.5, -1 ],
    "to": [ 9, 10, 0.5 ],
    "rotation": { "origin": [ 7, 10, -1 ], "axis": "x", "angle": 22.5 },
    "faces": {
        "down":  { "uv": [ 7, 0, 9, 1.5 ], "texture": "#texture" },
        "up":    { "uv": [ 7, 0, 9, 1.5 ], "texture": "#texture" },
        "north": { "uv": [ 7, 6, 9, 7.5 ], "texture": "#texture" },
        "south": { "uv": [ 7, 6, 9, 7.5 ], "texture": "#texture" },
        "west":  { "uv": [ 0, 6, 1.5, 7.5 ], "texture": "#texture" },
        "east":  { "uv": [ 0, 6, 1.5, 7.5 ], "texture": "#texture" }
    }
},
{
    "from": [ 8.625, 4.5, 10.25 ],
    "to": [ 10.625, 8.5, 13.25 ],
    "rotation": { "origin": [ 8.625, 4.5, 10.25 ], "axis": "y", "angle": 22.5 },
    "faces": {
        "down":  { "uv": [ 8.125, 10.6875, 11.125, 13.6875 ], "texture": "#texture" },
        "up":    { "uv": [ 8.125, 10.6875, 11.125, 13.6875 ], "texture": "#texture" },
        "north": { "uv": [ 8.125, 7.5, 11.125, 12 ], "texture": "#texture" },
        "south": { "uv": [ 8.125, 7.5, 11.125, 12 ], "texture": "#texture" },
        "west":  { "uv": [ 10.6875, 7.5, 13.6875, 12 ], "texture": "#texture" },
        "east":  { "uv": [ 10.6875, 7.5, 13.6875, 12 ], "texture": "#texture" }
    }
},
{
    "from": [ 6, 8, -2.9375 ],
    "to": [ 8, 10, 0.0625 ],
    "rotation": { "origin": [ 6, 8, -2.9375 ], "axis": "y", "angle": 22.5 },
    "faces": {
        "down":  { "uv": [ 6, 0, 8, 3 ], "texture": "#texture" },
        "up":    { "uv": [ 6, 0, 8, 3 ], "texture": "#texture" },
        "north": { "uv": [ 6, 6, 8, 8 ], "texture": "#texture" },
        "south": { "uv": [ 6, 6, 8, 8 ], "texture": "#texture" },
        "west":  { "uv": [ 0, 6, 3, 8 ], "texture": "#texture" },
        "east":  { "uv": [ 0, 6, 3, 8 ], "texture": "#texture" }
    }
},
{
    "from": [ 3.6875, 8, -5.5 ],
    "to": [ 8.1875, 10.5, -3.5 ],
    "rotation": { "origin": [ 3.6875, 8, -5.5 ], "axis": "y", "angle": -22.5 },
    "faces": {
        "down":  { "uv": [ 3.6875, 0, 8.1875, 2 ], "texture": "#texture" },
        "up":    { "uv": [ 3.6875, 0, 8.1875, 2 ], "texture": "#texture" },
        "north": { "uv": [ 3.6875, 5.5, 8.1875, 8 ], "texture": "#texture" },
        "south": { "uv": [ 3.6875, 5.5, 8.1875, 8 ], "texture": "#texture" },
        "west":  { "uv": [ 0, 5.5, 2, 8 ], "texture": "#texture" },
        "east":  { "uv": [ 0, 5.5, 2, 8 ], "texture": "#texture" }
    }
},
{
    "from": [ 5.25, 7, 9 ],
    "to": [ 10.75, 11, 14 ],
    "rotation": { "origin": [ 5.25, 11, 9 ], "axis": "x", "angle": -22.5 },
    "faces": {
        "down":  { "uv": [ 4.75, 9, 11.25, 14 ], "texture": "#texture" },
        "up":    { "uv": [ 4.75, 9, 11.25, 14 ], "texture": "#texture" },
        "north": { "uv": [ 4.75, 5, 11.25, 9 ], "texture": "#texture" },
        "south": { "uv": [ 4.75, 5, 11.25, 9 ], "texture": "#texture" },
        "west":  { "uv": [ 9, 5, 14, 9 ], "texture": "#texture" },
        "east":  { "uv": [ 9, 5, 14, 9 ], "texture": "#texture" }
    }
},
{
    "from": [ 5.5, 11.5, 11.4567 ],
    "to": [ 10.5, 14, 14.9567 ],
    "rotation": { "origin": [ 5.5, 14, 11.4567 ], "axis": "x", "angle": 22.5 },
    "faces": {
        "down":  { "uv": [ 5.5, 11.5, 10.5, 15 ], "texture": "#texture" },
        "up":    { "uv": [ 5.5, 11.5, 10.5, 15 ], "texture": "#texture" },
        "north": { "uv": [ 5.5, 2, 10.5, 4.5 ], "texture": "#texture" },
        "south": { "uv": [ 5.5, 2, 10.5, 4.5 ], "texture": "#texture" },
        "west":  { "uv": [ 11.5, 2, 15, 4.5 ], "texture": "#texture" },
        "east":  { "uv": [ 11.5, 2, 15, 4.5 ], "texture": "#texture" }
    }
},
{
    "from": [ 6, 10, 11.5 ],
    "to": [ 10, 13.5, 15 ],
    "faces": {
        "down":  { "uv": [ 10, 15, 6, 11.5 ], "texture": "#texture" },
        "up":    { "uv": [ 6, 11.5, 10, 15 ], "texture": "#texture" },
        "north": { "uv": [ 6, 2.5, 10, 6 ], "texture": "#texture" },
        "south": { "uv": [ 6, 2.5, 10, 6 ], "texture": "#texture" },
        "west":  { "uv": [ 11.5, 2.5, 15, 6 ], "texture": "#texture" },
        "east":  { "uv": [ 1, 2.5, 4.5, 6 ], "texture": "#texture" }
    }
},
{
    "from": [ 6.5, 10.5, 11.5 ],
    "to": [ 9.5, 14, 15.5 ],
    "rotation": { "origin": [ 6.5, 14, 11.5 ], "axis": "x", "angle": -22.5 },
    "faces": {
        "down":  { "uv": [ 6.5, 11.5, 9.5, 15.5 ], "texture": "#texture" },
        "up":    { "uv": [ 6.5, 11.5, 9.5, 15.5 ], "texture": "#texture" },
        "north": { "uv": [ 6.5, 2, 9.5, 5.5 ], "texture": "#texture" },
        "south": { "uv": [ 6.5, 2, 9.5, 5.5 ], "texture": "#texture" },
        "west":  { "uv": [ 11.5, 2, 15.5, 5.5 ], "texture": "#texture" },
        "east":  { "uv": [ 11.5, 2, 15.5, 5.5 ], "texture": "#texture" }
    }
},
{
    "from": [ 6.75, 13, 15.5 ],
    "to": [ 9.25, 15, 17.5 ],
    "rotation": { "origin": [ 6.75, 15, 15.5 ], "axis": "x", "angle": 45 },
    "faces": {
        "down":  { "uv": [ 6.5, 14, 9, 16 ], "texture": "#texture" },
        "up":    { "uv": [ 6.5, 14, 9, 16 ], "texture": "#texture" },
        "north": { "uv": [ 6.75, 1, 9.25, 3 ], "texture": "#texture" },
        "south": { "uv": [ 6.75, 1, 9.25, 3 ], "texture": "#texture" },
        "west":  { "uv": [ 14, 1, 16, 3 ], "texture": "#texture" },
        "east":  { "uv": [ 14, 1, 16, 3 ], "texture": "#texture" }
    }
},
{
    "from": [ 9, 14.5, 13.5 ],
    "to": [ 10, 16.5, 14.5 ],
    "rotation": { "origin": [ 9, 16.5, 13.5 ], "axis": "z", "angle": -22.5 },
    "faces": {
        "down":  { "uv": [ 9, 13.5, 10, 14.5 ], "texture": "#texture" },
        "up":    { "uv": [ 9, 13.5, 10, 14.5 ], "texture": "#texture" },
        "north": { "uv": [ 9, 0, 10, 2 ], "texture": "#texture" },
        "south": { "uv": [ 9, 0, 10, 2 ], "texture": "#texture" },
        "west":  { "uv": [ 13.5, 0, 14.5, 2 ], "texture": "#texture" },
        "east":  { "uv": [ 13.5, 0, 14.5, 2 ], "texture": "#texture" }
    }
},
{
    "from": [ 7, 13.25, 15.5 ],
    "to": [ 9, 14.25, 17.5 ],
    "faces": {
        "down":  { "uv": [ 7, 13.5, 9, 16 ], "texture": "#texture" },
        "up":    { "uv": [ 7, 13.5, 9, 16 ], "texture": "#texture" },
        "north": { "uv": [ 7, 2, 9, 3 ], "texture": "#texture" },
        "south": { "uv": [ 7, 2, 9, 3 ], "texture": "#texture" },
        "west":  { "uv": [ 13.5, 2, 16, 3 ], "texture": "#texture" },
        "east":  { "uv": [ 13.5, 2, 16, 3 ], "texture": "#texture" }
    }
},
{
    "from": [ 10, 1, 11 ],
    "to": [ 11, 4.5, 12.5 ],
    "faces": {
        "down":  { "uv": [ 10, 11, 11, 12.5 ], "texture": "#texture" },
        "up":    { "uv": [ 10, 11, 11, 12.5 ], "texture": "#texture" },
        "north": { "uv": [ 10, 11.5, 11, 15 ], "texture": "#texture" },
        "south": { "uv": [ 10, 11.5, 11, 15 ], "texture": "#texture" },
        "west":  { "uv": [ 11, 11.5, 12.5, 15 ], "texture": "#texture" },
        "east":  { "uv": [ 11, 11.5, 12.5, 15 ], "texture": "#texture" }
    }
},
{
    "from": [ 9.75, 0, 11 ],
    "to": [ 11.25, 1, 14 ],
    "faces": {
        "down":  { "uv": [ 6.25, 14, 4.75, 11 ], "texture": "#texture" },
        "up":    { "uv": [ 9.75, 11, 11.25, 14 ], "texture": "#texture" },
        "north": { "uv": [ 4.75, 15, 6.25, 16 ], "texture": "#texture" },
        "south": { "uv": [ 9.75, 15, 11.25, 16 ], "texture": "#texture" },
        "west":  { "uv": [ 11, 15, 14, 16 ], "texture": "#texture" },
        "east":  { "uv": [ 2, 15, 5, 16 ], "texture": "#texture" }
    }
},
{
    "from": [ 7.5, 12.75, 15.1875 ],
    "to": [ 8.5, 13.25, 17.1875 ],
    "faces": {
        "down":  { "uv": [ 6, 13, 7, 15 ], "texture": "#texture" },
        "up":    { "uv": [ 6, 13, 7, 15 ], "texture": "#texture" },
        "north": { "uv": [ 7.5, 3, 8.5, 3.5 ], "texture": "#texture" },
        "south": { "uv": [ 7.5, 3, 8.5, 3.5 ], "texture": "#texture" },
        "west":  { "uv": [ 14, 3, 16, 3.5 ], "texture": "#texture" },
        "east":  { "uv": [ 14, 3, 16, 3.5 ], "texture": "#texture" }
    }
},
{
    "from": [ 6.125, 14.125, 13.5 ],
    "to": [ 7.125, 16.125, 14.5 ],
    "rotation": { "origin": [ 6.125, 16.125, 13.5 ], "axis": "z", "angle": 22.5 },
    "faces": {
        "down":  { "uv": [ 6.125, 13.5, 7.125, 14.5 ], "texture": "#texture" },
        "up":    { "uv": [ 6.125, 13.5, 7.125, 14.5 ], "texture": "#texture" },
        "north": { "uv": [ 6.125, 0, 7.125, 2 ], "texture": "#texture" },
        "south": { "uv": [ 6.125, 0, 7.125, 2 ], "texture": "#texture" },
        "west":  { "uv": [ 13.5, 0, 14.5, 2 ], "texture": "#texture" },
        "east":  { "uv": [ 13.5, 0, 14.5, 2 ], "texture": "#texture" }
    }
},
{
    "from": [ 7, 14.3125, 15.5 ],
    "to": [ 7.6875, 14.9375, 15.5625 ],
    "rotation": { "origin": [ 7, 14.9375, 15.5 ], "axis": "x", "angle": -45 },
    "faces": {
        "south": { "uv": [ 0, 0, 16, 16 ], "texture": "#mob_eyes" }
    }
},
{
    "from": [ 8.3125, 14.3125, 15.5 ],
    "to": [ 9, 14.9375, 15.5625 ],
    "rotation": { "origin": [ 8.3125, 14.9375, 15.5 ], "axis": "x", "angle": -45 },
    "faces": {
        "south": { "uv": [ 16, 0, 0, 16 ], "texture": "#mob_eyes" }
    }
},
{
    "from": [ 7.5, 13.8125, 17.0625 ],
    "to": [ 8.5, 14.3125, 17.5625 ],
    "faces": {
        "down":  { "uv": [ 0, 0, 16, 16 ], "texture": "#mob_details" },
        "up":    { "uv": [ 0, 0, 16, 16 ], "texture": "#mob_details" },
        "north": { "uv": [ 0, 8, 16, 16 ], "texture": "#mob_details" },
        "south": { "uv": [ 0, 0, 16, 8 ], "texture": "#mob_details" },
        "west":  { "uv": [ 0, 8, 16, 16 ], "texture": "#mob_details" },
        "east":  { "uv": [ 0, 0, 16, 8 ], "texture": "#mob_details" }
    }
}
],
"display": {
    "head": {
        "rotation": [ 0, 180, 0 ],
        "translation": [ 0, -20.79, 0 ],
        "scale": [ 3, 3, 3 ]
    }
}
}