{
"__comment": "Designed by Tomaxed44 with BDcraft Cubik PRO 0.95 Beta - http://bdcraft.net",
"textures": {
    "particle": "entity/zombie_villager/zombie_librarian",
    "texture": "entity/zombie_villager/zombie_librarian"
},
"elements": [ 
{
    "from": [ 5.5, 1, 1 ],
    "to": [ 10.5, 6, 6 ],
    "rotation": { "origin": [ 5.5, 6, 1 ], "axis": "x", "angle": 22.5 },
    "faces": {
        "down":  { "uv": [ 10.5, 5, 5.5, 0 ], "texture": "#texture" },
        "up":    { "uv": [ 5.5, 0, 10.5, 5 ], "texture": "#texture" },
        "north": { "uv": [ 5.5, 11, 10.5, 16 ], "texture": "#texture" },
        "south": { "uv": [ 5.5, 11, 10.5, 16 ], "texture": "#texture" },
        "west":  { "uv": [ 0, 11, 5, 16 ], "texture": "#texture" },
        "east":  { "uv": [ 2, 11, 7, 16 ], "texture": "#texture" }
    }
},
{
    "from": [ 5.5, 0, 4 ],
    "to": [ 10.5, 3, 12 ],
    "faces": {
        "down":  { "uv": [ 9, 6.5, 11, 9.5 ], "texture": "#texture" },
        "up":    { "uv": [ 5.5, 6.5, 7.5, 9.5 ], "texture": "#texture" },
        "north": { "uv": [ 5.5, 5, 7.5, 6.5 ], "texture": "#texture" },
        "south": { "uv": [ 7.5, 5, 9.5, 6.5 ], "texture": "#texture" },
        "west":  { "uv": [ 4, 6.5, 5.5, 9.5 ], "rotation": 90, "texture": "#texture" },
        "east":  { "uv": [ 7.5, 6.5, 9, 9.5 ], "rotation": 90, "texture": "#texture" }
    }
},
{
    "from": [ 4, 0.5, 3.5 ],
    "to": [ 6.5, 2.5, 11.5 ],
    "rotation": { "origin": [ 4, 0.5, 3.5 ], "axis": "y", "angle": -22.5 },
    "faces": {
        "down":  { "uv": [ 13, 10.5, 14, 13.5 ], "rotation": 180, "texture": "#texture" },
        "up":    { "uv": [ 11, 10.5, 12, 13.5 ], "texture": "#texture" },
        "north": { "uv": [ 12, 9.5, 13, 10.5 ], "texture": "#texture" },
        "south": { "uv": [ 13, 9.5, 14, 10.5 ], "texture": "#texture" },
        "west":  { "uv": [ 12, 10.5, 13, 13.5 ], "rotation": 270, "texture": "#texture" },
        "east":  { "uv": [ 12, 10.5, 13, 13.5 ], "rotation": 90, "texture": "#texture" }
    }
},
{
    "from": [ 5.5, 0.5, 12 ],
    "to": [ 8, 2.5, 20 ],
    "faces": {
        "down":  { "uv": [ 2, 6.5, 3, 9.5 ], "rotation": 180, "texture": "#texture" },
        "up":    { "uv": [ 0, 6.5, 1, 9.5 ], "texture": "#texture" },
        "north": { "uv": [ 1, 5.5, 2, 6.5 ], "texture": "#texture" },
        "south": { "uv": [ 2, 5.5, 3, 6.5 ], "texture": "#texture" },
        "west":  { "uv": [ 1, 6.5, 2, 9.5 ], "rotation": 270, "texture": "#texture" },
        "east":  { "uv": [ 3, 6.5, 4, 9.5 ], "rotation": 90, "texture": "#texture" }
    }
},
{
    "from": [ 9.5, 0.5, 5 ],
    "to": [ 12, 2.5, 13 ],
    "rotation": { "origin": [ 9.5, 0.5, 5 ], "axis": "y", "angle": 45 },
    "faces": {
        "down":  { "uv": [ 13, 10.5, 14, 13.5 ], "rotation": 180, "texture": "#texture" },
        "up":    { "uv": [ 11, 10.5, 12, 13.5 ], "texture": "#texture" },
        "north": { "uv": [ 12, 9.5, 13, 10.5 ], "texture": "#texture" },
        "south": { "uv": [ 13, 9.5, 14, 10.5 ], "texture": "#texture" },
        "west":  { "uv": [ 12, 10.5, 13, 13.5 ], "rotation": 270, "texture": "#texture" },
        "east":  { "uv": [ 12, 10.5, 13, 13.5 ], "rotation": 90, "texture": "#texture" }
    }
},
{
    "from": [ 8.5, 0.5, 12.5 ],
    "to": [ 11, 2.5, 20.5 ],
    "rotation": { "origin": [ 8.5, 0.5, 12.5 ], "axis": "y", "angle": 22.5 },
    "faces": {
        "down":  { "uv": [ 2, 6.5, 3, 9.5 ], "rotation": 180, "texture": "#texture" },
        "up":    { "uv": [ 0, 6.5, 1, 9.5 ], "texture": "#texture" },
        "north": { "uv": [ 1, 5.5, 2, 6.5 ], "texture": "#texture" },
        "south": { "uv": [ 2, 5.5, 3, 6.5 ], "texture": "#texture" },
        "west":  { "uv": [ 1, 6.5, 2, 9.5 ], "rotation": 270, "texture": "#texture" },
        "east":  { "uv": [ 3, 6.5, 4, 9.5 ], "rotation": 90, "texture": "#texture" }
    }
}
],
"display": {
    "head": {
        "rotation": [ 0, 180, 0 ],
        "translation": [ 0, -23.06, 0 ],
        "scale": [ 2.6, 2.6, 2.6 ]
    }
}
}