{
"__comment": "Designed by Tomaxed44 with BDcraft Cubik PRO 0.87 Beta - http://bdcraft.net",
"textures": {
    "particle": "gui/suggestion_end",
    "texture": "gui/suggestion_end"
},
"elements": [ 
{
    "from": [ 18, 0, -1 ],
    "to": [ 18.4375, 16.5, 32 ],
    "faces": {
        "west":  { "uv": [ 0, 3, 16, 12.5 ], "texture": "#texture", "cullface": "east" }
    }
}
],
"display": {
    "firstperson_righthand": {
        "rotation": [ 51, 160, 0 ],
        "translation": [ 24, 7.75, -10.19 ],
        "scale": [ 1, 2.02, 2.08 ]
    },
    "firstperson_lefthand": {
        "rotation": [ 0, -90, 0 ],
        "translation": [ 5.1, 7.75, -6.05 ],
        "scale": [ 0.44, 2.02, 2.08 ]
    }
}
}