{
"__comment": "Designed by Tomaxed44 with BDcraft Cubik PRO 0.95 Beta - http://bdcraft.net",
"textures": {
    "particle": "blocks/planks_big_oak",
    "texture": "blocks/planks_big_oak",
    "pub": "misc/large_sign1"
},
"elements": [ 
{
    "from": [ 7, -16, -15 ],
    "to": [ 9, 0, -13 ],
    "faces": {
        "down":  { "uv": [ 7, 5, 9, 7 ], "texture": "#texture" },
        "up":    { "uv": [ 7, 5, 9, 7 ], "texture": "#texture" },
        "north": { "uv": [ 7, 0, 9, 16 ], "texture": "#texture" },
        "south": { "uv": [ 7, 0, 9, 16 ], "texture": "#texture" },
        "west":  { "uv": [ 8.5, 0, 10.5, 16 ], "texture": "#texture" },
        "east":  { "uv": [ 8.5, 0, 10.5, 16 ], "texture": "#texture" }
    }
},
{
    "from": [ 7, 0, -15 ],
    "to": [ 9, 16, -13 ],
    "faces": {
        "down":  { "uv": [ 9.5, 8, 11.5, 10 ], "texture": "#texture" },
        "up":    { "uv": [ 2.5, 10.5, 4.5, 12.5 ], "texture": "#texture" },
        "north": { "uv": [ 3.5, 0, 5.5, 16 ], "texture": "#texture" },
        "south": { "uv": [ 11, 0, 13, 16 ], "texture": "#texture" },
        "west":  { "uv": [ 4.5, 0, 6.5, 16 ], "texture": "#texture" },
        "east":  { "uv": [ 12, 0, 14, 16 ], "texture": "#texture" }
    }
},
{
    "from": [ 7, 16, -15 ],
    "to": [ 9, 32, -13 ],
    "faces": {
        "down":  { "uv": [ 9.5, 8, 11.5, 10 ], "texture": "#texture" },
        "up":    { "uv": [ 2.5, 10.5, 4.5, 12.5 ], "texture": "#texture" },
        "north": { "uv": [ 0.5, 0, 2.5, 16 ], "texture": "#texture" },
        "south": { "uv": [ 13, 0, 15, 16 ], "texture": "#texture" },
        "west":  { "uv": [ 2, 0, 4, 16 ], "texture": "#texture" },
        "east":  { "uv": [ 10, 0, 12, 16 ], "texture": "#texture" }
    }
},
{
    "from": [ 7, 16, 29 ],
    "to": [ 9, 32, 31 ],
    "faces": {
        "down":  { "uv": [ 7, 5, 9, 7 ], "texture": "#texture" },
        "up":    { "uv": [ 7, 5, 9, 7 ], "texture": "#texture" },
        "north": { "uv": [ 7, 0, 9, 16 ], "texture": "#texture" },
        "south": { "uv": [ 7, 0, 9, 16 ], "texture": "#texture" },
        "west":  { "uv": [ 8.5, 0, 10.5, 16 ], "texture": "#texture" },
        "east":  { "uv": [ 8.5, 0, 10.5, 16 ], "texture": "#texture" }
    }
},
{
    "from": [ 7, 0, 29 ],
    "to": [ 9, 16, 31 ],
    "faces": {
        "down":  { "uv": [ 9.5, 8, 11.5, 10 ], "texture": "#texture" },
        "up":    { "uv": [ 2.5, 10.5, 4.5, 12.5 ], "texture": "#texture" },
        "north": { "uv": [ 0.5, 0, 2.5, 16 ], "texture": "#texture" },
        "south": { "uv": [ 13, 0, 15, 16 ], "texture": "#texture" },
        "west":  { "uv": [ 2, 0, 4, 16 ], "texture": "#texture" },
        "east":  { "uv": [ 10, 0, 12, 16 ], "texture": "#texture" }
    }
},
{
    "from": [ 7, -16, 29 ],
    "to": [ 9, 0, 31 ],
    "faces": {
        "down":  { "uv": [ 9.5, 8, 11.5, 10 ], "texture": "#texture" },
        "up":    { "uv": [ 2.5, 10.5, 4.5, 12.5 ], "texture": "#texture" },
        "north": { "uv": [ 3.5, 0, 5.5, 16 ], "texture": "#texture" },
        "south": { "uv": [ 11, 0, 13, 16 ], "texture": "#texture" },
        "west":  { "uv": [ 4.5, 0, 6.5, 16 ], "texture": "#texture" },
        "east":  { "uv": [ 12, 0, 14, 16 ], "texture": "#texture" }
    }
},
{
    "from": [ 8, 1, -11 ],
    "to": [ 8.0625, 28.5, 27 ],
    "faces": {
        "west":  { "uv": [ 0, 1.5, 16, 14 ], "texture": "#pub" }
    }
},
{
    "from": [ 7.5, -0.5, 27 ],
    "to": [ 8.5, 30, 28.5 ],
    "faces": {
        "down":  { "uv": [ 7.5, 4.5, 8.5, 6 ], "texture": "#texture" },
        "up":    { "uv": [ 7.5, 4.5, 8.5, 6 ], "texture": "#texture" },
        "north": { "uv": [ 7.5, 0, 8.5, 16 ], "texture": "#texture" },
        "south": { "uv": [ 7.5, 0, 8.5, 16 ], "texture": "#texture" },
        "west":  { "uv": [ 4.5, 0, 6, 16 ], "texture": "#texture" },
        "east":  { "uv": [ 4.5, 0, 6, 16 ], "texture": "#texture" }
    }
},
{
    "from": [ 7.5, -0.5, -12.5 ],
    "to": [ 8.5, 30, -11 ],
    "faces": {
        "down":  { "uv": [ 7.5, 4.5, 8.5, 6 ], "texture": "#texture" },
        "up":    { "uv": [ 7.5, 4.5, 8.5, 6 ], "texture": "#texture" },
        "north": { "uv": [ 7.5, 0, 8.5, 16 ], "texture": "#texture" },
        "south": { "uv": [ 7.5, 0, 8.5, 16 ], "texture": "#texture" },
        "west":  { "uv": [ 4.5, 0, 6, 16 ], "texture": "#texture" },
        "east":  { "uv": [ 4.5, 0, 6, 16 ], "texture": "#texture" }
    }
},
{
    "from": [ 7.5, -0.5, -11 ],
    "to": [ 8.5, 1, 8 ],
    "faces": {
        "down":  { "uv": [ 7.5, 0, 8.5, 16 ], "texture": "#texture" },
        "up":    { "uv": [ 7.5, 0, 8.5, 16 ], "texture": "#texture" },
        "north": { "uv": [ 7.5, 14.5, 8.5, 16 ], "texture": "#texture" },
        "south": { "uv": [ 7.5, 14.5, 8.5, 16 ], "texture": "#texture" },
        "west":  { "uv": [ 0, 15, 16, 16 ], "texture": "#texture" },
        "east":  { "uv": [ 0, 15, 16, 16 ], "texture": "#texture" }
    }
},
{
    "from": [ 7.5, -0.5, 8 ],
    "to": [ 8.5, 1, 27 ],
    "faces": {
        "down":  { "uv": [ 7.5, 0, 8.5, 16 ], "texture": "#texture" },
        "up":    { "uv": [ 7.5, 0, 8.5, 16 ], "texture": "#texture" },
        "north": { "uv": [ 7.5, 14.5, 8.5, 16 ], "texture": "#texture" },
        "south": { "uv": [ 7.5, 14.5, 8.5, 16 ], "texture": "#texture" },
        "west":  { "uv": [ 0, 15, 16, 16 ], "texture": "#texture" },
        "east":  { "uv": [ 0, 15, 16, 16 ], "texture": "#texture" }
    }
},
{
    "from": [ 7.5, 28.5, 8 ],
    "to": [ 8.5, 30, 27 ],
    "faces": {
        "down":  { "uv": [ 7.5, 0, 8.5, 16 ], "texture": "#texture" },
        "up":    { "uv": [ 7.5, 0, 8.5, 16 ], "texture": "#texture" },
        "north": { "uv": [ 7.5, 14.5, 8.5, 16 ], "texture": "#texture" },
        "south": { "uv": [ 7.5, 14.5, 8.5, 16 ], "texture": "#texture" },
        "west":  { "uv": [ 0, 15, 16, 16 ], "texture": "#texture" },
        "east":  { "uv": [ 0, 15, 16, 16 ], "texture": "#texture" }
    }
},
{
    "from": [ 7.5, 28.5, -11 ],
    "to": [ 8.5, 30, 8 ],
    "faces": {
        "down":  { "uv": [ 7.5, 0, 8.5, 16 ], "texture": "#texture" },
        "up":    { "uv": [ 7.5, 0, 8.5, 16 ], "texture": "#texture" },
        "north": { "uv": [ 7.5, 14.5, 8.5, 16 ], "texture": "#texture" },
        "south": { "uv": [ 7.5, 14.5, 8.5, 16 ], "texture": "#texture" },
        "west":  { "uv": [ 0, 15, 16, 16 ], "texture": "#texture" },
        "east":  { "uv": [ 0, 15, 16, 16 ], "texture": "#texture" }
    }
},
{
    "from": [ 6.5, 1, -15.5 ],
    "to": [ 9.5, 2.5, -12.5 ],
    "faces": {
        "down":  { "uv": [ 6.5, 4.5, 9.5, 7.5 ], "texture": "#texture" },
        "up":    { "uv": [ 6.5, 4.5, 9.5, 7.5 ], "texture": "#texture" },
        "north": { "uv": [ 6.5, 5, 9.5, 6 ], "texture": "#texture" },
        "south": { "uv": [ 6.5, 5, 9.5, 6 ], "texture": "#texture" },
        "west":  { "uv": [ 4.5, 5, 7.5, 6 ], "texture": "#texture" },
        "east":  { "uv": [ 4.5, 5, 7.5, 6 ], "texture": "#texture" }
    }
},
{
    "from": [ 6.5, 26.5, -15.5 ],
    "to": [ 9.5, 28, -12.5 ],
    "faces": {
        "down":  { "uv": [ 6.5, 4.5, 9.5, 7.5 ], "texture": "#texture" },
        "up":    { "uv": [ 6.5, 4.5, 9.5, 7.5 ], "texture": "#texture" },
        "north": { "uv": [ 6.5, 5, 9.5, 6 ], "texture": "#texture" },
        "south": { "uv": [ 6.5, 5, 9.5, 6 ], "texture": "#texture" },
        "west":  { "uv": [ 4.5, 5, 7.5, 6 ], "texture": "#texture" },
        "east":  { "uv": [ 4.5, 5, 7.5, 6 ], "texture": "#texture" }
    }
},
{
    "from": [ 6.5, 14, -15.5 ],
    "to": [ 9.5, 15.5, -12.5 ],
    "faces": {
        "down":  { "uv": [ 6.5, 4.5, 9.5, 7.5 ], "texture": "#texture" },
        "up":    { "uv": [ 6.5, 4.5, 9.5, 7.5 ], "texture": "#texture" },
        "north": { "uv": [ 6.5, 5, 9.5, 6 ], "texture": "#texture" },
        "south": { "uv": [ 6.5, 5, 9.5, 6 ], "texture": "#texture" },
        "west":  { "uv": [ 4.5, 5, 7.5, 6 ], "texture": "#texture" },
        "east":  { "uv": [ 4.5, 5, 7.5, 6 ], "texture": "#texture" }
    }
},
{
    "from": [ 6.5, 14, 28.5 ],
    "to": [ 9.5, 15.5, 31.5 ],
    "faces": {
        "down":  { "uv": [ 6.5, 4.5, 9.5, 7.5 ], "texture": "#texture" },
        "up":    { "uv": [ 6.5, 4.5, 9.5, 7.5 ], "texture": "#texture" },
        "north": { "uv": [ 6.5, 5, 9.5, 6 ], "texture": "#texture" },
        "south": { "uv": [ 6.5, 5, 9.5, 6 ], "texture": "#texture" },
        "west":  { "uv": [ 4.5, 5, 7.5, 6 ], "texture": "#texture" },
        "east":  { "uv": [ 4.5, 5, 7.5, 6 ], "texture": "#texture" }
    }
},
{
    "from": [ 6.5, 27, 28.5 ],
    "to": [ 9.5, 28.5, 31.5 ],
    "faces": {
        "down":  { "uv": [ 6.5, 4.5, 9.5, 7.5 ], "texture": "#texture" },
        "up":    { "uv": [ 6.5, 4.5, 9.5, 7.5 ], "texture": "#texture" },
        "north": { "uv": [ 6.5, 5, 9.5, 6 ], "texture": "#texture" },
        "south": { "uv": [ 6.5, 5, 9.5, 6 ], "texture": "#texture" },
        "west":  { "uv": [ 4.5, 5, 7.5, 6 ], "texture": "#texture" },
        "east":  { "uv": [ 4.5, 5, 7.5, 6 ], "texture": "#texture" }
    }
},
{
    "from": [ 6.5, 1, 28.5 ],
    "to": [ 9.5, 2.5, 31.5 ],
    "faces": {
        "down":  { "uv": [ 6.5, 4.5, 9.5, 7.5 ], "texture": "#texture" },
        "up":    { "uv": [ 6.5, 4.5, 9.5, 7.5 ], "texture": "#texture" },
        "north": { "uv": [ 6.5, 5, 9.5, 6 ], "texture": "#texture" },
        "south": { "uv": [ 6.5, 5, 9.5, 6 ], "texture": "#texture" },
        "west":  { "uv": [ 4.5, 5, 7.5, 6 ], "texture": "#texture" },
        "east":  { "uv": [ 4.5, 5, 7.5, 6 ], "texture": "#texture" }
    }
},
{
    "from": [ 8, 1, -11 ],
    "to": [ 8.0625, 28.5, 27 ],
    "faces": {
        "east":  { "uv": [ 0, 1.5, 16, 14 ], "texture": "#texture" }
    }
}
],
"display": {
    "thirdperson_righthand": {
        "rotation": [ 65, 90, 0 ],
        "translation": [ -2.65, -12.47, -6.43 ],
        "scale": [ 4, 4, 4 ]
    },
    "head": {
        "rotation": [ 2, -90, 2 ],
        "translation": [ 0, -24, 0 ],
        "scale": [ 2, 2, 2 ]
    },
    "gui": {
        "rotation": [ 0, 90, 0 ],
        "translation": [ 0, 0, 0 ],
        "scale": [ 0.34, 0.33, 0.34 ]
    }
}
}