{
"__comment": "Designed by tomaxed with Cubik",
"textures": {
    "particle": "blocks/planks_big_oak",
    "texture": "blocks/planks_big_oak",
    "sign1": "misc/sign1"
},
"elements": [ 
{
    "from": [ 7.25, 0, 7 ],
    "to": [ 8.75, 16, 8.5 ],
    "faces": {
        "down":  { "uv": [ 8.75, 8.5, 7.25, 7 ], "texture": "#texture" },
        "up":    { "uv": [ 7.25, 7, 8.75, 8.5 ], "texture": "#texture" },
        "north": { "uv": [ 7.25, 0, 8.75, 16 ], "texture": "#texture" },
        "south": { "uv": [ 7.25, 0, 8.75, 16 ], "texture": "#texture" },
        "west":  { "uv": [ 7, 0, 8.5, 16 ], "texture": "#texture" },
        "east":  { "uv": [ 7.5, 0, 9, 16 ], "texture": "#texture" }
    }
},
{
    "from": [ 7.25, 16, 7 ],
    "to": [ 8.75, 32, 8.5 ],
    "faces": {
        "down":  { "uv": [ 7, 7, 9, 9 ], "texture": "#texture" },
        "up":    { "uv": [ 7, 7, 9, 9 ], "texture": "#texture" },
        "north": { "uv": [ 7, 0, 9, 16 ], "texture": "#texture" },
        "south": { "uv": [ 7, 0, 9, 16 ], "texture": "#texture" },
        "west":  { "uv": [ 7, 0, 9, 16 ], "texture": "#texture" },
        "east":  { "uv": [ 7, 0, 9, 16 ], "texture": "#texture" }
    }
},
{
    "from": [ 0, 23, 6.5 ],
    "to": [ 16, 31, 7 ],
    "faces": {
        "down":  { "uv": [ 0, 6.5, 16, 7 ], "texture": "#texture" },
        "up":    { "uv": [ 0, 6.5, 16, 7 ], "texture": "#texture" },
        "north": { "uv": [ 0, 8, 16, 16 ], "texture": "#sign1" },
        "south": { "uv": [ 0, 0, 16, 8 ], "texture": "#texture" },
        "west":  { "uv": [ 6.5, 0, 7, 8 ], "texture": "#texture" },
        "east":  { "uv": [ 6.5, 0, 7, 8 ], "texture": "#texture" }
    }
}
],
"display": {
    "head": {
        "rotation": [ 0, 0, 0 ],
        "translation": [ 0, -24, 0 ],
        "scale": [ 2.4, 2.4, 2.4 ]
    }
}
}