{
"__comment": "Designed by tomaxed with Cubik",
"textures": {
    "particle": "blocks/planks_big_oak",
    "texture": "blocks/planks_big_oak",
    "sign": "misc/sign2"
},
"elements": [ 
{
    "from": [ -3.5, 16, 7 ],
    "to": [ -2, 30, 8.5 ],
    "faces": {
        "down":  { "uv": [ 0, 7, 1.5, 8.5 ], "texture": "#texture" },
        "up":    { "uv": [ 0, 7, 1.5, 8.5 ], "texture": "#texture" },
        "north": { "uv": [ 0, 0, 1.5, 14 ], "texture": "#texture" },
        "south": { "uv": [ 0, 0, 1.5, 14 ], "texture": "#texture" },
        "west":  { "uv": [ 7, 0, 8.5, 14 ], "texture": "#texture" },
        "east":  { "uv": [ 7, 0, 8.5, 14 ], "texture": "#texture" }
    }
},
{
    "from": [ 18, 16, 7 ],
    "to": [ 19.5, 30, 8.5 ],
    "faces": {
        "down":  { "uv": [ 13.5, 7, 15, 8.5 ], "texture": "#texture" },
        "up":    { "uv": [ 13.5, 7, 15, 8.5 ], "texture": "#texture" },
        "north": { "uv": [ 13, 0, 14.5, 14 ], "texture": "#texture" },
        "south": { "uv": [ 13, 0, 14.5, 14 ], "texture": "#texture" },
        "west":  { "uv": [ 7, 0, 8.5, 14 ], "texture": "#texture" },
        "east":  { "uv": [ 7, 0, 8.5, 14 ], "texture": "#texture" }
    }
},
{
    "from": [ -7, 16, 6.5 ],
    "to": [ 23, 31, 7 ],
    "faces": {
        "down":  { "uv": [ 0, 6.5, 16, 7 ], "texture": "#texture" },
        "up":    { "uv": [ 0, 6.5, 16, 7 ], "texture": "#texture" },
        "north": { "uv": [ 0, 3, 16, 12 ], "texture": "#sign" },
        "south": { "uv": [ 2.5, 0, 14, 16 ], "rotation": 90, "texture": "#texture" },
        "west":  { "uv": [ 6.5, 0, 7, 15 ], "texture": "#texture" },
        "east":  { "uv": [ 6.5, 0, 7, 15 ], "texture": "#texture" }
    }
},
{
    "from": [ -3.5, 0, 7 ],
    "to": [ -2, 16, 8.5 ],
    "faces": {
        "down":  { "uv": [ 0, 7, 1.5, 8.5 ], "texture": "#texture" },
        "up":    { "uv": [ 0, 7, 1.5, 8.5 ], "texture": "#texture" },
        "north": { "uv": [ 0, 0, 1.5, 16 ], "texture": "#texture" },
        "south": { "uv": [ 0, 0, 1.5, 16 ], "texture": "#texture" },
        "west":  { "uv": [ 7, 0, 8.5, 16 ], "texture": "#texture" },
        "east":  { "uv": [ 7, 0, 8.5, 16 ], "texture": "#texture" }
    }
},
{
    "from": [ 18, 0, 7 ],
    "to": [ 19.5, 16, 8.5 ],
    "faces": {
        "down":  { "uv": [ 14, 7, 15.5, 8.5 ], "texture": "#texture" },
        "up":    { "uv": [ 14, 7, 15.5, 8.5 ], "texture": "#texture" },
        "north": { "uv": [ 13.5, 0, 15, 16 ], "texture": "#texture" },
        "south": { "uv": [ 13.5, 0, 15, 16 ], "texture": "#texture" },
        "west":  { "uv": [ 7, 0, 8.5, 16 ], "texture": "#texture" },
        "east":  { "uv": [ 7, 0, 8.5, 16 ], "texture": "#texture" }
    }
}
],
"display": {
    "head": {
        "rotation": [ 0, 0, 0 ],
        "translation": [ 0, -24, 0 ],
        "scale": [ 2, 2, 2 ]
    }
}
}