{
"__comment": "Designed by tomaxed with Cubik",
"textures": {
    "particle": "blocks/planks_big_oak",
    "texture": "blocks/planks_big_oak",
    "sign": "misc/sign3",
    "iron_block": "blocks/iron_block"
},
"elements": [ 
{
    "from": [ -2, 16, 7 ],
    "to": [ -1, 30, 8.5 ],
    "faces": {
        "down":  { "uv": [ 0, 7, 1.5, 8.5 ], "texture": "#iron_block" },
        "up":    { "uv": [ 0, 7, 1.5, 8.5 ], "texture": "#iron_block" },
        "north": { "uv": [ 0, 0, 1.5, 14 ], "texture": "#iron_block" },
        "south": { "uv": [ 0, 0, 1.5, 14 ], "texture": "#iron_block" },
        "west":  { "uv": [ 7, 0, 8.5, 14 ], "texture": "#iron_block" },
        "east":  { "uv": [ 7, 0, 8.5, 14 ], "texture": "#iron_block" }
    }
},
{
    "from": [ 17, 16, 7 ],
    "to": [ 18, 30, 8.5 ],
    "faces": {
        "down":  { "uv": [ 13.5, 7, 15, 8.5 ], "texture": "#iron_block" },
        "up":    { "uv": [ 13.5, 7, 15, 8.5 ], "texture": "#iron_block" },
        "north": { "uv": [ 13, 0, 14.5, 14 ], "texture": "#iron_block" },
        "south": { "uv": [ 13, 0, 14.5, 14 ], "texture": "#iron_block" },
        "west":  { "uv": [ 7, 0, 8.5, 14 ], "texture": "#iron_block" },
        "east":  { "uv": [ 7, 0, 8.5, 14 ], "texture": "#iron_block" }
    }
},
{
    "from": [ -5, 16, 6.5 ],
    "to": [ 21, 31, 7 ],
    "faces": {
        "down":  { "uv": [ 0, 6.5, 16, 7 ], "texture": "#texture" },
        "up":    { "uv": [ 0, 6.5, 16, 7 ], "texture": "#texture" },
        "north": { "uv": [ 0, 3, 16, 12 ], "texture": "#sign" },
        "south": { "uv": [ 2.5, 0, 14, 16 ], "rotation": 90, "texture": "#texture" },
        "west":  { "uv": [ 6.5, 0, 7, 15 ], "texture": "#texture" },
        "east":  { "uv": [ 6.5, 0, 7, 15 ], "texture": "#texture" }
    }
},
{
    "from": [ -2, 0, 7 ],
    "to": [ -1, 16, 8.5 ],
    "faces": {
        "down":  { "uv": [ 0, 7, 1.5, 8.5 ], "texture": "#iron_block" },
        "up":    { "uv": [ 0, 7, 1.5, 8.5 ], "texture": "#iron_block" },
        "north": { "uv": [ 0, 0, 1.5, 16 ], "texture": "#iron_block" },
        "south": { "uv": [ 0, 0, 1.5, 16 ], "texture": "#iron_block" },
        "west":  { "uv": [ 7, 0, 8.5, 16 ], "texture": "#iron_block" },
        "east":  { "uv": [ 7, 0, 8.5, 16 ], "texture": "#iron_block" }
    }
},
{
    "from": [ 17, 0, 7 ],
    "to": [ 18, 16, 8.5 ],
    "faces": {
        "down":  { "uv": [ 14, 7, 15.5, 8.5 ], "texture": "#iron_block" },
        "up":    { "uv": [ 14, 7, 15.5, 8.5 ], "texture": "#iron_block" },
        "north": { "uv": [ 13.5, 0, 15, 16 ], "texture": "#iron_block" },
        "south": { "uv": [ 13.5, 0, 15, 16 ], "texture": "#iron_block" },
        "west":  { "uv": [ 7, 0, 8.5, 16 ], "texture": "#iron_block" },
        "east":  { "uv": [ 7, 0, 8.5, 16 ], "texture": "#iron_block" }
    }
},
{
    "from": [ -5, 11, 6.5 ],
    "to": [ 21, 15, 7 ],
    "faces": {
        "down":  { "uv": [ 0, 6.5, 16, 7 ], "texture": "#texture" },
        "up":    { "uv": [ 0, 6.5, 16, 7 ], "texture": "#texture" },
        "north": { "uv": [ 0, 12.5, 16, 15 ], "texture": "#sign" },
        "south": { "uv": [ 11, 0, 13.5, 16 ], "rotation": 90, "texture": "#texture" },
        "west":  { "uv": [ 6.5, 0, 7, 15 ], "texture": "#texture" },
        "east":  { "uv": [ 6.5, 0, 7, 15 ], "texture": "#texture" }
    }
}
],
"display": {
    "head": {
        "rotation": [ 0, 0, 0 ],
        "translation": [ 0, -24, 0 ],
        "scale": [ 3, 3, 3 ]
    }
}
}