{
"__comment": "Designed by Tomaxed44 with BDcraft Cubik PRO 0.95 Beta - http://bdcraft.net",
"textures": {
    "texture": "items/coin"
},
"elements": [ 
{
    "from": [ 7.5, -16, 7 ],
    "to": [ 8.5, -14, 8 ],
    "faces": {
        "down":  { "uv": [ 7.5, 7, 8.5, 8 ], "texture": "#texture" },
        "up":    { "uv": [ 7.5, 7, 8.5, 8 ], "texture": "#texture" },
        "north": { "uv": [ 7.5, 14, 8.5, 16 ], "texture": "#texture" },
        "south": { "uv": [ 7.5, 14, 8.5, 16 ], "texture": "#texture" },
        "west":  { "uv": [ 7, 14, 8, 16 ], "texture": "#texture" },
        "east":  { "uv": [ 7, 14, 8, 16 ], "texture": "#texture" }
    }
},
{
    "from": [ 7, -16, 7 ],
    "to": [ 7.5, -15.5, 8 ],
    "faces": {
        "down":  { "uv": [ 7, 7, 7.5, 8 ], "texture": "#texture" },
        "up":    { "uv": [ 7, 7, 7.5, 8 ], "texture": "#texture" },
        "north": { "uv": [ 7, 15.5, 7.5, 16 ], "texture": "#texture" },
        "south": { "uv": [ 7, 15.5, 7.5, 16 ], "texture": "#texture" },
        "west":  { "uv": [ 7, 15.5, 8, 16 ], "texture": "#texture" },
        "east":  { "uv": [ 7, 15.5, 8, 16 ], "texture": "#texture" }
    }
},
{
    "from": [ 8.5, -16, 7 ],
    "to": [ 9, -15.5, 8 ],
    "faces": {
        "down":  { "uv": [ 8.5, 7, 9, 8 ], "texture": "#texture" },
        "up":    { "uv": [ 8.5, 7, 9, 8 ], "texture": "#texture" },
        "north": { "uv": [ 8.5, 15.5, 9, 16 ], "texture": "#texture" },
        "south": { "uv": [ 8.5, 15.5, 9, 16 ], "texture": "#texture" },
        "west":  { "uv": [ 7, 15.5, 8, 16 ], "texture": "#texture" },
        "east":  { "uv": [ 7, 15.5, 8, 16 ], "texture": "#texture" }
    }
},
{
    "from": [ 7, -14, 6.75 ],
    "to": [ 9, -13.5, 8.25 ],
    "faces": {
        "down":  { "uv": [ 7, 6.75, 9, 8.25 ], "texture": "#texture" },
        "up":    { "uv": [ 7, 6.75, 9, 8.25 ], "texture": "#texture" },
        "north": { "uv": [ 7, 13.5, 9, 14 ], "texture": "#texture" },
        "south": { "uv": [ 7, 13.5, 9, 14 ], "texture": "#texture" },
        "west":  { "uv": [ 6.75, 13.5, 8.25, 14 ], "texture": "#texture" },
        "east":  { "uv": [ 6.75, 13.5, 8.25, 14 ], "texture": "#texture" }
    }
},
{
    "from": [ 6.5, -13.5, 6.75 ],
    "to": [ 9.5, -12.5, 8.25 ],
    "faces": {
        "down":  { "uv": [ 6.5, 6.75, 9.5, 8.25 ], "texture": "#texture" },
        "up":    { "uv": [ 6.5, 6.75, 9.5, 8.25 ], "texture": "#texture" },
        "north": { "uv": [ 6.5, 12.5, 9.5, 13.5 ], "texture": "#texture" },
        "south": { "uv": [ 6.5, 12.5, 9.5, 13.5 ], "texture": "#texture" },
        "west":  { "uv": [ 6.75, 12.5, 8.25, 13.5 ], "texture": "#texture" },
        "east":  { "uv": [ 6.75, 12.5, 8.25, 13.5 ], "texture": "#texture" }
    }
}
],
"display": {
    "head": {
        "rotation": [ 0, 0, 0 ],
        "translation": [ 0, 4.72, 0 ],
        "scale": [ 2, 2, 2 ]
    }
}
}