{
	"credit": "Made with Blockbench",
	"textures": {
		"0": "block/police_box/tardis_blue",
		"1": "item/disk/blueprint_white_label",
		"2": "item/disk/silver_metal",
		"3": "item/disk/blueprint_blue",
		"4": "item/disk/blueprint_label",
		"particle": "block/police_box/tardis_blue"
	},
	"elements": [
		{
			"from": [1, 8, 0],
			"to": [2, 8.5, 15],
			"rotation": {"angle": 0, "axis": "y", "origin": [8, 16, 8]},
			"faces": {
				"north": {"uv": [13, 0, 14, 0.5], "texture": "#0"},
				"east": {"uv": [0, 0, 15, 0.5], "texture": "#0"},
				"south": {"uv": [0, 0, 1, 0.5], "texture": "#0"},
				"west": {"uv": [0, 0, 15, 0.5], "texture": "#0"},
				"up": {"uv": [0, 0, 1, 15], "texture": "#0"},
				"down": {"uv": [13, 0, 14, 15], "texture": "#0"}
			}
		},
		{
			"from": [14, 8, 1],
			"to": [15, 8.5, 15],
			"rotation": {"angle": 0, "axis": "y", "origin": [8, 16, 8]},
			"faces": {
				"north": {"uv": [0, 0, 1, 0.5], "texture": "#0"},
				"east": {"uv": [0, 0, 14, 0.5], "texture": "#0"},
				"south": {"uv": [13, 0, 14, 0.5], "texture": "#0"},
				"west": {"uv": [0, 0, 14, 0.5], "texture": "#0"},
				"up": {"uv": [13, 1, 14, 15], "texture": "#0"},
				"down": {"uv": [0, 1, 1, 15], "texture": "#0"}
			}
		},
		{
			"from": [2, 8, 14],
			"to": [3, 8.5, 15],
			"rotation": {"angle": 0, "axis": "y", "origin": [8, 16, 8]},
			"faces": {
				"north": {"uv": [0, 0, 0.5, 1], "rotation": 270, "texture": "#0"},
				"south": {"uv": [1, 0, 2, 0.5], "texture": "#0"},
				"up": {"uv": [1, 13, 2, 14], "texture": "#0"},
				"down": {"uv": [12, 14, 13, 15], "rotation": 270, "texture": "#0"}
			}
		},
		{
			"from": [13, 8, 0],
			"to": [14, 8.5, 13],
			"rotation": {"angle": 0, "axis": "y", "origin": [8, 16, 8]},
			"faces": {
				"north": {"uv": [1, 0, 2, 0.5], "texture": "#0"},
				"east": {"uv": [0, 0, 13, 0.5], "texture": "#0"},
				"south": {"uv": [0, 0, 0.5, 1], "rotation": 270, "texture": "#0"},
				"up": {"uv": [12, 0, 13, 13], "rotation": 180, "texture": "#0"},
				"down": {"uv": [1, 0, 2, 13], "texture": "#0"}
			}
		},
		{
			"from": [3, 8, 0],
			"to": [3.5, 8.5, 15],
			"rotation": {"angle": 0, "axis": "y", "origin": [8, 16, 8]},
			"faces": {
				"north": {"uv": [11.5, 0, 12, 0.5], "texture": "#0"},
				"east": {"uv": [0, 0, 0.5, 15], "rotation": 270, "texture": "#0"},
				"south": {"uv": [2, 0, 2.5, 0.5], "texture": "#0"},
				"west": {"uv": [0, 0, 15, 0.5], "texture": "#0"},
				"up": {"uv": [2, 0, 2.5, 15], "texture": "#0"},
				"down": {"uv": [11.5, 0, 12, 15], "texture": "#0"}
			}
		},
		{
			"from": [13, 8, 14],
			"to": [14, 8.5, 15],
			"rotation": {"angle": 0, "axis": "y", "origin": [8, 16, 8]},
			"faces": {
				"north": {"uv": [0, 0, 0.5, 1], "rotation": 270, "texture": "#0"},
				"south": {"uv": [12, 0, 13, 0.5], "texture": "#0"},
				"up": {"uv": [12, 13, 13, 14], "texture": "#0"},
				"down": {"uv": [1, 14, 2, 15], "rotation": 270, "texture": "#0"}
			}
		},
		{
			"from": [2, 8, 0],
			"to": [3, 8.5, 13],
			"rotation": {"angle": 0, "axis": "y", "origin": [8, 16, 8]},
			"faces": {
				"north": {"uv": [12, 0, 13, 0.5], "texture": "#0"},
				"south": {"uv": [0, 0, 0.5, 1], "rotation": 270, "texture": "#0"},
				"up": {"uv": [1, 0, 2, 13], "rotation": 180, "texture": "#0"},
				"down": {"uv": [12, 0, 13, 13], "texture": "#0"}
			}
		},
		{
			"from": [12.5, 8, 0],
			"to": [13, 8.5, 15],
			"rotation": {"angle": 0, "axis": "y", "origin": [8, 16, 8]},
			"faces": {
				"north": {"uv": [2, 0, 2.5, 0.5], "texture": "#0"},
				"east": {"uv": [0, 0, 15, 0.5], "texture": "#0"},
				"south": {"uv": [11.5, 0, 12, 0.5], "texture": "#0"},
				"up": {"uv": [11.5, 0, 12, 15], "texture": "#0"},
				"down": {"uv": [2, 0, 2.5, 15], "texture": "#0"}
			}
		},
		{
			"from": [10.5, 8, 0],
			"to": [12.5, 8.5, 7],
			"rotation": {"angle": 0, "axis": "y", "origin": [8, 16, 8]},
			"faces": {
				"north": {"uv": [2.5, 0, 4.5, 0.5], "texture": "#0"},
				"west": {"uv": [0, 0, 0.5, 7], "rotation": 270, "texture": "#0"},
				"up": {"uv": [9.5, 0, 11.5, 7], "texture": "#0"},
				"down": {"uv": [2.5, 0, 4.5, 7], "texture": "#0"}
			}
		},
		{
			"from": [3.5, 8, 7],
			"to": [12.5, 8.5, 15],
			"rotation": {"angle": 0, "axis": "y", "origin": [8, 16, 8]},
			"faces": {
				"south": {"uv": [15, 0, 15.5, 9], "rotation": 270, "texture": "#1"},
				"up": {"uv": [2.5, 7, 13.25, 15.5], "texture": "#4"},
				"down": {"uv": [0, 0, 9, 8], "rotation": 180, "texture": "#1"}
			}
		},
		{
			"from": [3.5, 8.1, 0.25],
			"to": [10.5, 8.4, 6],
			"rotation": {"angle": 0, "axis": "y", "origin": [8, 16, 8]},
			"faces": {
				"north": {"uv": [0, 0, 7, 0.3], "rotation": 180, "texture": "#3"},
				"up": {"uv": [0, 0, 7, 5.75], "rotation": 180, "texture": "#3"},
				"down": {"uv": [0, 0, 7, 5.75], "rotation": 180, "texture": "#3"}
			}
		},
		{
			"from": [3.5, 8, 6],
			"to": [10.5, 8.5, 7],
			"rotation": {"angle": 0, "axis": "y", "origin": [8, 16, 8]},
			"faces": {
				"north": {"uv": [0, 0, 0.5, 7], "rotation": 270, "texture": "#0"},
				"up": {"uv": [2.5, 0, 9.5, 1], "rotation": 180, "texture": "#0"},
				"down": {"uv": [5.5, 6, 12.5, 7], "texture": "#0"}
			}
		},
		{
			"from": [4, 8, 0],
			"to": [8, 8.5, 5],
			"rotation": {"angle": 0, "axis": "y", "origin": [8, 16, 8]},
			"faces": {
				"north": {"uv": [0, 0, 4, 0.5], "texture": "#2"},
				"east": {"uv": [0, 0, 5, 0.5], "texture": "#2"},
				"south": {"uv": [0, 0, 4, 0.5], "texture": "#2"},
				"west": {"uv": [0, 0, 5, 0.5], "texture": "#2"},
				"up": {"uv": [0, 0, 4, 5], "texture": "#2"},
				"down": {"uv": [0, 0, 4, 5], "texture": "#2"}
			}
		},
		{
			"from": [9, 8, 0],
			"to": [10, 8.5, 5],
			"rotation": {"angle": 0, "axis": "y", "origin": [8, 16, 8]},
			"faces": {
				"north": {"uv": [0, 0, 1, 0.5], "texture": "#2"},
				"east": {"uv": [0, 0, 5, 0.5], "texture": "#2"},
				"south": {"uv": [0, 0, 1, 0.5], "texture": "#2"},
				"west": {"uv": [0, 0, 5, 0.5], "texture": "#2"},
				"up": {"uv": [0, 0, 1, 5], "texture": "#2"},
				"down": {"uv": [0, 0, 1, 5], "texture": "#2"}
			}
		},
		{
			"from": [8, 8, 0],
			"to": [9, 8.5, 1],
			"rotation": {"angle": 0, "axis": "y", "origin": [8, 16, 8]},
			"faces": {
				"north": {"uv": [0, 0, 1, 0.5], "texture": "#2"},
				"south": {"uv": [0, 0, 1, 0.5], "texture": "#2"},
				"up": {"uv": [0, 0, 1, 1], "texture": "#2"},
				"down": {"uv": [0, 0, 1, 1], "texture": "#2"}
			}
		},
		{
			"from": [8, 8, 4.5],
			"to": [9, 8.5, 5],
			"rotation": {"angle": 0, "axis": "y", "origin": [8, 16, 8]},
			"faces": {
				"north": {"uv": [0, 0, 1, 0.5], "texture": "#2"},
				"south": {"uv": [0, 0, 1, 0.5], "texture": "#2"},
				"up": {"uv": [0, 0, 1, 0.5], "texture": "#2"},
				"down": {"uv": [0, 0, 1, 0.5], "texture": "#2"}
			}
		}
	],
	"gui_light": "front",
	"display": {
		"thirdperson_righthand": {
			"rotation": [48.5, 0, 0],
			"translation": [0, 1, -1],
			"scale": [0.25, 0.25, 0.25]
		},
		"thirdperson_lefthand": {
			"rotation": [48.5, 0, 0],
			"translation": [0, 1, -1],
			"scale": [0.25, 0.25, 0.25]
		},
		"firstperson_righthand": {
			"translation": [-1, 2.5, 2.5],
			"scale": [0.33, 0.33, 0.2]
		},
		"firstperson_lefthand": {
			"translation": [-1, 2.5, 2.5],
			"scale": [0.33, 0.33, 0.2]
		},
		"ground": {
			"rotation": [90, 0, 0],
			"translation": [0, 3, 0],
			"scale": [0.25, 0.25, 0.25]
		},
		"gui": {
			"rotation": [90, 0, 0],
			"translation": [0, -0.5, 0]
		},
		"head": {
			"rotation": [-90, 180, 0],
			"translation": [0, 10, 0],
			"scale": [0.5, 0.5, 0.5]
		},
		"fixed": {
			"rotation": [-90, 180, 0],
			"translation": [0, -0.75, 0]
		}
	}
}