{
	"credit": "Made with Blockbench",
	"textures": {
		"0": "item/food/biscuit_light",
		"1": "item/food/jammy_dodger",
		"2": "item/food/jam",
		"3": "item/food/jammy_dodger_back",
		"particle": "item/food/biscuit_light"
	},
	"elements": [
		{
			"name": "cube2",
			"from": [1, 1.5, 3],
			"to": [3, 2.25, 13],
			"rotation": {"angle": 0, "axis": "y", "origin": [16, 10, 8]},
			"faces": {
				"north": {"uv": [0, 0, 2, 0.75], "texture": "#0"},
				"east": {"uv": [0, 0, 2, 0.75], "texture": "#0"},
				"south": {"uv": [0, 0, 2, 0.75], "texture": "#0"},
				"west": {"uv": [0, 0, 2, 0.75], "texture": "#0"},
				"up": {"uv": [2.25, 3.625, 3.625, 12.5], "texture": "#1"},
				"down": {"uv": [12.375, 3, 14.375, 13], "texture": "#0"}
			}
		},
		{
			"from": [5, 1.5, 0],
			"to": [11, 2.25, 16],
			"rotation": {"angle": 0, "axis": "y", "origin": [16, 10, 8]},
			"faces": {
				"north": {"uv": [6.5, 7.625, 12.5, 8.375], "texture": "#0"},
				"east": {"uv": [0, 0, 6, 0.75], "texture": "#0"},
				"south": {"uv": [0, 0, 6, 0.75], "texture": "#0"},
				"west": {"uv": [0, 0, 6, 0.75], "texture": "#0"},
				"up": {"uv": [5.5, 1, 10.5, 15], "texture": "#1"},
				"down": {"uv": [4.625, 0, 10.625, 16], "texture": "#0"}
			}
		},
		{
			"from": [11, 1.5, 1],
			"to": [13, 2.25, 15],
			"rotation": {"angle": 0, "axis": "y", "origin": [16, 10, 8]},
			"faces": {
				"north": {"uv": [0, 0, 2, 0.75], "texture": "#0"},
				"east": {"uv": [2, 7.125, 16, 7.875], "texture": "#0"},
				"south": {"uv": [0, 0, 2, 0.75], "texture": "#0"},
				"west": {"uv": [0, 0, 2, 0.75], "texture": "#0"},
				"up": {"uv": [10.5, 1.75, 12.125, 14], "texture": "#1"},
				"down": {"uv": [4.125, 0.875, 6.125, 14.875], "texture": "#0"}
			}
		},
		{
			"from": [3, 1.5, 1],
			"to": [5, 2.25, 15],
			"rotation": {"angle": 0, "axis": "y", "origin": [16, 10, 8]},
			"faces": {
				"north": {"uv": [0, 0, 2, 0.75], "texture": "#0"},
				"east": {"uv": [0, 0, 2, 0.75], "texture": "#0"},
				"south": {"uv": [0, 0, 2, 0.75], "texture": "#0"},
				"west": {"uv": [0, 0, 2, 0.75], "texture": "#0"},
				"up": {"uv": [3.625, 2, 5.375, 14.125], "texture": "#1"},
				"down": {"uv": [10.125, 1.125, 12.125, 15.125], "texture": "#0"}
			}
		},
		{
			"from": [0, 1.5, 5],
			"to": [1, 2.25, 11],
			"rotation": {"angle": 0, "axis": "y", "origin": [15, 10, 8]},
			"faces": {
				"north": {"uv": [0, 0, 1, 0.75], "texture": "#0"},
				"east": {"uv": [0, 0, 1, 0.75], "texture": "#0"},
				"south": {"uv": [0, 0, 1, 0.75], "texture": "#0"},
				"west": {"uv": [0, 0, 1, 0.75], "texture": "#0"},
				"up": {"uv": [1, 5, 2, 11], "texture": "#1"},
				"down": {"uv": [14.875, 5.5, 15.875, 11.5], "texture": "#0"}
			}
		},
		{
			"from": [15, 1.5, 5],
			"to": [16, 2.25, 11],
			"rotation": {"angle": 0, "axis": "y", "origin": [15, 10, 8]},
			"faces": {
				"north": {"uv": [0, 0, 1, 0.75], "texture": "#0"},
				"east": {"uv": [5.625, 6.625, 11.625, 7.375], "texture": "#0"},
				"south": {"uv": [0, 0, 1, 0.75], "texture": "#0"},
				"west": {"uv": [0, 0, 1, 0.75], "texture": "#0"},
				"up": {"uv": [13.875, 5, 14.5, 10.75], "texture": "#1"},
				"down": {"uv": [0, 4.875, 1, 10.875], "texture": "#0"}
			}
		},
		{
			"from": [13, 1.5, 3],
			"to": [15, 2.25, 13],
			"rotation": {"angle": 0, "axis": "y", "origin": [16, 10, 8]},
			"faces": {
				"north": {"uv": [0, 0, 2, 0.75], "texture": "#0"},
				"east": {"uv": [3.375, 12.25, 13.375, 13], "texture": "#0"},
				"south": {"uv": [0, 0, 2, 0.75], "texture": "#0"},
				"west": {"uv": [0, 0, 2, 0.75], "texture": "#0"},
				"up": {"uv": [12.5, 3.125, 13.625, 12.625], "texture": "#1"},
				"down": {"uv": [1.25, 2.625, 3.25, 12.625], "texture": "#0"}
			}
		},
		{
			"name": "cube3",
			"from": [1.7, 0.75, 3.5],
			"to": [3.5, 1.425, 12.5],
			"rotation": {"angle": 0, "axis": "y", "origin": [15.2, 8.6, 8]},
			"faces": {
				"north": {"uv": [5.875, 6, 7.675, 6.675], "texture": "#2"},
				"east": {"uv": [12.375, 3, 14.375, 13], "texture": "#2"},
				"south": {"uv": [7, 3.25, 8.8, 3.925], "texture": "#2"},
				"west": {"uv": [2, 9.625, 11, 10.3], "texture": "#2"},
				"up": {"uv": [12.375, 3, 14.375, 13], "texture": "#2"},
				"down": {"uv": [12.375, 3, 14.175, 12], "texture": "#2"}
			}
		},
		{
			"from": [5.3, 0.75, 0.8],
			"to": [10.7, 1.425, 15.2],
			"rotation": {"angle": 0, "axis": "y", "origin": [15.2, 8.6, 8]},
			"faces": {
				"north": {"uv": [6.875, 14.25, 12.275, 14.925], "texture": "#2"},
				"east": {"uv": [4.625, 0, 19.025, 0.675], "texture": "#2"},
				"south": {"uv": [1.75, 9, 7.15, 9.675], "texture": "#2"},
				"west": {"uv": [0.75, 5.25, 15.15, 5.925], "texture": "#2"},
				"up": {"uv": [4.625, 0, 10.625, 16], "texture": "#2"},
				"down": {"uv": [4.625, 0, 10.025, 14.4], "texture": "#2"}
			}
		},
		{
			"from": [10.7, 0.75, 1.7],
			"to": [12.5, 1.425, 14.3],
			"rotation": {"angle": 0, "axis": "y", "origin": [15.2, 8.6, 8]},
			"faces": {
				"north": {"uv": [4.375, 1.875, 6.175, 2.55], "texture": "#2"},
				"east": {"uv": [4.125, 0.875, 16.725, 1.55], "texture": "#2"},
				"south": {"uv": [1.75, 9, 3.55, 9.675], "texture": "#2"},
				"west": {"uv": [4.125, 0.875, 6.125, 14.875], "texture": "#2"},
				"up": {"uv": [4.125, 0.875, 6.125, 14.875], "texture": "#2"},
				"down": {"uv": [4.125, 0.875, 5.925, 13.475], "texture": "#2"}
			}
		},
		{
			"from": [3.5, 0.75, 1.7],
			"to": [5.3, 1.425, 14.3],
			"rotation": {"angle": 0, "axis": "y", "origin": [15.2, 8.6, 8]},
			"faces": {
				"north": {"uv": [13, 4.25, 14.8, 4.925], "texture": "#2"},
				"east": {"uv": [10.125, 1.125, 12.125, 15.125], "texture": "#2"},
				"south": {"uv": [7.75, 8.875, 9.55, 9.55], "texture": "#2"},
				"west": {"uv": [2.875, 7.5, 15.475, 8.175], "texture": "#2"},
				"up": {"uv": [10.125, 1.125, 12.125, 15.125], "texture": "#2"},
				"down": {"uv": [10.125, 1.125, 11.925, 13.725], "texture": "#2"}
			}
		},
		{
			"from": [0.8, 0.75, 5.3],
			"to": [1.7, 1.425, 10.7],
			"rotation": {"angle": 0, "axis": "y", "origin": [14.3, 8.6, 8]},
			"faces": {
				"north": {"uv": [6, 8.25, 6.9, 8.925], "texture": "#2"},
				"east": {"uv": [14.875, 5.5, 15.875, 11.5], "texture": "#2"},
				"south": {"uv": [1.75, 9, 2.65, 9.675], "texture": "#2"},
				"west": {"uv": [5.875, 12, 11.275, 12.675], "texture": "#2"},
				"up": {"uv": [14.875, 5.5, 15.875, 11.5], "texture": "#2"},
				"down": {"uv": [14.875, 5.5, 15.775, 10.9], "texture": "#2"}
			}
		},
		{
			"from": [14.3, 0.75, 5.3],
			"to": [15.2, 1.425, 10.7],
			"rotation": {"angle": 0, "axis": "y", "origin": [14.3, 8.6, 8]},
			"faces": {
				"north": {"uv": [0, 4.875, 0.9, 5.55], "texture": "#2"},
				"east": {"uv": [3.375, 2.375, 8.775, 3.05], "texture": "#2"},
				"south": {"uv": [5.25, 3.625, 6.15, 4.3], "texture": "#2"},
				"west": {"uv": [0, 4.875, 1, 10.875], "texture": "#2"},
				"up": {"uv": [0, 4.875, 1, 10.875], "texture": "#2"},
				"down": {"uv": [0, 4.875, 0.9, 10.275], "texture": "#2"}
			}
		},
		{
			"from": [12.5, 0.75, 3.5],
			"to": [14.3, 1.425, 12.5],
			"rotation": {"angle": 0, "axis": "y", "origin": [15.2, 8.6, 8]},
			"faces": {
				"north": {"uv": [0.875, 3.625, 2.675, 4.3], "texture": "#2"},
				"east": {"uv": [3.25, 12, 12.25, 12.675], "texture": "#2"},
				"south": {"uv": [9.75, 12.5, 11.55, 13.175], "texture": "#2"},
				"west": {"uv": [1.25, 2.625, 3.25, 12.625], "texture": "#2"},
				"up": {"uv": [1.25, 2.625, 3.25, 12.625], "texture": "#2"},
				"down": {"uv": [1.25, 2.625, 3.05, 11.625], "texture": "#2"}
			}
		},
		{
			"name": "cube3",
			"from": [1, 0, 3],
			"to": [3, 0.75, 13],
			"rotation": {"angle": 0, "axis": "y", "origin": [16, -7, 8]},
			"faces": {
				"north": {"uv": [0, 0, 2, 0.75], "rotation": 180, "texture": "#0"},
				"east": {"uv": [0, 0, 2, 0.75], "rotation": 180, "texture": "#0"},
				"south": {"uv": [0, 0, 2, 0.75], "rotation": 180, "texture": "#0"},
				"west": {"uv": [0, 0, 2, 0.75], "rotation": 180, "texture": "#0"},
				"up": {"uv": [12.375, 3, 14.375, 13], "texture": "#0"},
				"down": {"uv": [2.25, 3.625, 3.625, 12.5], "texture": "#3"}
			}
		},
		{
			"from": [5, 0, 0],
			"to": [11, 0.75, 16],
			"rotation": {"angle": 0, "axis": "y", "origin": [16, -7, 8]},
			"faces": {
				"north": {"uv": [0, 0, 6, 0.75], "rotation": 180, "texture": "#0"},
				"east": {"uv": [0, 0, 6, 0.75], "rotation": 180, "texture": "#0"},
				"south": {"uv": [6.5, 7.625, 12.5, 8.375], "rotation": 180, "texture": "#0"},
				"west": {"uv": [0, 0, 6, 0.75], "rotation": 180, "texture": "#0"},
				"up": {"uv": [4.625, 0, 10.625, 16], "texture": "#0"},
				"down": {"uv": [5.5, 1, 10.5, 15], "texture": "#3"}
			}
		},
		{
			"from": [11, 0, 1],
			"to": [13, 0.75, 15],
			"rotation": {"angle": 0, "axis": "y", "origin": [16, -7, 8]},
			"faces": {
				"north": {"uv": [0, 0, 2, 0.75], "rotation": 180, "texture": "#0"},
				"east": {"uv": [2, 7.125, 16, 7.875], "rotation": 180, "texture": "#0"},
				"south": {"uv": [0, 0, 2, 0.75], "rotation": 180, "texture": "#0"},
				"west": {"uv": [0, 0, 2, 0.75], "rotation": 180, "texture": "#0"},
				"up": {"uv": [4.125, 0.875, 6.125, 14.875], "texture": "#0"},
				"down": {"uv": [10.5, 1.75, 12.125, 14], "texture": "#3"}
			}
		},
		{
			"from": [3, 0, 1],
			"to": [5, 0.75, 15],
			"rotation": {"angle": 0, "axis": "y", "origin": [16, -7, 8]},
			"faces": {
				"north": {"uv": [0, 0, 2, 0.75], "rotation": 180, "texture": "#0"},
				"east": {"uv": [0, 0, 2, 0.75], "rotation": 180, "texture": "#0"},
				"south": {"uv": [0, 0, 2, 0.75], "rotation": 180, "texture": "#0"},
				"west": {"uv": [0, 0, 2, 0.75], "rotation": 180, "texture": "#0"},
				"up": {"uv": [10.125, 1.125, 12.125, 15.125], "texture": "#0"},
				"down": {"uv": [3.625, 2, 5.375, 14.125], "texture": "#3"}
			}
		},
		{
			"from": [0, 0, 5],
			"to": [1, 0.75, 11],
			"rotation": {"angle": 0, "axis": "y", "origin": [15, -7, 8]},
			"faces": {
				"north": {"uv": [0, 0, 1, 0.75], "rotation": 180, "texture": "#0"},
				"east": {"uv": [0, 0, 1, 0.75], "rotation": 180, "texture": "#0"},
				"south": {"uv": [0, 0, 1, 0.75], "rotation": 180, "texture": "#0"},
				"west": {"uv": [0, 0, 1, 0.75], "rotation": 180, "texture": "#0"},
				"up": {"uv": [14.875, 5.5, 15.875, 11.5], "texture": "#0"},
				"down": {"uv": [1, 5, 2, 11], "texture": "#3"}
			}
		},
		{
			"from": [15, 0, 5],
			"to": [16, 0.75, 11],
			"rotation": {"angle": 0, "axis": "y", "origin": [15, -7, 8]},
			"faces": {
				"north": {"uv": [0, 0, 1, 0.75], "rotation": 180, "texture": "#0"},
				"east": {"uv": [5.625, 6.625, 11.625, 7.375], "rotation": 180, "texture": "#0"},
				"south": {"uv": [0, 0, 1, 0.75], "rotation": 180, "texture": "#0"},
				"west": {"uv": [0, 0, 1, 0.75], "rotation": 180, "texture": "#0"},
				"up": {"uv": [0, 4.875, 1, 10.875], "texture": "#0"},
				"down": {"uv": [13.875, 5, 14.5, 10.75], "texture": "#3"}
			}
		},
		{
			"from": [13, 0, 3],
			"to": [15, 0.75, 13],
			"rotation": {"angle": 0, "axis": "y", "origin": [16, -7, 8]},
			"faces": {
				"north": {"uv": [0, 0, 2, 0.75], "rotation": 180, "texture": "#0"},
				"east": {"uv": [3.375, 12.25, 13.375, 13], "rotation": 180, "texture": "#0"},
				"south": {"uv": [0, 0, 2, 0.75], "rotation": 180, "texture": "#0"},
				"west": {"uv": [0, 0, 2, 0.75], "rotation": 180, "texture": "#0"},
				"up": {"uv": [1.25, 2.625, 3.25, 12.625], "texture": "#0"},
				"down": {"uv": [12.5, 3.125, 13.625, 12.625], "texture": "#3"}
			}
		}
	],
	"gui_light": "front",
	"display": {
		"thirdperson_righthand": {
			"rotation": [90, 0, 0],
			"translation": [0, 2, 3],
			"scale": [0.3, 0.3, 0.3]
		},
		"thirdperson_lefthand": {
			"rotation": [90, 0, 0],
			"translation": [0, 2, 3],
			"scale": [0.3, 0.3, 0.3]
		},
		"firstperson_righthand": {
			"rotation": [0, 0, 15],
			"translation": [-0.5, 4.25, 1.13],
			"scale": [0.3, 0.3, 0.3]
		},
		"firstperson_lefthand": {
			"rotation": [0, 0, 15],
			"translation": [-0.5, 4.25, 1.13],
			"scale": [0.3, 0.3, 0.3]
		},
		"ground": {
			"scale": [0.3, 0.3, 0.3]
		},
		"gui": {
			"rotation": [45, 25, 0],
			"translation": [0, 5.5, 0],
			"scale": [0.75, 0.75, 0.75]
		},
		"head": {
			"rotation": [-90, 180, 0],
			"translation": [0, 8.5, -2],
			"scale": [0.3, 0.3, 0.3]
		},
		"fixed": {
			"rotation": [-90, 180, 0],
			"translation": [0.25, 0, -4],
			"scale": [0.51, 0.51, 0.51]
		}
	},
	"groups": [
		{
			"name": "top",
			"origin": [16, 8, 8],
			"children": [0, 1, 2, 3, 4, 5, 6]
		},
		{
			"name": "jam",
			"origin": [16, 8, 8],
			"children": [7, 8, 9, 10, 11, 12, 13]
		},
		{
			"name": "bottom",
			"origin": [16, 8, 8],
			"children": [14, 15, 16, 17, 18, 19, 20]
		}
	]
}