{
	"credit": "Made with Blockbench",
	"textures": {
		"0": "item/glow_sticks/light_gray_plastic",
		"1": "item/chemistry/powder",
		"2": "item/disk/blacker_plastic",
		"particle": "item/glow_sticks/light_gray_plastic"
	},
	"elements": [
		{
			"name": "powder",
			"from": [3.9, 0.5, 3.9],
			"to": [10.9, 8.5, 10.9],
			"rotation": {"angle": 0, "axis": "y", "origin": [12.5, 8, 12.5]},
			"faces": {
				"north": {"uv": [0, 0, 16, 16], "texture": "#1"},
				"east": {"uv": [0, 0, 16, 16], "texture": "#1"},
				"south": {"uv": [0, 0, 16, 16], "texture": "#1"},
				"west": {"uv": [0, 0, 16, 16], "texture": "#1"},
				"up": {"uv": [0, 0, 16, 16], "texture": "#1"},
				"down": {"uv": [0, 0, 16, 16], "texture": "#1"}
			}
		},
		{
			"from": [4, 0, 4],
			"to": [4.5, 10, 12],
			"faces": {
				"north": {"uv": [0, 2, 0.5, 12], "texture": "#0"},
				"east": {"uv": [0, 2, 8, 12], "texture": "#0"},
				"south": {"uv": [0, 2, 0.5, 12], "texture": "#0"},
				"west": {"uv": [0, 2, 8, 12], "texture": "#0"},
				"up": {"uv": [0, 2, 0.5, 10], "texture": "#0"},
				"down": {"uv": [0, 2, 0.5, 10], "texture": "#0", "cullface": "down"}
			}
		},
		{
			"from": [4.5, 0, 4],
			"to": [11.5, 10, 4.5],
			"faces": {
				"north": {"uv": [0, 2, 10, 9], "rotation": 90, "texture": "#0"},
				"south": {"uv": [0, 2, 10, 9], "rotation": 90, "texture": "#0"},
				"up": {"uv": [0, 2, 0.5, 9], "rotation": 90, "texture": "#0"},
				"down": {"uv": [0, 2, 0.5, 9], "rotation": 90, "texture": "#0", "cullface": "down"}
			}
		},
		{
			"from": [11.5, 0, 4],
			"to": [12, 10, 12],
			"faces": {
				"north": {"uv": [0, 2, 0.5, 12], "texture": "#0"},
				"east": {"uv": [0, 2, 8, 12], "texture": "#0"},
				"south": {"uv": [0, 2, 0.5, 12], "texture": "#0"},
				"west": {"uv": [0, 2, 8, 12], "texture": "#0"},
				"up": {"uv": [0, 2, 0.5, 10], "texture": "#0"},
				"down": {"uv": [0, 2, 0.5, 10], "texture": "#0", "cullface": "down"}
			}
		},
		{
			"from": [4.5, 0, 11.5],
			"to": [11.5, 10, 12],
			"faces": {
				"north": {"uv": [0, 2, 10, 9], "rotation": 90, "texture": "#0"},
				"south": {"uv": [0, 2, 10, 9], "rotation": 90, "texture": "#0"},
				"up": {"uv": [0, 2, 0.5, 9], "rotation": 90, "texture": "#0"},
				"down": {"uv": [0, 2, 0.5, 9], "rotation": 90, "texture": "#0", "cullface": "down"}
			}
		},
		{
			"from": [4.5, 0, 4.5],
			"to": [11.5, 0.5, 11.5],
			"rotation": {"angle": 0, "axis": "y", "origin": [12.5, 8, 12.5]},
			"faces": {
				"up": {"uv": [0, 2, 7, 9], "texture": "#0"},
				"down": {"uv": [0, 2, 7, 9], "texture": "#0", "cullface": "down"}
			}
		},
		{
			"from": [4.5, 9.5, 4.5],
			"to": [11.5, 10, 11.5],
			"rotation": {"angle": 0, "axis": "y", "origin": [12.5, 8, 12.5]},
			"faces": {
				"down": {"uv": [0, 2, 7, 9], "texture": "#0"}
			}
		},
		{
			"from": [4.5, 10, 4.5],
			"to": [11.5, 11.5, 11.5],
			"rotation": {"angle": 0, "axis": "y", "origin": [12.5, 8, 12.5]},
			"faces": {
				"north": {"uv": [0, 0, 7, 1.5], "texture": "#2"},
				"east": {"uv": [0, 0, 7, 1.5], "texture": "#2"},
				"south": {"uv": [0, 0, 7, 1.5], "texture": "#2"},
				"west": {"uv": [0, 0, 7, 1.5], "texture": "#2"},
				"up": {"uv": [0, 0, 7, 7], "texture": "#2"}
			}
		}
	],
	"gui_light": "front",
	"display": {
		"thirdperson_righthand": {
			"rotation": [69, 0, 0],
			"translation": [0, 1.5, 1.5],
			"scale": [0.36, 0.36, 0.36]
		},
		"thirdperson_lefthand": {
			"rotation": [69, 0, 0],
			"translation": [0, 1.5, 1.5],
			"scale": [0.36, 0.36, 0.36]
		},
		"firstperson_righthand": {
			"rotation": [0, 90, 0],
			"translation": [1.13, 3.2, 1.13],
			"scale": [0.36, 0.36, 0.36]
		},
		"firstperson_lefthand": {
			"rotation": [0, -90, 0],
			"translation": [1.13, 3.2, 1.13],
			"scale": [0.36, 0.36, 0.36]
		},
		"ground": {
            "translation": [0, 3, 0],
			"scale": [0.5, 0.5, 0.5]
		},
		"gui": {
			"rotation": [35, 135, 0],
			"translation": [0, 0.75, 0],
			"scale": [0.8, 0.8, 0.8]
		}
	},
	"groups": [0,
		{
			"name": "jar",
			"origin": [12.5, 8, 12.5],
			"children": [1, 2, 3, 4, 5, 6, 7]
		}
	]
}