{
	"credit": "Made with Blockbench",
	"textures": {
		"0": "item/chemistry/soap",
		"particle": "item/chemistry/soap"
	},
	"elements": [
		{
			"from": [2, 0, 4.5],
			"to": [14, 2, 11.5],
			"rotation": {"angle": 0, "axis": "y", "origin": [6, 8, 12.5]},
			"faces": {
				"north": {"uv": [0, 10, 12, 12], "texture": "#0"},
				"east": {"uv": [5, 14, 12, 16], "texture": "#0"},
				"south": {"uv": [0, 14, 12, 16], "texture": "#0"},
				"west": {"uv": [0, 14, 7, 16], "texture": "#0"},
				"up": {"uv": [0, 4.125, 12, 11.125], "texture": "#0"},
				"down": {"uv": [0, 9, 12, 16], "texture": "#0"}
			}
		}
	],
	"display": {
		"thirdperson_righthand": {
			"rotation": [35, -55, 0],
			"translation": [-0.5, 2.25, 0.5],
			"scale": [0.3, 0.3, 0.3]
		},
		"thirdperson_lefthand": {
			"rotation": [35, -55, 0],
			"translation": [-0.5, 2.25, 0.5],
			"scale": [0.3, 0.3, 0.3]
		},
		"firstperson_righthand": {
			"rotation": [0, 90, 30],
			"translation": [1.5, 4, 1],
			"scale": [0.4, 0.4, 0.4]
		},
		"firstperson_lefthand": {
			"rotation": [0, 90, 30],
			"translation": [1.5, 4, 1],
			"scale": [0.4, 0.4, 0.4]
		},
		"ground": {
            "translation": [0, 3, 0],
			"scale": [0.4, 0.4, 0.4]
		},
		"gui": {
			"rotation": [35, 45, 0],
			"translation": [0, 1, 0],
			"scale": [0.75, 0.75, 0.75]
		},
		"head": {
			"scale": [0.4, 0.4, 0.4]
		},
		"fixed": {
			"rotation": [-90, -180, 0],
			"translation": [0, 0, -7.25]
		}
	}
}