{
  "blank": {
    "category": "record",
    "sounds": [{
      "name": "blank",
	  "stream": true
    }]
  },
  "cin1": {
	"category": "record",
    "sounds": [{
      "name": "1 lost time",
	  "stream": true
    }]
  },
  "cin2": {
	"category": "record",
    "sounds": [{
      "name": "2 lost time",
	  "stream": true
    }]
  },
  "gasmask_out": {
	"category": "neutral",
    "sounds": [{
      "name": "actor/gas_mask_outdoor",
	  "stream": true
    }]
  },
  "gasmask_equip": {
	"category": "neutral",
    "sounds": [{
      "name": "actor/gas_mask_equip",
	  "stream": false
    }]
  },
  "gasmask_breathe": {
	"category": "neutral",
    "sounds": [{
      "name": "actor/gas_mask_breathe",
	  "stream": false
    }]
  },
  "cloth": {
	"category": "neutral",
    "sounds": [{
      "name": "random/cloth",
	  "stream": false
    }]
  },
  "wind": {
	"category": "neutral",
    "sounds": [{
      "name": "ambient/wind",
	  "stream": false
    }]
  },
  "largewind": {
	"category": "neutral",
    "sounds": [{
      "name": "ambient/large_wind",
	  "stream": false
    }]
  },
  "draw": {
	"category": "neutral",
    "sounds": [{
      "name": "random/draw",
	  "stream": false
    }]
	
	
  },
  "geigershort": {
	"category": "neutral",
    "sounds": [{
      "name": "random/geiger_short1",
	  "stream": false
    },{
      "name": "random/geiger_short2",
	  "stream": false
    },{
      "name": "random/geiger_short3",
	  "stream": false
    }
	]
	
	
  },
  "geigerlong": {
	"category": "neutral",
    "sounds": [{
      "name": "random/geiger_long1",
	  "stream": false
    },{
      "name": "random/geiger_long2",
	  "stream": false
    }]
  },
  "ElevDoor": {
	"category": "neutral",
    "sounds": [{
      "name": "event/elevator_door",
	  "stream": false
    }]
	
	
  },
    "w1_reload": {
	"category": "neutral",
    "sounds": [{
      "name": "random/revolver_reload"
    }]
  },
  "ElevRide": {
	"category": "neutral",
    "sounds": [{
      "name": "event/elevator_ride",
	  "stream": true
    }]
	
	
  },
  "planecrash": {
	"category": "neutral",
    "sounds": [{
      "name": "event/plane_crash",
	  "stream": true
    }]
  },
  
  "voices_interes3":{
	"category": "hostile",
	"sounds": [ 
				{"name": "voices/voice3/interes1"},
				{"name": "voices/voice3/interes2"},
				{"name": "voices/voice3/interes3"},
				{"name": "voices/voice3/interes4"},
				{"name": "voices/voice3/interes5"},
				{"name": "voices/voice3/interes6"},
				{"name": "voices/voice3/interes7"},
				{"name": "voices/voice3/interes8"},
				{"name": "voices/voice3/interes9"},
				{"name": "voices/voice3/interes10"},
				{"name": "voices/voice3/interes11"}
				
			]
		},
		
  "block.metal_pressureplate.click_off": {
    "replace": true,
	"sounds": [
      {"name": "blank"}
    ]
  },
  "block.metal_pressureplate.click_on": {
    "replace": true,
	"sounds": [
      {"name": "blank"}
    ]
  }
	
}