{
    "textures": {
        "0": "item/circuit/circuit_sonic_back",
        "1": "item/circuit/circuit_sonic",
        "2": "item/circuit/stony",
        "particle": "item/circuit/circuit_sonic_back"
    },
    "elements": [
        {
            "from": [0, 0, 0],
            "to": [15, 1, 15],
            "faces": {
                "north": {"uv": [0, 0, 16, 1], "texture": "#2"},
                "east": {"uv": [0, 0, 16, 1], "texture": "#2"},
                "south": {"uv": [0, 0, 16, 1], "texture": "#2"},
                "west": {"uv": [0, 0, 16, 1], "texture": "#2"},
                "up": {"uv": [0.625, 0.625, 15.375, 15.375], "texture": "#1"},
                "down": {"uv": [0.625, 0.625, 15.375, 15.375], "texture": "#0"}
            }
        }
    ],
    "display": {
        "thirdperson_righthand": {
            "rotation": [62, 0, 0],
            "translation": [0.25, 3, 1.75],
            "scale": [0.4, 0.4, 0.4]
        },
        "thirdperson_lefthand": {
            "rotation": [62, 0, 0],
            "translation": [0.25, 3, 1.75],
            "scale": [0.4, 0.4, 0.4]
        },
        "firstperson_righthand": {
            "rotation": [60, 0, 0],
            "translation": [2, 3, 0],
            "scale": [0.7, 0.7, 0.5]
        },
        "firstperson_lefthand": {
            "rotation": [60, 0, 0],
            "translation": [2, 3, 0],
            "scale": [0.7, 0.7, 0.5]
        },
        "ground": {
            "translation": [0, 3, 0],
            "scale": [0.7, 0.7, 0.7]
        },
        "gui": {
            "rotation": [90, 37, -45],
            "translation": [4, 2.5, 0],
            "scale": [0.7, 0.7, 0.7]
        },
        "head": {
            "rotation": [-90, 0, 0],
            "translation": [0, 11, -5.5],
            "scale": [0.7, 0.7, 0.7]
        },
        "fixed": {
            "rotation": [90, 0, -180],
            "translation": [-0.5, -0.25, -8.25]
        }
    }
}
