{
    "variants": {
        "facing=north,half=bottom,open=false": { "model": "iron_trapdoor_bottom" },
        "facing=south,half=bottom,open=false": { "model": "iron_trapdoor_bottom" },
        "facing=east,half=bottom,open=false": { "model": "iron_trapdoor_bottom" },
        "facing=west,half=bottom,open=false": { "model": "iron_trapdoor_bottom" },
        "facing=north,half=top,open=false": [
												{ "model": "iron_trapdoor_top" },
												{ "model": "iron_trapdoor_top" },
												{ "model": "iron_trapdoor_top" },
												{ "model": "iron_trapdoor_top" }
												],
        "facing=south,half=top,open=false": [
												{ "model": "iron_trapdoor_top1" },
												{ "model": "iron_trapdoor_top2" },
												{ "model": "iron_trapdoor_top3" }
												],
        "facing=east,half=top,open=false": [
												{ "model": "iron_trapdoor_top" },
												{ "model": "iron_trapdoor_top1" },
												{ "model": "iron_trapdoor_top2" },
												{ "model": "iron_trapdoor_top3" }
												],
        "facing=west,half=top,open=false": [
												{ "model": "iron_trapdoor_top" },
												{ "model": "iron_trapdoor_top1" },
												{ "model": "iron_trapdoor_top2" },
												{ "model": "iron_trapdoor_top3" }
												],
        "facing=north,half=bottom,open=true": [
												{ "model": "iron_trapdoor_open1" },
												{ "model": "iron_trapdoor_open2" },
												{ "model": "iron_trapdoor_open3" },
												{ "model": "iron_trapdoor_open4" }
												],
        "facing=south,half=bottom,open=true": [
												{ "model": "iron_trapdoor_open1", "y": 180 },
												{ "model": "iron_trapdoor_open2", "y": 180 },
												{ "model": "iron_trapdoor_open3", "y": 180 },
												{ "model": "iron_trapdoor_open4", "y": 180 }
												],
        "facing=east,half=bottom,open=true": [
												{ "model": "iron_trapdoor_open1", "y": 90 },
												{ "model": "iron_trapdoor_open2", "y": 90 },
												{ "model": "iron_trapdoor_open3", "y": 90 },
												{ "model": "iron_trapdoor_open4", "y": 90 }
												],
        "facing=west,half=bottom,open=true": [
												{ "model": "iron_trapdoor_open1", "y": 270 },
												{ "model": "iron_trapdoor_open2", "y": 270 },
												{ "model": "iron_trapdoor_open3", "y": 270 },
												{ "model": "iron_trapdoor_open4", "y": 270 }
												],
        "facing=north,half=top,open=true": { "model": "iron_trapdoor_open" },
        "facing=south,half=top,open=true": { "model": "iron_trapdoor_open", "y": 180 },
        "facing=east,half=top,open=true": { "model": "iron_trapdoor_open", "y": 90 },
        "facing=west,half=top,open=true": { "model": "iron_trapdoor_open", "y": 270 }
    }
}
