{
    "variants": {
        "power=0":[ 
			{ "model": "container1" },
			{ "model": "container2" },
			{ "model": "container3" },
			{ "model": "container4" },
			{ "model": "container5" },
			{ "model": "container6" }
		],
		"power=1":[ 
			{ "model": "container1" },
			{ "model": "container2" },
			{ "model": "container3" },
			{ "model": "container4" },
			{ "model": "container5" },
			{ "model": "container6" }
		],
		"power=2":[ 
			{ "model": "container1" },
			{ "model": "container2" },
			{ "model": "container3" },
			{ "model": "container4" },
			{ "model": "container5" },
			{ "model": "container6" }
		],
		"power=3":[ 
			{ "model": "container1" },
			{ "model": "container2" },
			{ "model": "container3" },
			{ "model": "container4" },
			{ "model": "container5" },
			{ "model": "container6" }
		]
    }
}
