{
    "variants": {
        "facing=east,half=bottom,shape=straight":  { "model": "red_sandstone_stairs" },
        "facing=west,half=bottom,shape=straight":  { "model": "red_sandstone_stairs", "y": 180, "uvlock": false },
        "facing=south,half=bottom,shape=straight": { "model": "red_sandstone_stairs", "y": 90, "uvlock": false },
        "facing=north,half=bottom,shape=straight": { "model": "red_sandstone_stairs", "y": 270, "uvlock": false },
        "facing=east,half=bottom,shape=outer_right":  { "model": "red_sandstone_outer_stairs" },
        "facing=west,half=bottom,shape=outer_right":  { "model": "red_sandstone_outer_stairs", "y": 180, "uvlock": false },
        "facing=south,half=bottom,shape=outer_right": { "model": "red_sandstone_outer_stairs", "y": 90, "uvlock": false },
        "facing=north,half=bottom,shape=outer_right": { "model": "red_sandstone_outer_stairs", "y": 270, "uvlock": false },
        "facing=east,half=bottom,shape=outer_left":  { "model": "red_sandstone_outer_stairs", "y": 270, "uvlock": false },
        "facing=west,half=bottom,shape=outer_left":  { "model": "red_sandstone_outer_stairs", "y": 90, "uvlock": false },
        "facing=south,half=bottom,shape=outer_left": { "model": "red_sandstone_outer_stairs" },
        "facing=north,half=bottom,shape=outer_left": { "model": "red_sandstone_outer_stairs", "y": 180, "uvlock": false },
        "facing=east,half=bottom,shape=inner_right":  { "model": "red_sandstone_inner_stairs" },
        "facing=west,half=bottom,shape=inner_right":  { "model": "red_sandstone_inner_stairs", "y": 180, "uvlock": false },
        "facing=south,half=bottom,shape=inner_right": { "model": "red_sandstone_inner_stairs", "y": 90, "uvlock": false },
        "facing=north,half=bottom,shape=inner_right": { "model": "red_sandstone_inner_stairs", "y": 270, "uvlock": false },
        "facing=east,half=bottom,shape=inner_left":  { "model": "red_sandstone_inner_stairs", "y": 270, "uvlock": false },
        "facing=west,half=bottom,shape=inner_left":  { "model": "red_sandstone_inner_stairs", "y": 90, "uvlock": false },
        "facing=south,half=bottom,shape=inner_left": { "model": "red_sandstone_inner_stairs" },
        "facing=north,half=bottom,shape=inner_left": { "model": "red_sandstone_inner_stairs", "y": 180, "uvlock": false },
		
        "facing=east,half=top,shape=straight":  [	{ "model": "red_sandstone_stairs_top1", "x": 180, "uvlock": false },
													{ "model": "red_sandstone_stairs_top2", "x": 180, "uvlock": false },
													{ "model": "red_sandstone_stairs_top3", "x": 180, "uvlock": false },
													{ "model": "red_sandstone_stairs_top4", "x": 180, "uvlock": false }
													],
												
        "facing=west,half=top,shape=straight":  [	{ "model": "red_sandstone_stairs_top1", "x": 180, "y": 180, "uvlock": false },
													{ "model": "red_sandstone_stairs_top2", "x": 180, "y": 180, "uvlock": false },
													{ "model": "red_sandstone_stairs_top3", "x": 180, "y": 180, "uvlock": false },
													{ "model": "red_sandstone_stairs_top4", "x": 180, "y": 180, "uvlock": false }
													],
        "facing=south,half=top,shape=straight": [	{ "model": "red_sandstone_stairs_top1", "x": 180, "y": 90, "uvlock": false },
													{ "model": "red_sandstone_stairs_top2", "x": 180, "y": 90, "uvlock": false },
													{ "model": "red_sandstone_stairs_top3", "x": 180, "y": 90, "uvlock": false },
													{ "model": "red_sandstone_stairs_top4", "x": 180, "y": 90, "uvlock": false }
													],
        "facing=north,half=top,shape=straight": [	{ "model": "red_sandstone_stairs_top1", "x": 180, "y": 270, "uvlock": false },
													{ "model": "red_sandstone_stairs_top2", "x": 180, "y": 270, "uvlock": false },
													{ "model": "red_sandstone_stairs_top3", "x": 180, "y": 270, "uvlock": false },
													{ "model": "red_sandstone_stairs_top4", "x": 180, "y": 270, "uvlock": false }
													],
        "facing=east,half=top,shape=outer_right":  { "model": "red_sandstone_outer_stairs", "x": 180, "uvlock": false },
        "facing=west,half=top,shape=outer_right":  { "model": "red_sandstone_outer_stairs", "x": 180, "y": 180, "uvlock": false },
        "facing=south,half=top,shape=outer_right": { "model": "red_sandstone_outer_stairs", "x": 180, "y": 90, "uvlock": false },
        "facing=north,half=top,shape=outer_right": { "model": "red_sandstone_outer_stairs", "x": 180, "y": 270, "uvlock": false },
        "facing=east,half=top,shape=outer_left":  { "model": "red_sandstone_outer_stairs", "x": 180, "y": 90, "uvlock": false },
        "facing=west,half=top,shape=outer_left":  { "model": "red_sandstone_outer_stairs", "x": 180, "y": 270, "uvlock": false },
        "facing=south,half=top,shape=outer_left": { "model": "red_sandstone_outer_stairs", "x": 180, "y": 180, "uvlock": false },
        "facing=north,half=top,shape=outer_left": { "model": "red_sandstone_outer_stairs", "x": 180, "uvlock": false },
        "facing=east,half=top,shape=inner_right":  { "model": "red_sandstone_inner_stairs", "x": 180, "uvlock": false },
        "facing=west,half=top,shape=inner_right":  { "model": "red_sandstone_inner_stairs", "x": 180, "y": 180, "uvlock": false },
        "facing=south,half=top,shape=inner_right": { "model": "red_sandstone_inner_stairs", "x": 180, "y": 90, "uvlock": false },
        "facing=north,half=top,shape=inner_right": { "model": "red_sandstone_inner_stairs", "x": 180, "y": 270, "uvlock": false },
        "facing=east,half=top,shape=inner_left":  { "model": "red_sandstone_inner_stairs", "x": 180, "y": 90, "uvlock": false },
        "facing=west,half=top,shape=inner_left":  { "model": "red_sandstone_inner_stairs", "x": 180, "y": 270, "uvlock": false },
        "facing=south,half=top,shape=inner_left": { "model": "red_sandstone_inner_stairs", "x": 180, "y": 180, "uvlock": false },
        "facing=north,half=top,shape=inner_left": { "model": "red_sandstone_inner_stairs", "x": 180, "uvlock": false }
    }
}
