{
    "variants": {
        "attached=false,facing=north,powered=false": [
																			{"model": "wall1" },
																			{"model": "wall2" },
																			{"model": "wall3" },
																			{"model": "wall4" },
																			{"model": "wall5" },
																			{"model": "wall6" },
																			{"model": "wall7" },
																			{"model": "wall8" },
																			{"model": "wall9" },
																			{"model": "wall10" }
																		],
        "attached=false,facing=south,powered=false": [
																			{"model": "wall1", "y": 180 },
																			{"model": "wall2", "y": 180  },
																			{"model": "wall3", "y": 180  },
																			{"model": "wall4", "y": 180  },
																			{"model": "wall5", "y": 180  },
																			{"model": "wall6", "y": 180  },
																			{"model": "wall7", "y": 180  },
																			{"model": "wall8", "y": 180  },
																			{"model": "wall9", "y": 180  },
																			{"model": "wall10", "y": 180  }
																		],
        "attached=false,facing=west,powered=false": [
																			{"model": "wall1", "y": 270 },
																			{"model": "wall2", "y": 270  },
																			{"model": "wall3", "y": 270  },
																			{"model": "wall4", "y": 270  },
																			{"model": "wall5", "y": 270  },
																			{"model": "wall6", "y": 270  },
																			{"model": "wall7", "y": 270  },
																			{"model": "wall8", "y": 270  },
																			{"model": "wall9", "y": 270  },
																			{"model": "wall10", "y": 270  }
																		],
        "attached=false,facing=east,powered=false": [
																			{"model": "wall1", "y": 90 },
																			{"model": "wall2", "y": 90  },
																			{"model": "wall3", "y": 90  },
																			{"model": "wall4", "y": 90  },
																			{"model": "wall5", "y": 90  },
																			{"model": "wall6", "y": 90  },
																			{"model": "wall7", "y": 90  },
																			{"model": "wall8", "y": 90  },
																			{"model": "wall9", "y": 90  },
																			{"model": "wall10", "y": 90  }
																		],
        "attached=true,facing=north,powered=false": { "model": "tripwire_hook_attached" },
        "attached=true,facing=south,powered=false": { "model": "tripwire_hook_attached", "y": 180 },
        "attached=true,facing=west,powered=false": { "model": "tripwire_hook_attached", "y": 270 },
        "attached=true,facing=east,powered=false": { "model": "tripwire_hook_attached", "y": 90 },
        "attached=false,facing=north,powered=true": { "model": "tripwire_hook_powered" },
        "attached=false,facing=south,powered=true": { "model": "tripwire_hook_powered", "y": 180 },
        "attached=false,facing=west,powered=true": { "model": "tripwire_hook_powered", "y": 270 },
        "attached=false,facing=east,powered=true": { "model": "tripwire_hook_powered", "y": 90 },
        "attached=true,facing=north,powered=true": { "model": "tripwire_hook_attached_powered" },
        "attached=true,facing=south,powered=true": { "model": "tripwire_hook_attached_powered", "y": 180 },
        "attached=true,facing=west,powered=true": { "model": "tripwire_hook_attached_powered", "y": 270 },
        "attached=true,facing=east,powered=true": { "model": "tripwire_hook_attached_powered", "y": 90 }
    }
}


