{
	"credit": "Made with Blockbench",
	"gui_light": "front",
	"elements": [
		{
			"from": [0, 0, 0],
			"to": [16, 1, 15],
			"faces": {
				"north": {"uv": [1.25, 1.125, 14.749, 2.125], "texture": "#0"},
				"east": {"uv": [1.125, 1.125, 14.124, 2.125], "texture": "#0"},
				"south": {"uv": [1.25, 11.875, 14.624, 12.875], "texture": "#0"},
				"west": {"uv": [1.125, 1.125, 13.875, 2.125], "texture": "#0"},
				"up": {"uv": [1.125, 1.125, 14.874, 14.123], "texture": "#0"},
				"down": {"uv": [1.125, 1.125, 14.874, 12.874], "texture": "#1"}
			}
		},
		{
			"from": [0, 0, 15],
			"to": [1.7, 1, 16],
			"faces": {
				"north": {"uv": [1.125, 13.875, 2.575, 14.875], "texture": "#0"},
				"east": {"uv": [2.5, 12, 3.95, 13], "texture": "#0"},
				"south": {"uv": [1.125, 13.875, 2.575, 14.875], "texture": "#0"},
				"west": {"uv": [12.75, 3.375, 14.2, 4.375], "texture": "#0"},
				"up": {"uv": [1.125, 13.875, 2.575, 14.875], "texture": "#0"},
				"down": {"uv": [1.125, 13.875, 2.575, 14.875], "texture": "#0"}
			}
		},
		{
			"from": [14.3, 0, 15],
			"to": [16, 1, 16],
			"faces": {
				"north": {"uv": [13.42, 13.5, 14.87, 14.5], "texture": "#0"},
				"east": {"uv": [12.75, 3.375, 14.2, 4.375], "texture": "#0"},
				"south": {"uv": [13.42, 13.5, 14.87, 14.5], "texture": "#0"},
				"west": {"uv": [12.75, 11.25, 14.2, 12.25], "texture": "#0"},
				"up": {"uv": [13.42, 13.5, 14.87, 14.5], "texture": "#0"},
				"down": {"uv": [13.42, 13.5, 14.87, 14.5], "texture": "#0"}
			}
		},
		{
			"from": [3, 0, 15],
			"to": [13, 1, 16],
			"faces": {
				"north": {"uv": [3.7, 13.875, 12.3, 14.875], "texture": "#0"},
				"east": {"uv": [13.375, 1.875, 14.35, 2.875], "texture": "#0"},
				"south": {"uv": [3.7, 13.875, 12.3, 14.875], "texture": "#0"},
				"west": {"uv": [13.125, 3.25, 14.224, 4.25], "texture": "#0"},
				"up": {"uv": [3.7, 13.875, 12.3, 14.875], "texture": "#0"},
				"down": {"uv": [3.7, 13.875, 12.3, 14.875], "texture": "#0"}
			}
		},
		{
			"from": [1.62, 1, 3.65],
			"to": [5.62, 1.5, 12.35],
			"faces": {
				"north": {"uv": [2.5, 4.25, 5.875, 11.724], "texture": "#0"},
				"east": {"uv": [2.5, 4.25, 5.875, 11.724], "texture": "#0"},
				"south": {"uv": [2.5, 4.25, 5.875, 11.724], "texture": "#0"},
				"west": {"uv": [2.5, 4.25, 5.875, 11.724], "texture": "#0"},
				"up": {"uv": [2.5, 4.25, 5.875, 11.599], "texture": "#0"},
				"down": {"uv": [2.5, 4.25, 5.875, 11.724], "texture": "#0"}
			}
		},
		{
			"from": [8, 1, 3.65],
			"to": [12, 1.5, 12.35],
			"faces": {
				"north": {"uv": [2.5, 4.25, 5.875, 11.724], "texture": "#0"},
				"east": {"uv": [2.5, 4.25, 5.875, 11.724], "texture": "#0"},
				"south": {"uv": [2.5, 4.25, 5.875, 11.724], "texture": "#0"},
				"west": {"uv": [2.5, 4.25, 5.875, 11.724], "texture": "#0"},
				"up": {"uv": [2.5, 4.25, 5.875, 11.473], "texture": "#0"},
				"down": {"uv": [2.5, 4.25, 5.875, 11.724], "texture": "#0"}
			}
		},
		{
			"from": [13.9, 1, 4.75],
			"to": [14.9, 1.2, 6.55],
			"faces": {
				"north": {"uv": [2.5, 4.25, 5.875, 11.724], "texture": "#0"},
				"east": {"uv": [2.5, 4.25, 5.875, 11.724], "texture": "#0"},
				"south": {"uv": [2.5, 4.25, 5.875, 11.724], "texture": "#0"},
				"west": {"uv": [2.5, 4.25, 5.875, 11.724], "texture": "#0"},
				"up": {"uv": [2.5, 4.25, 5.875, 11.599], "texture": "#0"},
				"down": {"uv": [2.5, 4.25, 5.875, 11.724], "texture": "#0"}
			}
		},
		{
			"from": [13.9, 1, 6.85],
			"to": [14.9, 1.2, 8.65],
			"faces": {
				"north": {"uv": [2.5, 4.25, 5.875, 11.724], "texture": "#0"},
				"east": {"uv": [2.5, 4.25, 5.875, 11.724], "texture": "#0"},
				"south": {"uv": [2.5, 4.25, 5.875, 11.724], "texture": "#0"},
				"west": {"uv": [2.5, 4.25, 5.875, 11.724], "texture": "#0"},
				"up": {"uv": [2.5, 4.25, 5.875, 11.599], "texture": "#0"},
				"down": {"uv": [2.5, 4.25, 5.875, 11.724], "texture": "#0"}
			}
		},
		{
			"from": [13.9, 1, 9],
			"to": [14.9, 1.2, 10.8],
			"faces": {
				"north": {"uv": [2.5, 4.25, 5.875, 11.724], "texture": "#0"},
				"east": {"uv": [2.5, 4.25, 5.875, 11.724], "texture": "#0"},
				"south": {"uv": [2.5, 4.25, 5.875, 11.724], "texture": "#0"},
				"west": {"uv": [2.5, 4.25, 5.875, 11.724], "texture": "#0"},
				"up": {"uv": [2.5, 4.25, 5.875, 11.599], "texture": "#0"},
				"down": {"uv": [2.5, 4.25, 5.875, 11.724], "texture": "#0"}
			}
		}
	],
	"display": {
		"thirdperson_righthand": {
			"rotation": [55, -180, 0],
			"translation": [0, 4, 1.5],
			"scale": [0.5, 0.5, 0.5]
		},
		"thirdperson_lefthand": {
			"rotation": [55, 180, 0],
			"translation": [0, 4, 1.5],
			"scale": [0.5, 0.5, 0.5]
		},
		"firstperson_righthand": {
			"rotation": [25, -180, 0],
			"translation": [0, 6.75, 0.5],
			"scale": [0.7, 0.7, 0.4]
		},
		"firstperson_lefthand": {
			"rotation": [25, -180, 0],
			"translation": [0, 6.75, 0.5],
			"scale": [0.7, 0.7, 0.4]
		},
		"ground": {
            "translation": [0, 3, 0],
			"scale": [0.5, 0.5, 0.5]
		},
		"gui": {
			"rotation": [90, 0, 0],
			"scale": [0.9, 0.9, 0.9]
		},
		"head": {
			"rotation": [-90, 180, 0],
			"translation": [0, 10.5, -3.75],
			"scale": [0.5, 0.5, 0.5]
		},
		"fixed": {
			"rotation": [-90, 180, 0],
			"translation": [0, 0, -7.75]
		}
	}
}
