{   "parent": "block/block",
    "textures": {
        "particle": "block/granite",
		"top": "block/granite",
		"side_x": "block/granite_slab",
		"side_z": "block/granite"
    },
    "elements": [
        {   "from": [ 0, 0, 0 ],
            "to": [ 16, 8, 16 ],
            "faces": {
                "down":  { "uv": [ 0, 0, 16, 16 ], "texture": "#top", "cullface": "down" },
                "up":    { "uv": [ 0, 0, 16, 16 ], "texture": "#top" },
                "north": { "uv": [ 16, 8, 0, 16 ], "texture": "#side_z", "cullface": "north" },
                "south": { "uv": [ 0, 8, 16, 16 ], "texture": "#side_z", "cullface": "south" },
                "west":  { "uv": [ 0, 8, 16, 16 ], "texture": "#side_x", "cullface": "west" },
                "east":  { "uv": [ 16, 8, 0, 16 ], "texture": "#side_x", "cullface": "east" }
            }
        }
    ]
}
